  0
SECTION
  2
HEADER
  9
$ANGBASE
  50
0.0
  9
$ANGDIR
  70
1
  9
$MEASUREMENT
  70
0
  0
ENDSEC
  0
SECTION
  2
TABLES
  0
TABLE
  2
LTYPE
  70
4
  0
LTYPE
  5
40F
  2
CONTINUOUS
  70
0
  3
Solid line
  72
65
  73
0
  40
0.0
  0
LTYPE
  5
410
  2
DASHDOT
 70
0
  3
Dash Dot ____ _ ____ _
 72
65
 73
4
 40
2.0
 49
1.25
 49
-0.25
 49
0.25
 49
-0.25
  0
LTYPE
  5
411
  2
DASHED
 70
0
  3
Dashed __ __ __ __ __
 72
65
 73
2
 40
0.75
 49
0.5
 49
-0.25
  0
LTYPE
  5
43B
  2
DOTTED
 70
0
  3
Dotted .  .  .  .
 72
65
 73
2
 40
0.2
 49
0.0
 49
-0.2
  0
ENDTAB
  0
TABLE
  2
STYLE
  70
4
  0
STYLE
  2
KICAD
  70
0
  40
0
  41
1
  42
1
  50
0
  71
0
  3
isocp.shx
  0
STYLE
  2
KICADB
  70
0
  40
0
  41
1
  42
1
  50
0
  71
0
  3
isocp.shx
  0
STYLE
  2
KICADI
  70
0
  40
0
  41
1
  42
1
  50
15
  71
0
  3
isocp.shx
  0
STYLE
  2
KICADBI
  70
0
  40
0
  41
1
  42
1
  50
15
  71
0
  3
isocp.shx
  0
ENDTAB
  0
TABLE
  2
LAYER
  70
1
  0
LAYER
  2
BLACK
  70
0
  62
7
  6
CONTINUOUS
  0
ENDTAB
  0
ENDSEC
  0
SECTION
  2
ENTITIES
0
LINE
8
BLACK
6
CONTINUOUS
10
0.786072874015748
20
0.0761933070866142
11
0.7862035826771654
21
0.0761391338582677
0
LINE
8
BLACK
6
CONTINUOUS
10
0.7862035826771654
20
0.0761391338582677
11
0.7863446850393701
21
0.0761291338582677
0
LINE
8
BLACK
6
CONTINUOUS
10
0.7863446850393701
20
0.0761291338582677
11
0.7870654724409448
21
0.0758533070866142
0
LINE
8
BLACK
6
CONTINUOUS
10
0.7870654724409448
20
0.0758533070866142
11
0.7908149999999999
21
0.0739785433070866
0
LINE
8
BLACK
6
CONTINUOUS
10
0.7908149999999999
20
0.0739785433070866
11
0.7911453937007874
21
0.0737705118110236
0
LINE
8
BLACK
6
CONTINUOUS
10
0.7911453937007874
20
0.0737705118110236
11
0.7912416141732284
21
0.0737307086614173
0
LINE
8
BLACK
6
CONTINUOUS
10
0.7912416141732284
20
0.0737307086614173
11
0.791349842519685
21
0.0736418503937008
0
LINE
8
BLACK
6
CONTINUOUS
10
0.791349842519685
20
0.0736418503937008
11
0.7914681496062992
21
0.0735674015748032
0
LINE
8
BLACK
6
CONTINUOUS
10
0.7914681496062992
20
0.0735674015748032
11
0.7915362204724409
21
0.0734888582677165
0
LINE
8
BLACK
6
CONTINUOUS
10
0.7915362204724409
20
0.0734888582677165
11
0.7918381889763779
21
0.073241062992126
0
LINE
8
BLACK
6
CONTINUOUS
10
0.7918381889763779
20
0.073241062992126
11
0.7937129921259842
21
0.0713663385826772
0
LINE
8
BLACK
6
CONTINUOUS
10
0.7937129921259842
20
0.0713663385826772
11
0.7939607480314961
21
0.0710644094488189
0
LINE
8
BLACK
6
CONTINUOUS
10
0.7939607480314961
20
0.0710644094488189
11
0.7940393700787401
21
0.0709962598425197
0
LINE
8
BLACK
6
CONTINUOUS
10
0.7940393700787401
20
0.0709962598425197
11
0.7941138976377953
21
0.0708777952755905
0
LINE
8
BLACK
6
CONTINUOUS
10
0.7941138976377953
20
0.0708777952755905
11
0.7942026377952756
21
0.0707697244094488
0
LINE
8
BLACK
6
CONTINUOUS
10
0.7942026377952756
20
0.0707697244094488
11
0.7942424015748031
21
0.0706736220472441
0
LINE
8
BLACK
6
CONTINUOUS
10
0.7942424015748031
20
0.0706736220472441
11
0.7944505118110236
21
0.0703430708661417
0
LINE
8
BLACK
6
CONTINUOUS
10
0.7944505118110236
20
0.0703430708661417
11
0.7963252755905512
21
0.0665935826771653
0
LINE
8
BLACK
6
CONTINUOUS
10
0.7963252755905512
20
0.0665935826771653
11
0.7966011023622047
21
0.0658727559055118
0
LINE
8
BLACK
6
CONTINUOUS
10
0.7966011023622047
20
0.0658727559055118
11
0.7966111023622047
21
0.0657316535433071
0
LINE
8
BLACK
6
CONTINUOUS
10
0.7966111023622047
20
0.0657316535433071
11
0.7966652755905511
21
0.0656009448818898
0
LINE
8
BLACK
6
CONTINUOUS
10
0.7966652755905511
20
0.0656009448818898
11
0.796740905511811
21
0.064832874015748
0
LINE
8
BLACK
6
CONTINUOUS
10
0.796740905511811
20
0.064832874015748
11
0.796740905511811
21
0.0535842913385827
0
LINE
8
BLACK
6
CONTINUOUS
10
0.796740905511811
20
0.0535842913385827
11
0.7966652755905511
21
0.0528162204724409
0
LINE
8
BLACK
6
CONTINUOUS
10
0.7966652755905511
20
0.0528162204724409
11
0.7966111023622047
21
0.0526854724409449
0
LINE
8
BLACK
6
CONTINUOUS
10
0.7966111023622047
20
0.0526854724409449
11
0.7966011023622047
21
0.0525444094488189
0
LINE
8
BLACK
6
CONTINUOUS
10
0.7966011023622047
20
0.0525444094488189
11
0.7963252755905512
21
0.0518235826771654
0
LINE
8
BLACK
6
CONTINUOUS
10
0.7963252755905512
20
0.0518235826771654
11
0.7944505118110236
21
0.048074094488189
0
LINE
8
BLACK
6
CONTINUOUS
10
0.7944505118110236
20
0.048074094488189
11
0.7942424015748031
21
0.0477435039370079
0
LINE
8
BLACK
6
CONTINUOUS
10
0.7942424015748031
20
0.0477435039370079
11
0.7942026377952756
21
0.0476474409448819
0
LINE
8
BLACK
6
CONTINUOUS
10
0.7942026377952756
20
0.0476474409448819
11
0.7941138976377953
21
0.0475393307086614
0
LINE
8
BLACK
6
CONTINUOUS
10
0.7941138976377953
20
0.0475393307086614
11
0.7940393700787401
21
0.047420905511811
0
LINE
8
BLACK
6
CONTINUOUS
10
0.7940393700787401
20
0.047420905511811
11
0.7939607480314961
21
0.0473527165354331
0
LINE
8
BLACK
6
CONTINUOUS
10
0.7939607480314961
20
0.0473527165354331
11
0.7937129921259842
21
0.0470508267716535
0
LINE
8
BLACK
6
CONTINUOUS
10
0.7937129921259842
20
0.0470508267716535
11
0.7918381889763779
21
0.0451761023622047
0
LINE
8
BLACK
6
CONTINUOUS
10
0.7918381889763779
20
0.0451761023622047
11
0.7912416141732284
21
0.0446864566929134
0
LINE
8
BLACK
6
CONTINUOUS
10
0.7912416141732284
20
0.0446864566929134
11
0.7898223622047243
21
0.0440986220472441
0
LINE
8
BLACK
6
CONTINUOUS
10
0.7898223622047243
20
0.0440986220472441
11
0.7882862204724409
21
0.0440986614173228
0
LINE
8
BLACK
6
CONTINUOUS
10
0.7882862204724409
20
0.0440986614173228
11
0.7868670078740158
21
0.0446864960629921
0
LINE
8
BLACK
6
CONTINUOUS
10
0.7868670078740158
20
0.0446864960629921
11
0.7857807874015748
21
0.0457727165354331
0
LINE
8
BLACK
6
CONTINUOUS
10
0.7857807874015748
20
0.0457727165354331
11
0.7851929527559055
21
0.047191968503937
0
LINE
8
BLACK
6
CONTINUOUS
10
0.7851929527559055
20
0.047191968503937
11
0.7851929921259843
21
0.0487281102362205
0
LINE
8
BLACK
6
CONTINUOUS
10
0.7851929921259843
20
0.0487281102362205
11
0.7857808267716535
21
0.0501473228346457
0
LINE
8
BLACK
6
CONTINUOUS
10
0.7857808267716535
20
0.0501473228346457
11
0.7862704724409448
21
0.0507438976377953
0
LINE
8
BLACK
6
CONTINUOUS
10
0.7862704724409448
20
0.0507438976377953
11
0.7876934645669291
21
0.0521668503937008
0
LINE
8
BLACK
6
CONTINUOUS
10
0.7876934645669291
20
0.0521668503937008
11
0.7888668897637795
21
0.0545137007874016
0
LINE
8
BLACK
6
CONTINUOUS
10
0.7888668897637795
20
0.0545137007874016
11
0.7888668897637795
21
0.0639034645669291
0
LINE
8
BLACK
6
CONTINUOUS
10
0.7888668897637795
20
0.0639034645669291
11
0.7876934645669291
21
0.0662502755905512
0
LINE
8
BLACK
6
CONTINUOUS
10
0.7876934645669291
20
0.0662502755905512
11
0.786722283464567
21
0.0672214173228346
0
LINE
8
BLACK
6
CONTINUOUS
10
0.786722283464567
20
0.0672214173228346
11
0.7843753937007873
21
0.0683949212598425
0
LINE
8
BLACK
6
CONTINUOUS
10
0.7843753937007873
20
0.0683949212598425
11
0.7768603937007874
21
0.0683949212598425
0
LINE
8
BLACK
6
CONTINUOUS
10
0.7768603937007874
20
0.0683949212598425
11
0.7745135433070865
21
0.0672214960629921
0
LINE
8
BLACK
6
CONTINUOUS
10
0.7745135433070865
20
0.0672214960629921
11
0.7735423622047244
21
0.0662502755905512
0
LINE
8
BLACK
6
CONTINUOUS
10
0.7735423622047244
20
0.0662502755905512
11
0.772368937007874
21
0.0639034251968504
0
LINE
8
BLACK
6
CONTINUOUS
10
0.772368937007874
20
0.0639034251968504
11
0.772368937007874
21
0.0592085826771654
0
LINE
8
BLACK
6
CONTINUOUS
10
0.772368937007874
20
0.0592085826771654
11
0.772328937007874
21
0.0588023622047244
0
LINE
8
BLACK
6
CONTINUOUS
10
0.772328937007874
20
0.0588023622047244
11
0.7723358267716536
21
0.0586990551181102
0
LINE
8
BLACK
6
CONTINUOUS
10
0.7723358267716536
20
0.0586990551181102
11
0.7723117322834645
21
0.058627874015748
0
LINE
8
BLACK
6
CONTINUOUS
10
0.7723117322834645
20
0.058627874015748
11
0.7722933070866141
21
0.0584405118110236
0
LINE
8
BLACK
6
CONTINUOUS
10
0.7722933070866141
20
0.0584405118110236
11
0.7720486220472441
21
0.0578498031496063
0
LINE
8
BLACK
6
CONTINUOUS
10
0.7720486220472441
20
0.0578498031496063
11
0.7718437007874016
21
0.0572438582677165
0
LINE
8
BLACK
6
CONTINUOUS
10
0.7718437007874016
20
0.0572438582677165
11
0.7717561811023622
21
0.0571438582677165
0
LINE
8
BLACK
6
CONTINUOUS
10
0.7717561811023622
20
0.0571438582677165
11
0.7717054330708661
21
0.0570212992125984
0
LINE
8
BLACK
6
CONTINUOUS
10
0.7717054330708661
20
0.0570212992125984
11
0.7712535433070866
21
0.0565694094488189
0
LINE
8
BLACK
6
CONTINUOUS
10
0.7712535433070866
20
0.0565694094488189
11
0.770832125984252
21
0.0560877952755906
0
LINE
8
BLACK
6
CONTINUOUS
10
0.770832125984252
20
0.0560877952755906
11
0.770713031496063
21
0.0560288976377953
0
LINE
8
BLACK
6
CONTINUOUS
10
0.770713031496063
20
0.0560288976377953
11
0.7706192125984251
21
0.0559350787401575
0
LINE
8
BLACK
6
CONTINUOUS
10
0.7706192125984251
20
0.0559350787401575
11
0.7700285826771653
21
0.0556903937007874
0
LINE
8
BLACK
6
CONTINUOUS
10
0.7700285826771653
20
0.0556903937007874
11
0.7694551574803149
21
0.0554068503937008
0
LINE
8
BLACK
6
CONTINUOUS
10
0.7694551574803149
20
0.0554068503937008
11
0.7693226377952755
21
0.0553979921259843
0
LINE
8
BLACK
6
CONTINUOUS
10
0.7693226377952755
20
0.0553979921259843
11
0.7692
21
0.0553472047244094
0
LINE
8
BLACK
6
CONTINUOUS
10
0.7692
20
0.0553472047244094
11
0.7685603149606299
21
0.0553472047244094
0
LINE
8
BLACK
6
CONTINUOUS
10
0.7685603149606299
20
0.0553472047244094
11
0.7679224015748032
21
0.0553046850393701
0
LINE
8
BLACK
6
CONTINUOUS
10
0.7679224015748032
20
0.0553046850393701
11
0.7677966929133858
21
0.0553472047244094
0
LINE
8
BLACK
6
CONTINUOUS
10
0.7677966929133858
20
0.0553472047244094
11
0.7676638582677165
21
0.0553472047244094
0
LINE
8
BLACK
6
CONTINUOUS
10
0.7676638582677165
20
0.0553472047244094
11
0.7670730708661417
21
0.0555918897637795
0
LINE
8
BLACK
6
CONTINUOUS
10
0.7670730708661417
20
0.0555918897637795
11
0.7664672440944882
21
0.055796811023622
0
LINE
8
BLACK
6
CONTINUOUS
10
0.7664672440944882
20
0.055796811023622
11
0.7663140551181102
21
0.0559062992125984
0
LINE
8
BLACK
6
CONTINUOUS
10
0.7663140551181102
20
0.0559062992125984
11
0.7662446456692913
21
0.0559350787401575
0
LINE
8
BLACK
6
CONTINUOUS
10
0.7662446456692913
20
0.0559350787401575
11
0.7661714173228347
21
0.0560082677165354
0
LINE
8
BLACK
6
CONTINUOUS
10
0.7661714173228347
20
0.0560082677165354
11
0.7658394094488189
21
0.0562456692913386
0
LINE
8
BLACK
6
CONTINUOUS
10
0.7658394094488189
20
0.0562456692913386
11
0.7573708267716536
21
0.0636556692913386
0
LINE
8
BLACK
6
CONTINUOUS
10
0.7573708267716536
20
0.0636556692913386
11
0.7573708267716536
21
0.04796
0
LINE
8
BLACK
6
CONTINUOUS
10
0.7573708267716536
20
0.04796
11
0.7572951968503937
21
0.0471919291338583
0
LINE
8
BLACK
6
CONTINUOUS
10
0.7572951968503937
20
0.0471919291338583
11
0.7567073228346457
21
0.0457727165354331
0
LINE
8
BLACK
6
CONTINUOUS
10
0.7567073228346457
20
0.0457727165354331
11
0.7556211023622047
21
0.0446864960629921
0
LINE
8
BLACK
6
CONTINUOUS
10
0.7556211023622047
20
0.0446864960629921
11
0.7542018897637796
21
0.0440986220472441
0
LINE
8
BLACK
6
CONTINUOUS
10
0.7542018897637796
20
0.0440986220472441
11
0.752665748031496
21
0.0440986220472441
0
LINE
8
BLACK
6
CONTINUOUS
10
0.752665748031496
20
0.0440986220472441
11
0.7512465354330709
21
0.0446864960629921
0
LINE
8
BLACK
6
CONTINUOUS
10
0.7512465354330709
20
0.0446864960629921
11
0.75016031496063
21
0.0457727165354331
0
LINE
8
BLACK
6
CONTINUOUS
10
0.75016031496063
20
0.0457727165354331
11
0.7495724409448818
21
0.0471919291338583
0
LINE
8
BLACK
6
CONTINUOUS
10
0.7495724409448818
20
0.0471919291338583
11
0.749496811023622
21
0.04796
0
LINE
8
BLACK
6
CONTINUOUS
10
0.749496811023622
20
0.04796
11
0.749496811023622
21
0.0723319291338583
0
LINE
8
BLACK
6
CONTINUOUS
10
0.749496811023622
20
0.0723319291338583
11
0.7495367716535433
21
0.0727381102362205
0
LINE
8
BLACK
6
CONTINUOUS
10
0.7495367716535433
20
0.0727381102362205
11
0.7495299212598425
21
0.0728414566929134
0
LINE
8
BLACK
6
CONTINUOUS
10
0.7495299212598425
20
0.0728414566929134
11
0.7495539763779527
21
0.0729125984251968
0
LINE
8
BLACK
6
CONTINUOUS
10
0.7495539763779527
20
0.0729125984251968
11
0.7495724409448818
21
0.0731
0
LINE
8
BLACK
6
CONTINUOUS
10
0.7495724409448818
20
0.0731
11
0.749817125984252
21
0.0736907480314961
0
LINE
8
BLACK
6
CONTINUOUS
10
0.749817125984252
20
0.0736907480314961
11
0.7500220472440945
21
0.0742966141732283
0
LINE
8
BLACK
6
CONTINUOUS
10
0.7500220472440945
20
0.0742966141732283
11
0.7501094881889764
21
0.0743965748031496
0
LINE
8
BLACK
6
CONTINUOUS
10
0.7501094881889764
20
0.0743965748031496
11
0.75016031496063
21
0.0745192125984252
0
LINE
8
BLACK
6
CONTINUOUS
10
0.75016031496063
20
0.0745192125984252
11
0.7506124409448819
21
0.0749713385826772
0
LINE
8
BLACK
6
CONTINUOUS
10
0.7506124409448819
20
0.0749713385826772
11
0.7510336220472441
21
0.0754526771653543
0
LINE
8
BLACK
6
CONTINUOUS
10
0.7510336220472441
20
0.0754526771653543
11
0.7511526377952755
21
0.0755115354330709
0
LINE
8
BLACK
6
CONTINUOUS
10
0.7511526377952755
20
0.0755115354330709
11
0.7512465354330709
21
0.0756054330708661
0
LINE
8
BLACK
6
CONTINUOUS
10
0.7512465354330709
20
0.0756054330708661
11
0.7518373228346457
21
0.075850157480315
0
LINE
8
BLACK
6
CONTINUOUS
10
0.7518373228346457
20
0.075850157480315
11
0.7524105905511811
21
0.0761336614173228
0
LINE
8
BLACK
6
CONTINUOUS
10
0.7524105905511811
20
0.0761336614173228
11
0.7525430708661417
21
0.0761424803149606
0
LINE
8
BLACK
6
CONTINUOUS
10
0.7525430708661417
20
0.0761424803149606
11
0.752665748031496
21
0.0761933070866142
0
LINE
8
BLACK
6
CONTINUOUS
10
0.752665748031496
20
0.0761933070866142
11
0.7533054330708662
21
0.0761933070866142
0
LINE
8
BLACK
6
CONTINUOUS
10
0.7533054330708662
20
0.0761933070866142
11
0.7539433464566929
21
0.0762358267716535
0
LINE
8
BLACK
6
CONTINUOUS
10
0.7539433464566929
20
0.0762358267716535
11
0.7540690551181102
21
0.0761933070866142
0
LINE
8
BLACK
6
CONTINUOUS
10
0.7540690551181102
20
0.0761933070866142
11
0.7542018897637796
21
0.0761933070866142
0
LINE
8
BLACK
6
CONTINUOUS
10
0.7542018897637796
20
0.0761933070866142
11
0.7547926377952756
21
0.0759485826771654
0
LINE
8
BLACK
6
CONTINUOUS
10
0.7547926377952756
20
0.0759485826771654
11
0.7553985039370078
21
0.0757437007874016
0
LINE
8
BLACK
6
CONTINUOUS
10
0.7553985039370078
20
0.0757437007874016
11
0.7555516535433071
21
0.0756341732283465
0
LINE
8
BLACK
6
CONTINUOUS
10
0.7555516535433071
20
0.0756341732283465
11
0.7556211023622047
21
0.0756054330708661
0
LINE
8
BLACK
6
CONTINUOUS
10
0.7556211023622047
20
0.0756054330708661
11
0.7556942913385827
21
0.0755322047244094
0
LINE
8
BLACK
6
CONTINUOUS
10
0.7556942913385827
20
0.0755322047244094
11
0.7560263385826771
21
0.075294842519685
0
LINE
8
BLACK
6
CONTINUOUS
10
0.7560263385826771
20
0.075294842519685
11
0.7652331889763779
21
0.0672388188976378
0
LINE
8
BLACK
6
CONTINUOUS
10
0.7652331889763779
20
0.0672388188976378
11
0.7667853149606298
21
0.0703430708661417
0
LINE
8
BLACK
6
CONTINUOUS
10
0.7667853149606298
20
0.0703430708661417
11
0.7669933858267717
21
0.0706736220472441
0
LINE
8
BLACK
6
CONTINUOUS
10
0.7669933858267717
20
0.0706736220472441
11
0.767033188976378
21
0.0707696850393701
0
LINE
8
BLACK
6
CONTINUOUS
10
0.767033188976378
20
0.0707696850393701
11
0.7671218897637795
21
0.0708777952755905
0
LINE
8
BLACK
6
CONTINUOUS
10
0.7671218897637795
20
0.0708777952755905
11
0.7671964566929134
21
0.0709962204724409
0
LINE
8
BLACK
6
CONTINUOUS
10
0.7671964566929134
20
0.0709962204724409
11
0.7672749606299213
21
0.0710642913385827
0
LINE
8
BLACK
6
CONTINUOUS
10
0.7672749606299213
20
0.0710642913385827
11
0.7675227952755905
21
0.0713662992125984
0
LINE
8
BLACK
6
CONTINUOUS
10
0.7675227952755905
20
0.0713662992125984
11
0.7693975590551181
21
0.0732410236220472
0
LINE
8
BLACK
6
CONTINUOUS
10
0.7693975590551181
20
0.0732410236220472
11
0.7696993700787401
21
0.0734887401574803
0
LINE
8
BLACK
6
CONTINUOUS
10
0.7696993700787401
20
0.0734887401574803
11
0.7697675984251968
21
0.0735674015748032
0
LINE
8
BLACK
6
CONTINUOUS
10
0.7697675984251968
20
0.0735674015748032
11
0.7698860236220473
21
0.0736419291338583
0
LINE
8
BLACK
6
CONTINUOUS
10
0.7698860236220473
20
0.0736419291338583
11
0.7699941338582676
21
0.0737306692913386
0
LINE
8
BLACK
6
CONTINUOUS
10
0.7699941338582676
20
0.0737306692913386
11
0.7700901968503937
21
0.0737704330708661
0
LINE
8
BLACK
6
CONTINUOUS
10
0.7700901968503937
20
0.0737704330708661
11
0.7704207874015748
21
0.0739785433070866
0
LINE
8
BLACK
6
CONTINUOUS
10
0.7704207874015748
20
0.0739785433070866
11
0.7741702755905512
21
0.0758533070866142
0
LINE
8
BLACK
6
CONTINUOUS
10
0.7741702755905512
20
0.0758533070866142
11
0.7748911023622047
21
0.0761291338582677
0
LINE
8
BLACK
6
CONTINUOUS
10
0.7748911023622047
20
0.0761291338582677
11
0.7750321653543307
21
0.0761391338582677
0
LINE
8
BLACK
6
CONTINUOUS
10
0.7750321653543307
20
0.0761391338582677
11
0.7751629133858268
21
0.0761933070866142
0
LINE
8
BLACK
6
CONTINUOUS
10
0.7751629133858268
20
0.0761933070866142
11
0.7759309842519685
21
0.076268937007874
0
LINE
8
BLACK
6
CONTINUOUS
10
0.7759309842519685
20
0.076268937007874
11
0.7853048031496063
21
0.076268937007874
0
LINE
8
BLACK
6
CONTINUOUS
10
0.7853048031496063
20
0.076268937007874
11
0.786072874015748
21
0.0761933070866142
0
LINE
8
BLACK
6
CONTINUOUS
10
0.8546788188976377
20
0.0966892913385827
11
0.8940488582677165
21
0.0835659448818898
0
LINE
8
BLACK
6
CONTINUOUS
10
0.8940488582677165
20
0.0835659448818898
11
0.8947536220472441
21
0.0832513385826772
0
LINE
8
BLACK
6
CONTINUOUS
10
0.8947536220472441
20
0.0832513385826772
11
0.8949662598425197
21
0.0830668897637795
0
LINE
8
BLACK
6
CONTINUOUS
10
0.8949662598425197
20
0.0830668897637795
11
0.895217716535433
21
0.0829411811023622
0
LINE
8
BLACK
6
CONTINUOUS
10
0.895217716535433
20
0.0829411811023622
11
0.8955410236220472
21
0.0825683858267716
0
LINE
8
BLACK
6
CONTINUOUS
10
0.8955410236220472
20
0.0825683858267716
11
0.8959140944881889
21
0.082244842519685
0
LINE
8
BLACK
6
CONTINUOUS
10
0.8959140944881889
20
0.082244842519685
11
0.8960398818897638
21
0.0819931889763779
0
LINE
8
BLACK
6
CONTINUOUS
10
0.8960398818897638
20
0.0819931889763779
11
0.8962242125984252
21
0.0817807086614173
0
LINE
8
BLACK
6
CONTINUOUS
10
0.8962242125984252
20
0.0817807086614173
11
0.8963803543307086
21
0.0813122834645669
0
LINE
8
BLACK
6
CONTINUOUS
10
0.8963803543307086
20
0.0813122834645669
11
0.8966010629921259
21
0.0808708661417323
0
LINE
8
BLACK
6
CONTINUOUS
10
0.8966010629921259
20
0.0808708661417323
11
0.8966209842519685
21
0.0805903543307087
0
LINE
8
BLACK
6
CONTINUOUS
10
0.8966209842519685
20
0.0805903543307087
11
0.89671
21
0.0803233858267716
0
LINE
8
BLACK
6
CONTINUOUS
10
0.89671
20
0.0803233858267716
11
0.8966749606299212
21
0.0798309842519685
0
LINE
8
BLACK
6
CONTINUOUS
10
0.8966749606299212
20
0.0798309842519685
11
0.89671
21
0.0793385826771654
0
LINE
8
BLACK
6
CONTINUOUS
10
0.89671
20
0.0793385826771654
11
0.8966209842519685
21
0.0790715748031496
0
LINE
8
BLACK
6
CONTINUOUS
10
0.8966209842519685
20
0.0790715748031496
11
0.8966010629921259
21
0.0787911023622047
0
LINE
8
BLACK
6
CONTINUOUS
10
0.8966010629921259
20
0.0787911023622047
11
0.8963803543307086
21
0.0783496456692913
0
LINE
8
BLACK
6
CONTINUOUS
10
0.8963803543307086
20
0.0783496456692913
11
0.8962242125984252
21
0.0778812598425197
0
LINE
8
BLACK
6
CONTINUOUS
10
0.8962242125984252
20
0.0778812598425197
11
0.8960398818897638
21
0.0776687401574803
0
LINE
8
BLACK
6
CONTINUOUS
10
0.8960398818897638
20
0.0776687401574803
11
0.8959140944881889
21
0.077417125984252
0
LINE
8
BLACK
6
CONTINUOUS
10
0.8959140944881889
20
0.077417125984252
11
0.8955410236220472
21
0.0770935433070866
0
LINE
8
BLACK
6
CONTINUOUS
10
0.8955410236220472
20
0.0770935433070866
11
0.895217716535433
21
0.0767207874015748
0
LINE
8
BLACK
6
CONTINUOUS
10
0.895217716535433
20
0.0767207874015748
11
0.8949662598425197
21
0.0765950393700787
0
LINE
8
BLACK
6
CONTINUOUS
10
0.8949662598425197
20
0.0765950393700787
11
0.8947536220472441
21
0.0764106299212598
0
LINE
8
BLACK
6
CONTINUOUS
10
0.8947536220472441
20
0.0764106299212598
11
0.8940488582677165
21
0.0760960236220472
0
LINE
8
BLACK
6
CONTINUOUS
10
0.8940488582677165
20
0.0760960236220472
11
0.8546788188976377
21
0.0629726771653543
0
LINE
8
BLACK
6
CONTINUOUS
10
0.8546788188976377
20
0.0629726771653543
11
0.8539262204724409
21
0.0628015354330709
0
LINE
8
BLACK
6
CONTINUOUS
10
0.8539262204724409
20
0.0628015354330709
11
0.852393937007874
21
0.0629104330708661
0
LINE
8
BLACK
6
CONTINUOUS
10
0.852393937007874
20
0.0629104330708661
11
0.8510199606299212
21
0.0635974409448819
0
LINE
8
BLACK
6
CONTINUOUS
10
0.8510199606299212
20
0.0635974409448819
11
0.8500134645669292
21
0.0647579133858268
0
LINE
8
BLACK
6
CONTINUOUS
10
0.8500134645669292
20
0.0647579133858268
11
0.849527716535433
21
0.0662152362204724
0
LINE
8
BLACK
6
CONTINUOUS
10
0.849527716535433
20
0.0662152362204724
11
0.8496366141732283
21
0.0677475196850394
0
LINE
8
BLACK
6
CONTINUOUS
10
0.8496366141732283
20
0.0677475196850394
11
0.8503236220472441
21
0.0691214960629921
0
LINE
8
BLACK
6
CONTINUOUS
10
0.8503236220472441
20
0.0691214960629921
11
0.851484094488189
21
0.0701279921259843
0
LINE
8
BLACK
6
CONTINUOUS
10
0.851484094488189
20
0.0701279921259843
11
0.8521888188976378
21
0.0704425984251968
0
LINE
8
BLACK
6
CONTINUOUS
10
0.8521888188976378
20
0.0704425984251968
11
0.8803539763779528
21
0.0798309842519685
0
LINE
8
BLACK
6
CONTINUOUS
10
0.8803539763779528
20
0.0798309842519685
11
0.8521888188976378
21
0.0892193700787402
0
LINE
8
BLACK
6
CONTINUOUS
10
0.8521888188976378
20
0.0892193700787402
11
0.851484094488189
21
0.0895339763779528
0
LINE
8
BLACK
6
CONTINUOUS
10
0.851484094488189
20
0.0895339763779528
11
0.8503236220472441
21
0.0905404724409449
0
LINE
8
BLACK
6
CONTINUOUS
10
0.8503236220472441
20
0.0905404724409449
11
0.8496366141732283
21
0.0919144488188976
0
LINE
8
BLACK
6
CONTINUOUS
10
0.8496366141732283
20
0.0919144488188976
11
0.849527716535433
21
0.0934467322834646
0
LINE
8
BLACK
6
CONTINUOUS
10
0.849527716535433
20
0.0934467322834646
11
0.8500134645669292
21
0.0949040551181102
0
LINE
8
BLACK
6
CONTINUOUS
10
0.8500134645669292
20
0.0949040551181102
11
0.8510199606299212
21
0.0960645275590551
0
LINE
8
BLACK
6
CONTINUOUS
10
0.8510199606299212
20
0.0960645275590551
11
0.852393937007874
21
0.0967515354330709
0
LINE
8
BLACK
6
CONTINUOUS
10
0.852393937007874
20
0.0967515354330709
11
0.8539262204724409
21
0.0968604330708661
0
LINE
8
BLACK
6
CONTINUOUS
10
0.8539262204724409
20
0.0968604330708661
11
0.8546788188976377
21
0.0966892913385827
0
LINE
8
BLACK
6
CONTINUOUS
10
0.7925285826771653
20
0.0945965748031496
11
0.7931164566929134
21
0.0943531102362205
0
LINE
8
BLACK
6
CONTINUOUS
10
0.7931164566929134
20
0.0943531102362205
11
0.7931166141732283
21
0.0943529133858268
0
LINE
8
BLACK
6
CONTINUOUS
10
0.7931166141732283
20
0.0943529133858268
11
0.793713031496063
21
0.0938635039370079
0
LINE
8
BLACK
6
CONTINUOUS
10
0.793713031496063
20
0.0938635039370079
11
0.7955877559055118
21
0.0919887401574803
0
LINE
8
BLACK
6
CONTINUOUS
10
0.7955877559055118
20
0.0919887401574803
11
0.7960774015748031
21
0.0913921653543307
0
LINE
8
BLACK
6
CONTINUOUS
10
0.7960774015748031
20
0.0913921653543307
11
0.7960774015748031
21
0.091392125984252
0
LINE
8
BLACK
6
CONTINUOUS
10
0.7960774015748031
20
0.091392125984252
11
0.7966652755905511
21
0.0899729133858268
0
LINE
8
BLACK
6
CONTINUOUS
10
0.7966652755905511
20
0.0899729133858268
11
0.7966652755905511
21
0.0884367716535433
0
LINE
8
BLACK
6
CONTINUOUS
10
0.7966652755905511
20
0.0884367716535433
11
0.7965249999999999
21
0.0880981496062992
0
LINE
8
BLACK
6
CONTINUOUS
10
0.7965249999999999
20
0.0880981496062992
11
0.7960774015748031
21
0.0870175196850394
0
LINE
8
BLACK
6
CONTINUOUS
10
0.7960774015748031
20
0.0870175196850394
11
0.7955877559055118
21
0.0864209448818898
0
LINE
8
BLACK
6
CONTINUOUS
10
0.7955877559055118
20
0.0864209448818898
11
0.793713031496063
21
0.0845461811023622
0
LINE
8
BLACK
6
CONTINUOUS
10
0.793713031496063
20
0.0845461811023622
11
0.7931166141732283
21
0.0840567322834646
0
LINE
8
BLACK
6
CONTINUOUS
10
0.7931166141732283
20
0.0840567322834646
11
0.7931164566929134
21
0.0840565748031496
0
LINE
8
BLACK
6
CONTINUOUS
10
0.7931164566929134
20
0.0840565748031496
11
0.7925285826771653
21
0.0838130708661417
0
LINE
8
BLACK
6
CONTINUOUS
10
0.7925285826771653
20
0.0838130708661417
11
0.7916972047244094
21
0.0834687007874016
0
LINE
8
BLACK
6
CONTINUOUS
10
0.7916972047244094
20
0.0834687007874016
11
0.7901611023622047
21
0.0834687007874016
0
LINE
8
BLACK
6
CONTINUOUS
10
0.7901611023622047
20
0.0834687007874016
11
0.790161062992126
21
0.0834687007874016
0
LINE
8
BLACK
6
CONTINUOUS
10
0.790161062992126
20
0.0834687007874016
11
0.7897453937007873
21
0.0836408661417323
0
LINE
8
BLACK
6
CONTINUOUS
10
0.7897453937007873
20
0.0836408661417323
11
0.7887418503937008
21
0.0840565354330709
0
LINE
8
BLACK
6
CONTINUOUS
10
0.7887418503937008
20
0.0840565354330709
11
0.7881452755905511
21
0.0845461811023622
0
LINE
8
BLACK
6
CONTINUOUS
10
0.7881452755905511
20
0.0845461811023622
11
0.7862704724409448
21
0.0864209448818898
0
LINE
8
BLACK
6
CONTINUOUS
10
0.7862704724409448
20
0.0864209448818898
11
0.7857808267716535
21
0.0870175196850394
0
LINE
8
BLACK
6
CONTINUOUS
10
0.7857808267716535
20
0.0870175196850394
11
0.7857807874015748
21
0.0870175590551181
0
LINE
8
BLACK
6
CONTINUOUS
10
0.7857807874015748
20
0.0870175590551181
11
0.7852513779527559
21
0.0882957086614173
0
LINE
8
BLACK
6
CONTINUOUS
10
0.7852513779527559
20
0.0882957086614173
11
0.7851929527559055
21
0.0884367716535433
0
LINE
8
BLACK
6
CONTINUOUS
10
0.7851929527559055
20
0.0884367716535433
11
0.7851929527559055
21
0.0899729133858268
0
LINE
8
BLACK
6
CONTINUOUS
10
0.7851929527559055
20
0.0899729133858268
11
0.7853651181102362
21
0.0903885433070866
0
LINE
8
BLACK
6
CONTINUOUS
10
0.7853651181102362
20
0.0903885433070866
11
0.7857807874015748
21
0.091392125984252
0
LINE
8
BLACK
6
CONTINUOUS
10
0.7857807874015748
20
0.091392125984252
11
0.7857808267716535
21
0.0913921653543307
0
LINE
8
BLACK
6
CONTINUOUS
10
0.7857808267716535
20
0.0913921653543307
11
0.7862704724409448
21
0.0919887401574803
0
LINE
8
BLACK
6
CONTINUOUS
10
0.7862704724409448
20
0.0919887401574803
11
0.7881452755905511
21
0.0938635039370079
0
LINE
8
BLACK
6
CONTINUOUS
10
0.7881452755905511
20
0.0938635039370079
11
0.7887418503937008
21
0.0943531496062992
0
LINE
8
BLACK
6
CONTINUOUS
10
0.7887418503937008
20
0.0943531496062992
11
0.7897453937007873
21
0.094768779527559
0
LINE
8
BLACK
6
CONTINUOUS
10
0.7897453937007873
20
0.094768779527559
11
0.790161062992126
21
0.0949409842519685
0
LINE
8
BLACK
6
CONTINUOUS
10
0.790161062992126
20
0.0949409842519685
11
0.7916972047244094
21
0.0949409842519685
0
LINE
8
BLACK
6
CONTINUOUS
10
0.7916972047244094
20
0.0949409842519685
11
0.7925285826771653
21
0.0945965748031496
0
LINE
8
BLACK
6
CONTINUOUS
10
0.8938437401574802
20
0.1304973228346457
11
0.895217716535433
21
0.1298103149606299
0
LINE
8
BLACK
6
CONTINUOUS
10
0.895217716535433
20
0.1298103149606299
11
0.8962242125984252
21
0.128649842519685
0
LINE
8
BLACK
6
CONTINUOUS
10
0.8962242125984252
20
0.128649842519685
11
0.89671
21
0.1271925196850394
0
LINE
8
BLACK
6
CONTINUOUS
10
0.89671
20
0.1271925196850394
11
0.8966010629921259
21
0.1256602362204724
0
LINE
8
BLACK
6
CONTINUOUS
10
0.8966010629921259
20
0.1256602362204724
11
0.8959140944881889
21
0.1242862598425197
0
LINE
8
BLACK
6
CONTINUOUS
10
0.8959140944881889
20
0.1242862598425197
11
0.8947536220472441
21
0.1232797637795276
0
LINE
8
BLACK
6
CONTINUOUS
10
0.8947536220472441
20
0.1232797637795276
11
0.8940488582677165
21
0.122965157480315
0
LINE
8
BLACK
6
CONTINUOUS
10
0.8940488582677165
20
0.122965157480315
11
0.8854922834645669
21
0.1201129527559055
0
LINE
8
BLACK
6
CONTINUOUS
10
0.8854922834645669
20
0.1201129527559055
11
0.8854922834645669
21
0.1070405511811024
0
LINE
8
BLACK
6
CONTINUOUS
10
0.8854922834645669
20
0.1070405511811024
11
0.8940488582677165
21
0.1041883858267716
0
LINE
8
BLACK
6
CONTINUOUS
10
0.8940488582677165
20
0.1041883858267716
11
0.8947536220472441
21
0.1038737795275591
0
LINE
8
BLACK
6
CONTINUOUS
10
0.8947536220472441
20
0.1038737795275591
11
0.8959140944881889
21
0.1028672834645669
0
LINE
8
BLACK
6
CONTINUOUS
10
0.8959140944881889
20
0.1028672834645669
11
0.8966010629921259
21
0.1014933070866142
0
LINE
8
BLACK
6
CONTINUOUS
10
0.8966010629921259
20
0.1014933070866142
11
0.89671
21
0.0999610236220472
0
LINE
8
BLACK
6
CONTINUOUS
10
0.89671
20
0.0999610236220472
11
0.8962242125984252
21
0.0985037007874016
0
LINE
8
BLACK
6
CONTINUOUS
10
0.8962242125984252
20
0.0985037007874016
11
0.895217716535433
21
0.0973432283464567
0
LINE
8
BLACK
6
CONTINUOUS
10
0.895217716535433
20
0.0973432283464567
11
0.8938437401574802
21
0.0966562204724409
0
LINE
8
BLACK
6
CONTINUOUS
10
0.8938437401574802
20
0.0966562204724409
11
0.8923114566929133
21
0.0965473228346457
0
LINE
8
BLACK
6
CONTINUOUS
10
0.8923114566929133
20
0.0965473228346457
11
0.8915588976377953
21
0.0967184645669291
0
LINE
8
BLACK
6
CONTINUOUS
10
0.8915588976377953
20
0.0967184645669291
11
0.8521888188976378
21
0.109841811023622
0
LINE
8
BLACK
6
CONTINUOUS
10
0.8521888188976378
20
0.109841811023622
11
0.851484094488189
21
0.1101564173228346
0
LINE
8
BLACK
6
CONTINUOUS
10
0.851484094488189
20
0.1101564173228346
11
0.8512714960629921
21
0.1103407874015748
0
LINE
8
BLACK
6
CONTINUOUS
10
0.8512714960629921
20
0.1103407874015748
11
0.8510199606299212
21
0.1104665748031496
0
LINE
8
BLACK
6
CONTINUOUS
10
0.8510199606299212
20
0.1104665748031496
11
0.8506964960629921
21
0.1108394488188976
0
LINE
8
BLACK
6
CONTINUOUS
10
0.8506964960629921
20
0.1108394488188976
11
0.8503236220472441
21
0.1111629133858268
0
LINE
8
BLACK
6
CONTINUOUS
10
0.8503236220472441
20
0.1111629133858268
11
0.8501978346456692
21
0.1114144488188976
0
LINE
8
BLACK
6
CONTINUOUS
10
0.8501978346456692
20
0.1114144488188976
11
0.8500134645669292
21
0.1116270472440945
0
LINE
8
BLACK
6
CONTINUOUS
10
0.8500134645669292
20
0.1116270472440945
11
0.8498573228346457
21
0.1120954330708661
0
LINE
8
BLACK
6
CONTINUOUS
10
0.8498573228346457
20
0.1120954330708661
11
0.8496366141732283
21
0.1125368897637795
0
LINE
8
BLACK
6
CONTINUOUS
10
0.8496366141732283
20
0.1125368897637795
11
0.8496166535433071
21
0.1128174803149606
0
LINE
8
BLACK
6
CONTINUOUS
10
0.8496166535433071
20
0.1128174803149606
11
0.849527716535433
21
0.1130843700787402
0
LINE
8
BLACK
6
CONTINUOUS
10
0.849527716535433
20
0.1130843700787402
11
0.8495626771653543
21
0.1135767716535433
0
LINE
8
BLACK
6
CONTINUOUS
10
0.8495626771653543
20
0.1135767716535433
11
0.849527716535433
21
0.1140691732283464
0
LINE
8
BLACK
6
CONTINUOUS
10
0.849527716535433
20
0.1140691732283464
11
0.8496166535433071
21
0.1143360236220472
0
LINE
8
BLACK
6
CONTINUOUS
10
0.8496166535433071
20
0.1143360236220472
11
0.8496366141732283
21
0.1146166535433071
0
LINE
8
BLACK
6
CONTINUOUS
10
0.8496366141732283
20
0.1146166535433071
11
0.8498573228346457
21
0.1150580708661417
0
LINE
8
BLACK
6
CONTINUOUS
10
0.8498573228346457
20
0.1150580708661417
11
0.8500134645669292
21
0.1155264960629921
0
LINE
8
BLACK
6
CONTINUOUS
10
0.8500134645669292
20
0.1155264960629921
11
0.8501978346456692
21
0.1157390551181102
0
LINE
8
BLACK
6
CONTINUOUS
10
0.8501978346456692
20
0.1157390551181102
11
0.8503236220472441
21
0.1159906299212598
0
LINE
8
BLACK
6
CONTINUOUS
10
0.8503236220472441
20
0.1159906299212598
11
0.8506964960629921
21
0.1163140551181102
0
LINE
8
BLACK
6
CONTINUOUS
10
0.8506964960629921
20
0.1163140551181102
11
0.8510199606299212
21
0.116686968503937
0
LINE
8
BLACK
6
CONTINUOUS
10
0.8510199606299212
20
0.116686968503937
11
0.8512714960629921
21
0.1168127165354331
0
LINE
8
BLACK
6
CONTINUOUS
10
0.8512714960629921
20
0.1168127165354331
11
0.851484094488189
21
0.116997125984252
0
LINE
8
BLACK
6
CONTINUOUS
10
0.851484094488189
20
0.116997125984252
11
0.8521888188976378
21
0.1173117322834646
0
LINE
8
BLACK
6
CONTINUOUS
10
0.8521888188976378
20
0.1173117322834646
11
0.8915588976377953
21
0.1304350787401575
0
LINE
8
BLACK
6
CONTINUOUS
10
0.8915588976377953
20
0.1304350787401575
11
0.8923114566929133
21
0.1306062204724409
0
LINE
8
BLACK
6
CONTINUOUS
10
0.8923114566929133
20
0.1306062204724409
11
0.8938437401574802
21
0.1304973228346457
0
LINE
8
BLACK
6
CONTINUOUS
10
0.8658837007874015
20
0.1135767716535433
11
0.8776182677165354
21
0.1096652362204724
0
LINE
8
BLACK
6
CONTINUOUS
10
0.8776182677165354
20
0.1096652362204724
11
0.8776182677165354
21
0.1174882677165354
0
LINE
8
BLACK
6
CONTINUOUS
10
0.8776182677165354
20
0.1174882677165354
11
0.8658837007874015
21
0.1135767716535433
0
LINE
8
BLACK
6
CONTINUOUS
10
0.686072874015748
20
0.1274362598425197
11
0.6862035826771653
21
0.1273820866141732
0
LINE
8
BLACK
6
CONTINUOUS
10
0.6862035826771653
20
0.1273820866141732
11
0.6863446850393701
21
0.1273720866141732
0
LINE
8
BLACK
6
CONTINUOUS
10
0.6863446850393701
20
0.1273720866141732
11
0.6870654724409448
21
0.1270962598425197
0
LINE
8
BLACK
6
CONTINUOUS
10
0.6870654724409448
20
0.1270962598425197
11
0.690815
21
0.1252214960629921
0
LINE
8
BLACK
6
CONTINUOUS
10
0.690815
20
0.1252214960629921
11
0.6911453937007874
21
0.1250134645669291
0
LINE
8
BLACK
6
CONTINUOUS
10
0.6911453937007874
20
0.1250134645669291
11
0.6912416141732284
21
0.1249736614173228
0
LINE
8
BLACK
6
CONTINUOUS
10
0.6912416141732284
20
0.1249736614173228
11
0.691349842519685
21
0.1248848031496063
0
LINE
8
BLACK
6
CONTINUOUS
10
0.691349842519685
20
0.1248848031496063
11
0.6914681496062992
21
0.1248103543307087
0
LINE
8
BLACK
6
CONTINUOUS
10
0.6914681496062992
20
0.1248103543307087
11
0.6915362204724409
21
0.124731811023622
0
LINE
8
BLACK
6
CONTINUOUS
10
0.6915362204724409
20
0.124731811023622
11
0.6918381889763779
21
0.1244840157480315
0
LINE
8
BLACK
6
CONTINUOUS
10
0.6918381889763779
20
0.1244840157480315
11
0.6937129921259843
21
0.1226092913385827
0
LINE
8
BLACK
6
CONTINUOUS
10
0.6937129921259843
20
0.1226092913385827
11
0.6939607480314961
21
0.1223073622047244
0
LINE
8
BLACK
6
CONTINUOUS
10
0.6939607480314961
20
0.1223073622047244
11
0.6940393700787402
21
0.1222392125984252
0
LINE
8
BLACK
6
CONTINUOUS
10
0.6940393700787402
20
0.1222392125984252
11
0.6941138976377953
21
0.1221207480314961
0
LINE
8
BLACK
6
CONTINUOUS
10
0.6941138976377953
20
0.1221207480314961
11
0.6942026377952756
21
0.1220126771653543
0
LINE
8
BLACK
6
CONTINUOUS
10
0.6942026377952756
20
0.1220126771653543
11
0.6942424015748031
21
0.1219165748031496
0
LINE
8
BLACK
6
CONTINUOUS
10
0.6942424015748031
20
0.1219165748031496
11
0.6944505118110236
21
0.1215860236220472
0
LINE
8
BLACK
6
CONTINUOUS
10
0.6944505118110236
20
0.1215860236220472
11
0.6963252755905511
21
0.1178365354330709
0
LINE
8
BLACK
6
CONTINUOUS
10
0.6963252755905511
20
0.1178365354330709
11
0.6966011023622047
21
0.1171157086614173
0
LINE
8
BLACK
6
CONTINUOUS
10
0.6966011023622047
20
0.1171157086614173
11
0.6966111023622047
21
0.1169746062992126
0
LINE
8
BLACK
6
CONTINUOUS
10
0.6966111023622047
20
0.1169746062992126
11
0.6966652755905511
21
0.1168438976377953
0
LINE
8
BLACK
6
CONTINUOUS
10
0.6966652755905511
20
0.1168438976377953
11
0.696740905511811
21
0.1160758267716535
0
LINE
8
BLACK
6
CONTINUOUS
10
0.696740905511811
20
0.1160758267716535
11
0.696740905511811
21
0.1067020078740158
0
LINE
8
BLACK
6
CONTINUOUS
10
0.696740905511811
20
0.1067020078740158
11
0.6966652755905511
21
0.105933937007874
0
LINE
8
BLACK
6
CONTINUOUS
10
0.6966652755905511
20
0.105933937007874
11
0.6966111023622047
21
0.105803188976378
0
LINE
8
BLACK
6
CONTINUOUS
10
0.6966111023622047
20
0.105803188976378
11
0.6966011023622047
21
0.105662125984252
0
LINE
8
BLACK
6
CONTINUOUS
10
0.6966011023622047
20
0.105662125984252
11
0.6963252755905511
21
0.1049412992125984
0
LINE
8
BLACK
6
CONTINUOUS
10
0.6963252755905511
20
0.1049412992125984
11
0.6944505118110236
21
0.101191811023622
0
LINE
8
BLACK
6
CONTINUOUS
10
0.6944505118110236
20
0.101191811023622
11
0.6942424015748031
21
0.1008612204724409
0
LINE
8
BLACK
6
CONTINUOUS
10
0.6942424015748031
20
0.1008612204724409
11
0.6942026377952756
21
0.100765157480315
0
LINE
8
BLACK
6
CONTINUOUS
10
0.6942026377952756
20
0.100765157480315
11
0.6941138976377953
21
0.1006570472440945
0
LINE
8
BLACK
6
CONTINUOUS
10
0.6941138976377953
20
0.1006570472440945
11
0.6940393700787402
21
0.1005386220472441
0
LINE
8
BLACK
6
CONTINUOUS
10
0.6940393700787402
20
0.1005386220472441
11
0.6939607480314961
21
0.1004704330708661
0
LINE
8
BLACK
6
CONTINUOUS
10
0.6939607480314961
20
0.1004704330708661
11
0.6937129921259843
21
0.1001685433070866
0
LINE
8
BLACK
6
CONTINUOUS
10
0.6937129921259843
20
0.1001685433070866
11
0.6918381889763779
21
0.0982938188976378
0
LINE
8
BLACK
6
CONTINUOUS
10
0.6918381889763779
20
0.0982938188976378
11
0.6912416141732284
21
0.0978041732283465
0
LINE
8
BLACK
6
CONTINUOUS
10
0.6912416141732284
20
0.0978041732283465
11
0.6898223622047244
21
0.0972163385826772
0
LINE
8
BLACK
6
CONTINUOUS
10
0.6898223622047244
20
0.0972163385826772
11
0.6882862204724409
21
0.0972163779527559
0
LINE
8
BLACK
6
CONTINUOUS
10
0.6882862204724409
20
0.0972163779527559
11
0.6868670078740158
21
0.0978042125984252
0
LINE
8
BLACK
6
CONTINUOUS
10
0.6868670078740158
20
0.0978042125984252
11
0.6857807874015748
21
0.0988904330708661
0
LINE
8
BLACK
6
CONTINUOUS
10
0.6857807874015748
20
0.0988904330708661
11
0.6851929527559055
21
0.1003096850393701
0
LINE
8
BLACK
6
CONTINUOUS
10
0.6851929527559055
20
0.1003096850393701
11
0.6851929921259843
21
0.1018458267716535
0
LINE
8
BLACK
6
CONTINUOUS
10
0.6851929921259843
20
0.1018458267716535
11
0.6857808267716535
21
0.1032650393700787
0
LINE
8
BLACK
6
CONTINUOUS
10
0.6857808267716535
20
0.1032650393700787
11
0.6862704724409449
21
0.1038616141732283
0
LINE
8
BLACK
6
CONTINUOUS
10
0.6862704724409449
20
0.1038616141732283
11
0.6876934645669291
21
0.1052845669291338
0
LINE
8
BLACK
6
CONTINUOUS
10
0.6876934645669291
20
0.1052845669291338
11
0.6888668897637795
21
0.1076314173228346
0
LINE
8
BLACK
6
CONTINUOUS
10
0.6888668897637795
20
0.1076314173228346
11
0.6888668897637795
21
0.1151464173228346
0
LINE
8
BLACK
6
CONTINUOUS
10
0.6888668897637795
20
0.1151464173228346
11
0.6876934645669291
21
0.1174932283464567
0
LINE
8
BLACK
6
CONTINUOUS
10
0.6876934645669291
20
0.1174932283464567
11
0.6867222834645669
21
0.1184643700787402
0
LINE
8
BLACK
6
CONTINUOUS
10
0.6867222834645669
20
0.1184643700787402
11
0.6843753937007874
21
0.119637874015748
0
LINE
8
BLACK
6
CONTINUOUS
10
0.6843753937007874
20
0.119637874015748
11
0.6768603937007874
21
0.119637874015748
0
LINE
8
BLACK
6
CONTINUOUS
10
0.6768603937007874
20
0.119637874015748
11
0.6745135433070866
21
0.1184644488188976
0
LINE
8
BLACK
6
CONTINUOUS
10
0.6745135433070866
20
0.1184644488188976
11
0.6735423622047244
21
0.1174932283464567
0
LINE
8
BLACK
6
CONTINUOUS
10
0.6735423622047244
20
0.1174932283464567
11
0.672368937007874
21
0.1151463779527559
0
LINE
8
BLACK
6
CONTINUOUS
10
0.672368937007874
20
0.1151463779527559
11
0.672368937007874
21
0.1076314173228346
0
LINE
8
BLACK
6
CONTINUOUS
10
0.672368937007874
20
0.1076314173228346
11
0.6735423622047244
21
0.1052845669291338
0
LINE
8
BLACK
6
CONTINUOUS
10
0.6735423622047244
20
0.1052845669291338
11
0.6749653149606299
21
0.1038616141732283
0
LINE
8
BLACK
6
CONTINUOUS
10
0.6749653149606299
20
0.1038616141732283
11
0.6754549606299213
21
0.1032650393700787
0
LINE
8
BLACK
6
CONTINUOUS
10
0.6754549606299213
20
0.1032650393700787
11
0.6755308267716535
21
0.1030817716535433
0
LINE
8
BLACK
6
CONTINUOUS
10
0.6755308267716535
20
0.1030817716535433
11
0.6756563385826772
21
0.1029284251968504
0
LINE
8
BLACK
6
CONTINUOUS
10
0.6756563385826772
20
0.1029284251968504
11
0.6758225590551181
21
0.1023774803149606
0
LINE
8
BLACK
6
CONTINUOUS
10
0.6758225590551181
20
0.1023774803149606
11
0.6760427952755905
21
0.1018457874015748
0
LINE
8
BLACK
6
CONTINUOUS
10
0.6760427952755905
20
0.1018457874015748
11
0.6760427952755905
21
0.1016475984251968
0
LINE
8
BLACK
6
CONTINUOUS
10
0.6760427952755905
20
0.1016475984251968
11
0.6761000787401574
21
0.1014577559055118
0
LINE
8
BLACK
6
CONTINUOUS
10
0.6761000787401574
20
0.1014577559055118
11
0.6760427952755905
21
0.100884842519685
0
LINE
8
BLACK
6
CONTINUOUS
10
0.6760427952755905
20
0.100884842519685
11
0.6760427952755905
21
0.1003096456692913
0
LINE
8
BLACK
6
CONTINUOUS
10
0.6760427952755905
20
0.1003096456692913
11
0.675966968503937
21
0.1001265748031496
0
LINE
8
BLACK
6
CONTINUOUS
10
0.675966968503937
20
0.1001265748031496
11
0.6759472440944881
21
0.0999292519685039
0
LINE
8
BLACK
6
CONTINUOUS
10
0.6759472440944881
20
0.0999292519685039
11
0.6756751181102362
21
0.0994220078740157
0
LINE
8
BLACK
6
CONTINUOUS
10
0.6756751181102362
20
0.0994220078740157
11
0.6754549606299213
21
0.0988904330708661
0
LINE
8
BLACK
6
CONTINUOUS
10
0.6754549606299213
20
0.0988904330708661
11
0.6753147637795276
21
0.0987502362204724
0
LINE
8
BLACK
6
CONTINUOUS
10
0.6753147637795276
20
0.0987502362204724
11
0.6752210629921259
21
0.0985755511811024
0
LINE
8
BLACK
6
CONTINUOUS
10
0.6752210629921259
20
0.0985755511811024
11
0.6747756692913386
21
0.0982111417322835
0
LINE
8
BLACK
6
CONTINUOUS
10
0.6747756692913386
20
0.0982111417322835
11
0.6743687401574803
21
0.0978042125984252
0
LINE
8
BLACK
6
CONTINUOUS
10
0.6743687401574803
20
0.0978042125984252
11
0.6741855511811023
21
0.0977283070866142
0
LINE
8
BLACK
6
CONTINUOUS
10
0.6741855511811023
20
0.0977283070866142
11
0.6740321653543307
21
0.0976028346456693
0
LINE
8
BLACK
6
CONTINUOUS
10
0.6740321653543307
20
0.0976028346456693
11
0.6734811811023622
21
0.0974365748031496
0
LINE
8
BLACK
6
CONTINUOUS
10
0.6734811811023622
20
0.0974365748031496
11
0.6729495275590551
21
0.0972163779527559
0
LINE
8
BLACK
6
CONTINUOUS
10
0.6729495275590551
20
0.0972163779527559
11
0.6727513385826771
21
0.0972163779527559
0
LINE
8
BLACK
6
CONTINUOUS
10
0.6727513385826771
20
0.0972163779527559
11
0.6725614960629921
21
0.097159094488189
0
LINE
8
BLACK
6
CONTINUOUS
10
0.6725614960629921
20
0.097159094488189
11
0.6717897244094488
21
0.0971602362204724
0
LINE
8
BLACK
6
CONTINUOUS
10
0.6717897244094488
20
0.0971602362204724
11
0.6530420866141732
21
0.099035
0
LINE
8
BLACK
6
CONTINUOUS
10
0.6530420866141732
20
0.099035
11
0.6527622047244095
21
0.0990911023622047
0
LINE
8
BLACK
6
CONTINUOUS
10
0.6527622047244095
20
0.0990911023622047
11
0.652665748031496
21
0.0990911023622047
0
LINE
8
BLACK
6
CONTINUOUS
10
0.652665748031496
20
0.0990911023622047
11
0.6525752755905512
21
0.0991285433070866
0
LINE
8
BLACK
6
CONTINUOUS
10
0.6525752755905512
20
0.0991285433070866
11
0.6522853543307087
21
0.0991866929133858
0
LINE
8
BLACK
6
CONTINUOUS
10
0.6522853543307087
20
0.0991866929133858
11
0.6517782283464567
21
0.0994587007874016
0
LINE
8
BLACK
6
CONTINUOUS
10
0.6517782283464567
20
0.0994587007874016
11
0.6512465354330709
21
0.0996789763779528
0
LINE
8
BLACK
6
CONTINUOUS
10
0.6512465354330709
20
0.0996789763779528
11
0.6511063385826772
21
0.0998191338582677
0
LINE
8
BLACK
6
CONTINUOUS
10
0.6511063385826772
20
0.0998191338582677
11
0.6509316535433071
21
0.099912874015748
0
LINE
8
BLACK
6
CONTINUOUS
10
0.6509316535433071
20
0.099912874015748
11
0.6505672440944882
21
0.1003582283464567
0
LINE
8
BLACK
6
CONTINUOUS
10
0.6505672440944882
20
0.1003582283464567
11
0.6501603149606299
21
0.1007651968503937
0
LINE
8
BLACK
6
CONTINUOUS
10
0.6501603149606299
20
0.1007651968503937
11
0.6500844094488188
21
0.1009483464566929
0
LINE
8
BLACK
6
CONTINUOUS
10
0.6500844094488188
20
0.1009483464566929
11
0.649958937007874
21
0.1011017716535433
0
LINE
8
BLACK
6
CONTINUOUS
10
0.649958937007874
20
0.1011017716535433
11
0.6497927559055118
21
0.1016525196850394
0
LINE
8
BLACK
6
CONTINUOUS
10
0.6497927559055118
20
0.1016525196850394
11
0.6495724409448819
21
0.1021844094488189
0
LINE
8
BLACK
6
CONTINUOUS
10
0.6495724409448819
20
0.1021844094488189
11
0.6495434251968504
21
0.1024787795275591
0
LINE
8
BLACK
6
CONTINUOUS
10
0.6495434251968504
20
0.1024787795275591
11
0.6495151968503937
21
0.1025724409448819
0
LINE
8
BLACK
6
CONTINUOUS
10
0.6495151968503937
20
0.1025724409448819
11
0.6495247637795275
21
0.1026683464566929
0
LINE
8
BLACK
6
CONTINUOUS
10
0.6495247637795275
20
0.1026683464566929
11
0.649496811023622
21
0.1029524803149606
0
LINE
8
BLACK
6
CONTINUOUS
10
0.649496811023622
20
0.1029524803149606
11
0.649496811023622
21
0.1217001181102362
0
LINE
8
BLACK
6
CONTINUOUS
10
0.649496811023622
20
0.1217001181102362
11
0.6495724409448819
21
0.122468188976378
0
LINE
8
BLACK
6
CONTINUOUS
10
0.6495724409448819
20
0.122468188976378
11
0.6501603149606299
21
0.1238874015748031
0
LINE
8
BLACK
6
CONTINUOUS
10
0.6501603149606299
20
0.1238874015748031
11
0.6512465354330709
21
0.1249736220472441
0
LINE
8
BLACK
6
CONTINUOUS
10
0.6512465354330709
20
0.1249736220472441
11
0.652665748031496
21
0.1255614960629921
0
LINE
8
BLACK
6
CONTINUOUS
10
0.652665748031496
20
0.1255614960629921
11
0.6542018897637795
21
0.1255614960629921
0
LINE
8
BLACK
6
CONTINUOUS
10
0.6542018897637795
20
0.1255614960629921
11
0.6556211023622047
21
0.1249736220472441
0
LINE
8
BLACK
6
CONTINUOUS
10
0.6556211023622047
20
0.1249736220472441
11
0.6567073228346456
21
0.1238874015748031
0
LINE
8
BLACK
6
CONTINUOUS
10
0.6567073228346456
20
0.1238874015748031
11
0.6572951968503937
21
0.122468188976378
0
LINE
8
BLACK
6
CONTINUOUS
10
0.6572951968503937
20
0.122468188976378
11
0.6573708267716535
21
0.1217001181102362
0
LINE
8
BLACK
6
CONTINUOUS
10
0.6573708267716535
20
0.1217001181102362
11
0.6573708267716535
21
0.1065154330708661
0
LINE
8
BLACK
6
CONTINUOUS
10
0.6573708267716535
20
0.1065154330708661
11
0.6646256299212598
21
0.1057899212598425
0
LINE
8
BLACK
6
CONTINUOUS
10
0.6646256299212598
20
0.1057899212598425
11
0.6646246850393701
21
0.105803188976378
0
LINE
8
BLACK
6
CONTINUOUS
10
0.6646246850393701
20
0.105803188976378
11
0.6645705511811023
21
0.105933937007874
0
LINE
8
BLACK
6
CONTINUOUS
10
0.6645705511811023
20
0.105933937007874
11
0.6644949212598426
21
0.1067020078740158
0
LINE
8
BLACK
6
CONTINUOUS
10
0.6644949212598426
20
0.1067020078740158
11
0.6644949212598426
21
0.1160758267716535
0
LINE
8
BLACK
6
CONTINUOUS
10
0.6644949212598426
20
0.1160758267716535
11
0.6645705511811023
21
0.1168438976377953
0
LINE
8
BLACK
6
CONTINUOUS
10
0.6645705511811023
20
0.1168438976377953
11
0.6646246850393701
21
0.1169746062992126
0
LINE
8
BLACK
6
CONTINUOUS
10
0.6646246850393701
20
0.1169746062992126
11
0.6646347244094488
21
0.1171157086614173
0
LINE
8
BLACK
6
CONTINUOUS
10
0.6646347244094488
20
0.1171157086614173
11
0.6649105511811023
21
0.1178364960629921
0
LINE
8
BLACK
6
CONTINUOUS
10
0.6649105511811023
20
0.1178364960629921
11
0.6667853149606299
21
0.1215860236220472
0
LINE
8
BLACK
6
CONTINUOUS
10
0.6667853149606299
20
0.1215860236220472
11
0.6669933858267716
21
0.1219165748031496
0
LINE
8
BLACK
6
CONTINUOUS
10
0.6669933858267716
20
0.1219165748031496
11
0.667033188976378
21
0.1220126377952756
0
LINE
8
BLACK
6
CONTINUOUS
10
0.667033188976378
20
0.1220126377952756
11
0.6671218897637795
21
0.1221207480314961
0
LINE
8
BLACK
6
CONTINUOUS
10
0.6671218897637795
20
0.1221207480314961
11
0.6671964566929134
21
0.1222391732283465
0
LINE
8
BLACK
6
CONTINUOUS
10
0.6671964566929134
20
0.1222391732283465
11
0.6672749606299212
21
0.1223072440944882
0
LINE
8
BLACK
6
CONTINUOUS
10
0.6672749606299212
20
0.1223072440944882
11
0.6675227952755906
21
0.1226092519685039
0
LINE
8
BLACK
6
CONTINUOUS
10
0.6675227952755906
20
0.1226092519685039
11
0.6693975590551181
21
0.1244839763779527
0
LINE
8
BLACK
6
CONTINUOUS
10
0.6693975590551181
20
0.1244839763779527
11
0.6696993700787401
21
0.1247316929133858
0
LINE
8
BLACK
6
CONTINUOUS
10
0.6696993700787401
20
0.1247316929133858
11
0.6697675984251968
21
0.1248103543307087
0
LINE
8
BLACK
6
CONTINUOUS
10
0.6697675984251968
20
0.1248103543307087
11
0.6698860236220472
21
0.1248848818897638
0
LINE
8
BLACK
6
CONTINUOUS
10
0.6698860236220472
20
0.1248848818897638
11
0.6699941338582677
21
0.1249736220472441
0
LINE
8
BLACK
6
CONTINUOUS
10
0.6699941338582677
20
0.1249736220472441
11
0.6700901968503937
21
0.1250133858267717
0
LINE
8
BLACK
6
CONTINUOUS
10
0.6700901968503937
20
0.1250133858267717
11
0.6704207874015747
21
0.1252214960629921
0
LINE
8
BLACK
6
CONTINUOUS
10
0.6704207874015747
20
0.1252214960629921
11
0.6741702755905512
21
0.1270962598425197
0
LINE
8
BLACK
6
CONTINUOUS
10
0.6741702755905512
20
0.1270962598425197
11
0.6748911023622047
21
0.1273720866141732
0
LINE
8
BLACK
6
CONTINUOUS
10
0.6748911023622047
20
0.1273720866141732
11
0.6750321653543307
21
0.1273820866141732
0
LINE
8
BLACK
6
CONTINUOUS
10
0.6750321653543307
20
0.1273820866141732
11
0.6751629133858268
21
0.1274362598425197
0
LINE
8
BLACK
6
CONTINUOUS
10
0.6751629133858268
20
0.1274362598425197
11
0.6759309842519685
21
0.1275118897637795
0
LINE
8
BLACK
6
CONTINUOUS
10
0.6759309842519685
20
0.1275118897637795
11
0.6853048031496063
21
0.1275118897637795
0
LINE
8
BLACK
6
CONTINUOUS
10
0.6853048031496063
20
0.1275118897637795
11
0.686072874015748
21
0.1274362598425197
0
LINE
8
BLACK
6
CONTINUOUS
10
0.786072874015748
20
0.1324362598425197
11
0.7862035826771654
21
0.1323820866141732
0
LINE
8
BLACK
6
CONTINUOUS
10
0.7862035826771654
20
0.1323820866141732
11
0.7863446850393701
21
0.1323720866141732
0
LINE
8
BLACK
6
CONTINUOUS
10
0.7863446850393701
20
0.1323720866141732
11
0.7870654724409448
21
0.1320962598425197
0
LINE
8
BLACK
6
CONTINUOUS
10
0.7870654724409448
20
0.1320962598425197
11
0.7908149999999999
21
0.1302214960629921
0
LINE
8
BLACK
6
CONTINUOUS
10
0.7908149999999999
20
0.1302214960629921
11
0.7911453937007874
21
0.1300134645669291
0
LINE
8
BLACK
6
CONTINUOUS
10
0.7911453937007874
20
0.1300134645669291
11
0.7912416141732284
21
0.1299736614173228
0
LINE
8
BLACK
6
CONTINUOUS
10
0.7912416141732284
20
0.1299736614173228
11
0.791349842519685
21
0.1298848031496063
0
LINE
8
BLACK
6
CONTINUOUS
10
0.791349842519685
20
0.1298848031496063
11
0.7914681496062992
21
0.1298103543307087
0
LINE
8
BLACK
6
CONTINUOUS
10
0.7914681496062992
20
0.1298103543307087
11
0.7915362204724409
21
0.1297318110236221
0
LINE
8
BLACK
6
CONTINUOUS
10
0.7915362204724409
20
0.1297318110236221
11
0.7918381889763779
21
0.1294840157480315
0
LINE
8
BLACK
6
CONTINUOUS
10
0.7918381889763779
20
0.1294840157480315
11
0.7937129921259842
21
0.1276092913385827
0
LINE
8
BLACK
6
CONTINUOUS
10
0.7937129921259842
20
0.1276092913385827
11
0.7939607480314961
21
0.1273073622047244
0
LINE
8
BLACK
6
CONTINUOUS
10
0.7939607480314961
20
0.1273073622047244
11
0.7940393700787401
21
0.1272392125984252
0
LINE
8
BLACK
6
CONTINUOUS
10
0.7940393700787401
20
0.1272392125984252
11
0.7941138976377953
21
0.1271207480314961
0
LINE
8
BLACK
6
CONTINUOUS
10
0.7941138976377953
20
0.1271207480314961
11
0.7942026377952756
21
0.1270126771653543
0
LINE
8
BLACK
6
CONTINUOUS
10
0.7942026377952756
20
0.1270126771653543
11
0.7942424015748031
21
0.1269165748031496
0
LINE
8
BLACK
6
CONTINUOUS
10
0.7942424015748031
20
0.1269165748031496
11
0.7944505118110236
21
0.1265860236220472
0
LINE
8
BLACK
6
CONTINUOUS
10
0.7944505118110236
20
0.1265860236220472
11
0.7963252755905512
21
0.1228365354330709
0
LINE
8
BLACK
6
CONTINUOUS
10
0.7963252755905512
20
0.1228365354330709
11
0.7966011023622047
21
0.1221157086614173
0
LINE
8
BLACK
6
CONTINUOUS
10
0.7966011023622047
20
0.1221157086614173
11
0.7966111023622047
21
0.1219746062992126
0
LINE
8
BLACK
6
CONTINUOUS
10
0.7966111023622047
20
0.1219746062992126
11
0.7966652755905511
21
0.1218438976377953
0
LINE
8
BLACK
6
CONTINUOUS
10
0.7966652755905511
20
0.1218438976377953
11
0.796740905511811
21
0.1210758267716535
0
LINE
8
BLACK
6
CONTINUOUS
10
0.796740905511811
20
0.1210758267716535
11
0.796740905511811
21
0.1098272440944882
0
LINE
8
BLACK
6
CONTINUOUS
10
0.796740905511811
20
0.1098272440944882
11
0.7966652755905511
21
0.1090591732283464
0
LINE
8
BLACK
6
CONTINUOUS
10
0.7966652755905511
20
0.1090591732283464
11
0.7966111023622047
21
0.1089284251968504
0
LINE
8
BLACK
6
CONTINUOUS
10
0.7966111023622047
20
0.1089284251968504
11
0.7966011023622047
21
0.1087873622047244
0
LINE
8
BLACK
6
CONTINUOUS
10
0.7966011023622047
20
0.1087873622047244
11
0.7963252755905512
21
0.1080665354330709
0
LINE
8
BLACK
6
CONTINUOUS
10
0.7963252755905512
20
0.1080665354330709
11
0.7944505118110236
21
0.1043170472440945
0
LINE
8
BLACK
6
CONTINUOUS
10
0.7944505118110236
20
0.1043170472440945
11
0.7942424015748031
21
0.1039864566929134
0
LINE
8
BLACK
6
CONTINUOUS
10
0.7942424015748031
20
0.1039864566929134
11
0.7942026377952756
21
0.1038903937007874
0
LINE
8
BLACK
6
CONTINUOUS
10
0.7942026377952756
20
0.1038903937007874
11
0.7941138976377953
21
0.1037822834645669
0
LINE
8
BLACK
6
CONTINUOUS
10
0.7941138976377953
20
0.1037822834645669
11
0.7940393700787401
21
0.1036638582677165
0
LINE
8
BLACK
6
CONTINUOUS
10
0.7940393700787401
20
0.1036638582677165
11
0.7939607480314961
21
0.1035956692913386
0
LINE
8
BLACK
6
CONTINUOUS
10
0.7939607480314961
20
0.1035956692913386
11
0.7937129921259842
21
0.1032937795275591
0
LINE
8
BLACK
6
CONTINUOUS
10
0.7937129921259842
20
0.1032937795275591
11
0.7918381889763779
21
0.1014190551181102
0
LINE
8
BLACK
6
CONTINUOUS
10
0.7918381889763779
20
0.1014190551181102
11
0.7912416141732284
21
0.1009294094488189
0
LINE
8
BLACK
6
CONTINUOUS
10
0.7912416141732284
20
0.1009294094488189
11
0.7898223622047243
21
0.1003415748031496
0
LINE
8
BLACK
6
CONTINUOUS
10
0.7898223622047243
20
0.1003415748031496
11
0.7882862204724409
21
0.1003416141732283
0
LINE
8
BLACK
6
CONTINUOUS
10
0.7882862204724409
20
0.1003416141732283
11
0.7868670078740158
21
0.1009294488188976
0
LINE
8
BLACK
6
CONTINUOUS
10
0.7868670078740158
20
0.1009294488188976
11
0.7857807874015748
21
0.1020156692913386
0
LINE
8
BLACK
6
CONTINUOUS
10
0.7857807874015748
20
0.1020156692913386
11
0.7851929527559055
21
0.1034349212598425
0
LINE
8
BLACK
6
CONTINUOUS
10
0.7851929527559055
20
0.1034349212598425
11
0.7851929921259843
21
0.104971062992126
0
LINE
8
BLACK
6
CONTINUOUS
10
0.7851929921259843
20
0.104971062992126
11
0.7857808267716535
21
0.1063902755905512
0
LINE
8
BLACK
6
CONTINUOUS
10
0.7857808267716535
20
0.1063902755905512
11
0.7862704724409448
21
0.1069868503937008
0
LINE
8
BLACK
6
CONTINUOUS
10
0.7862704724409448
20
0.1069868503937008
11
0.7876934645669291
21
0.1084098031496063
0
LINE
8
BLACK
6
CONTINUOUS
10
0.7876934645669291
20
0.1084098031496063
11
0.7888668897637795
21
0.1107566535433071
0
LINE
8
BLACK
6
CONTINUOUS
10
0.7888668897637795
20
0.1107566535433071
11
0.7888668897637795
21
0.1201464173228346
0
LINE
8
BLACK
6
CONTINUOUS
10
0.7888668897637795
20
0.1201464173228346
11
0.7876934645669291
21
0.1224932283464567
0
LINE
8
BLACK
6
CONTINUOUS
10
0.7876934645669291
20
0.1224932283464567
11
0.786722283464567
21
0.1234643700787402
0
LINE
8
BLACK
6
CONTINUOUS
10
0.786722283464567
20
0.1234643700787402
11
0.7843753937007873
21
0.124637874015748
0
LINE
8
BLACK
6
CONTINUOUS
10
0.7843753937007873
20
0.124637874015748
11
0.7768603937007874
21
0.124637874015748
0
LINE
8
BLACK
6
CONTINUOUS
10
0.7768603937007874
20
0.124637874015748
11
0.7745135433070865
21
0.1234644488188976
0
LINE
8
BLACK
6
CONTINUOUS
10
0.7745135433070865
20
0.1234644488188976
11
0.7735423622047244
21
0.1224932283464567
0
LINE
8
BLACK
6
CONTINUOUS
10
0.7735423622047244
20
0.1224932283464567
11
0.772368937007874
21
0.1201463779527559
0
LINE
8
BLACK
6
CONTINUOUS
10
0.772368937007874
20
0.1201463779527559
11
0.772368937007874
21
0.1154515354330709
0
LINE
8
BLACK
6
CONTINUOUS
10
0.772368937007874
20
0.1154515354330709
11
0.772328937007874
21
0.1150453149606299
0
LINE
8
BLACK
6
CONTINUOUS
10
0.772328937007874
20
0.1150453149606299
11
0.7723358267716536
21
0.1149420078740157
0
LINE
8
BLACK
6
CONTINUOUS
10
0.7723358267716536
20
0.1149420078740157
11
0.7723117322834645
21
0.1148708267716535
0
LINE
8
BLACK
6
CONTINUOUS
10
0.7723117322834645
20
0.1148708267716535
11
0.7722933070866141
21
0.1146834645669291
0
LINE
8
BLACK
6
CONTINUOUS
10
0.7722933070866141
20
0.1146834645669291
11
0.7720486220472441
21
0.1140927559055118
0
LINE
8
BLACK
6
CONTINUOUS
10
0.7720486220472441
20
0.1140927559055118
11
0.7718437007874016
21
0.113486811023622
0
LINE
8
BLACK
6
CONTINUOUS
10
0.7718437007874016
20
0.113486811023622
11
0.7717561811023622
21
0.113386811023622
0
LINE
8
BLACK
6
CONTINUOUS
10
0.7717561811023622
20
0.113386811023622
11
0.7717054330708661
21
0.1132642519685039
0
LINE
8
BLACK
6
CONTINUOUS
10
0.7717054330708661
20
0.1132642519685039
11
0.7712535433070866
21
0.1128123622047244
0
LINE
8
BLACK
6
CONTINUOUS
10
0.7712535433070866
20
0.1128123622047244
11
0.770832125984252
21
0.1123307480314961
0
LINE
8
BLACK
6
CONTINUOUS
10
0.770832125984252
20
0.1123307480314961
11
0.770713031496063
21
0.1122718503937008
0
LINE
8
BLACK
6
CONTINUOUS
10
0.770713031496063
20
0.1122718503937008
11
0.7706192125984251
21
0.112178031496063
0
LINE
8
BLACK
6
CONTINUOUS
10
0.7706192125984251
20
0.112178031496063
11
0.7700285826771653
21
0.1119333464566929
0
LINE
8
BLACK
6
CONTINUOUS
10
0.7700285826771653
20
0.1119333464566929
11
0.7694551574803149
21
0.1116498031496063
0
LINE
8
BLACK
6
CONTINUOUS
10
0.7694551574803149
20
0.1116498031496063
11
0.7693226377952755
21
0.1116409448818898
0
LINE
8
BLACK
6
CONTINUOUS
10
0.7693226377952755
20
0.1116409448818898
11
0.7692
21
0.111590157480315
0
LINE
8
BLACK
6
CONTINUOUS
10
0.7692
20
0.111590157480315
11
0.7685603149606299
21
0.111590157480315
0
LINE
8
BLACK
6
CONTINUOUS
10
0.7685603149606299
20
0.111590157480315
11
0.7679224015748032
21
0.1115476377952756
0
LINE
8
BLACK
6
CONTINUOUS
10
0.7679224015748032
20
0.1115476377952756
11
0.7677966929133858
21
0.111590157480315
0
LINE
8
BLACK
6
CONTINUOUS
10
0.7677966929133858
20
0.111590157480315
11
0.7676638582677165
21
0.111590157480315
0
LINE
8
BLACK
6
CONTINUOUS
10
0.7676638582677165
20
0.111590157480315
11
0.7670730708661417
21
0.111834842519685
0
LINE
8
BLACK
6
CONTINUOUS
10
0.7670730708661417
20
0.111834842519685
11
0.7664672440944882
21
0.1120397637795276
0
LINE
8
BLACK
6
CONTINUOUS
10
0.7664672440944882
20
0.1120397637795276
11
0.7663140551181102
21
0.1121492519685039
0
LINE
8
BLACK
6
CONTINUOUS
10
0.7663140551181102
20
0.1121492519685039
11
0.7662446456692913
21
0.112178031496063
0
LINE
8
BLACK
6
CONTINUOUS
10
0.7662446456692913
20
0.112178031496063
11
0.7661714173228347
21
0.1122512204724409
0
LINE
8
BLACK
6
CONTINUOUS
10
0.7661714173228347
20
0.1122512204724409
11
0.7658394094488189
21
0.1124886220472441
0
LINE
8
BLACK
6
CONTINUOUS
10
0.7658394094488189
20
0.1124886220472441
11
0.7573708267716536
21
0.1198986220472441
0
LINE
8
BLACK
6
CONTINUOUS
10
0.7573708267716536
20
0.1198986220472441
11
0.7573708267716536
21
0.1042029527559055
0
LINE
8
BLACK
6
CONTINUOUS
10
0.7573708267716536
20
0.1042029527559055
11
0.7572951968503937
21
0.1034348818897638
0
LINE
8
BLACK
6
CONTINUOUS
10
0.7572951968503937
20
0.1034348818897638
11
0.7567073228346457
21
0.1020156692913386
0
LINE
8
BLACK
6
CONTINUOUS
10
0.7567073228346457
20
0.1020156692913386
11
0.7556211023622047
21
0.1009294488188976
0
LINE
8
BLACK
6
CONTINUOUS
10
0.7556211023622047
20
0.1009294488188976
11
0.7542018897637796
21
0.1003415748031496
0
LINE
8
BLACK
6
CONTINUOUS
10
0.7542018897637796
20
0.1003415748031496
11
0.752665748031496
21
0.1003415748031496
0
LINE
8
BLACK
6
CONTINUOUS
10
0.752665748031496
20
0.1003415748031496
11
0.7512465354330709
21
0.1009294488188976
0
LINE
8
BLACK
6
CONTINUOUS
10
0.7512465354330709
20
0.1009294488188976
11
0.75016031496063
21
0.1020156692913386
0
LINE
8
BLACK
6
CONTINUOUS
10
0.75016031496063
20
0.1020156692913386
11
0.7495724409448818
21
0.1034348818897638
0
LINE
8
BLACK
6
CONTINUOUS
10
0.7495724409448818
20
0.1034348818897638
11
0.749496811023622
21
0.1042029527559055
0
LINE
8
BLACK
6
CONTINUOUS
10
0.749496811023622
20
0.1042029527559055
11
0.749496811023622
21
0.1285748818897638
0
LINE
8
BLACK
6
CONTINUOUS
10
0.749496811023622
20
0.1285748818897638
11
0.7495367716535433
21
0.128981062992126
0
LINE
8
BLACK
6
CONTINUOUS
10
0.7495367716535433
20
0.128981062992126
11
0.7495299212598425
21
0.1290844094488189
0
LINE
8
BLACK
6
CONTINUOUS
10
0.7495299212598425
20
0.1290844094488189
11
0.7495539763779527
21
0.1291555511811024
0
LINE
8
BLACK
6
CONTINUOUS
10
0.7495539763779527
20
0.1291555511811024
11
0.7495724409448818
21
0.1293429527559055
0
LINE
8
BLACK
6
CONTINUOUS
10
0.7495724409448818
20
0.1293429527559055
11
0.749817125984252
21
0.1299337007874016
0
LINE
8
BLACK
6
CONTINUOUS
10
0.749817125984252
20
0.1299337007874016
11
0.7500220472440945
21
0.1305395669291338
0
LINE
8
BLACK
6
CONTINUOUS
10
0.7500220472440945
20
0.1305395669291338
11
0.7501094881889764
21
0.1306395275590551
0
LINE
8
BLACK
6
CONTINUOUS
10
0.7501094881889764
20
0.1306395275590551
11
0.75016031496063
21
0.1307621653543307
0
LINE
8
BLACK
6
CONTINUOUS
10
0.75016031496063
20
0.1307621653543307
11
0.7506124409448819
21
0.1312142913385827
0
LINE
8
BLACK
6
CONTINUOUS
10
0.7506124409448819
20
0.1312142913385827
11
0.7510336220472441
21
0.1316956299212598
0
LINE
8
BLACK
6
CONTINUOUS
10
0.7510336220472441
20
0.1316956299212598
11
0.7511526377952755
21
0.1317544881889764
0
LINE
8
BLACK
6
CONTINUOUS
10
0.7511526377952755
20
0.1317544881889764
11
0.7512465354330709
21
0.1318483858267717
0
LINE
8
BLACK
6
CONTINUOUS
10
0.7512465354330709
20
0.1318483858267717
11
0.7518373228346457
21
0.1320931102362205
0
LINE
8
BLACK
6
CONTINUOUS
10
0.7518373228346457
20
0.1320931102362205
11
0.7524105905511811
21
0.1323766141732284
0
LINE
8
BLACK
6
CONTINUOUS
10
0.7524105905511811
20
0.1323766141732284
11
0.7525430708661417
21
0.1323854330708661
0
LINE
8
BLACK
6
CONTINUOUS
10
0.7525430708661417
20
0.1323854330708661
11
0.752665748031496
21
0.1324362598425197
0
LINE
8
BLACK
6
CONTINUOUS
10
0.752665748031496
20
0.1324362598425197
11
0.7533054330708662
21
0.1324362598425197
0
LINE
8
BLACK
6
CONTINUOUS
10
0.7533054330708662
20
0.1324362598425197
11
0.7539433464566929
21
0.132478779527559
0
LINE
8
BLACK
6
CONTINUOUS
10
0.7539433464566929
20
0.132478779527559
11
0.7540690551181102
21
0.1324362598425197
0
LINE
8
BLACK
6
CONTINUOUS
10
0.7540690551181102
20
0.1324362598425197
11
0.7542018897637796
21
0.1324362598425197
0
LINE
8
BLACK
6
CONTINUOUS
10
0.7542018897637796
20
0.1324362598425197
11
0.7547926377952756
21
0.1321915354330709
0
LINE
8
BLACK
6
CONTINUOUS
10
0.7547926377952756
20
0.1321915354330709
11
0.7553985039370078
21
0.1319866535433071
0
LINE
8
BLACK
6
CONTINUOUS
10
0.7553985039370078
20
0.1319866535433071
11
0.7555516535433071
21
0.131877125984252
0
LINE
8
BLACK
6
CONTINUOUS
10
0.7555516535433071
20
0.131877125984252
11
0.7556211023622047
21
0.1318483858267717
0
LINE
8
BLACK
6
CONTINUOUS
10
0.7556211023622047
20
0.1318483858267717
11
0.7556942913385827
21
0.131775157480315
0
LINE
8
BLACK
6
CONTINUOUS
10
0.7556942913385827
20
0.131775157480315
11
0.7560263385826771
21
0.1315377952755905
0
LINE
8
BLACK
6
CONTINUOUS
10
0.7560263385826771
20
0.1315377952755905
11
0.7652331889763779
21
0.1234817716535433
0
LINE
8
BLACK
6
CONTINUOUS
10
0.7652331889763779
20
0.1234817716535433
11
0.7667853149606298
21
0.1265860236220472
0
LINE
8
BLACK
6
CONTINUOUS
10
0.7667853149606298
20
0.1265860236220472
11
0.7669933858267717
21
0.1269165748031496
0
LINE
8
BLACK
6
CONTINUOUS
10
0.7669933858267717
20
0.1269165748031496
11
0.767033188976378
21
0.1270126377952756
0
LINE
8
BLACK
6
CONTINUOUS
10
0.767033188976378
20
0.1270126377952756
11
0.7671218897637795
21
0.1271207480314961
0
LINE
8
BLACK
6
CONTINUOUS
10
0.7671218897637795
20
0.1271207480314961
11
0.7671964566929134
21
0.1272391732283465
0
LINE
8
BLACK
6
CONTINUOUS
10
0.7671964566929134
20
0.1272391732283465
11
0.7672749606299213
21
0.1273072440944882
0
LINE
8
BLACK
6
CONTINUOUS
10
0.7672749606299213
20
0.1273072440944882
11
0.7675227952755905
21
0.1276092519685039
0
LINE
8
BLACK
6
CONTINUOUS
10
0.7675227952755905
20
0.1276092519685039
11
0.7693975590551181
21
0.1294839763779528
0
LINE
8
BLACK
6
CONTINUOUS
10
0.7693975590551181
20
0.1294839763779528
11
0.7696993700787401
21
0.1297316929133858
0
LINE
8
BLACK
6
CONTINUOUS
10
0.7696993700787401
20
0.1297316929133858
11
0.7697675984251968
21
0.1298103543307087
0
LINE
8
BLACK
6
CONTINUOUS
10
0.7697675984251968
20
0.1298103543307087
11
0.7698860236220473
21
0.1298848818897638
0
LINE
8
BLACK
6
CONTINUOUS
10
0.7698860236220473
20
0.1298848818897638
11
0.7699941338582676
21
0.1299736220472441
0
LINE
8
BLACK
6
CONTINUOUS
10
0.7699941338582676
20
0.1299736220472441
11
0.7700901968503937
21
0.1300133858267717
0
LINE
8
BLACK
6
CONTINUOUS
10
0.7700901968503937
20
0.1300133858267717
11
0.7704207874015748
21
0.1302214960629921
0
LINE
8
BLACK
6
CONTINUOUS
10
0.7704207874015748
20
0.1302214960629921
11
0.7741702755905512
21
0.1320962598425197
0
LINE
8
BLACK
6
CONTINUOUS
10
0.7741702755905512
20
0.1320962598425197
11
0.7748911023622047
21
0.1323720866141732
0
LINE
8
BLACK
6
CONTINUOUS
10
0.7748911023622047
20
0.1323720866141732
11
0.7750321653543307
21
0.1323820866141732
0
LINE
8
BLACK
6
CONTINUOUS
10
0.7750321653543307
20
0.1323820866141732
11
0.7751629133858268
21
0.1324362598425197
0
LINE
8
BLACK
6
CONTINUOUS
10
0.7751629133858268
20
0.1324362598425197
11
0.7759309842519685
21
0.1325118897637795
0
LINE
8
BLACK
6
CONTINUOUS
10
0.7759309842519685
20
0.1325118897637795
11
0.7853048031496063
21
0.1325118897637795
0
LINE
8
BLACK
6
CONTINUOUS
10
0.7853048031496063
20
0.1325118897637795
11
0.786072874015748
21
0.1324362598425197
0
LINE
8
BLACK
6
CONTINUOUS
10
0.6546788188976378
20
0.164805157480315
11
0.6940488582677166
21
0.151681811023622
0
LINE
8
BLACK
6
CONTINUOUS
10
0.6940488582677166
20
0.151681811023622
11
0.6947536220472441
21
0.1513672047244095
0
LINE
8
BLACK
6
CONTINUOUS
10
0.6947536220472441
20
0.1513672047244095
11
0.6949662598425197
21
0.1511827559055118
0
LINE
8
BLACK
6
CONTINUOUS
10
0.6949662598425197
20
0.1511827559055118
11
0.6952177165354331
21
0.1510570472440945
0
LINE
8
BLACK
6
CONTINUOUS
10
0.6952177165354331
20
0.1510570472440945
11
0.6955410236220473
21
0.1506842519685039
0
LINE
8
BLACK
6
CONTINUOUS
10
0.6955410236220473
20
0.1506842519685039
11
0.695914094488189
21
0.1503607086614173
0
LINE
8
BLACK
6
CONTINUOUS
10
0.695914094488189
20
0.1503607086614173
11
0.6960398818897637
21
0.1501090551181102
0
LINE
8
BLACK
6
CONTINUOUS
10
0.6960398818897637
20
0.1501090551181102
11
0.6962242125984252
21
0.1498965748031496
0
LINE
8
BLACK
6
CONTINUOUS
10
0.6962242125984252
20
0.1498965748031496
11
0.6963803543307087
21
0.1494281496062992
0
LINE
8
BLACK
6
CONTINUOUS
10
0.6963803543307087
20
0.1494281496062992
11
0.696601062992126
21
0.1489867322834646
0
LINE
8
BLACK
6
CONTINUOUS
10
0.696601062992126
20
0.1489867322834646
11
0.6966209842519685
21
0.1487062204724409
0
LINE
8
BLACK
6
CONTINUOUS
10
0.6966209842519685
20
0.1487062204724409
11
0.6967099999999999
21
0.1484392519685039
0
LINE
8
BLACK
6
CONTINUOUS
10
0.6967099999999999
20
0.1484392519685039
11
0.6966749606299213
21
0.1479468503937008
0
LINE
8
BLACK
6
CONTINUOUS
10
0.6966749606299213
20
0.1479468503937008
11
0.6967099999999999
21
0.1474544488188976
0
LINE
8
BLACK
6
CONTINUOUS
10
0.6967099999999999
20
0.1474544488188976
11
0.6966209842519685
21
0.1471874409448819
0
LINE
8
BLACK
6
CONTINUOUS
10
0.6966209842519685
20
0.1471874409448819
11
0.696601062992126
21
0.146906968503937
0
LINE
8
BLACK
6
CONTINUOUS
10
0.696601062992126
20
0.146906968503937
11
0.6963803543307087
21
0.1464655118110236
0
LINE
8
BLACK
6
CONTINUOUS
10
0.6963803543307087
20
0.1464655118110236
11
0.6962242125984252
21
0.145997125984252
0
LINE
8
BLACK
6
CONTINUOUS
10
0.6962242125984252
20
0.145997125984252
11
0.6960398818897637
21
0.1457846062992126
0
LINE
8
BLACK
6
CONTINUOUS
10
0.6960398818897637
20
0.1457846062992126
11
0.695914094488189
21
0.1455329921259843
0
LINE
8
BLACK
6
CONTINUOUS
10
0.695914094488189
20
0.1455329921259843
11
0.6955410236220473
21
0.1452094094488189
0
LINE
8
BLACK
6
CONTINUOUS
10
0.6955410236220473
20
0.1452094094488189
11
0.6952177165354331
21
0.1448366535433071
0
LINE
8
BLACK
6
CONTINUOUS
10
0.6952177165354331
20
0.1448366535433071
11
0.6949662598425197
21
0.144710905511811
0
LINE
8
BLACK
6
CONTINUOUS
10
0.6949662598425197
20
0.144710905511811
11
0.6947536220472441
21
0.1445264960629921
0
LINE
8
BLACK
6
CONTINUOUS
10
0.6947536220472441
20
0.1445264960629921
11
0.6940488582677166
21
0.1442118897637795
0
LINE
8
BLACK
6
CONTINUOUS
10
0.6940488582677166
20
0.1442118897637795
11
0.6546788188976378
21
0.1310885433070866
0
LINE
8
BLACK
6
CONTINUOUS
10
0.6546788188976378
20
0.1310885433070866
11
0.653926220472441
21
0.1309174015748031
0
LINE
8
BLACK
6
CONTINUOUS
10
0.653926220472441
20
0.1309174015748031
11
0.652393937007874
21
0.1310262992125984
0
LINE
8
BLACK
6
CONTINUOUS
10
0.652393937007874
20
0.1310262992125984
11
0.6510199606299213
21
0.1317133070866142
0
LINE
8
BLACK
6
CONTINUOUS
10
0.6510199606299213
20
0.1317133070866142
11
0.6500134645669291
21
0.132873779527559
0
LINE
8
BLACK
6
CONTINUOUS
10
0.6500134645669291
20
0.132873779527559
11
0.6495277165354331
21
0.1343311023622047
0
LINE
8
BLACK
6
CONTINUOUS
10
0.6495277165354331
20
0.1343311023622047
11
0.6496366141732284
21
0.1358633858267717
0
LINE
8
BLACK
6
CONTINUOUS
10
0.6496366141732284
20
0.1358633858267717
11
0.650323622047244
21
0.1372373622047244
0
LINE
8
BLACK
6
CONTINUOUS
10
0.650323622047244
20
0.1372373622047244
11
0.651484094488189
21
0.1382438582677165
0
LINE
8
BLACK
6
CONTINUOUS
10
0.651484094488189
20
0.1382438582677165
11
0.6521888188976378
21
0.1385584645669291
0
LINE
8
BLACK
6
CONTINUOUS
10
0.6521888188976378
20
0.1385584645669291
11
0.6803539763779527
21
0.1479468503937008
0
LINE
8
BLACK
6
CONTINUOUS
10
0.6803539763779527
20
0.1479468503937008
11
0.6521888188976378
21
0.1573352362204724
0
LINE
8
BLACK
6
CONTINUOUS
10
0.6521888188976378
20
0.1573352362204724
11
0.651484094488189
21
0.157649842519685
0
LINE
8
BLACK
6
CONTINUOUS
10
0.651484094488189
20
0.157649842519685
11
0.650323622047244
21
0.1586563385826772
0
LINE
8
BLACK
6
CONTINUOUS
10
0.650323622047244
20
0.1586563385826772
11
0.6496366141732284
21
0.1600303149606299
0
LINE
8
BLACK
6
CONTINUOUS
10
0.6496366141732284
20
0.1600303149606299
11
0.6495277165354331
21
0.1615625984251969
0
LINE
8
BLACK
6
CONTINUOUS
10
0.6495277165354331
20
0.1615625984251969
11
0.6500134645669291
21
0.1630199212598425
0
LINE
8
BLACK
6
CONTINUOUS
10
0.6500134645669291
20
0.1630199212598425
11
0.6510199606299213
21
0.1641803937007874
0
LINE
8
BLACK
6
CONTINUOUS
10
0.6510199606299213
20
0.1641803937007874
11
0.652393937007874
21
0.1648674015748031
0
LINE
8
BLACK
6
CONTINUOUS
10
0.652393937007874
20
0.1648674015748031
11
0.653926220472441
21
0.1649762992125984
0
LINE
8
BLACK
6
CONTINUOUS
10
0.653926220472441
20
0.1649762992125984
11
0.6546788188976378
21
0.164805157480315
0
LINE
8
BLACK
6
CONTINUOUS
10
0.8673252362204724
20
0.1661820472440945
11
0.8674559448818897
21
0.166127874015748
0
LINE
8
BLACK
6
CONTINUOUS
10
0.8674559448818897
20
0.166127874015748
11
0.8675970472440945
21
0.166117874015748
0
LINE
8
BLACK
6
CONTINUOUS
10
0.8675970472440945
20
0.166117874015748
11
0.8683178346456693
21
0.1658420472440945
0
LINE
8
BLACK
6
CONTINUOUS
10
0.8683178346456693
20
0.1658420472440945
11
0.8720673622047244
21
0.1639672834645669
0
LINE
8
BLACK
6
CONTINUOUS
10
0.8720673622047244
20
0.1639672834645669
11
0.8723979133858267
21
0.1637591732283465
0
LINE
8
BLACK
6
CONTINUOUS
10
0.8723979133858267
20
0.1637591732283465
11
0.8724939763779528
21
0.1637194094488189
0
LINE
8
BLACK
6
CONTINUOUS
10
0.8724939763779528
20
0.1637194094488189
11
0.8726020866141732
21
0.1636306692913386
0
LINE
8
BLACK
6
CONTINUOUS
10
0.8726020866141732
20
0.1636306692913386
11
0.8727205118110236
21
0.1635561417322835
0
LINE
8
BLACK
6
CONTINUOUS
10
0.8727205118110236
20
0.1635561417322835
11
0.8727885826771653
21
0.1634775984251969
0
LINE
8
BLACK
6
CONTINUOUS
10
0.8727885826771653
20
0.1634775984251969
11
0.8730905905511811
21
0.1632298031496063
0
LINE
8
BLACK
6
CONTINUOUS
10
0.8730905905511811
20
0.1632298031496063
11
0.8749653149606299
21
0.1613550393700787
0
LINE
8
BLACK
6
CONTINUOUS
10
0.8749653149606299
20
0.1613550393700787
11
0.875213031496063
21
0.1610531889763779
0
LINE
8
BLACK
6
CONTINUOUS
10
0.875213031496063
20
0.1610531889763779
11
0.8752916929133858
21
0.160985
0
LINE
8
BLACK
6
CONTINUOUS
10
0.8752916929133858
20
0.160985
11
0.8753662204724409
21
0.1608665354330709
0
LINE
8
BLACK
6
CONTINUOUS
10
0.8753662204724409
20
0.1608665354330709
11
0.8754549606299212
21
0.1607584645669291
0
LINE
8
BLACK
6
CONTINUOUS
10
0.8754549606299212
20
0.1607584645669291
11
0.8754947244094488
21
0.1606623622047244
0
LINE
8
BLACK
6
CONTINUOUS
10
0.8754947244094488
20
0.1606623622047244
11
0.8757028346456692
21
0.160331811023622
0
LINE
8
BLACK
6
CONTINUOUS
10
0.8757028346456692
20
0.160331811023622
11
0.8775775984251968
21
0.1565823228346457
0
LINE
8
BLACK
6
CONTINUOUS
10
0.8775775984251968
20
0.1565823228346457
11
0.8776120866141732
21
0.156492125984252
0
LINE
8
BLACK
6
CONTINUOUS
10
0.8776120866141732
20
0.156492125984252
11
0.8905461811023622
21
0.1655459842519685
0
LINE
8
BLACK
6
CONTINUOUS
10
0.8905461811023622
20
0.1655459842519685
11
0.891218779527559
21
0.1659244881889764
0
LINE
8
BLACK
6
CONTINUOUS
10
0.891218779527559
20
0.1659244881889764
11
0.8927185826771653
21
0.1662567716535433
0
LINE
8
BLACK
6
CONTINUOUS
10
0.8927185826771653
20
0.1662567716535433
11
0.8942313385826771
21
0.1659898031496063
0
LINE
8
BLACK
6
CONTINUOUS
10
0.8942313385826771
20
0.1659898031496063
11
0.895526811023622
21
0.1651642519685039
0
LINE
8
BLACK
6
CONTINUOUS
10
0.895526811023622
20
0.1651642519685039
11
0.8964077165354331
21
0.1639057874015748
0
LINE
8
BLACK
6
CONTINUOUS
10
0.8964077165354331
20
0.1639057874015748
11
0.89674
21
0.1624060236220472
0
LINE
8
BLACK
6
CONTINUOUS
10
0.89674
20
0.1624060236220472
11
0.8964730314960629
21
0.1608932283464567
0
LINE
8
BLACK
6
CONTINUOUS
10
0.8964730314960629
20
0.1608932283464567
11
0.8956474803149607
21
0.1595977559055118
0
LINE
8
BLACK
6
CONTINUOUS
10
0.8956474803149607
20
0.1595977559055118
11
0.8950616141732284
21
0.1590953543307086
0
LINE
8
BLACK
6
CONTINUOUS
10
0.8950616141732284
20
0.1590953543307086
11
0.8779932283464567
21
0.1471474803149606
0
LINE
8
BLACK
6
CONTINUOUS
10
0.8779932283464567
20
0.1471474803149606
11
0.8779932283464567
21
0.1437605118110236
0
LINE
8
BLACK
6
CONTINUOUS
10
0.8779932283464567
20
0.1437605118110236
11
0.8928038976377952
21
0.1437605118110236
0
LINE
8
BLACK
6
CONTINUOUS
10
0.8928038976377952
20
0.1437605118110236
11
0.8935719685039369
21
0.1436848818897638
0
LINE
8
BLACK
6
CONTINUOUS
10
0.8935719685039369
20
0.1436848818897638
11
0.8949911811023622
21
0.1430970078740157
0
LINE
8
BLACK
6
CONTINUOUS
10
0.8949911811023622
20
0.1430970078740157
11
0.8960774015748031
21
0.1420107874015748
0
LINE
8
BLACK
6
CONTINUOUS
10
0.8960774015748031
20
0.1420107874015748
11
0.8966652755905512
21
0.1405915748031496
0
LINE
8
BLACK
6
CONTINUOUS
10
0.8966652755905512
20
0.1405915748031496
11
0.8966652755905512
21
0.1390554330708662
0
LINE
8
BLACK
6
CONTINUOUS
10
0.8966652755905512
20
0.1390554330708662
11
0.8960774015748031
21
0.137636220472441
0
LINE
8
BLACK
6
CONTINUOUS
10
0.8960774015748031
20
0.137636220472441
11
0.8949911811023622
21
0.13655
0
LINE
8
BLACK
6
CONTINUOUS
10
0.8949911811023622
20
0.13655
11
0.8935719685039369
21
0.135962125984252
0
LINE
8
BLACK
6
CONTINUOUS
10
0.8935719685039369
20
0.135962125984252
11
0.8928038976377952
21
0.1358864960629921
0
LINE
8
BLACK
6
CONTINUOUS
10
0.8928038976377952
20
0.1358864960629921
11
0.8534338188976378
21
0.1358864960629921
0
LINE
8
BLACK
6
CONTINUOUS
10
0.8534338188976378
20
0.1358864960629921
11
0.8526657480314961
21
0.135962125984252
0
LINE
8
BLACK
6
CONTINUOUS
10
0.8526657480314961
20
0.135962125984252
11
0.8512465354330708
21
0.13655
0
LINE
8
BLACK
6
CONTINUOUS
10
0.8512465354330708
20
0.13655
11
0.8501603149606299
21
0.137636220472441
0
LINE
8
BLACK
6
CONTINUOUS
10
0.8501603149606299
20
0.137636220472441
11
0.8495724409448818
21
0.1390554330708662
0
LINE
8
BLACK
6
CONTINUOUS
10
0.8495724409448818
20
0.1390554330708662
11
0.8494968110236221
21
0.1398235039370079
0
LINE
8
BLACK
6
CONTINUOUS
10
0.8494968110236221
20
0.1398235039370079
11
0.8494968110236221
21
0.1548216141732283
0
LINE
8
BLACK
6
CONTINUOUS
10
0.8494968110236221
20
0.1548216141732283
11
0.8495724409448818
21
0.1555896850393701
0
LINE
8
BLACK
6
CONTINUOUS
10
0.8495724409448818
20
0.1555896850393701
11
0.8496265748031496
21
0.1557203937007874
0
LINE
8
BLACK
6
CONTINUOUS
10
0.8496265748031496
20
0.1557203937007874
11
0.8496366141732283
21
0.1558614960629921
0
LINE
8
BLACK
6
CONTINUOUS
10
0.8496366141732283
20
0.1558614960629921
11
0.8499124409448818
21
0.1565822834645669
0
LINE
8
BLACK
6
CONTINUOUS
10
0.8499124409448818
20
0.1565822834645669
11
0.8517872047244094
21
0.160331811023622
0
LINE
8
BLACK
6
CONTINUOUS
10
0.8517872047244094
20
0.160331811023622
11
0.8519952755905512
21
0.1606623622047244
0
LINE
8
BLACK
6
CONTINUOUS
10
0.8519952755905512
20
0.1606623622047244
11
0.8520350787401575
21
0.1607584251968504
0
LINE
8
BLACK
6
CONTINUOUS
10
0.8520350787401575
20
0.1607584251968504
11
0.852123779527559
21
0.1608665354330709
0
LINE
8
BLACK
6
CONTINUOUS
10
0.852123779527559
20
0.1608665354330709
11
0.8521983464566929
21
0.1609849606299213
0
LINE
8
BLACK
6
CONTINUOUS
10
0.8521983464566929
20
0.1609849606299213
11
0.8522768503937007
21
0.161053031496063
0
LINE
8
BLACK
6
CONTINUOUS
10
0.8522768503937007
20
0.161053031496063
11
0.8525246850393701
21
0.1613550393700787
0
LINE
8
BLACK
6
CONTINUOUS
10
0.8525246850393701
20
0.1613550393700787
11
0.8543994488188976
21
0.1632297637795276
0
LINE
8
BLACK
6
CONTINUOUS
10
0.8543994488188976
20
0.1632297637795276
11
0.8547012598425197
21
0.1634774803149606
0
LINE
8
BLACK
6
CONTINUOUS
10
0.8547012598425197
20
0.1634774803149606
11
0.8547694881889764
21
0.1635561417322835
0
LINE
8
BLACK
6
CONTINUOUS
10
0.8547694881889764
20
0.1635561417322835
11
0.8548879133858267
21
0.1636306692913386
0
LINE
8
BLACK
6
CONTINUOUS
10
0.8548879133858267
20
0.1636306692913386
11
0.8549960236220472
21
0.1637194094488189
0
LINE
8
BLACK
6
CONTINUOUS
10
0.8549960236220472
20
0.1637194094488189
11
0.8550920866141732
21
0.1637591732283465
0
LINE
8
BLACK
6
CONTINUOUS
10
0.8550920866141732
20
0.1637591732283465
11
0.8554226771653544
21
0.1639672834645669
0
LINE
8
BLACK
6
CONTINUOUS
10
0.8554226771653544
20
0.1639672834645669
11
0.8591721653543307
21
0.1658420472440945
0
LINE
8
BLACK
6
CONTINUOUS
10
0.8591721653543307
20
0.1658420472440945
11
0.8598929921259842
21
0.166117874015748
0
LINE
8
BLACK
6
CONTINUOUS
10
0.8598929921259842
20
0.166117874015748
11
0.8600340551181103
21
0.166127874015748
0
LINE
8
BLACK
6
CONTINUOUS
10
0.8600340551181103
20
0.166127874015748
11
0.8601648031496063
21
0.1661820472440945
0
LINE
8
BLACK
6
CONTINUOUS
10
0.8601648031496063
20
0.1661820472440945
11
0.860932874015748
21
0.1662576771653543
0
LINE
8
BLACK
6
CONTINUOUS
10
0.860932874015748
20
0.1662576771653543
11
0.8665571653543307
21
0.1662576771653543
0
LINE
8
BLACK
6
CONTINUOUS
10
0.8665571653543307
20
0.1662576771653543
11
0.8673252362204724
21
0.1661820472440945
0
LINE
8
BLACK
6
CONTINUOUS
10
0.8595154330708661
20
0.1572102362204724
11
0.8585442519685039
21
0.1562390157480315
0
LINE
8
BLACK
6
CONTINUOUS
10
0.8585442519685039
20
0.1562390157480315
11
0.8573708267716535
21
0.1538921653543307
0
LINE
8
BLACK
6
CONTINUOUS
10
0.8573708267716535
20
0.1538921653543307
11
0.8573708267716535
21
0.1437605118110236
0
LINE
8
BLACK
6
CONTINUOUS
10
0.8573708267716535
20
0.1437605118110236
11
0.8701192125984252
21
0.1437605118110236
0
LINE
8
BLACK
6
CONTINUOUS
10
0.8701192125984252
20
0.1437605118110236
11
0.8701192125984252
21
0.1538922047244095
0
LINE
8
BLACK
6
CONTINUOUS
10
0.8701192125984252
20
0.1538922047244095
11
0.8689457874015748
21
0.1562390157480315
0
LINE
8
BLACK
6
CONTINUOUS
10
0.8689457874015748
20
0.1562390157480315
11
0.8679745669291339
21
0.1572101968503937
0
LINE
8
BLACK
6
CONTINUOUS
10
0.8679745669291339
20
0.1572101968503937
11
0.8656277559055118
21
0.1583836614173228
0
LINE
8
BLACK
6
CONTINUOUS
10
0.8656277559055118
20
0.1583836614173228
11
0.8618622834645669
21
0.1583836614173228
0
LINE
8
BLACK
6
CONTINUOUS
10
0.8618622834645669
20
0.1583836614173228
11
0.8595154330708661
21
0.1572102362204724
0
LINE
8
BLACK
6
CONTINUOUS
10
0.7546788188976378
20
0.169805157480315
11
0.7940488582677165
21
0.1566818110236221
0
LINE
8
BLACK
6
CONTINUOUS
10
0.7940488582677165
20
0.1566818110236221
11
0.7947536220472441
21
0.1563672047244095
0
LINE
8
BLACK
6
CONTINUOUS
10
0.7947536220472441
20
0.1563672047244095
11
0.7949662598425197
21
0.1561827559055118
0
LINE
8
BLACK
6
CONTINUOUS
10
0.7949662598425197
20
0.1561827559055118
11
0.7952177165354331
21
0.1560570472440945
0
LINE
8
BLACK
6
CONTINUOUS
10
0.7952177165354331
20
0.1560570472440945
11
0.7955410236220473
21
0.1556842519685039
0
LINE
8
BLACK
6
CONTINUOUS
10
0.7955410236220473
20
0.1556842519685039
11
0.795914094488189
21
0.1553607086614173
0
LINE
8
BLACK
6
CONTINUOUS
10
0.795914094488189
20
0.1553607086614173
11
0.7960398818897637
21
0.1551090551181102
0
LINE
8
BLACK
6
CONTINUOUS
10
0.7960398818897637
20
0.1551090551181102
11
0.7962242125984251
21
0.1548965748031496
0
LINE
8
BLACK
6
CONTINUOUS
10
0.7962242125984251
20
0.1548965748031496
11
0.7963803543307086
21
0.1544281496062992
0
LINE
8
BLACK
6
CONTINUOUS
10
0.7963803543307086
20
0.1544281496062992
11
0.796601062992126
21
0.1539867322834646
0
LINE
8
BLACK
6
CONTINUOUS
10
0.796601062992126
20
0.1539867322834646
11
0.7966209842519685
21
0.153706220472441
0
LINE
8
BLACK
6
CONTINUOUS
10
0.7966209842519685
20
0.153706220472441
11
0.79671
21
0.1534392519685039
0
LINE
8
BLACK
6
CONTINUOUS
10
0.79671
20
0.1534392519685039
11
0.7966749606299213
21
0.1529468503937008
0
LINE
8
BLACK
6
CONTINUOUS
10
0.7966749606299213
20
0.1529468503937008
11
0.79671
21
0.1524544488188976
0
LINE
8
BLACK
6
CONTINUOUS
10
0.79671
20
0.1524544488188976
11
0.7966209842519685
21
0.1521874409448819
0
LINE
8
BLACK
6
CONTINUOUS
10
0.7966209842519685
20
0.1521874409448819
11
0.796601062992126
21
0.151906968503937
0
LINE
8
BLACK
6
CONTINUOUS
10
0.796601062992126
20
0.151906968503937
11
0.7963803543307086
21
0.1514655118110236
0
LINE
8
BLACK
6
CONTINUOUS
10
0.7963803543307086
20
0.1514655118110236
11
0.7962242125984251
21
0.150997125984252
0
LINE
8
BLACK
6
CONTINUOUS
10
0.7962242125984251
20
0.150997125984252
11
0.7960398818897637
21
0.1507846062992126
0
LINE
8
BLACK
6
CONTINUOUS
10
0.7960398818897637
20
0.1507846062992126
11
0.795914094488189
21
0.1505329921259843
0
LINE
8
BLACK
6
CONTINUOUS
10
0.795914094488189
20
0.1505329921259843
11
0.7955410236220473
21
0.1502094094488189
0
LINE
8
BLACK
6
CONTINUOUS
10
0.7955410236220473
20
0.1502094094488189
11
0.7952177165354331
21
0.1498366535433071
0
LINE
8
BLACK
6
CONTINUOUS
10
0.7952177165354331
20
0.1498366535433071
11
0.7949662598425197
21
0.149710905511811
0
LINE
8
BLACK
6
CONTINUOUS
10
0.7949662598425197
20
0.149710905511811
11
0.7947536220472441
21
0.1495264960629921
0
LINE
8
BLACK
6
CONTINUOUS
10
0.7947536220472441
20
0.1495264960629921
11
0.7940488582677165
21
0.1492118897637795
0
LINE
8
BLACK
6
CONTINUOUS
10
0.7940488582677165
20
0.1492118897637795
11
0.7546788188976378
21
0.1360885433070866
0
LINE
8
BLACK
6
CONTINUOUS
10
0.7546788188976378
20
0.1360885433070866
11
0.753926220472441
21
0.1359174015748031
0
LINE
8
BLACK
6
CONTINUOUS
10
0.753926220472441
20
0.1359174015748031
11
0.752393937007874
21
0.1360262992125984
0
LINE
8
BLACK
6
CONTINUOUS
10
0.752393937007874
20
0.1360262992125984
11
0.7510199606299213
21
0.1367133070866142
0
LINE
8
BLACK
6
CONTINUOUS
10
0.7510199606299213
20
0.1367133070866142
11
0.7500134645669291
21
0.1378737795275591
0
LINE
8
BLACK
6
CONTINUOUS
10
0.7500134645669291
20
0.1378737795275591
11
0.749527716535433
21
0.1393311023622047
0
LINE
8
BLACK
6
CONTINUOUS
10
0.749527716535433
20
0.1393311023622047
11
0.7496366141732284
21
0.1408633858267717
0
LINE
8
BLACK
6
CONTINUOUS
10
0.7496366141732284
20
0.1408633858267717
11
0.7503236220472441
21
0.1422373622047244
0
LINE
8
BLACK
6
CONTINUOUS
10
0.7503236220472441
20
0.1422373622047244
11
0.751484094488189
21
0.1432438582677165
0
LINE
8
BLACK
6
CONTINUOUS
10
0.751484094488189
20
0.1432438582677165
11
0.7521888188976378
21
0.1435584645669291
0
LINE
8
BLACK
6
CONTINUOUS
10
0.7521888188976378
20
0.1435584645669291
11
0.7803539763779528
21
0.1529468503937008
0
LINE
8
BLACK
6
CONTINUOUS
10
0.7803539763779528
20
0.1529468503937008
11
0.7521888188976378
21
0.1623352362204724
0
LINE
8
BLACK
6
CONTINUOUS
10
0.7521888188976378
20
0.1623352362204724
11
0.751484094488189
21
0.162649842519685
0
LINE
8
BLACK
6
CONTINUOUS
10
0.751484094488189
20
0.162649842519685
11
0.7503236220472441
21
0.1636563385826772
0
LINE
8
BLACK
6
CONTINUOUS
10
0.7503236220472441
20
0.1636563385826772
11
0.7496366141732284
21
0.1650303149606299
0
LINE
8
BLACK
6
CONTINUOUS
10
0.7496366141732284
20
0.1650303149606299
11
0.749527716535433
21
0.1665625984251969
0
LINE
8
BLACK
6
CONTINUOUS
10
0.749527716535433
20
0.1665625984251969
11
0.7500134645669291
21
0.1680199212598425
0
LINE
8
BLACK
6
CONTINUOUS
10
0.7500134645669291
20
0.1680199212598425
11
0.7510199606299213
21
0.1691803937007874
0
LINE
8
BLACK
6
CONTINUOUS
10
0.7510199606299213
20
0.1691803937007874
11
0.752393937007874
21
0.1698674015748032
0
LINE
8
BLACK
6
CONTINUOUS
10
0.752393937007874
20
0.1698674015748032
11
0.753926220472441
21
0.1699762992125984
0
LINE
8
BLACK
6
CONTINUOUS
10
0.753926220472441
20
0.1699762992125984
11
0.7546788188976378
21
0.169805157480315
0
LINE
8
BLACK
6
CONTINUOUS
10
1.0507746062992125
20
0.2129275196850394
11
1.05090531496063
21
0.2128733464566929
0
LINE
8
BLACK
6
CONTINUOUS
10
1.05090531496063
20
0.2128733464566929
11
1.0510464173228347
21
0.2128633464566929
0
LINE
8
BLACK
6
CONTINUOUS
10
1.0510464173228347
20
0.2128633464566929
11
1.0517672047244093
21
0.2125875196850394
0
LINE
8
BLACK
6
CONTINUOUS
10
1.0517672047244093
20
0.2125875196850394
11
1.0555167322834647
21
0.2107127559055118
0
LINE
8
BLACK
6
CONTINUOUS
10
1.0555167322834647
20
0.2107127559055118
11
1.0558472834645669
21
0.2105046456692913
0
LINE
8
BLACK
6
CONTINUOUS
10
1.0558472834645669
20
0.2105046456692913
11
1.055943346456693
21
0.2104648818897638
0
LINE
8
BLACK
6
CONTINUOUS
10
1.055943346456693
20
0.2104648818897638
11
1.0560514566929133
21
0.2103761417322835
0
LINE
8
BLACK
6
CONTINUOUS
10
1.0560514566929133
20
0.2103761417322835
11
1.0561698818897638
21
0.2103016141732283
0
LINE
8
BLACK
6
CONTINUOUS
10
1.0561698818897638
20
0.2103016141732283
11
1.0562379527559056
21
0.2102230708661417
0
LINE
8
BLACK
6
CONTINUOUS
10
1.0562379527559056
20
0.2102230708661417
11
1.0565399606299213
21
0.2099752755905512
0
LINE
8
BLACK
6
CONTINUOUS
10
1.0565399606299213
20
0.2099752755905512
11
1.0584146850393701
21
0.2081005118110236
0
LINE
8
BLACK
6
CONTINUOUS
10
1.0584146850393701
20
0.2081005118110236
11
1.0586624015748032
21
0.2077986614173228
0
LINE
8
BLACK
6
CONTINUOUS
10
1.0586624015748032
20
0.2077986614173228
11
1.0587410629921259
21
0.2077304724409449
0
LINE
8
BLACK
6
CONTINUOUS
10
1.0587410629921259
20
0.2077304724409449
11
1.0588155905511811
21
0.2076120078740157
0
LINE
8
BLACK
6
CONTINUOUS
10
1.0588155905511811
20
0.2076120078740157
11
1.0589043307086614
21
0.207503937007874
0
LINE
8
BLACK
6
CONTINUOUS
10
1.0589043307086614
20
0.207503937007874
11
1.0589440944881889
21
0.2074078346456693
0
LINE
8
BLACK
6
CONTINUOUS
10
1.0589440944881889
20
0.2074078346456693
11
1.0591522047244095
21
0.2070772834645669
0
LINE
8
BLACK
6
CONTINUOUS
10
1.0591522047244095
20
0.2070772834645669
11
1.0610269685039371
21
0.2033277952755906
0
LINE
8
BLACK
6
CONTINUOUS
10
1.0610269685039371
20
0.2033277952755906
11
1.0613027952755905
21
0.202606968503937
0
LINE
8
BLACK
6
CONTINUOUS
10
1.0613027952755905
20
0.202606968503937
11
1.0613127952755905
21
0.2024658661417323
0
LINE
8
BLACK
6
CONTINUOUS
10
1.0613127952755905
20
0.2024658661417323
11
1.0613669685039371
21
0.2023351574803149
0
LINE
8
BLACK
6
CONTINUOUS
10
1.0613669685039371
20
0.2023351574803149
11
1.0614425984251967
21
0.2015670866141732
0
LINE
8
BLACK
6
CONTINUOUS
10
1.0614425984251967
20
0.2015670866141732
11
1.0614425984251967
21
0.1978175590551181
0
LINE
8
BLACK
6
CONTINUOUS
10
1.0614425984251967
20
0.1978175590551181
11
1.0614042913385826
21
0.1974288188976378
0
LINE
8
BLACK
6
CONTINUOUS
10
1.0614042913385826
20
0.1974288188976378
11
1.0614116929133859
21
0.1973251181102362
0
LINE
8
BLACK
6
CONTINUOUS
10
1.0614116929133859
20
0.1973251181102362
11
1.0613806692913386
21
0.1971887401574803
0
LINE
8
BLACK
6
CONTINUOUS
10
1.0613806692913386
20
0.1971887401574803
11
1.0613669685039371
21
0.1970494881889764
0
LINE
8
BLACK
6
CONTINUOUS
10
1.0613669685039371
20
0.1970494881889764
11
1.0613271259842521
21
0.1969533464566929
0
LINE
8
BLACK
6
CONTINUOUS
10
1.0613271259842521
20
0.1969533464566929
11
1.0612405511811023
21
0.1965725590551181
0
LINE
8
BLACK
6
CONTINUOUS
10
1.0612405511811023
20
0.1965725590551181
11
1.0593657874015747
21
0.1909482677165354
0
LINE
8
BLACK
6
CONTINUOUS
10
1.0593657874015747
20
0.1909482677165354
11
1.0590511811023622
21
0.1902435433070866
0
LINE
8
BLACK
6
CONTINUOUS
10
1.0590511811023622
20
0.1902435433070866
11
1.0589584251968505
21
0.1901366141732283
0
LINE
8
BLACK
6
CONTINUOUS
10
1.0589584251968505
20
0.1901366141732283
11
1.0589043307086614
21
0.1900059842519685
0
LINE
8
BLACK
6
CONTINUOUS
10
1.0589043307086614
20
0.1900059842519685
11
1.0584147244094488
21
0.1894093700787401
0
LINE
8
BLACK
6
CONTINUOUS
10
1.0584147244094488
20
0.1894093700787401
11
1.0426384645669291
21
0.1736330708661417
0
LINE
8
BLACK
6
CONTINUOUS
10
1.0426384645669291
20
0.1736330708661417
11
1.057505590551181
21
0.1736330708661417
0
LINE
8
BLACK
6
CONTINUOUS
10
1.057505590551181
20
0.1736330708661417
11
1.0582736614173227
21
0.1735574409448819
0
LINE
8
BLACK
6
CONTINUOUS
10
1.0582736614173227
20
0.1735574409448819
11
1.0596928740157481
21
0.1729695669291338
0
LINE
8
BLACK
6
CONTINUOUS
10
1.0596928740157481
20
0.1729695669291338
11
1.060779094488189
21
0.1718833464566929
0
LINE
8
BLACK
6
CONTINUOUS
10
1.060779094488189
20
0.1718833464566929
11
1.0613669685039371
21
0.1704641338582677
0
LINE
8
BLACK
6
CONTINUOUS
10
1.0613669685039371
20
0.1704641338582677
11
1.0613669685039371
21
0.1689279921259842
0
LINE
8
BLACK
6
CONTINUOUS
10
1.0613669685039371
20
0.1689279921259842
11
1.060779094488189
21
0.167508779527559
0
LINE
8
BLACK
6
CONTINUOUS
10
1.060779094488189
20
0.167508779527559
11
1.0596928740157481
21
0.1664225590551181
0
LINE
8
BLACK
6
CONTINUOUS
10
1.0596928740157481
20
0.1664225590551181
11
1.0582736614173227
21
0.1658346850393701
0
LINE
8
BLACK
6
CONTINUOUS
10
1.0582736614173227
20
0.1658346850393701
11
1.057505590551181
21
0.1657590551181102
0
LINE
8
BLACK
6
CONTINUOUS
10
1.057505590551181
20
0.1657590551181102
11
1.0331336614173228
21
0.1657590551181102
0
LINE
8
BLACK
6
CONTINUOUS
10
1.0331336614173228
20
0.1657590551181102
11
1.032365590551181
21
0.1658346850393701
0
LINE
8
BLACK
6
CONTINUOUS
10
1.032365590551181
20
0.1658346850393701
11
1.0309463779527559
21
0.1664225590551181
0
LINE
8
BLACK
6
CONTINUOUS
10
1.0309463779527559
20
0.1664225590551181
11
1.029860157480315
21
0.167508779527559
0
LINE
8
BLACK
6
CONTINUOUS
10
1.029860157480315
20
0.167508779527559
11
1.0292722834645669
21
0.1689279921259842
0
LINE
8
BLACK
6
CONTINUOUS
10
1.0292722834645669
20
0.1689279921259842
11
1.0292722834645669
21
0.1704641338582677
0
LINE
8
BLACK
6
CONTINUOUS
10
1.0292722834645669
20
0.1704641338582677
11
1.029860157480315
21
0.1718833464566929
0
LINE
8
BLACK
6
CONTINUOUS
10
1.029860157480315
20
0.1718833464566929
11
1.0303497637795276
21
0.1724799606299213
0
LINE
8
BLACK
6
CONTINUOUS
10
1.0303497637795276
20
0.1724799606299213
11
1.0521897637795274
21
0.19432
0
LINE
8
BLACK
6
CONTINUOUS
10
1.0521897637795274
20
0.19432
11
1.0535685826771652
21
0.1984563779527559
0
LINE
8
BLACK
6
CONTINUOUS
10
1.0535685826771652
20
0.1984563779527559
11
1.0535685826771652
21
0.2006376771653543
0
LINE
8
BLACK
6
CONTINUOUS
10
1.0535685826771652
20
0.2006376771653543
11
1.052395157480315
21
0.2029844881889764
0
LINE
8
BLACK
6
CONTINUOUS
10
1.052395157480315
20
0.2029844881889764
11
1.051423937007874
21
0.2039556692913386
0
LINE
8
BLACK
6
CONTINUOUS
10
1.051423937007874
20
0.2039556692913386
11
1.049077125984252
21
0.2051291338582677
0
LINE
8
BLACK
6
CONTINUOUS
10
1.049077125984252
20
0.2051291338582677
11
1.041562125984252
21
0.2051291338582677
0
LINE
8
BLACK
6
CONTINUOUS
10
1.041562125984252
20
0.2051291338582677
11
1.0392152755905513
21
0.2039557086614173
0
LINE
8
BLACK
6
CONTINUOUS
10
1.0392152755905513
20
0.2039557086614173
11
1.0377923228346457
21
0.2025327165354331
0
LINE
8
BLACK
6
CONTINUOUS
10
1.0377923228346457
20
0.2025327165354331
11
1.0371957086614172
21
0.2020431102362205
0
LINE
8
BLACK
6
CONTINUOUS
10
1.0371957086614172
20
0.2020431102362205
11
1.035776496062992
21
0.2014552362204724
0
LINE
8
BLACK
6
CONTINUOUS
10
1.035776496062992
20
0.2014552362204724
11
1.0342403543307086
21
0.2014552362204724
0
LINE
8
BLACK
6
CONTINUOUS
10
1.0342403543307086
20
0.2014552362204724
11
1.0328211417322835
21
0.2020431102362205
0
LINE
8
BLACK
6
CONTINUOUS
10
1.0328211417322835
20
0.2020431102362205
11
1.0317349212598426
21
0.2031293307086614
0
LINE
8
BLACK
6
CONTINUOUS
10
1.0317349212598426
20
0.2031293307086614
11
1.0311470472440945
21
0.2045485433070866
0
LINE
8
BLACK
6
CONTINUOUS
10
1.0311470472440945
20
0.2045485433070866
11
1.0311470472440945
21
0.2060846850393701
0
LINE
8
BLACK
6
CONTINUOUS
10
1.0311470472440945
20
0.2060846850393701
11
1.0317349212598426
21
0.2075038976377953
0
LINE
8
BLACK
6
CONTINUOUS
10
1.0317349212598426
20
0.2075038976377953
11
1.0322245275590551
21
0.2081005118110236
0
LINE
8
BLACK
6
CONTINUOUS
10
1.0322245275590551
20
0.2081005118110236
11
1.0340992913385827
21
0.2099752362204724
0
LINE
8
BLACK
6
CONTINUOUS
10
1.0340992913385827
20
0.2099752362204724
11
1.0344011023622046
21
0.2102229527559055
0
LINE
8
BLACK
6
CONTINUOUS
10
1.0344011023622046
20
0.2102229527559055
11
1.0344693307086614
21
0.2103016141732283
0
LINE
8
BLACK
6
CONTINUOUS
10
1.0344693307086614
20
0.2103016141732283
11
1.0345877559055119
21
0.2103761417322835
0
LINE
8
BLACK
6
CONTINUOUS
10
1.0345877559055119
20
0.2103761417322835
11
1.0346958661417323
21
0.2104648818897638
0
LINE
8
BLACK
6
CONTINUOUS
10
1.0346958661417323
20
0.2104648818897638
11
1.0347919291338583
21
0.2105046456692913
0
LINE
8
BLACK
6
CONTINUOUS
10
1.0347919291338583
20
0.2105046456692913
11
1.0351225196850393
21
0.2107127559055118
0
LINE
8
BLACK
6
CONTINUOUS
10
1.0351225196850393
20
0.2107127559055118
11
1.0388720078740157
21
0.2125875196850394
0
LINE
8
BLACK
6
CONTINUOUS
10
1.0388720078740157
20
0.2125875196850394
11
1.0395928346456693
21
0.2128633464566929
0
LINE
8
BLACK
6
CONTINUOUS
10
1.0395928346456693
20
0.2128633464566929
11
1.0397338976377952
21
0.2128733464566929
0
LINE
8
BLACK
6
CONTINUOUS
10
1.0397338976377952
20
0.2128733464566929
11
1.0398646456692913
21
0.2129275196850394
0
LINE
8
BLACK
6
CONTINUOUS
10
1.0398646456692913
20
0.2129275196850394
11
1.040632716535433
21
0.2130031496062992
0
LINE
8
BLACK
6
CONTINUOUS
10
1.040632716535433
20
0.2130031496062992
11
1.0500065354330708
21
0.2130031496062992
0
LINE
8
BLACK
6
CONTINUOUS
10
1.0500065354330708
20
0.2130031496062992
11
1.0507746062992125
21
0.2129275196850394
0
LINE
8
BLACK
6
CONTINUOUS
10
1.086395157480315
20
0.2129275196850394
11
1.0865258661417323
21
0.2128733464566929
0
LINE
8
BLACK
6
CONTINUOUS
10
1.0865258661417323
20
0.2128733464566929
11
1.086666968503937
21
0.2128633464566929
0
LINE
8
BLACK
6
CONTINUOUS
10
1.086666968503937
20
0.2128633464566929
11
1.0873877559055118
21
0.2125875196850394
0
LINE
8
BLACK
6
CONTINUOUS
10
1.0873877559055118
20
0.2125875196850394
11
1.091137283464567
21
0.2107127559055118
0
LINE
8
BLACK
6
CONTINUOUS
10
1.091137283464567
20
0.2107127559055118
11
1.0914678346456692
21
0.2105046456692913
0
LINE
8
BLACK
6
CONTINUOUS
10
1.0914678346456692
20
0.2105046456692913
11
1.0915638976377953
21
0.2104648818897638
0
LINE
8
BLACK
6
CONTINUOUS
10
1.0915638976377953
20
0.2104648818897638
11
1.0916720078740156
21
0.2103761417322835
0
LINE
8
BLACK
6
CONTINUOUS
10
1.0916720078740156
20
0.2103761417322835
11
1.0917904330708661
21
0.2103016141732283
0
LINE
8
BLACK
6
CONTINUOUS
10
1.0917904330708661
20
0.2103016141732283
11
1.0918585039370079
21
0.2102230708661417
0
LINE
8
BLACK
6
CONTINUOUS
10
1.0918585039370079
20
0.2102230708661417
11
1.0921605118110236
21
0.2099752755905512
0
LINE
8
BLACK
6
CONTINUOUS
10
1.0921605118110236
20
0.2099752755905512
11
1.0940352362204724
21
0.2081005118110236
0
LINE
8
BLACK
6
CONTINUOUS
10
1.0940352362204724
20
0.2081005118110236
11
1.0942829527559055
21
0.2077986614173228
0
LINE
8
BLACK
6
CONTINUOUS
10
1.0942829527559055
20
0.2077986614173228
11
1.0943616141732284
21
0.2077304724409449
0
LINE
8
BLACK
6
CONTINUOUS
10
1.0943616141732284
20
0.2077304724409449
11
1.0944361417322834
21
0.2076120078740157
0
LINE
8
BLACK
6
CONTINUOUS
10
1.0944361417322834
20
0.2076120078740157
11
1.0945248818897637
21
0.207503937007874
0
LINE
8
BLACK
6
CONTINUOUS
10
1.0945248818897637
20
0.207503937007874
11
1.0945646456692912
21
0.2074078346456693
0
LINE
8
BLACK
6
CONTINUOUS
10
1.0945646456692912
20
0.2074078346456693
11
1.0947727559055118
21
0.2070772834645669
0
LINE
8
BLACK
6
CONTINUOUS
10
1.0947727559055118
20
0.2070772834645669
11
1.0966475196850394
21
0.2033277952755906
0
LINE
8
BLACK
6
CONTINUOUS
10
1.0966475196850394
20
0.2033277952755906
11
1.0966690157480314
21
0.2032715354330709
0
LINE
8
BLACK
6
CONTINUOUS
10
1.0966690157480314
20
0.2032715354330709
11
1.0966859448818898
21
0.2032487401574803
0
LINE
8
BLACK
6
CONTINUOUS
10
1.0966859448818898
20
0.2032487401574803
11
1.0968009448818898
21
0.202926811023622
0
LINE
8
BLACK
6
CONTINUOUS
10
1.0968009448818898
20
0.202926811023622
11
1.096923346456693
21
0.202606968503937
0
LINE
8
BLACK
6
CONTINUOUS
10
1.096923346456693
20
0.202606968503937
11
1.0969253543307087
21
0.2025785826771654
0
LINE
8
BLACK
6
CONTINUOUS
10
1.0969253543307087
20
0.2025785826771654
11
1.0969455905511811
21
0.202521968503937
0
LINE
8
BLACK
6
CONTINUOUS
10
1.0969455905511811
20
0.202521968503937
11
1.0988203543307087
21
0.1950229133858268
0
LINE
8
BLACK
6
CONTINUOUS
10
1.0988203543307087
20
0.1950229133858268
11
1.0988400393700788
21
0.1948897637795275
0
LINE
8
BLACK
6
CONTINUOUS
10
1.0988400393700788
20
0.1948897637795275
11
1.0988622834645669
21
0.1948361023622047
0
LINE
8
BLACK
6
CONTINUOUS
10
1.0988622834645669
20
0.1948361023622047
11
1.098890748031496
21
0.1945466929133858
0
LINE
8
BLACK
6
CONTINUOUS
10
1.098890748031496
20
0.1945466929133858
11
1.0989332677165353
21
0.1942594094488189
0
LINE
8
BLACK
6
CONTINUOUS
10
1.0989332677165353
20
0.1942594094488189
11
1.0989246850393701
21
0.194201968503937
0
LINE
8
BLACK
6
CONTINUOUS
10
1.0989246850393701
20
0.194201968503937
11
1.0989379133858268
21
0.194068031496063
0
LINE
8
BLACK
6
CONTINUOUS
10
1.0989379133858268
20
0.194068031496063
11
1.0989379133858268
21
0.1846942125984252
0
LINE
8
BLACK
6
CONTINUOUS
10
1.0989379133858268
20
0.1846942125984252
11
1.0989246850393701
21
0.1845602362204724
0
LINE
8
BLACK
6
CONTINUOUS
10
1.0989246850393701
20
0.1845602362204724
11
1.0989332677165353
21
0.1845028346456693
0
LINE
8
BLACK
6
CONTINUOUS
10
1.0989332677165353
20
0.1845028346456693
11
1.098890748031496
21
0.1842155118110236
0
LINE
8
BLACK
6
CONTINUOUS
10
1.098890748031496
20
0.1842155118110236
11
1.0988622834645669
21
0.1839261417322835
0
LINE
8
BLACK
6
CONTINUOUS
10
1.0988622834645669
20
0.1839261417322835
11
1.0988400393700788
21
0.1838724409448819
0
LINE
8
BLACK
6
CONTINUOUS
10
1.0988400393700788
20
0.1838724409448819
11
1.0988203543307087
21
0.1837393307086614
0
LINE
8
BLACK
6
CONTINUOUS
10
1.0988203543307087
20
0.1837393307086614
11
1.0969455905511811
21
0.1762402755905512
0
LINE
8
BLACK
6
CONTINUOUS
10
1.0969455905511811
20
0.1762402755905512
11
1.0969253543307087
21
0.1761836220472441
0
LINE
8
BLACK
6
CONTINUOUS
10
1.0969253543307087
20
0.1761836220472441
11
1.096923346456693
21
0.1761552755905512
0
LINE
8
BLACK
6
CONTINUOUS
10
1.096923346456693
20
0.1761552755905512
11
1.0968009448818898
21
0.1758353937007874
0
LINE
8
BLACK
6
CONTINUOUS
10
1.0968009448818898
20
0.1758353937007874
11
1.0966859448818898
21
0.1755135039370079
0
LINE
8
BLACK
6
CONTINUOUS
10
1.0966859448818898
20
0.1755135039370079
11
1.0966690157480314
21
0.1754906692913386
0
LINE
8
BLACK
6
CONTINUOUS
10
1.0966690157480314
20
0.1754906692913386
11
1.0966475196850394
21
0.1754344488188976
0
LINE
8
BLACK
6
CONTINUOUS
10
1.0966475196850394
20
0.1754344488188976
11
1.0947727559055118
21
0.1716849606299213
0
LINE
8
BLACK
6
CONTINUOUS
10
1.0947727559055118
20
0.1716849606299213
11
1.0945646456692912
21
0.1713543700787402
0
LINE
8
BLACK
6
CONTINUOUS
10
1.0945646456692912
20
0.1713543700787402
11
1.0945248818897637
21
0.1712583070866142
0
LINE
8
BLACK
6
CONTINUOUS
10
1.0945248818897637
20
0.1712583070866142
11
1.0944361417322834
21
0.1711501968503937
0
LINE
8
BLACK
6
CONTINUOUS
10
1.0944361417322834
20
0.1711501968503937
11
1.0943616141732284
21
0.1710317716535433
0
LINE
8
BLACK
6
CONTINUOUS
10
1.0943616141732284
20
0.1710317716535433
11
1.0942829527559055
21
0.1709635433070866
0
LINE
8
BLACK
6
CONTINUOUS
10
1.0942829527559055
20
0.1709635433070866
11
1.0940352362204724
21
0.1706617322834646
0
LINE
8
BLACK
6
CONTINUOUS
10
1.0940352362204724
20
0.1706617322834646
11
1.0921605118110236
21
0.168786968503937
0
LINE
8
BLACK
6
CONTINUOUS
10
1.0921605118110236
20
0.168786968503937
11
1.0918586614173229
21
0.1685392519685039
0
LINE
8
BLACK
6
CONTINUOUS
10
1.0918586614173229
20
0.1685392519685039
11
1.0917905118110236
21
0.1684606692913386
0
LINE
8
BLACK
6
CONTINUOUS
10
1.0917905118110236
20
0.1684606692913386
11
1.0916719685039369
21
0.168386062992126
0
LINE
8
BLACK
6
CONTINUOUS
10
1.0916719685039369
20
0.168386062992126
11
1.0915638976377953
21
0.1682973622047244
0
LINE
8
BLACK
6
CONTINUOUS
10
1.0915638976377953
20
0.1682973622047244
11
1.0914678346456692
21
0.1682575590551181
0
LINE
8
BLACK
6
CONTINUOUS
10
1.0914678346456692
20
0.1682575590551181
11
1.0911373228346457
21
0.1680495275590551
0
LINE
8
BLACK
6
CONTINUOUS
10
1.0911373228346457
20
0.1680495275590551
11
1.0873877952755906
21
0.1661747244094488
0
LINE
8
BLACK
6
CONTINUOUS
10
1.0873877952755906
20
0.1661747244094488
11
1.0866670078740157
21
0.1658988582677165
0
LINE
8
BLACK
6
CONTINUOUS
10
1.0866670078740157
20
0.1658988582677165
11
1.0865258267716535
21
0.1658888188976378
0
LINE
8
BLACK
6
CONTINUOUS
10
1.0865258267716535
20
0.1658888188976378
11
1.086395157480315
21
0.1658346850393701
0
LINE
8
BLACK
6
CONTINUOUS
10
1.086395157480315
20
0.1658346850393701
11
1.0856270866141733
21
0.1657590551181102
0
LINE
8
BLACK
6
CONTINUOUS
10
1.0856270866141733
20
0.1657590551181102
11
1.0818775590551182
21
0.1657590551181102
0
LINE
8
BLACK
6
CONTINUOUS
10
1.0818775590551182
20
0.1657590551181102
11
1.0811094881889765
21
0.1658346850393701
0
LINE
8
BLACK
6
CONTINUOUS
10
1.0811094881889765
20
0.1658346850393701
11
1.0809787401574802
21
0.1658888188976378
0
LINE
8
BLACK
6
CONTINUOUS
10
1.0809787401574802
20
0.1658888188976378
11
1.0808376771653543
21
0.1658988582677165
0
LINE
8
BLACK
6
CONTINUOUS
10
1.0808376771653543
20
0.1658988582677165
11
1.0801168503937009
21
0.1661747244094488
0
LINE
8
BLACK
6
CONTINUOUS
10
1.0801168503937009
20
0.1661747244094488
11
1.0763673228346455
21
0.1680495275590551
0
LINE
8
BLACK
6
CONTINUOUS
10
1.0763673228346455
20
0.1680495275590551
11
1.0760368897637795
21
0.1682575196850394
0
LINE
8
BLACK
6
CONTINUOUS
10
1.0760368897637795
20
0.1682575196850394
11
1.0759407086614172
21
0.1682973622047244
0
LINE
8
BLACK
6
CONTINUOUS
10
1.0759407086614172
20
0.1682973622047244
11
1.0758324409448818
21
0.1683861811023622
0
LINE
8
BLACK
6
CONTINUOUS
10
1.0758324409448818
20
0.1683861811023622
11
1.0757141732283464
21
0.1684606692913386
0
LINE
8
BLACK
6
CONTINUOUS
10
1.0757141732283464
20
0.1684606692913386
11
1.0756460629921261
21
0.1685391732283464
0
LINE
8
BLACK
6
CONTINUOUS
10
1.0756460629921261
20
0.1685391732283464
11
1.0753441338582677
21
0.1687870078740157
0
LINE
8
BLACK
6
CONTINUOUS
10
1.0753441338582677
20
0.1687870078740157
11
1.0734693700787401
21
0.1706617322834646
0
LINE
8
BLACK
6
CONTINUOUS
10
1.0734693700787401
20
0.1706617322834646
11
1.0732215354330708
21
0.1709637007874016
0
LINE
8
BLACK
6
CONTINUOUS
10
1.0732215354330708
20
0.1709637007874016
11
1.073143031496063
21
0.1710318110236221
0
LINE
8
BLACK
6
CONTINUOUS
10
1.073143031496063
20
0.1710318110236221
11
1.0730684645669291
21
0.1711501968503937
0
LINE
8
BLACK
6
CONTINUOUS
10
1.0730684645669291
20
0.1711501968503937
11
1.0729797637795275
21
0.1712583464566929
0
LINE
8
BLACK
6
CONTINUOUS
10
1.0729797637795275
20
0.1712583464566929
11
1.0729399606299213
21
0.1713543700787402
0
LINE
8
BLACK
6
CONTINUOUS
10
1.0729399606299213
20
0.1713543700787402
11
1.0727318897637794
21
0.1716849606299213
0
LINE
8
BLACK
6
CONTINUOUS
10
1.0727318897637794
20
0.1716849606299213
11
1.0708571259842519
21
0.1754344881889764
0
LINE
8
BLACK
6
CONTINUOUS
10
1.0708571259842519
20
0.1754344881889764
11
1.0708356299212598
21
0.1754906299212598
0
LINE
8
BLACK
6
CONTINUOUS
10
1.0708356299212598
20
0.1754906299212598
11
1.0708187007874015
21
0.1755135039370079
0
LINE
8
BLACK
6
CONTINUOUS
10
1.0708187007874015
20
0.1755135039370079
11
1.0707036614173229
21
0.1758353937007874
0
LINE
8
BLACK
6
CONTINUOUS
10
1.0707036614173229
20
0.1758353937007874
11
1.0705812992125985
21
0.1761552755905512
0
LINE
8
BLACK
6
CONTINUOUS
10
1.0705812992125985
20
0.1761552755905512
11
1.070579251968504
21
0.1761837007874016
0
LINE
8
BLACK
6
CONTINUOUS
10
1.070579251968504
20
0.1761837007874016
11
1.0705590551181101
21
0.1762403149606299
0
LINE
8
BLACK
6
CONTINUOUS
10
1.0705590551181101
20
0.1762403149606299
11
1.0686842913385826
21
0.1837393307086614
0
LINE
8
BLACK
6
CONTINUOUS
10
1.0686842913385826
20
0.1837393307086614
11
1.0686645669291339
21
0.1838724409448819
0
LINE
8
BLACK
6
CONTINUOUS
10
1.0686645669291339
20
0.1838724409448819
11
1.0686423622047243
21
0.1839261417322835
0
LINE
8
BLACK
6
CONTINUOUS
10
1.0686423622047243
20
0.1839261417322835
11
1.0686138582677165
21
0.1842155118110236
0
LINE
8
BLACK
6
CONTINUOUS
10
1.0686138582677165
20
0.1842155118110236
11
1.0685713779527559
21
0.1845028346456693
0
LINE
8
BLACK
6
CONTINUOUS
10
1.0685713779527559
20
0.1845028346456693
11
1.0685799212598426
21
0.1845602362204724
0
LINE
8
BLACK
6
CONTINUOUS
10
1.0685799212598426
20
0.1845602362204724
11
1.0685667322834644
21
0.1846942125984252
0
LINE
8
BLACK
6
CONTINUOUS
10
1.0685667322834644
20
0.1846942125984252
11
1.0685667322834644
21
0.194068031496063
0
LINE
8
BLACK
6
CONTINUOUS
10
1.0685667322834644
20
0.194068031496063
11
1.0685799212598426
21
0.194201968503937
0
LINE
8
BLACK
6
CONTINUOUS
10
1.0685799212598426
20
0.194201968503937
11
1.0685713779527559
21
0.1942594094488189
0
LINE
8
BLACK
6
CONTINUOUS
10
1.0685713779527559
20
0.1942594094488189
11
1.0686138582677165
21
0.1945466929133858
0
LINE
8
BLACK
6
CONTINUOUS
10
1.0686138582677165
20
0.1945466929133858
11
1.0686423622047243
21
0.1948361023622047
0
LINE
8
BLACK
6
CONTINUOUS
10
1.0686423622047243
20
0.1948361023622047
11
1.0686645669291339
21
0.1948897637795275
0
LINE
8
BLACK
6
CONTINUOUS
10
1.0686645669291339
20
0.1948897637795275
11
1.0686842913385826
21
0.1950229133858268
0
LINE
8
BLACK
6
CONTINUOUS
10
1.0686842913385826
20
0.1950229133858268
11
1.0705590551181101
21
0.2025219291338583
0
LINE
8
BLACK
6
CONTINUOUS
10
1.0705590551181101
20
0.2025219291338583
11
1.070579251968504
21
0.2025785039370079
0
LINE
8
BLACK
6
CONTINUOUS
10
1.070579251968504
20
0.2025785039370079
11
1.0705812992125985
21
0.202606968503937
0
LINE
8
BLACK
6
CONTINUOUS
10
1.0705812992125985
20
0.202606968503937
11
1.0707036614173229
21
0.202926811023622
0
LINE
8
BLACK
6
CONTINUOUS
10
1.0707036614173229
20
0.202926811023622
11
1.0708187007874015
21
0.2032487401574803
0
LINE
8
BLACK
6
CONTINUOUS
10
1.0708187007874015
20
0.2032487401574803
11
1.0708356299212598
21
0.2032715748031496
0
LINE
8
BLACK
6
CONTINUOUS
10
1.0708356299212598
20
0.2032715748031496
11
1.0708571259842519
21
0.2033277559055118
0
LINE
8
BLACK
6
CONTINUOUS
10
1.0708571259842519
20
0.2033277559055118
11
1.0727318897637794
21
0.2070772834645669
0
LINE
8
BLACK
6
CONTINUOUS
10
1.0727318897637794
20
0.2070772834645669
11
1.0729399606299213
21
0.2074078346456693
0
LINE
8
BLACK
6
CONTINUOUS
10
1.0729399606299213
20
0.2074078346456693
11
1.0729797637795275
21
0.2075038976377953
0
LINE
8
BLACK
6
CONTINUOUS
10
1.0729797637795275
20
0.2075038976377953
11
1.0730684645669291
21
0.2076120078740157
0
LINE
8
BLACK
6
CONTINUOUS
10
1.0730684645669291
20
0.2076120078740157
11
1.073143031496063
21
0.2077304330708661
0
LINE
8
BLACK
6
CONTINUOUS
10
1.073143031496063
20
0.2077304330708661
11
1.0732215354330708
21
0.2077985039370079
0
LINE
8
BLACK
6
CONTINUOUS
10
1.0732215354330708
20
0.2077985039370079
11
1.0734693700787401
21
0.2081005118110236
0
LINE
8
BLACK
6
CONTINUOUS
10
1.0734693700787401
20
0.2081005118110236
11
1.0753441338582677
21
0.2099752362204724
0
LINE
8
BLACK
6
CONTINUOUS
10
1.0753441338582677
20
0.2099752362204724
11
1.0756459448818898
21
0.2102229527559055
0
LINE
8
BLACK
6
CONTINUOUS
10
1.0756459448818898
20
0.2102229527559055
11
1.0757141732283464
21
0.2103016141732283
0
LINE
8
BLACK
6
CONTINUOUS
10
1.0757141732283464
20
0.2103016141732283
11
1.0758325984251969
21
0.2103761417322835
0
LINE
8
BLACK
6
CONTINUOUS
10
1.0758325984251969
20
0.2103761417322835
11
1.0759407086614172
21
0.2104648818897638
0
LINE
8
BLACK
6
CONTINUOUS
10
1.0759407086614172
20
0.2104648818897638
11
1.0760367716535433
21
0.2105046456692913
0
LINE
8
BLACK
6
CONTINUOUS
10
1.0760367716535433
20
0.2105046456692913
11
1.0763673622047243
21
0.2107127559055118
0
LINE
8
BLACK
6
CONTINUOUS
10
1.0763673622047243
20
0.2107127559055118
11
1.0801168503937009
21
0.2125875196850394
0
LINE
8
BLACK
6
CONTINUOUS
10
1.0801168503937009
20
0.2125875196850394
11
1.0808376771653543
21
0.2128633464566929
0
LINE
8
BLACK
6
CONTINUOUS
10
1.0808376771653543
20
0.2128633464566929
11
1.0809787401574802
21
0.2128733464566929
0
LINE
8
BLACK
6
CONTINUOUS
10
1.0809787401574802
20
0.2128733464566929
11
1.0811094881889765
21
0.2129275196850394
0
LINE
8
BLACK
6
CONTINUOUS
10
1.0811094881889765
20
0.2129275196850394
11
1.0818775590551182
21
0.2130031496062992
0
LINE
8
BLACK
6
CONTINUOUS
10
1.0818775590551182
20
0.2130031496062992
11
1.0856270866141733
21
0.2130031496062992
0
LINE
8
BLACK
6
CONTINUOUS
10
1.0856270866141733
20
0.2130031496062992
11
1.086395157480315
21
0.2129275196850394
0
LINE
8
BLACK
6
CONTINUOUS
10
1.0804601181102362
20
0.2039557086614173
11
1.079488937007874
21
0.2029844881889764
0
LINE
8
BLACK
6
CONTINUOUS
10
1.079488937007874
20
0.2029844881889764
11
1.0780931102362203
21
0.200192874015748
0
LINE
8
BLACK
6
CONTINUOUS
10
1.0780931102362203
20
0.200192874015748
11
1.0764407480314961
21
0.1935833858267716
0
LINE
8
BLACK
6
CONTINUOUS
10
1.0764407480314961
20
0.1935833858267716
11
1.0764407480314961
21
0.1851788582677165
0
LINE
8
BLACK
6
CONTINUOUS
10
1.0764407480314961
20
0.1851788582677165
11
1.0780931102362203
21
0.1785693307086614
0
LINE
8
BLACK
6
CONTINUOUS
10
1.0780931102362203
20
0.1785693307086614
11
1.079488937007874
21
0.1757777165354331
0
LINE
8
BLACK
6
CONTINUOUS
10
1.079488937007874
20
0.1757777165354331
11
1.080460157480315
21
0.1748064566929134
0
LINE
8
BLACK
6
CONTINUOUS
10
1.080460157480315
20
0.1748064566929134
11
1.0828069291338582
21
0.1736330708661417
0
LINE
8
BLACK
6
CONTINUOUS
10
1.0828069291338582
20
0.1736330708661417
11
1.084697716535433
21
0.1736330708661417
0
LINE
8
BLACK
6
CONTINUOUS
10
1.084697716535433
20
0.1736330708661417
11
1.087044409448819
21
0.1748064173228346
0
LINE
8
BLACK
6
CONTINUOUS
10
1.087044409448819
20
0.1748064173228346
11
1.0880157086614173
21
0.1757777165354331
0
LINE
8
BLACK
6
CONTINUOUS
10
1.0880157086614173
20
0.1757777165354331
11
1.0894114960629921
21
0.1785693307086614
0
LINE
8
BLACK
6
CONTINUOUS
10
1.0894114960629921
20
0.1785693307086614
11
1.0910638976377953
21
0.1851788188976378
0
LINE
8
BLACK
6
CONTINUOUS
10
1.0910638976377953
20
0.1851788188976378
11
1.0910638976377953
21
0.1935833858267716
0
LINE
8
BLACK
6
CONTINUOUS
10
1.0910638976377953
20
0.1935833858267716
11
1.0894114960629921
21
0.200192874015748
0
LINE
8
BLACK
6
CONTINUOUS
10
1.0894114960629921
20
0.200192874015748
11
1.0880157086614173
21
0.2029844881889764
0
LINE
8
BLACK
6
CONTINUOUS
10
1.0880157086614173
20
0.2029844881889764
11
1.0870444881889763
21
0.2039556692913386
0
LINE
8
BLACK
6
CONTINUOUS
10
1.0870444881889763
20
0.2039556692913386
11
1.0846976771653543
21
0.2051291338582677
0
LINE
8
BLACK
6
CONTINUOUS
10
1.0846976771653543
20
0.2051291338582677
11
1.082806968503937
21
0.2051291338582677
0
LINE
8
BLACK
6
CONTINUOUS
10
1.082806968503937
20
0.2051291338582677
11
1.0804601181102362
21
0.2039557086614173
0
LINE
8
BLACK
6
CONTINUOUS
10
1.121625905511811
20
0.2129275196850394
11
1.1220157086614173
21
0.2129275196850394
0
LINE
8
BLACK
6
CONTINUOUS
10
1.1220157086614173
20
0.2129275196850394
11
1.1223719685039371
21
0.2127799212598425
0
LINE
8
BLACK
6
CONTINUOUS
10
1.1223719685039371
20
0.2127799212598425
11
1.1227504724409449
21
0.2127050787401575
0
LINE
8
BLACK
6
CONTINUOUS
10
1.1227504724409449
20
0.2127050787401575
11
1.1230749212598425
21
0.2124887401574803
0
LINE
8
BLACK
6
CONTINUOUS
10
1.1230749212598425
20
0.2124887401574803
11
1.1234349212598425
21
0.2123396456692913
0
LINE
8
BLACK
6
CONTINUOUS
10
1.1234349212598425
20
0.2123396456692913
11
1.123707559055118
21
0.212066968503937
0
LINE
8
BLACK
6
CONTINUOUS
10
1.123707559055118
20
0.212066968503937
11
1.124028622047244
21
0.2118529527559055
0
LINE
8
BLACK
6
CONTINUOUS
10
1.124028622047244
20
0.2118529527559055
11
1.1242455511811023
21
0.2115289763779528
0
LINE
8
BLACK
6
CONTINUOUS
10
1.1242455511811023
20
0.2115289763779528
11
1.1245211417322833
21
0.2112534251968504
0
LINE
8
BLACK
6
CONTINUOUS
10
1.1245211417322833
20
0.2112534251968504
11
1.1246687401574802
21
0.2108970472440945
0
LINE
8
BLACK
6
CONTINUOUS
10
1.1246687401574802
20
0.2108970472440945
11
1.1248833858267717
21
0.2105765748031496
0
LINE
8
BLACK
6
CONTINUOUS
10
1.1248833858267717
20
0.2105765748031496
11
1.1249598031496062
21
0.2101943700787401
0
LINE
8
BLACK
6
CONTINUOUS
10
1.1249598031496062
20
0.2101943700787401
11
1.1251090157480315
21
0.2098342125984252
0
LINE
8
BLACK
6
CONTINUOUS
10
1.1251090157480315
20
0.2098342125984252
11
1.1251838188976377
21
0.2090742519685039
0
LINE
8
BLACK
6
CONTINUOUS
10
1.1251838188976377
20
0.2090742519685039
11
1.1251846456692913
21
0.2090702755905512
0
LINE
8
BLACK
6
CONTINUOUS
10
1.1251846456692913
20
0.2090702755905512
11
1.1251843700787401
21
0.2090688976377953
0
LINE
8
BLACK
6
CONTINUOUS
10
1.1251843700787401
20
0.2090688976377953
11
1.1251846456692913
21
0.2090661417322835
0
LINE
8
BLACK
6
CONTINUOUS
10
1.1251846456692913
20
0.2090661417322835
11
1.1251846456692913
21
0.1736330708661417
0
LINE
8
BLACK
6
CONTINUOUS
10
1.1251846456692913
20
0.1736330708661417
11
1.1324962204724409
21
0.1736330708661417
0
LINE
8
BLACK
6
CONTINUOUS
10
1.1324962204724409
20
0.1736330708661417
11
1.1332642913385826
21
0.1735574409448819
0
LINE
8
BLACK
6
CONTINUOUS
10
1.1332642913385826
20
0.1735574409448819
11
1.1346835039370078
21
0.1729695669291338
0
LINE
8
BLACK
6
CONTINUOUS
10
1.1346835039370078
20
0.1729695669291338
11
1.1357697244094489
21
0.1718833464566929
0
LINE
8
BLACK
6
CONTINUOUS
10
1.1357697244094489
20
0.1718833464566929
11
1.1363575984251968
21
0.1704641338582677
0
LINE
8
BLACK
6
CONTINUOUS
10
1.1363575984251968
20
0.1704641338582677
11
1.1363575984251968
21
0.1689279921259842
0
LINE
8
BLACK
6
CONTINUOUS
10
1.1363575984251968
20
0.1689279921259842
11
1.1357697244094489
21
0.167508779527559
0
LINE
8
BLACK
6
CONTINUOUS
10
1.1357697244094489
20
0.167508779527559
11
1.1346835039370078
21
0.1664225590551181
0
LINE
8
BLACK
6
CONTINUOUS
10
1.1346835039370078
20
0.1664225590551181
11
1.1332642913385826
21
0.1658346850393701
0
LINE
8
BLACK
6
CONTINUOUS
10
1.1332642913385826
20
0.1658346850393701
11
1.1324962204724409
21
0.1657590551181102
0
LINE
8
BLACK
6
CONTINUOUS
10
1.1324962204724409
20
0.1657590551181102
11
1.1099990551181103
21
0.1657590551181102
0
LINE
8
BLACK
6
CONTINUOUS
10
1.1099990551181103
20
0.1657590551181102
11
1.1092309842519685
21
0.1658346850393701
0
LINE
8
BLACK
6
CONTINUOUS
10
1.1092309842519685
20
0.1658346850393701
11
1.1078117716535434
21
0.1664225590551181
0
LINE
8
BLACK
6
CONTINUOUS
10
1.1078117716535434
20
0.1664225590551181
11
1.1067255511811023
21
0.167508779527559
0
LINE
8
BLACK
6
CONTINUOUS
10
1.1067255511811023
20
0.167508779527559
11
1.1061376771653544
21
0.1689279921259842
0
LINE
8
BLACK
6
CONTINUOUS
10
1.1061376771653544
20
0.1689279921259842
11
1.1061376771653544
21
0.1704641338582677
0
LINE
8
BLACK
6
CONTINUOUS
10
1.1061376771653544
20
0.1704641338582677
11
1.1067255511811023
21
0.1718833464566929
0
LINE
8
BLACK
6
CONTINUOUS
10
1.1067255511811023
20
0.1718833464566929
11
1.1078117716535434
21
0.1729695669291338
0
LINE
8
BLACK
6
CONTINUOUS
10
1.1078117716535434
20
0.1729695669291338
11
1.1092309842519685
21
0.1735574409448819
0
LINE
8
BLACK
6
CONTINUOUS
10
1.1092309842519685
20
0.1735574409448819
11
1.1099990551181103
21
0.1736330708661417
0
LINE
8
BLACK
6
CONTINUOUS
10
1.1099990551181103
20
0.1736330708661417
11
1.1173106299212598
21
0.1736330708661417
0
LINE
8
BLACK
6
CONTINUOUS
10
1.1173106299212598
20
0.1736330708661417
11
1.1173106299212598
21
0.1976865748031496
0
LINE
8
BLACK
6
CONTINUOUS
10
1.1173106299212598
20
0.1976865748031496
11
1.1165324803149606
21
0.1969084251968504
0
LINE
8
BLACK
6
CONTINUOUS
10
1.1165324803149606
20
0.1969084251968504
11
1.1162304724409449
21
0.1966605905511811
0
LINE
8
BLACK
6
CONTINUOUS
10
1.1162304724409449
20
0.1966605905511811
11
1.1161624015748031
21
0.1965820866141732
0
LINE
8
BLACK
6
CONTINUOUS
10
1.1161624015748031
20
0.1965820866141732
11
1.1160439763779528
21
0.1965075196850394
0
LINE
8
BLACK
6
CONTINUOUS
10
1.1160439763779528
20
0.1965075196850394
11
1.1159358661417322
21
0.1964188188976378
0
LINE
8
BLACK
6
CONTINUOUS
10
1.1159358661417322
20
0.1964188188976378
11
1.1158398031496062
21
0.1963790157480315
0
LINE
8
BLACK
6
CONTINUOUS
10
1.1158398031496062
20
0.1963790157480315
11
1.1155092519685039
21
0.1961709448818898
0
LINE
8
BLACK
6
CONTINUOUS
10
1.1155092519685039
20
0.1961709448818898
11
1.1117597244094488
21
0.1942961811023622
0
LINE
8
BLACK
6
CONTINUOUS
10
1.1117597244094488
20
0.1942961811023622
11
1.1110389370078739
21
0.1940203543307087
0
LINE
8
BLACK
6
CONTINUOUS
10
1.1110389370078739
20
0.1940203543307087
11
1.1095066535433071
21
0.1939114566929134
0
LINE
8
BLACK
6
CONTINUOUS
10
1.1095066535433071
20
0.1939114566929134
11
1.1080493307086614
21
0.1943972440944882
0
LINE
8
BLACK
6
CONTINUOUS
10
1.1080493307086614
20
0.1943972440944882
11
1.1068888188976378
21
0.1954037007874016
0
LINE
8
BLACK
6
CONTINUOUS
10
1.1068888188976378
20
0.1954037007874016
11
1.1062018503937008
21
0.1967776771653543
0
LINE
8
BLACK
6
CONTINUOUS
10
1.1062018503937008
20
0.1967776771653543
11
1.1060929527559056
21
0.1983099606299213
0
LINE
8
BLACK
6
CONTINUOUS
10
1.1060929527559056
20
0.1983099606299213
11
1.1065787401574803
21
0.1997672834645669
0
LINE
8
BLACK
6
CONTINUOUS
10
1.1065787401574803
20
0.1997672834645669
11
1.1075851968503936
21
0.2009277952755905
0
LINE
8
BLACK
6
CONTINUOUS
10
1.1075851968503936
20
0.2009277952755905
11
1.1082383858267717
21
0.201338937007874
0
LINE
8
BLACK
6
CONTINUOUS
10
1.1082383858267717
20
0.201338937007874
11
1.1114164173228347
21
0.2029279527559055
0
LINE
8
BLACK
6
CONTINUOUS
10
1.1114164173228347
20
0.2029279527559055
11
1.114438622047244
21
0.2059501574803149
0
LINE
8
BLACK
6
CONTINUOUS
10
1.114438622047244
20
0.2059501574803149
11
1.1179718503937008
21
0.21125
0
LINE
8
BLACK
6
CONTINUOUS
10
1.1179718503937008
20
0.21125
11
1.1179735826771653
21
0.211252125984252
0
LINE
8
BLACK
6
CONTINUOUS
10
1.1179735826771653
20
0.211252125984252
11
1.1179741338582676
21
0.2112534251968504
0
LINE
8
BLACK
6
CONTINUOUS
10
1.1179741338582676
20
0.2112534251968504
11
1.1179770078740157
21
0.2112562992125984
0
LINE
8
BLACK
6
CONTINUOUS
10
1.1179770078740157
20
0.2112562992125984
11
1.1184608267716536
21
0.211847125984252
0
LINE
8
BLACK
6
CONTINUOUS
10
1.1184608267716536
20
0.211847125984252
11
1.1187847637795276
21
0.2120640551181102
0
LINE
8
BLACK
6
CONTINUOUS
10
1.1187847637795276
20
0.2120640551181102
11
1.1190603543307087
21
0.2123396456692913
0
LINE
8
BLACK
6
CONTINUOUS
10
1.1190603543307087
20
0.2123396456692913
11
1.1194166929133857
21
0.2124872440944882
0
LINE
8
BLACK
6
CONTINUOUS
10
1.1194166929133857
20
0.2124872440944882
11
1.1197372047244094
21
0.2127018897637795
0
LINE
8
BLACK
6
CONTINUOUS
10
1.1197372047244094
20
0.2127018897637795
11
1.1201193700787402
21
0.2127783070866142
0
LINE
8
BLACK
6
CONTINUOUS
10
1.1201193700787402
20
0.2127783070866142
11
1.1204795669291339
21
0.2129275196850394
0
LINE
8
BLACK
6
CONTINUOUS
10
1.1204795669291339
20
0.2129275196850394
11
1.1208653937007873
21
0.2129275196850394
0
LINE
8
BLACK
6
CONTINUOUS
10
1.1208653937007873
20
0.2129275196850394
11
1.1212435433070866
21
0.2130031496062992
0
LINE
8
BLACK
6
CONTINUOUS
10
1.1212435433070866
20
0.2130031496062992
11
1.121625905511811
21
0.2129275196850394
0
LINE
8
BLACK
6
CONTINUOUS
10
1.1688848425196849
20
0.2129275196850394
11
1.1703040551181103
21
0.2123396456692913
0
LINE
8
BLACK
6
CONTINUOUS
10
1.1703040551181103
20
0.2123396456692913
11
1.1713902755905512
21
0.2112534251968504
0
LINE
8
BLACK
6
CONTINUOUS
10
1.1713902755905512
20
0.2112534251968504
11
1.1719781496062991
21
0.2098342125984252
0
LINE
8
BLACK
6
CONTINUOUS
10
1.1719781496062991
20
0.2098342125984252
11
1.1719781496062991
21
0.2082980708661417
0
LINE
8
BLACK
6
CONTINUOUS
10
1.1719781496062991
20
0.2082980708661417
11
1.1713902755905512
21
0.2068788582677165
0
LINE
8
BLACK
6
CONTINUOUS
10
1.1713902755905512
20
0.2068788582677165
11
1.1703040551181103
21
0.2057926377952756
0
LINE
8
BLACK
6
CONTINUOUS
10
1.1703040551181103
20
0.2057926377952756
11
1.1688848425196849
21
0.2052047637795276
0
LINE
8
BLACK
6
CONTINUOUS
10
1.1688848425196849
20
0.2052047637795276
11
1.1681167716535432
21
0.2051291338582677
0
LINE
8
BLACK
6
CONTINUOUS
10
1.1681167716535432
20
0.2051291338582677
11
1.1529320866141732
21
0.2051291338582677
0
LINE
8
BLACK
6
CONTINUOUS
10
1.1529320866141732
20
0.2051291338582677
11
1.1522065748031496
21
0.1978742913385827
0
LINE
8
BLACK
6
CONTINUOUS
10
1.1522065748031496
20
0.1978742913385827
11
1.152219842519685
21
0.1978752362204724
0
LINE
8
BLACK
6
CONTINUOUS
10
1.152219842519685
20
0.1978752362204724
11
1.1523505905511811
21
0.1979294094488189
0
LINE
8
BLACK
6
CONTINUOUS
10
1.1523505905511811
20
0.1979294094488189
11
1.1531186614173228
21
0.1980050393700787
0
LINE
8
BLACK
6
CONTINUOUS
10
1.1531186614173228
20
0.1980050393700787
11
1.1624924803149606
21
0.1980050393700787
0
LINE
8
BLACK
6
CONTINUOUS
10
1.1624924803149606
20
0.1980050393700787
11
1.1632605511811023
21
0.1979294094488189
0
LINE
8
BLACK
6
CONTINUOUS
10
1.1632605511811023
20
0.1979294094488189
11
1.1633912598425196
21
0.1978752362204724
0
LINE
8
BLACK
6
CONTINUOUS
10
1.1633912598425196
20
0.1978752362204724
11
1.1635323622047244
21
0.1978652362204724
0
LINE
8
BLACK
6
CONTINUOUS
10
1.1635323622047244
20
0.1978652362204724
11
1.1642531496062991
21
0.1975894094488189
0
LINE
8
BLACK
6
CONTINUOUS
10
1.1642531496062991
20
0.1975894094488189
11
1.1680026771653542
21
0.1957146456692913
0
LINE
8
BLACK
6
CONTINUOUS
10
1.1680026771653542
20
0.1957146456692913
11
1.1683332283464567
21
0.1955065354330709
0
LINE
8
BLACK
6
CONTINUOUS
10
1.1683332283464567
20
0.1955065354330709
11
1.1684292913385828
21
0.1954667716535433
0
LINE
8
BLACK
6
CONTINUOUS
10
1.1684292913385828
20
0.1954667716535433
11
1.1685374015748031
21
0.195378031496063
0
LINE
8
BLACK
6
CONTINUOUS
10
1.1685374015748031
20
0.195378031496063
11
1.1686558267716536
21
0.1953035039370079
0
LINE
8
BLACK
6
CONTINUOUS
10
1.1686558267716536
20
0.1953035039370079
11
1.1687238976377952
21
0.1952249606299213
0
LINE
8
BLACK
6
CONTINUOUS
10
1.1687238976377952
20
0.1952249606299213
11
1.1690259055118111
21
0.1949771653543307
0
LINE
8
BLACK
6
CONTINUOUS
10
1.1690259055118111
20
0.1949771653543307
11
1.1709006299212599
21
0.1931024015748032
0
LINE
8
BLACK
6
CONTINUOUS
10
1.1709006299212599
20
0.1931024015748032
11
1.171148346456693
21
0.1928005511811024
0
LINE
8
BLACK
6
CONTINUOUS
10
1.171148346456693
20
0.1928005511811024
11
1.1712270078740157
21
0.1927323622047244
0
LINE
8
BLACK
6
CONTINUOUS
10
1.1712270078740157
20
0.1927323622047244
11
1.1713015354330709
21
0.1926138976377953
0
LINE
8
BLACK
6
CONTINUOUS
10
1.1713015354330709
20
0.1926138976377953
11
1.1713902755905512
21
0.1925058267716535
0
LINE
8
BLACK
6
CONTINUOUS
10
1.1713902755905512
20
0.1925058267716535
11
1.1714300393700787
21
0.1924097244094488
0
LINE
8
BLACK
6
CONTINUOUS
10
1.1714300393700787
20
0.1924097244094488
11
1.1716381496062991
21
0.1920791732283464
0
LINE
8
BLACK
6
CONTINUOUS
10
1.1716381496062991
20
0.1920791732283464
11
1.1735129133858266
21
0.1883296850393701
0
LINE
8
BLACK
6
CONTINUOUS
10
1.1735129133858266
20
0.1883296850393701
11
1.1737887401574802
21
0.1876088582677165
0
LINE
8
BLACK
6
CONTINUOUS
10
1.1737887401574802
20
0.1876088582677165
11
1.1737987401574803
21
0.1874677559055118
0
LINE
8
BLACK
6
CONTINUOUS
10
1.1737987401574803
20
0.1874677559055118
11
1.1738529133858266
21
0.1873370472440945
0
LINE
8
BLACK
6
CONTINUOUS
10
1.1738529133858266
20
0.1873370472440945
11
1.1739285433070865
21
0.1865689763779527
0
LINE
8
BLACK
6
CONTINUOUS
10
1.1739285433070865
20
0.1865689763779527
11
1.1739285433070865
21
0.1771951574803149
0
LINE
8
BLACK
6
CONTINUOUS
10
1.1739285433070865
20
0.1771951574803149
11
1.1738529133858266
21
0.1764270866141732
0
LINE
8
BLACK
6
CONTINUOUS
10
1.1738529133858266
20
0.1764270866141732
11
1.1737987401574803
21
0.1762963385826772
0
LINE
8
BLACK
6
CONTINUOUS
10
1.1737987401574803
20
0.1762963385826772
11
1.1737887401574802
21
0.1761552755905512
0
LINE
8
BLACK
6
CONTINUOUS
10
1.1737887401574802
20
0.1761552755905512
11
1.1735129133858266
21
0.1754344488188976
0
LINE
8
BLACK
6
CONTINUOUS
10
1.1735129133858266
20
0.1754344488188976
11
1.1716381496062991
21
0.1716849606299213
0
LINE
8
BLACK
6
CONTINUOUS
10
1.1716381496062991
20
0.1716849606299213
11
1.1714300393700787
21
0.1713543700787402
0
LINE
8
BLACK
6
CONTINUOUS
10
1.1714300393700787
20
0.1713543700787402
11
1.1713902755905512
21
0.1712583070866142
0
LINE
8
BLACK
6
CONTINUOUS
10
1.1713902755905512
20
0.1712583070866142
11
1.1713015354330709
21
0.1711501968503937
0
LINE
8
BLACK
6
CONTINUOUS
10
1.1713015354330709
20
0.1711501968503937
11
1.1712270078740157
21
0.1710317716535433
0
LINE
8
BLACK
6
CONTINUOUS
10
1.1712270078740157
20
0.1710317716535433
11
1.171148346456693
21
0.1709635433070866
0
LINE
8
BLACK
6
CONTINUOUS
10
1.171148346456693
20
0.1709635433070866
11
1.1709006299212599
21
0.1706617322834646
0
LINE
8
BLACK
6
CONTINUOUS
10
1.1709006299212599
20
0.1706617322834646
11
1.1690259055118111
21
0.168786968503937
0
LINE
8
BLACK
6
CONTINUOUS
10
1.1690259055118111
20
0.168786968503937
11
1.1687240551181102
21
0.1685392519685039
0
LINE
8
BLACK
6
CONTINUOUS
10
1.1687240551181102
20
0.1685392519685039
11
1.1686559055118111
21
0.1684606692913386
0
LINE
8
BLACK
6
CONTINUOUS
10
1.1686559055118111
20
0.1684606692913386
11
1.1685373622047244
21
0.168386062992126
0
LINE
8
BLACK
6
CONTINUOUS
10
1.1685373622047244
20
0.168386062992126
11
1.1684292913385828
21
0.1682973622047244
0
LINE
8
BLACK
6
CONTINUOUS
10
1.1684292913385828
20
0.1682973622047244
11
1.1683332283464567
21
0.1682575590551181
0
LINE
8
BLACK
6
CONTINUOUS
10
1.1683332283464567
20
0.1682575590551181
11
1.168002716535433
21
0.1680495275590551
0
LINE
8
BLACK
6
CONTINUOUS
10
1.168002716535433
20
0.1680495275590551
11
1.1642531889763779
21
0.1661747244094488
0
LINE
8
BLACK
6
CONTINUOUS
10
1.1642531889763779
20
0.1661747244094488
11
1.1635324015748032
21
0.1658988582677165
0
LINE
8
BLACK
6
CONTINUOUS
10
1.1635324015748032
20
0.1658988582677165
11
1.1633912204724408
21
0.1658888188976378
0
LINE
8
BLACK
6
CONTINUOUS
10
1.1633912204724408
20
0.1658888188976378
11
1.1632605511811023
21
0.1658346850393701
0
LINE
8
BLACK
6
CONTINUOUS
10
1.1632605511811023
20
0.1658346850393701
11
1.1624924803149606
21
0.1657590551181102
0
LINE
8
BLACK
6
CONTINUOUS
10
1.1624924803149606
20
0.1657590551181102
11
1.1531186614173228
21
0.1657590551181102
0
LINE
8
BLACK
6
CONTINUOUS
10
1.1531186614173228
20
0.1657590551181102
11
1.1523505905511811
21
0.1658346850393701
0
LINE
8
BLACK
6
CONTINUOUS
10
1.1523505905511811
20
0.1658346850393701
11
1.152219842519685
21
0.1658888188976378
0
LINE
8
BLACK
6
CONTINUOUS
10
1.152219842519685
20
0.1658888188976378
11
1.1520787795275591
21
0.1658988582677165
0
LINE
8
BLACK
6
CONTINUOUS
10
1.1520787795275591
20
0.1658988582677165
11
1.1513579527559055
21
0.1661747244094488
0
LINE
8
BLACK
6
CONTINUOUS
10
1.1513579527559055
20
0.1661747244094488
11
1.1476084251968504
21
0.1680495275590551
0
LINE
8
BLACK
6
CONTINUOUS
10
1.1476084251968504
20
0.1680495275590551
11
1.1472779921259841
21
0.1682575196850394
0
LINE
8
BLACK
6
CONTINUOUS
10
1.1472779921259841
20
0.1682575196850394
11
1.147181811023622
21
0.1682973622047244
0
LINE
8
BLACK
6
CONTINUOUS
10
1.147181811023622
20
0.1682973622047244
11
1.1470735433070867
21
0.1683861811023622
0
LINE
8
BLACK
6
CONTINUOUS
10
1.1470735433070867
20
0.1683861811023622
11
1.1469552755905512
21
0.1684606692913386
0
LINE
8
BLACK
6
CONTINUOUS
10
1.1469552755905512
20
0.1684606692913386
11
1.1468871653543307
21
0.1685391732283464
0
LINE
8
BLACK
6
CONTINUOUS
10
1.1468871653543307
20
0.1685391732283464
11
1.1465852362204725
21
0.1687870078740157
0
LINE
8
BLACK
6
CONTINUOUS
10
1.1465852362204725
20
0.1687870078740157
11
1.1447104724409449
21
0.1706617322834646
0
LINE
8
BLACK
6
CONTINUOUS
10
1.1447104724409449
20
0.1706617322834646
11
1.1442208661417324
21
0.1712583464566929
0
LINE
8
BLACK
6
CONTINUOUS
10
1.1442208661417324
20
0.1712583464566929
11
1.1436329921259842
21
0.1726775590551181
0
LINE
8
BLACK
6
CONTINUOUS
10
1.1436329921259842
20
0.1726775590551181
11
1.1436329921259842
21
0.1742137007874016
0
LINE
8
BLACK
6
CONTINUOUS
10
1.1436329921259842
20
0.1742137007874016
11
1.1442208661417324
21
0.1756329133858268
0
LINE
8
BLACK
6
CONTINUOUS
10
1.1442208661417324
20
0.1756329133858268
11
1.1453070866141732
21
0.1767191338582677
0
LINE
8
BLACK
6
CONTINUOUS
10
1.1453070866141732
20
0.1767191338582677
11
1.1467262992125984
21
0.1773070078740157
0
LINE
8
BLACK
6
CONTINUOUS
10
1.1467262992125984
20
0.1773070078740157
11
1.1482624409448818
21
0.1773070078740157
0
LINE
8
BLACK
6
CONTINUOUS
10
1.1482624409448818
20
0.1773070078740157
11
1.149681653543307
21
0.1767191338582677
0
LINE
8
BLACK
6
CONTINUOUS
10
1.149681653543307
20
0.1767191338582677
11
1.1502782677165353
21
0.1762295275590551
0
LINE
8
BLACK
6
CONTINUOUS
10
1.1502782677165353
20
0.1762295275590551
11
1.1517012598425196
21
0.1748064566929134
0
LINE
8
BLACK
6
CONTINUOUS
10
1.1517012598425196
20
0.1748064566929134
11
1.1540480314960631
21
0.1736330708661417
0
LINE
8
BLACK
6
CONTINUOUS
10
1.1540480314960631
20
0.1736330708661417
11
1.1615631102362205
21
0.1736330708661417
0
LINE
8
BLACK
6
CONTINUOUS
10
1.1615631102362205
20
0.1736330708661417
11
1.1639098031496062
21
0.1748064173228346
0
LINE
8
BLACK
6
CONTINUOUS
10
1.1639098031496062
20
0.1748064173228346
11
1.1648811023622048
21
0.1757777165354331
0
LINE
8
BLACK
6
CONTINUOUS
10
1.1648811023622048
20
0.1757777165354331
11
1.166054527559055
21
0.1781245669291339
0
LINE
8
BLACK
6
CONTINUOUS
10
1.166054527559055
20
0.1781245669291339
11
1.166054527559055
21
0.1856395669291339
0
LINE
8
BLACK
6
CONTINUOUS
10
1.166054527559055
20
0.1856395669291339
11
1.1648811023622048
21
0.1879863779527559
0
LINE
8
BLACK
6
CONTINUOUS
10
1.1648811023622048
20
0.1879863779527559
11
1.1639098818897637
21
0.1889575590551181
0
LINE
8
BLACK
6
CONTINUOUS
10
1.1639098818897637
20
0.1889575590551181
11
1.1615630708661417
21
0.1901310236220472
0
LINE
8
BLACK
6
CONTINUOUS
10
1.1615630708661417
20
0.1901310236220472
11
1.1540480708661418
21
0.1901310236220472
0
LINE
8
BLACK
6
CONTINUOUS
10
1.1540480708661418
20
0.1901310236220472
11
1.1517012204724408
21
0.1889575984251969
0
LINE
8
BLACK
6
CONTINUOUS
10
1.1517012204724408
20
0.1889575984251969
11
1.1502782677165353
21
0.1875346062992126
0
LINE
8
BLACK
6
CONTINUOUS
10
1.1502782677165353
20
0.1875346062992126
11
1.149681653543307
21
0.187045
0
LINE
8
BLACK
6
CONTINUOUS
10
1.149681653543307
20
0.187045
11
1.1494984645669291
21
0.186969094488189
0
LINE
8
BLACK
6
CONTINUOUS
10
1.1494984645669291
20
0.186969094488189
11
1.1493450787401573
21
0.1868436220472441
0
LINE
8
BLACK
6
CONTINUOUS
10
1.1493450787401573
20
0.1868436220472441
11
1.1487942913385827
21
0.1866774409448819
0
LINE
8
BLACK
6
CONTINUOUS
10
1.1487942913385827
20
0.1866774409448819
11
1.1482624409448818
21
0.186457125984252
0
LINE
8
BLACK
6
CONTINUOUS
10
1.1482624409448818
20
0.186457125984252
11
1.1480641338582678
21
0.186457125984252
0
LINE
8
BLACK
6
CONTINUOUS
10
1.1480641338582678
20
0.186457125984252
11
1.1478744094488189
21
0.1863998818897638
0
LINE
8
BLACK
6
CONTINUOUS
10
1.1478744094488189
20
0.1863998818897638
11
1.1473019291338582
21
0.186457125984252
0
LINE
8
BLACK
6
CONTINUOUS
10
1.1473019291338582
20
0.186457125984252
11
1.1467262992125984
21
0.186457125984252
0
LINE
8
BLACK
6
CONTINUOUS
10
1.1467262992125984
20
0.186457125984252
11
1.1465431102362205
21
0.1865329921259843
0
LINE
8
BLACK
6
CONTINUOUS
10
1.1465431102362205
20
0.1865329921259843
11
1.146345905511811
21
0.1865527165354331
0
LINE
8
BLACK
6
CONTINUOUS
10
1.146345905511811
20
0.1865527165354331
11
1.1458387795275591
21
0.1868247244094488
0
LINE
8
BLACK
6
CONTINUOUS
10
1.1458387795275591
20
0.1868247244094488
11
1.1453070866141732
21
0.187045
0
LINE
8
BLACK
6
CONTINUOUS
10
1.1453070866141732
20
0.187045
11
1.1451668897637794
21
0.1871851574803149
0
LINE
8
BLACK
6
CONTINUOUS
10
1.1451668897637794
20
0.1871851574803149
11
1.1449922047244094
21
0.1872788976377953
0
LINE
8
BLACK
6
CONTINUOUS
10
1.1449922047244094
20
0.1872788976377953
11
1.1446277952755906
21
0.1877242519685039
0
LINE
8
BLACK
6
CONTINUOUS
10
1.1446277952755906
20
0.1877242519685039
11
1.1442208661417324
21
0.1881312204724409
0
LINE
8
BLACK
6
CONTINUOUS
10
1.1442208661417324
20
0.1881312204724409
11
1.1441449606299212
21
0.1883143700787402
0
LINE
8
BLACK
6
CONTINUOUS
10
1.1441449606299212
20
0.1883143700787402
11
1.1440194881889763
21
0.1884677952755905
0
LINE
8
BLACK
6
CONTINUOUS
10
1.1440194881889763
20
0.1884677952755905
11
1.1438533070866141
21
0.1890185433070866
0
LINE
8
BLACK
6
CONTINUOUS
10
1.1438533070866141
20
0.1890185433070866
11
1.1436329921259842
21
0.1895504330708661
0
LINE
8
BLACK
6
CONTINUOUS
10
1.1436329921259842
20
0.1895504330708661
11
1.1436329921259842
21
0.1897487401574803
0
LINE
8
BLACK
6
CONTINUOUS
10
1.1436329921259842
20
0.1897487401574803
11
1.1435757480314961
21
0.1899384645669291
0
LINE
8
BLACK
6
CONTINUOUS
10
1.1435757480314961
20
0.1899384645669291
11
1.1435768897637795
21
0.1907102362204724
0
LINE
8
BLACK
6
CONTINUOUS
10
1.1435768897637795
20
0.1907102362204724
11
1.145451653543307
21
0.209457874015748
0
LINE
8
BLACK
6
CONTINUOUS
10
1.145451653543307
20
0.209457874015748
11
1.1455077559055118
21
0.2097377165354331
0
LINE
8
BLACK
6
CONTINUOUS
10
1.1455077559055118
20
0.2097377165354331
11
1.1455077559055118
21
0.2098342125984252
0
LINE
8
BLACK
6
CONTINUOUS
10
1.1455077559055118
20
0.2098342125984252
11
1.1455451968503936
21
0.2099246456692913
0
LINE
8
BLACK
6
CONTINUOUS
10
1.1455451968503936
20
0.2099246456692913
11
1.1456033464566928
21
0.2102146062992126
0
LINE
8
BLACK
6
CONTINUOUS
10
1.1456033464566928
20
0.2102146062992126
11
1.1458753543307085
21
0.2107216929133858
0
LINE
8
BLACK
6
CONTINUOUS
10
1.1458753543307085
20
0.2107216929133858
11
1.1460956299212599
21
0.2112534251968504
0
LINE
8
BLACK
6
CONTINUOUS
10
1.1460956299212599
20
0.2112534251968504
11
1.1462357874015747
21
0.2113935826771653
0
LINE
8
BLACK
6
CONTINUOUS
10
1.1462357874015747
20
0.2113935826771653
11
1.146329527559055
21
0.2115683070866142
0
LINE
8
BLACK
6
CONTINUOUS
10
1.146329527559055
20
0.2115683070866142
11
1.1467748818897638
21
0.2119326771653543
0
LINE
8
BLACK
6
CONTINUOUS
10
1.1467748818897638
20
0.2119326771653543
11
1.1471818503937008
21
0.2123396456692913
0
LINE
8
BLACK
6
CONTINUOUS
10
1.1471818503937008
20
0.2123396456692913
11
1.147365
21
0.2124155118110236
0
LINE
8
BLACK
6
CONTINUOUS
10
1.147365
20
0.2124155118110236
11
1.1475184251968504
21
0.2125410236220472
0
LINE
8
BLACK
6
CONTINUOUS
10
1.1475184251968504
20
0.2125410236220472
11
1.1480691732283463
21
0.2127071653543307
0
LINE
8
BLACK
6
CONTINUOUS
10
1.1480691732283463
20
0.2127071653543307
11
1.1486010629921259
21
0.2129275196850394
0
LINE
8
BLACK
6
CONTINUOUS
10
1.1486010629921259
20
0.2129275196850394
11
1.1488954330708661
21
0.2129564960629921
0
LINE
8
BLACK
6
CONTINUOUS
10
1.1488954330708661
20
0.2129564960629921
11
1.1489890944881889
21
0.2129847637795275
0
LINE
8
BLACK
6
CONTINUOUS
10
1.1489890944881889
20
0.2129847637795275
11
1.1490849999999999
21
0.212975157480315
0
LINE
8
BLACK
6
CONTINUOUS
10
1.1490849999999999
20
0.212975157480315
11
1.1493691338582677
21
0.2130031496062992
0
LINE
8
BLACK
6
CONTINUOUS
10
1.1493691338582677
20
0.2130031496062992
11
1.1681167716535432
21
0.2130031496062992
0
LINE
8
BLACK
6
CONTINUOUS
10
1.1681167716535432
20
0.2130031496062992
11
1.1688848425196849
21
0.2129275196850394
0
LINE
8
BLACK
6
CONTINUOUS
10
0.2547616929133858
20
0.2418058661417323
11
0.2549193700787402
21
0.2418164173228347
0
LINE
8
BLACK
6
CONTINUOUS
10
0.2549193700787402
20
0.2418164173228347
11
0.2550279921259843
21
0.2417796456692913
0
LINE
8
BLACK
6
CONTINUOUS
10
0.2550279921259843
20
0.2417796456692913
11
0.2553133858267717
21
0.2417515748031496
0
LINE
8
BLACK
6
CONTINUOUS
10
0.2553133858267717
20
0.2417515748031496
11
0.2562134645669291
21
0.2413787007874016
0
LINE
8
BLACK
6
CONTINUOUS
10
0.2562134645669291
20
0.2413787007874016
11
0.2571370472440945
21
0.2410663779527559
0
LINE
8
BLACK
6
CONTINUOUS
10
0.2571370472440945
20
0.2410663779527559
11
0.2572893700787401
21
0.2409330708661417
0
LINE
8
BLACK
6
CONTINUOUS
10
0.2572893700787401
20
0.2409330708661417
11
0.2574762598425197
21
0.2408556692913386
0
LINE
8
BLACK
6
CONTINUOUS
10
0.2574762598425197
20
0.2408556692913386
11
0.2581650393700787
21
0.2401668503937008
0
LINE
8
BLACK
6
CONTINUOUS
10
0.2581650393700787
20
0.2401668503937008
11
0.2588988976377953
21
0.2395247637795276
0
LINE
8
BLACK
6
CONTINUOUS
10
0.2588988976377953
20
0.2395247637795276
11
0.2589886220472441
21
0.2393432677165354
0
LINE
8
BLACK
6
CONTINUOUS
10
0.2589886220472441
20
0.2393432677165354
11
0.2591316535433071
21
0.2392002755905512
0
LINE
8
BLACK
6
CONTINUOUS
10
0.2591316535433071
20
0.2392002755905512
11
0.2595045275590551
21
0.2383000393700787
0
LINE
8
BLACK
6
CONTINUOUS
10
0.2595045275590551
20
0.2383000393700787
11
0.2599366535433071
21
0.2374262598425197
0
LINE
8
BLACK
6
CONTINUOUS
10
0.2599366535433071
20
0.2374262598425197
11
0.2599500787401575
21
0.2372243307086614
0
LINE
8
BLACK
6
CONTINUOUS
10
0.2599500787401575
20
0.2372243307086614
11
0.2600275590551181
21
0.2370374015748031
0
LINE
8
BLACK
6
CONTINUOUS
10
0.2600275590551181
20
0.2370374015748031
11
0.2600275590551181
21
0.2360628346456693
0
LINE
8
BLACK
6
CONTINUOUS
10
0.2600275590551181
20
0.2360628346456693
11
0.2600924015748031
21
0.2350903543307087
0
LINE
8
BLACK
6
CONTINUOUS
10
0.2600924015748031
20
0.2350903543307087
11
0.2600275590551181
21
0.2348986220472441
0
LINE
8
BLACK
6
CONTINUOUS
10
0.2600275590551181
20
0.2348986220472441
11
0.2600275590551181
21
0.2346962992125984
0
LINE
8
BLACK
6
CONTINUOUS
10
0.2600275590551181
20
0.2346962992125984
11
0.2596546062992126
21
0.2337959842519685
0
LINE
8
BLACK
6
CONTINUOUS
10
0.2596546062992126
20
0.2337959842519685
11
0.2593423622047244
21
0.2328726771653543
0
LINE
8
BLACK
6
CONTINUOUS
10
0.2593423622047244
20
0.2328726771653543
11
0.2591754724409449
21
0.2326392519685039
0
LINE
8
BLACK
6
CONTINUOUS
10
0.2591754724409449
20
0.2326392519685039
11
0.2591316535433071
21
0.2325334251968504
0
LINE
8
BLACK
6
CONTINUOUS
10
0.2591316535433071
20
0.2325334251968504
11
0.25902
21
0.2324217716535433
0
LINE
8
BLACK
6
CONTINUOUS
10
0.25902
20
0.2324217716535433
11
0.2586583070866142
21
0.2319158267716535
0
LINE
8
BLACK
6
CONTINUOUS
10
0.2586583070866142
20
0.2319158267716535
11
0.2463809448818897
21
0.2178845669291339
0
LINE
8
BLACK
6
CONTINUOUS
10
0.2463809448818897
20
0.2178845669291339
11
0.2511118897637795
21
0.2155191338582677
0
LINE
8
BLACK
6
CONTINUOUS
10
0.2511118897637795
20
0.2155191338582677
11
0.2516156692913386
21
0.215201968503937
0
LINE
8
BLACK
6
CONTINUOUS
10
0.2516156692913386
20
0.215201968503937
11
0.2517620078740158
21
0.2151413779527559
0
LINE
8
BLACK
6
CONTINUOUS
10
0.2517620078740158
20
0.2151413779527559
11
0.2519267716535433
21
0.2150061417322835
0
LINE
8
BLACK
6
CONTINUOUS
10
0.2519267716535433
20
0.2150061417322835
11
0.2521072834645669
21
0.2148925196850394
0
LINE
8
BLACK
6
CONTINUOUS
10
0.2521072834645669
20
0.2148925196850394
11
0.2522111023622047
21
0.2147727952755905
0
LINE
8
BLACK
6
CONTINUOUS
10
0.2522111023622047
20
0.2147727952755905
11
0.2526712204724409
21
0.2143951968503937
0
LINE
8
BLACK
6
CONTINUOUS
10
0.2526712204724409
20
0.2143951968503937
11
0.2555283464566929
21
0.2115380708661417
0
LINE
8
BLACK
6
CONTINUOUS
10
0.2555283464566929
20
0.2115380708661417
11
0.2559058267716535
21
0.2110780708661417
0
LINE
8
BLACK
6
CONTINUOUS
10
0.2559058267716535
20
0.2110780708661417
11
0.2560257086614173
21
0.2109741338582677
0
LINE
8
BLACK
6
CONTINUOUS
10
0.2560257086614173
20
0.2109741338582677
11
0.2561394094488189
21
0.2107934645669291
0
LINE
8
BLACK
6
CONTINUOUS
10
0.2561394094488189
20
0.2107934645669291
11
0.2562745275590551
21
0.2106288582677165
0
LINE
8
BLACK
6
CONTINUOUS
10
0.2562745275590551
20
0.2106288582677165
11
0.2563351181102362
21
0.2104825590551181
0
LINE
8
BLACK
6
CONTINUOUS
10
0.2563351181102362
20
0.2104825590551181
11
0.2566522834645669
21
0.2099787007874016
0
LINE
8
BLACK
6
CONTINUOUS
10
0.2566522834645669
20
0.2099787007874016
11
0.2595094094488189
21
0.2042644094488189
0
LINE
8
BLACK
6
CONTINUOUS
10
0.2595094094488189
20
0.2042644094488189
11
0.2599298031496063
21
0.2031658661417323
0
LINE
8
BLACK
6
CONTINUOUS
10
0.2599298031496063
20
0.2031658661417323
11
0.2599450787401575
21
0.2029507874015748
0
LINE
8
BLACK
6
CONTINUOUS
10
0.2599450787401575
20
0.2029507874015748
11
0.2600275590551181
21
0.2027516929133858
0
LINE
8
BLACK
6
CONTINUOUS
10
0.2600275590551181
20
0.2027516929133858
11
0.2601428346456693
21
0.2015811417322834
0
LINE
8
BLACK
6
CONTINUOUS
10
0.2601428346456693
20
0.2015811417322834
11
0.2601428346456693
21
0.1872954330708661
0
LINE
8
BLACK
6
CONTINUOUS
10
0.2601428346456693
20
0.1872954330708661
11
0.2600275590551181
21
0.1861248818897638
0
LINE
8
BLACK
6
CONTINUOUS
10
0.2600275590551181
20
0.1861248818897638
11
0.2599450787401575
21
0.1859257480314961
0
LINE
8
BLACK
6
CONTINUOUS
10
0.2599450787401575
20
0.1859257480314961
11
0.2599298031496063
21
0.1857107086614173
0
LINE
8
BLACK
6
CONTINUOUS
10
0.2599298031496063
20
0.1857107086614173
11
0.2595094094488189
21
0.1846121653543307
0
LINE
8
BLACK
6
CONTINUOUS
10
0.2595094094488189
20
0.1846121653543307
11
0.2566522834645669
21
0.178897874015748
0
LINE
8
BLACK
6
CONTINUOUS
10
0.2566522834645669
20
0.178897874015748
11
0.2563351181102362
21
0.1783939763779528
0
LINE
8
BLACK
6
CONTINUOUS
10
0.2563351181102362
20
0.1783939763779528
11
0.2562745275590551
21
0.1782477165354331
0
LINE
8
BLACK
6
CONTINUOUS
10
0.2562745275590551
20
0.1782477165354331
11
0.2561394094488189
21
0.1780830708661417
0
LINE
8
BLACK
6
CONTINUOUS
10
0.2561394094488189
20
0.1780830708661417
11
0.2560257086614173
21
0.1779024409448819
0
LINE
8
BLACK
6
CONTINUOUS
10
0.2560257086614173
20
0.1779024409448819
11
0.2559058267716535
21
0.1777984645669291
0
LINE
8
BLACK
6
CONTINUOUS
10
0.2559058267716535
20
0.1777984645669291
11
0.2555283464566929
21
0.1773385039370079
0
LINE
8
BLACK
6
CONTINUOUS
10
0.2555283464566929
20
0.1773385039370079
11
0.2526712204724409
21
0.1744813779527559
0
LINE
8
BLACK
6
CONTINUOUS
10
0.2526712204724409
20
0.1744813779527559
11
0.2522111023622047
21
0.1741037401574803
0
LINE
8
BLACK
6
CONTINUOUS
10
0.2522111023622047
20
0.1741037401574803
11
0.2521072834645669
21
0.1739840551181102
0
LINE
8
BLACK
6
CONTINUOUS
10
0.2521072834645669
20
0.1739840551181102
11
0.2519267716535433
21
0.1738703937007874
0
LINE
8
BLACK
6
CONTINUOUS
10
0.2519267716535433
20
0.1738703937007874
11
0.2517620078740158
21
0.1737351968503937
0
LINE
8
BLACK
6
CONTINUOUS
10
0.2517620078740158
20
0.1737351968503937
11
0.2516156692913386
21
0.1736745669291339
0
LINE
8
BLACK
6
CONTINUOUS
10
0.2516156692913386
20
0.1736745669291339
11
0.2511118897637795
21
0.1733574409448819
0
LINE
8
BLACK
6
CONTINUOUS
10
0.2511118897637795
20
0.1733574409448819
11
0.2453975984251968
21
0.1705002755905512
0
LINE
8
BLACK
6
CONTINUOUS
10
0.2453975984251968
20
0.1705002755905512
11
0.2442990551181102
21
0.1700799212598425
0
LINE
8
BLACK
6
CONTINUOUS
10
0.2442990551181102
20
0.1700799212598425
11
0.2440840157480315
21
0.1700646062992126
0
LINE
8
BLACK
6
CONTINUOUS
10
0.2440840157480315
20
0.1700646062992126
11
0.243884842519685
21
0.169982125984252
0
LINE
8
BLACK
6
CONTINUOUS
10
0.243884842519685
20
0.169982125984252
11
0.2427142913385827
21
0.1698668503937008
0
LINE
8
BLACK
6
CONTINUOUS
10
0.2427142913385827
20
0.1698668503937008
11
0.2255714173228346
21
0.1698668503937008
0
LINE
8
BLACK
6
CONTINUOUS
10
0.2255714173228346
20
0.1698668503937008
11
0.2244008661417323
21
0.169982125984252
0
LINE
8
BLACK
6
CONTINUOUS
10
0.2244008661417323
20
0.169982125984252
11
0.2242016535433071
21
0.1700646062992126
0
LINE
8
BLACK
6
CONTINUOUS
10
0.2242016535433071
20
0.1700646062992126
11
0.2239866535433071
21
0.1700799212598425
0
LINE
8
BLACK
6
CONTINUOUS
10
0.2239866535433071
20
0.1700799212598425
11
0.2228881102362205
21
0.1705002755905512
0
LINE
8
BLACK
6
CONTINUOUS
10
0.2228881102362205
20
0.1705002755905512
11
0.2171738188976378
21
0.1733574409448819
0
LINE
8
BLACK
6
CONTINUOUS
10
0.2171738188976378
20
0.1733574409448819
11
0.21667
21
0.1736745669291339
0
LINE
8
BLACK
6
CONTINUOUS
10
0.21667
20
0.1736745669291339
11
0.2165237007874016
21
0.1737351968503937
0
LINE
8
BLACK
6
CONTINUOUS
10
0.2165237007874016
20
0.1737351968503937
11
0.2163588976377953
21
0.1738703937007874
0
LINE
8
BLACK
6
CONTINUOUS
10
0.2163588976377953
20
0.1738703937007874
11
0.2161784251968504
21
0.1739840551181102
0
LINE
8
BLACK
6
CONTINUOUS
10
0.2161784251968504
20
0.1739840551181102
11
0.2160745669291338
21
0.1741037401574803
0
LINE
8
BLACK
6
CONTINUOUS
10
0.2160745669291338
20
0.1741037401574803
11
0.2156144881889764
21
0.1744813779527559
0
LINE
8
BLACK
6
CONTINUOUS
10
0.2156144881889764
20
0.1744813779527559
11
0.2127573622047244
21
0.1773385039370079
0
LINE
8
BLACK
6
CONTINUOUS
10
0.2127573622047244
20
0.1773385039370079
11
0.2120111811023622
21
0.1782477165354331
0
LINE
8
BLACK
6
CONTINUOUS
10
0.2120111811023622
20
0.1782477165354331
11
0.2111152755905512
21
0.1804105905511811
0
LINE
8
BLACK
6
CONTINUOUS
10
0.2111152755905512
20
0.1804105905511811
11
0.2111152755905512
21
0.1827516929133858
0
LINE
8
BLACK
6
CONTINUOUS
10
0.2111152755905512
20
0.1827516929133858
11
0.2120111811023622
21
0.1849145669291339
0
LINE
8
BLACK
6
CONTINUOUS
10
0.2120111811023622
20
0.1849145669291339
11
0.2136665748031496
21
0.1865699606299213
0
LINE
8
BLACK
6
CONTINUOUS
10
0.2136665748031496
20
0.1865699606299213
11
0.2158294488188976
21
0.1874658661417323
0
LINE
8
BLACK
6
CONTINUOUS
10
0.2158294488188976
20
0.1874658661417323
11
0.2181705511811023
21
0.1874658661417323
0
LINE
8
BLACK
6
CONTINUOUS
10
0.2181705511811023
20
0.1874658661417323
11
0.2203334251968504
21
0.1865699606299213
0
LINE
8
BLACK
6
CONTINUOUS
10
0.2203334251968504
20
0.1865699606299213
11
0.2212426377952756
21
0.185823779527559
0
LINE
8
BLACK
6
CONTINUOUS
10
0.2212426377952756
20
0.185823779527559
11
0.2234112204724409
21
0.183655157480315
0
LINE
8
BLACK
6
CONTINUOUS
10
0.2234112204724409
20
0.183655157480315
11
0.226987874015748
21
0.1818668503937008
0
LINE
8
BLACK
6
CONTINUOUS
10
0.226987874015748
20
0.1818668503937008
11
0.2412978346456693
21
0.1818668503937008
0
LINE
8
BLACK
6
CONTINUOUS
10
0.2412978346456693
20
0.1818668503937008
11
0.2448744488188976
21
0.183655157480315
0
LINE
8
BLACK
6
CONTINUOUS
10
0.2448744488188976
20
0.183655157480315
11
0.2463545275590551
21
0.1851352362204724
0
LINE
8
BLACK
6
CONTINUOUS
10
0.2463545275590551
20
0.1851352362204724
11
0.2481428346456693
21
0.1887118110236221
0
LINE
8
BLACK
6
CONTINUOUS
10
0.2481428346456693
20
0.1887118110236221
11
0.2481428346456693
21
0.2001647244094488
0
LINE
8
BLACK
6
CONTINUOUS
10
0.2481428346456693
20
0.2001647244094488
11
0.2463545275590551
21
0.2037412992125984
0
LINE
8
BLACK
6
CONTINUOUS
10
0.2463545275590551
20
0.2037412992125984
11
0.2448744488188976
21
0.2052213779527559
0
LINE
8
BLACK
6
CONTINUOUS
10
0.2448744488188976
20
0.2052213779527559
11
0.2412978346456693
21
0.2070097244094488
0
LINE
8
BLACK
6
CONTINUOUS
10
0.2412978346456693
20
0.2070097244094488
11
0.2341428346456693
21
0.2070097244094488
0
LINE
8
BLACK
6
CONTINUOUS
10
0.2341428346456693
20
0.2070097244094488
11
0.2335237401574803
21
0.2070706692913386
0
LINE
8
BLACK
6
CONTINUOUS
10
0.2335237401574803
20
0.2070706692913386
11
0.2333663385826772
21
0.2070601968503937
0
LINE
8
BLACK
6
CONTINUOUS
10
0.2333663385826772
20
0.2070601968503937
11
0.233257874015748
21
0.2070968503937008
0
LINE
8
BLACK
6
CONTINUOUS
10
0.233257874015748
20
0.2070968503937008
11
0.2329722834645669
21
0.207125
0
LINE
8
BLACK
6
CONTINUOUS
10
0.2329722834645669
20
0.207125
11
0.2320717716535433
21
0.2074979921259842
0
LINE
8
BLACK
6
CONTINUOUS
10
0.2320717716535433
20
0.2074979921259842
11
0.2311486614173228
21
0.2078101968503937
0
LINE
8
BLACK
6
CONTINUOUS
10
0.2311486614173228
20
0.2078101968503937
11
0.2309963385826772
21
0.2079434645669291
0
LINE
8
BLACK
6
CONTINUOUS
10
0.2309963385826772
20
0.2079434645669291
11
0.2308094094488189
21
0.208020905511811
0
LINE
8
BLACK
6
CONTINUOUS
10
0.2308094094488189
20
0.208020905511811
11
0.2301203149606299
21
0.20871
0
LINE
8
BLACK
6
CONTINUOUS
10
0.2301203149606299
20
0.20871
11
0.2293867716535433
21
0.2093518503937008
0
LINE
8
BLACK
6
CONTINUOUS
10
0.2293867716535433
20
0.2093518503937008
11
0.2292970472440945
21
0.2095332283464567
0
LINE
8
BLACK
6
CONTINUOUS
10
0.2292970472440945
20
0.2095332283464567
11
0.2291540157480315
21
0.2096762992125984
0
LINE
8
BLACK
6
CONTINUOUS
10
0.2291540157480315
20
0.2096762992125984
11
0.228781062992126
21
0.2105766141732283
0
LINE
8
BLACK
6
CONTINUOUS
10
0.228781062992126
20
0.2105766141732283
11
0.2283490157480315
21
0.2114503149606299
0
LINE
8
BLACK
6
CONTINUOUS
10
0.2283490157480315
20
0.2114503149606299
11
0.2283355511811024
21
0.2116521653543307
0
LINE
8
BLACK
6
CONTINUOUS
10
0.2283355511811024
20
0.2116521653543307
11
0.2282581102362205
21
0.2118391732283464
0
LINE
8
BLACK
6
CONTINUOUS
10
0.2282581102362205
20
0.2118391732283464
11
0.2282581102362205
21
0.2128140551181102
0
LINE
8
BLACK
6
CONTINUOUS
10
0.2282581102362205
20
0.2128140551181102
11
0.2281933070866142
21
0.2137862204724409
0
LINE
8
BLACK
6
CONTINUOUS
10
0.2281933070866142
20
0.2137862204724409
11
0.2282581102362205
21
0.2139778346456693
0
LINE
8
BLACK
6
CONTINUOUS
10
0.2282581102362205
20
0.2139778346456693
11
0.2282581102362205
21
0.2141802755905512
0
LINE
8
BLACK
6
CONTINUOUS
10
0.2282581102362205
20
0.2141802755905512
11
0.2286311023622047
21
0.2150807480314961
0
LINE
8
BLACK
6
CONTINUOUS
10
0.2286311023622047
20
0.2150807480314961
11
0.2289433070866142
21
0.2160038976377953
0
LINE
8
BLACK
6
CONTINUOUS
10
0.2289433070866142
20
0.2160038976377953
11
0.229110157480315
21
0.2162372834645669
0
LINE
8
BLACK
6
CONTINUOUS
10
0.229110157480315
20
0.2162372834645669
11
0.2291540157480315
21
0.2163431496062992
0
LINE
8
BLACK
6
CONTINUOUS
10
0.2291540157480315
20
0.2163431496062992
11
0.2292656299212598
21
0.2164547637795275
0
LINE
8
BLACK
6
CONTINUOUS
10
0.2292656299212598
20
0.2164547637795275
11
0.2296273622047244
21
0.2169607480314961
0
LINE
8
BLACK
6
CONTINUOUS
10
0.2296273622047244
20
0.2169607480314961
11
0.2409202362204724
21
0.2298668503937008
0
LINE
8
BLACK
6
CONTINUOUS
10
0.2409202362204724
20
0.2298668503937008
11
0.217
21
0.2298668503937008
0
LINE
8
BLACK
6
CONTINUOUS
10
0.217
20
0.2298668503937008
11
0.2158294488188976
21
0.229982125984252
0
LINE
8
BLACK
6
CONTINUOUS
10
0.2158294488188976
20
0.229982125984252
11
0.2136665748031496
21
0.230878031496063
0
LINE
8
BLACK
6
CONTINUOUS
10
0.2136665748031496
20
0.230878031496063
11
0.2120111811023622
21
0.2325334251968504
0
LINE
8
BLACK
6
CONTINUOUS
10
0.2120111811023622
20
0.2325334251968504
11
0.2111152755905512
21
0.2346962992125984
0
LINE
8
BLACK
6
CONTINUOUS
10
0.2111152755905512
20
0.2346962992125984
11
0.2111152755905512
21
0.2370374015748031
0
LINE
8
BLACK
6
CONTINUOUS
10
0.2111152755905512
20
0.2370374015748031
11
0.2120111811023622
21
0.2392002755905512
0
LINE
8
BLACK
6
CONTINUOUS
10
0.2120111811023622
20
0.2392002755905512
11
0.2136665748031496
21
0.2408556692913386
0
LINE
8
BLACK
6
CONTINUOUS
10
0.2136665748031496
20
0.2408556692913386
11
0.2158294488188976
21
0.2417515748031496
0
LINE
8
BLACK
6
CONTINUOUS
10
0.2158294488188976
20
0.2417515748031496
11
0.217
21
0.2418668503937008
0
LINE
8
BLACK
6
CONTINUOUS
10
0.217
20
0.2418668503937008
11
0.2541428346456693
21
0.2418668503937008
0
LINE
8
BLACK
6
CONTINUOUS
10
0.2541428346456693
20
0.2418668503937008
11
0.2547616929133858
21
0.2418058661417323
0
LINE
8
BLACK
6
CONTINUOUS
10
1.4375764960629922
20
0.2417515748031496
11
1.4381705511811023
21
0.2417515748031496
0
LINE
8
BLACK
6
CONTINUOUS
10
1.4381705511811023
20
0.2417515748031496
11
1.4387135433070866
21
0.2415266141732283
0
LINE
8
BLACK
6
CONTINUOUS
10
1.4387135433070866
20
0.2415266141732283
11
1.43929031496063
21
0.2414125590551181
0
LINE
8
BLACK
6
CONTINUOUS
10
1.43929031496063
20
0.2414125590551181
11
1.4397846850393701
21
0.2410829527559055
0
LINE
8
BLACK
6
CONTINUOUS
10
1.4397846850393701
20
0.2410829527559055
11
1.4403334251968503
21
0.2408556692913386
0
LINE
8
BLACK
6
CONTINUOUS
10
1.4403334251968503
20
0.2408556692913386
11
1.4407489763779526
21
0.2404400787401575
0
LINE
8
BLACK
6
CONTINUOUS
10
1.4407489763779526
20
0.2404400787401575
11
1.4412382283464567
21
0.240113937007874
0
LINE
8
BLACK
6
CONTINUOUS
10
1.4412382283464567
20
0.240113937007874
11
1.4415687795275591
21
0.2396202755905512
0
LINE
8
BLACK
6
CONTINUOUS
10
1.4415687795275591
20
0.2396202755905512
11
1.4419888188976377
21
0.2392002755905512
0
LINE
8
BLACK
6
CONTINUOUS
10
1.4419888188976377
20
0.2392002755905512
11
1.4422137795275589
21
0.238657125984252
0
LINE
8
BLACK
6
CONTINUOUS
10
1.4422137795275589
20
0.238657125984252
11
1.4425408661417323
21
0.2381687401574803
0
LINE
8
BLACK
6
CONTINUOUS
10
1.4425408661417323
20
0.2381687401574803
11
1.4426573228346455
21
0.2375862992125984
0
LINE
8
BLACK
6
CONTINUOUS
10
1.4426573228346455
20
0.2375862992125984
11
1.4428847244094487
21
0.2370374015748031
0
LINE
8
BLACK
6
CONTINUOUS
10
1.4428847244094487
20
0.2370374015748031
11
1.442998779527559
21
0.2358791732283465
0
LINE
8
BLACK
6
CONTINUOUS
10
1.442998779527559
20
0.2358791732283465
11
1.4430000000000001
21
0.2358731102362205
0
LINE
8
BLACK
6
CONTINUOUS
10
1.4430000000000001
20
0.2358731102362205
11
1.4429995669291338
21
0.2358710236220472
0
LINE
8
BLACK
6
CONTINUOUS
10
1.4429995669291338
20
0.2358710236220472
11
1.4430000000000001
21
0.2358668503937008
0
LINE
8
BLACK
6
CONTINUOUS
10
1.4430000000000001
20
0.2358668503937008
11
1.4430000000000001
21
0.1818668503937008
0
LINE
8
BLACK
6
CONTINUOUS
10
1.4430000000000001
20
0.1818668503937008
11
1.4541428346456693
21
0.1818668503937008
0
LINE
8
BLACK
6
CONTINUOUS
10
1.4541428346456693
20
0.1818668503937008
11
1.4553133858267717
21
0.1817515748031496
0
LINE
8
BLACK
6
CONTINUOUS
10
1.4553133858267717
20
0.1817515748031496
11
1.4574762598425197
21
0.1808556692913386
0
LINE
8
BLACK
6
CONTINUOUS
10
1.4574762598425197
20
0.1808556692913386
11
1.459131653543307
21
0.1792002755905512
0
LINE
8
BLACK
6
CONTINUOUS
10
1.459131653543307
20
0.1792002755905512
11
1.4600275590551182
21
0.1770374015748031
0
LINE
8
BLACK
6
CONTINUOUS
10
1.4600275590551182
20
0.1770374015748031
11
1.4600275590551182
21
0.1746962992125984
0
LINE
8
BLACK
6
CONTINUOUS
10
1.4600275590551182
20
0.1746962992125984
11
1.459131653543307
21
0.1725334251968504
0
LINE
8
BLACK
6
CONTINUOUS
10
1.459131653543307
20
0.1725334251968504
11
1.4574762598425197
21
0.170878031496063
0
LINE
8
BLACK
6
CONTINUOUS
10
1.4574762598425197
20
0.170878031496063
11
1.4553133858267717
21
0.169982125984252
0
LINE
8
BLACK
6
CONTINUOUS
10
1.4553133858267717
20
0.169982125984252
11
1.4541428346456693
21
0.1698668503937008
0
LINE
8
BLACK
6
CONTINUOUS
10
1.4541428346456693
20
0.1698668503937008
11
1.4198571259842518
21
0.1698668503937008
0
LINE
8
BLACK
6
CONTINUOUS
10
1.4198571259842518
20
0.1698668503937008
11
1.4186865748031496
21
0.169982125984252
0
LINE
8
BLACK
6
CONTINUOUS
10
1.4186865748031496
20
0.169982125984252
11
1.4165237007874016
21
0.170878031496063
0
LINE
8
BLACK
6
CONTINUOUS
10
1.4165237007874016
20
0.170878031496063
11
1.4148683070866142
21
0.1725334251968504
0
LINE
8
BLACK
6
CONTINUOUS
10
1.4148683070866142
20
0.1725334251968504
11
1.4139724015748032
21
0.1746962992125984
0
LINE
8
BLACK
6
CONTINUOUS
10
1.4139724015748032
20
0.1746962992125984
11
1.4139724015748032
21
0.1770374015748031
0
LINE
8
BLACK
6
CONTINUOUS
10
1.4139724015748032
20
0.1770374015748031
11
1.4148683070866142
21
0.1792002755905512
0
LINE
8
BLACK
6
CONTINUOUS
10
1.4148683070866142
20
0.1792002755905512
11
1.4165237007874016
21
0.1808556692913386
0
LINE
8
BLACK
6
CONTINUOUS
10
1.4165237007874016
20
0.1808556692913386
11
1.4186865748031496
21
0.1817515748031496
0
LINE
8
BLACK
6
CONTINUOUS
10
1.4186865748031496
20
0.1817515748031496
11
1.4198571259842518
21
0.1818668503937008
0
LINE
8
BLACK
6
CONTINUOUS
10
1.4198571259842518
20
0.1818668503937008
11
1.431
21
0.1818668503937008
0
LINE
8
BLACK
6
CONTINUOUS
10
1.431
20
0.1818668503937008
11
1.431
21
0.2185244488188976
0
LINE
8
BLACK
6
CONTINUOUS
10
1.431
20
0.2185244488188976
11
1.4298140551181102
21
0.2173385039370079
0
LINE
8
BLACK
6
CONTINUOUS
10
1.4298140551181102
20
0.2173385039370079
11
1.4293539370078741
21
0.2169608661417323
0
LINE
8
BLACK
6
CONTINUOUS
10
1.4293539370078741
20
0.2169608661417323
11
1.4292501181102362
21
0.2168411811023622
0
LINE
8
BLACK
6
CONTINUOUS
10
1.4292501181102362
20
0.2168411811023622
11
1.4290696456692913
21
0.2167275590551181
0
LINE
8
BLACK
6
CONTINUOUS
10
1.4290696456692913
20
0.2167275590551181
11
1.4289048425196851
21
0.2165923228346457
0
LINE
8
BLACK
6
CONTINUOUS
10
1.4289048425196851
20
0.2165923228346457
11
1.4287584251968504
21
0.2165316535433071
0
LINE
8
BLACK
6
CONTINUOUS
10
1.4287584251968504
20
0.2165316535433071
11
1.42825468503937
21
0.2162145669291339
0
LINE
8
BLACK
6
CONTINUOUS
10
1.42825468503937
20
0.2162145669291339
11
1.4225403937007874
21
0.2133574409448819
0
LINE
8
BLACK
6
CONTINUOUS
10
1.4225403937007874
20
0.2133574409448819
11
1.4214418503937007
21
0.2129370866141732
0
LINE
8
BLACK
6
CONTINUOUS
10
1.4214418503937007
20
0.2129370866141732
11
1.419106653543307
21
0.2127711417322835
0
LINE
8
BLACK
6
CONTINUOUS
10
1.419106653543307
20
0.2127711417322835
11
1.416885748031496
21
0.2135114566929134
0
LINE
8
BLACK
6
CONTINUOUS
10
1.416885748031496
20
0.2135114566929134
11
1.4151171259842519
21
0.2150453149606299
0
LINE
8
BLACK
6
CONTINUOUS
10
1.4151171259842519
20
0.2150453149606299
11
1.4140701968503937
21
0.2171392913385827
0
LINE
8
BLACK
6
CONTINUOUS
10
1.4140701968503937
20
0.2171392913385827
11
1.4139042519685039
21
0.2194744881889764
0
LINE
8
BLACK
6
CONTINUOUS
10
1.4139042519685039
20
0.2194744881889764
11
1.4146445669291339
21
0.2216953937007874
0
LINE
8
BLACK
6
CONTINUOUS
10
1.4146445669291339
20
0.2216953937007874
11
1.4161784251968503
21
0.2234640157480315
0
LINE
8
BLACK
6
CONTINUOUS
10
1.4161784251968503
20
0.2234640157480315
11
1.4171738582677165
21
0.2240905905511811
0
LINE
8
BLACK
6
CONTINUOUS
10
1.4171738582677165
20
0.2240905905511811
11
1.4220172834645668
21
0.2265122834645669
0
LINE
8
BLACK
6
CONTINUOUS
10
1.4220172834645668
20
0.2265122834645669
11
1.4266229921259843
21
0.2311179921259842
0
LINE
8
BLACK
6
CONTINUOUS
10
1.4266229921259843
20
0.2311179921259842
11
1.432007716535433
21
0.2391950787401575
0
LINE
8
BLACK
6
CONTINUOUS
10
1.432007716535433
20
0.2391950787401575
11
1.4320103543307086
21
0.2391983070866142
0
LINE
8
BLACK
6
CONTINUOUS
10
1.4320103543307086
20
0.2391983070866142
11
1.4320111811023621
21
0.2392002755905512
0
LINE
8
BLACK
6
CONTINUOUS
10
1.4320111811023621
20
0.2392002755905512
11
1.4320155118110236
21
0.2392046062992126
0
LINE
8
BLACK
6
CONTINUOUS
10
1.4320155118110236
20
0.2392046062992126
11
1.4327529133858268
21
0.2401050787401575
0
LINE
8
BLACK
6
CONTINUOUS
10
1.4327529133858268
20
0.2401050787401575
11
1.4332465354330708
21
0.2404356299212598
0
LINE
8
BLACK
6
CONTINUOUS
10
1.4332465354330708
20
0.2404356299212598
11
1.4336665748031496
21
0.2408556692913386
0
LINE
8
BLACK
6
CONTINUOUS
10
1.4336665748031496
20
0.2408556692913386
11
1.43420968503937
21
0.2410806299212598
0
LINE
8
BLACK
6
CONTINUOUS
10
1.43420968503937
20
0.2410806299212598
11
1.4346981102362204
21
0.2414077165354331
0
LINE
8
BLACK
6
CONTINUOUS
10
1.4346981102362204
20
0.2414077165354331
11
1.4352805118110237
21
0.2415241732283465
0
LINE
8
BLACK
6
CONTINUOUS
10
1.4352805118110237
20
0.2415241732283465
11
1.4358294488188976
21
0.2417515748031496
0
LINE
8
BLACK
6
CONTINUOUS
10
1.4358294488188976
20
0.2417515748031496
11
1.4364173622047243
21
0.2417515748031496
0
LINE
8
BLACK
6
CONTINUOUS
10
1.4364173622047243
20
0.2417515748031496
11
1.4369937401574804
21
0.2418668503937008
0
LINE
8
BLACK
6
CONTINUOUS
10
1.4369937401574804
20
0.2418668503937008
11
1.4375764960629922
21
0.2417515748031496
0
LINE
8
BLACK
6
CONTINUOUS
10
0.186741968503937
20
0.2417515748031496
11
0.1869411811023622
21
0.2416690157480315
0
LINE
8
BLACK
6
CONTINUOUS
10
0.1869411811023622
20
0.2416690157480315
11
0.1871561417322835
21
0.241653779527559
0
LINE
8
BLACK
6
CONTINUOUS
10
0.1871561417322835
20
0.241653779527559
11
0.1882546850393701
21
0.2412334251968504
0
LINE
8
BLACK
6
CONTINUOUS
10
0.1882546850393701
20
0.2412334251968504
11
0.1939689763779527
21
0.2383762992125984
0
LINE
8
BLACK
6
CONTINUOUS
10
0.1939689763779527
20
0.2383762992125984
11
0.1944726771653543
21
0.2380592125984252
0
LINE
8
BLACK
6
CONTINUOUS
10
0.1944726771653543
20
0.2380592125984252
11
0.1946191732283465
21
0.2379985433070866
0
LINE
8
BLACK
6
CONTINUOUS
10
0.1946191732283465
20
0.2379985433070866
11
0.1947840551181102
21
0.237863188976378
0
LINE
8
BLACK
6
CONTINUOUS
10
0.1947840551181102
20
0.237863188976378
11
0.1949644094488189
21
0.2377496850393701
0
LINE
8
BLACK
6
CONTINUOUS
10
0.1949644094488189
20
0.2377496850393701
11
0.195068188976378
21
0.23763
0
LINE
8
BLACK
6
CONTINUOUS
10
0.195068188976378
20
0.23763
11
0.1955283858267717
21
0.2372523228346457
0
LINE
8
BLACK
6
CONTINUOUS
10
0.1955283858267717
20
0.2372523228346457
11
0.1983855118110236
21
0.2343951574803149
0
LINE
8
BLACK
6
CONTINUOUS
10
0.1983855118110236
20
0.2343951574803149
11
0.1987630708661417
21
0.2339350393700787
0
LINE
8
BLACK
6
CONTINUOUS
10
0.1987630708661417
20
0.2339350393700787
11
0.1988827952755906
21
0.2338312598425197
0
LINE
8
BLACK
6
CONTINUOUS
10
0.1988827952755906
20
0.2338312598425197
11
0.1989963779527559
21
0.2336507874015748
0
LINE
8
BLACK
6
CONTINUOUS
10
0.1989963779527559
20
0.2336507874015748
11
0.1991316929133858
21
0.2334859448818898
0
LINE
8
BLACK
6
CONTINUOUS
10
0.1991316929133858
20
0.2334859448818898
11
0.1991922834645669
21
0.2333395669291339
0
LINE
8
BLACK
6
CONTINUOUS
10
0.1991922834645669
20
0.2333395669291339
11
0.1995094094488189
21
0.2328358661417323
0
LINE
8
BLACK
6
CONTINUOUS
10
0.1995094094488189
20
0.2328358661417323
11
0.2023665748031496
21
0.2271215748031496
0
LINE
8
BLACK
6
CONTINUOUS
10
0.2023665748031496
20
0.2271215748031496
11
0.2027869291338583
21
0.226023031496063
0
LINE
8
BLACK
6
CONTINUOUS
10
0.2027869291338583
20
0.226023031496063
11
0.2028022047244094
21
0.2258079921259842
0
LINE
8
BLACK
6
CONTINUOUS
10
0.2028022047244094
20
0.2258079921259842
11
0.2028847244094488
21
0.2256088188976378
0
LINE
8
BLACK
6
CONTINUOUS
10
0.2028847244094488
20
0.2256088188976378
11
0.203
21
0.2244382677165354
0
LINE
8
BLACK
6
CONTINUOUS
10
0.203
20
0.2244382677165354
11
0.203
21
0.2158668503937008
0
LINE
8
BLACK
6
CONTINUOUS
10
0.203
20
0.2158668503937008
11
0.2028847244094488
21
0.2146962992125984
0
LINE
8
BLACK
6
CONTINUOUS
10
0.2028847244094488
20
0.2146962992125984
11
0.2028022047244094
21
0.2144970866141732
0
LINE
8
BLACK
6
CONTINUOUS
10
0.2028022047244094
20
0.2144970866141732
11
0.2027869291338583
21
0.2142820866141732
0
LINE
8
BLACK
6
CONTINUOUS
10
0.2027869291338583
20
0.2142820866141732
11
0.2023665748031496
21
0.2131835433070866
0
LINE
8
BLACK
6
CONTINUOUS
10
0.2023665748031496
20
0.2131835433070866
11
0.1995094094488189
21
0.2074692519685039
0
LINE
8
BLACK
6
CONTINUOUS
10
0.1995094094488189
20
0.2074692519685039
11
0.1991922440944882
21
0.2069654330708662
0
LINE
8
BLACK
6
CONTINUOUS
10
0.1991922440944882
20
0.2069654330708662
11
0.1991316535433071
21
0.2068191338582677
0
LINE
8
BLACK
6
CONTINUOUS
10
0.1991316535433071
20
0.2068191338582677
11
0.1989964173228346
21
0.2066543307086614
0
LINE
8
BLACK
6
CONTINUOUS
10
0.1989964173228346
20
0.2066543307086614
11
0.1988827952755906
21
0.2064738582677165
0
LINE
8
BLACK
6
CONTINUOUS
10
0.1988827952755906
20
0.2064738582677165
11
0.1987630708661417
21
0.20637
0
LINE
8
BLACK
6
CONTINUOUS
10
0.1987630708661417
20
0.20637
11
0.1983854724409449
21
0.2059099212598425
0
LINE
8
BLACK
6
CONTINUOUS
10
0.1983854724409449
20
0.2059099212598425
11
0.1955283464566929
21
0.2030527952755906
0
LINE
8
BLACK
6
CONTINUOUS
10
0.1955283464566929
20
0.2030527952755906
11
0.1950682283464567
21
0.2026751574803149
0
LINE
8
BLACK
6
CONTINUOUS
10
0.1950682283464567
20
0.2026751574803149
11
0.1949644094488189
21
0.2025554724409449
0
LINE
8
BLACK
6
CONTINUOUS
10
0.1949644094488189
20
0.2025554724409449
11
0.1947838976377953
21
0.202441811023622
0
LINE
8
BLACK
6
CONTINUOUS
10
0.1947838976377953
20
0.202441811023622
11
0.1946191338582677
21
0.2023066141732283
0
LINE
8
BLACK
6
CONTINUOUS
10
0.1946191338582677
20
0.2023066141732283
11
0.1944727952755906
21
0.2022459842519685
0
LINE
8
BLACK
6
CONTINUOUS
10
0.1944727952755906
20
0.2022459842519685
11
0.1939690157480315
21
0.2019288582677165
0
LINE
8
BLACK
6
CONTINUOUS
10
0.1939690157480315
20
0.2019288582677165
11
0.1882547244094488
21
0.1990716929133858
0
LINE
8
BLACK
6
CONTINUOUS
10
0.1882547244094488
20
0.1990716929133858
11
0.1871561811023622
21
0.1986513385826772
0
LINE
8
BLACK
6
CONTINUOUS
10
0.1871561811023622
20
0.1986513385826772
11
0.1869411417322835
21
0.1986360236220472
0
LINE
8
BLACK
6
CONTINUOUS
10
0.1869411417322835
20
0.1986360236220472
11
0.186741968503937
21
0.1985535433070866
0
LINE
8
BLACK
6
CONTINUOUS
10
0.186741968503937
20
0.1985535433070866
11
0.1855714173228346
21
0.1984382677165354
0
LINE
8
BLACK
6
CONTINUOUS
10
0.1855714173228346
20
0.1984382677165354
11
0.1687142913385827
21
0.1984382677165354
0
LINE
8
BLACK
6
CONTINUOUS
10
0.1687142913385827
20
0.1984382677165354
11
0.1687142913385827
21
0.1758668503937008
0
LINE
8
BLACK
6
CONTINUOUS
10
0.1687142913385827
20
0.1758668503937008
11
0.1685990157480315
21
0.1746962992125984
0
LINE
8
BLACK
6
CONTINUOUS
10
0.1685990157480315
20
0.1746962992125984
11
0.1677031102362205
21
0.1725334251968504
0
LINE
8
BLACK
6
CONTINUOUS
10
0.1677031102362205
20
0.1725334251968504
11
0.1660477165354331
21
0.170878031496063
0
LINE
8
BLACK
6
CONTINUOUS
10
0.1660477165354331
20
0.170878031496063
11
0.163884842519685
21
0.169982125984252
0
LINE
8
BLACK
6
CONTINUOUS
10
0.163884842519685
20
0.169982125984252
11
0.1615437401574803
21
0.169982125984252
0
LINE
8
BLACK
6
CONTINUOUS
10
0.1615437401574803
20
0.169982125984252
11
0.1593808661417323
21
0.170878031496063
0
LINE
8
BLACK
6
CONTINUOUS
10
0.1593808661417323
20
0.170878031496063
11
0.1577254724409449
21
0.1725334251968504
0
LINE
8
BLACK
6
CONTINUOUS
10
0.1577254724409449
20
0.1725334251968504
11
0.1568295669291339
21
0.1746962992125984
0
LINE
8
BLACK
6
CONTINUOUS
10
0.1568295669291339
20
0.1746962992125984
11
0.1567142913385827
21
0.1758668503937008
0
LINE
8
BLACK
6
CONTINUOUS
10
0.1567142913385827
20
0.1758668503937008
11
0.1567142913385827
21
0.2358668503937008
0
LINE
8
BLACK
6
CONTINUOUS
10
0.1567142913385827
20
0.2358668503937008
11
0.1568295669291339
21
0.2370374015748031
0
LINE
8
BLACK
6
CONTINUOUS
10
0.1568295669291339
20
0.2370374015748031
11
0.1577254724409449
21
0.2392002755905512
0
LINE
8
BLACK
6
CONTINUOUS
10
0.1577254724409449
20
0.2392002755905512
11
0.1593808661417323
21
0.2408556692913386
0
LINE
8
BLACK
6
CONTINUOUS
10
0.1593808661417323
20
0.2408556692913386
11
0.1615437401574803
21
0.2417515748031496
0
LINE
8
BLACK
6
CONTINUOUS
10
0.1615437401574803
20
0.2417515748031496
11
0.1627142913385827
21
0.2418668503937008
0
LINE
8
BLACK
6
CONTINUOUS
10
0.1627142913385827
20
0.2418668503937008
11
0.1855714173228346
21
0.2418668503937008
0
LINE
8
BLACK
6
CONTINUOUS
10
0.1855714173228346
20
0.2418668503937008
11
0.186741968503937
21
0.2417515748031496
0
LINE
8
BLACK
6
CONTINUOUS
10
0.1687142913385827
20
0.2104382677165354
11
0.1841549606299213
21
0.2104382677165354
0
LINE
8
BLACK
6
CONTINUOUS
10
0.1841549606299213
20
0.2104382677165354
11
0.1877315748031496
21
0.2122265748031496
0
LINE
8
BLACK
6
CONTINUOUS
10
0.1877315748031496
20
0.2122265748031496
11
0.1892116535433071
21
0.2137066535433071
0
LINE
8
BLACK
6
CONTINUOUS
10
0.1892116535433071
20
0.2137066535433071
11
0.191
21
0.2172833070866142
0
LINE
8
BLACK
6
CONTINUOUS
10
0.191
20
0.2172833070866142
11
0.191
21
0.2230217716535433
0
LINE
8
BLACK
6
CONTINUOUS
10
0.191
20
0.2230217716535433
11
0.1892116535433071
21
0.2265983858267716
0
LINE
8
BLACK
6
CONTINUOUS
10
0.1892116535433071
20
0.2265983858267716
11
0.1877315354330709
21
0.2280785826771654
0
LINE
8
BLACK
6
CONTINUOUS
10
0.1877315354330709
20
0.2280785826771654
11
0.184155
21
0.2298668503937008
0
LINE
8
BLACK
6
CONTINUOUS
10
0.184155
20
0.2298668503937008
11
0.1687142913385827
21
0.2298668503937008
0
LINE
8
BLACK
6
CONTINUOUS
10
0.1687142913385827
20
0.2298668503937008
11
0.1687142913385827
21
0.2104382677165354
0
LINE
8
BLACK
6
CONTINUOUS
10
1.3867419685039371
20
0.2417515748031496
11
1.3869411811023622
21
0.2416690157480315
0
LINE
8
BLACK
6
CONTINUOUS
10
1.3869411811023622
20
0.2416690157480315
11
1.3871561417322835
21
0.241653779527559
0
LINE
8
BLACK
6
CONTINUOUS
10
1.3871561417322835
20
0.241653779527559
11
1.38825468503937
21
0.2412334251968504
0
LINE
8
BLACK
6
CONTINUOUS
10
1.38825468503937
20
0.2412334251968504
11
1.3939689763779528
21
0.2383762992125984
0
LINE
8
BLACK
6
CONTINUOUS
10
1.3939689763779528
20
0.2383762992125984
11
1.3944726771653544
21
0.2380592125984252
0
LINE
8
BLACK
6
CONTINUOUS
10
1.3944726771653544
20
0.2380592125984252
11
1.3946191732283464
21
0.2379985433070866
0
LINE
8
BLACK
6
CONTINUOUS
10
1.3946191732283464
20
0.2379985433070866
11
1.3947840551181101
21
0.237863188976378
0
LINE
8
BLACK
6
CONTINUOUS
10
1.3947840551181101
20
0.237863188976378
11
1.3949644094488189
21
0.2377496850393701
0
LINE
8
BLACK
6
CONTINUOUS
10
1.3949644094488189
20
0.2377496850393701
11
1.3950681889763779
21
0.23763
0
LINE
8
BLACK
6
CONTINUOUS
10
1.3950681889763779
20
0.23763
11
1.3955283858267715
21
0.2372523228346457
0
LINE
8
BLACK
6
CONTINUOUS
10
1.3955283858267715
20
0.2372523228346457
11
1.3983855118110236
21
0.2343951574803149
0
LINE
8
BLACK
6
CONTINUOUS
10
1.3983855118110236
20
0.2343951574803149
11
1.3987630708661416
21
0.2339350393700787
0
LINE
8
BLACK
6
CONTINUOUS
10
1.3987630708661416
20
0.2339350393700787
11
1.3988827952755905
21
0.2338312598425197
0
LINE
8
BLACK
6
CONTINUOUS
10
1.3988827952755905
20
0.2338312598425197
11
1.3989963779527559
21
0.2336507874015748
0
LINE
8
BLACK
6
CONTINUOUS
10
1.3989963779527559
20
0.2336507874015748
11
1.3991316929133859
21
0.2334859448818898
0
LINE
8
BLACK
6
CONTINUOUS
10
1.3991316929133859
20
0.2334859448818898
11
1.3991922834645669
21
0.2333395669291339
0
LINE
8
BLACK
6
CONTINUOUS
10
1.3991922834645669
20
0.2333395669291339
11
1.399509409448819
21
0.2328358661417323
0
LINE
8
BLACK
6
CONTINUOUS
10
1.399509409448819
20
0.2328358661417323
11
1.4023665748031495
21
0.2271215748031496
0
LINE
8
BLACK
6
CONTINUOUS
10
1.4023665748031495
20
0.2271215748031496
11
1.4027869291338582
21
0.226023031496063
0
LINE
8
BLACK
6
CONTINUOUS
10
1.4027869291338582
20
0.226023031496063
11
1.4028022047244093
21
0.2258079921259842
0
LINE
8
BLACK
6
CONTINUOUS
10
1.4028022047244093
20
0.2258079921259842
11
1.4028847244094489
21
0.2256088188976378
0
LINE
8
BLACK
6
CONTINUOUS
10
1.4028847244094489
20
0.2256088188976378
11
1.403
21
0.2244382677165354
0
LINE
8
BLACK
6
CONTINUOUS
10
1.403
20
0.2244382677165354
11
1.403
21
0.2158668503937008
0
LINE
8
BLACK
6
CONTINUOUS
10
1.403
20
0.2158668503937008
11
1.4028847244094489
21
0.2146962992125984
0
LINE
8
BLACK
6
CONTINUOUS
10
1.4028847244094489
20
0.2146962992125984
11
1.4028022047244093
21
0.2144970866141732
0
LINE
8
BLACK
6
CONTINUOUS
10
1.4028022047244093
20
0.2144970866141732
11
1.4027869291338582
21
0.2142820866141732
0
LINE
8
BLACK
6
CONTINUOUS
10
1.4027869291338582
20
0.2142820866141732
11
1.4023665748031495
21
0.2131835433070866
0
LINE
8
BLACK
6
CONTINUOUS
10
1.4023665748031495
20
0.2131835433070866
11
1.399509409448819
21
0.2074692519685039
0
LINE
8
BLACK
6
CONTINUOUS
10
1.399509409448819
20
0.2074692519685039
11
1.3991922440944882
21
0.2069654330708662
0
LINE
8
BLACK
6
CONTINUOUS
10
1.3991922440944882
20
0.2069654330708662
11
1.3991316535433072
21
0.2068191338582677
0
LINE
8
BLACK
6
CONTINUOUS
10
1.3991316535433072
20
0.2068191338582677
11
1.3989964173228346
21
0.2066543307086614
0
LINE
8
BLACK
6
CONTINUOUS
10
1.3989964173228346
20
0.2066543307086614
11
1.3988827952755905
21
0.2064738582677165
0
LINE
8
BLACK
6
CONTINUOUS
10
1.3988827952755905
20
0.2064738582677165
11
1.3987630708661416
21
0.20637
0
LINE
8
BLACK
6
CONTINUOUS
10
1.3987630708661416
20
0.20637
11
1.3983854724409448
21
0.2059099212598425
0
LINE
8
BLACK
6
CONTINUOUS
10
1.3983854724409448
20
0.2059099212598425
11
1.395528346456693
21
0.2030527952755906
0
LINE
8
BLACK
6
CONTINUOUS
10
1.395528346456693
20
0.2030527952755906
11
1.3950682283464566
21
0.2026751574803149
0
LINE
8
BLACK
6
CONTINUOUS
10
1.3950682283464566
20
0.2026751574803149
11
1.3949644094488189
21
0.2025554724409449
0
LINE
8
BLACK
6
CONTINUOUS
10
1.3949644094488189
20
0.2025554724409449
11
1.3947838976377953
21
0.202441811023622
0
LINE
8
BLACK
6
CONTINUOUS
10
1.3947838976377953
20
0.202441811023622
11
1.3946191338582676
21
0.2023066141732283
0
LINE
8
BLACK
6
CONTINUOUS
10
1.3946191338582676
20
0.2023066141732283
11
1.3944727952755904
21
0.2022459842519685
0
LINE
8
BLACK
6
CONTINUOUS
10
1.3944727952755904
20
0.2022459842519685
11
1.3939690157480316
21
0.2019288582677165
0
LINE
8
BLACK
6
CONTINUOUS
10
1.3939690157480316
20
0.2019288582677165
11
1.3882547244094487
21
0.1990716929133858
0
LINE
8
BLACK
6
CONTINUOUS
10
1.3882547244094487
20
0.1990716929133858
11
1.3871561811023623
21
0.1986513385826772
0
LINE
8
BLACK
6
CONTINUOUS
10
1.3871561811023623
20
0.1986513385826772
11
1.3869411417322834
21
0.1986360236220472
0
LINE
8
BLACK
6
CONTINUOUS
10
1.3869411417322834
20
0.1986360236220472
11
1.3867419685039371
21
0.1985535433070866
0
LINE
8
BLACK
6
CONTINUOUS
10
1.3867419685039371
20
0.1985535433070866
11
1.3855714173228346
21
0.1984382677165354
0
LINE
8
BLACK
6
CONTINUOUS
10
1.3855714173228346
20
0.1984382677165354
11
1.3687142913385826
21
0.1984382677165354
0
LINE
8
BLACK
6
CONTINUOUS
10
1.3687142913385826
20
0.1984382677165354
11
1.3687142913385826
21
0.1758668503937008
0
LINE
8
BLACK
6
CONTINUOUS
10
1.3687142913385826
20
0.1758668503937008
11
1.3685990157480314
21
0.1746962992125984
0
LINE
8
BLACK
6
CONTINUOUS
10
1.3685990157480314
20
0.1746962992125984
11
1.3677031102362205
21
0.1725334251968504
0
LINE
8
BLACK
6
CONTINUOUS
10
1.3677031102362205
20
0.1725334251968504
11
1.366047716535433
21
0.170878031496063
0
LINE
8
BLACK
6
CONTINUOUS
10
1.366047716535433
20
0.170878031496063
11
1.363884842519685
21
0.169982125984252
0
LINE
8
BLACK
6
CONTINUOUS
10
1.363884842519685
20
0.169982125984252
11
1.3615437401574804
21
0.169982125984252
0
LINE
8
BLACK
6
CONTINUOUS
10
1.3615437401574804
20
0.169982125984252
11
1.3593808661417321
21
0.170878031496063
0
LINE
8
BLACK
6
CONTINUOUS
10
1.3593808661417321
20
0.170878031496063
11
1.3577254724409449
21
0.1725334251968504
0
LINE
8
BLACK
6
CONTINUOUS
10
1.3577254724409449
20
0.1725334251968504
11
1.3568295669291339
21
0.1746962992125984
0
LINE
8
BLACK
6
CONTINUOUS
10
1.3568295669291339
20
0.1746962992125984
11
1.3567142913385826
21
0.1758668503937008
0
LINE
8
BLACK
6
CONTINUOUS
10
1.3567142913385826
20
0.1758668503937008
11
1.3567142913385826
21
0.2358668503937008
0
LINE
8
BLACK
6
CONTINUOUS
10
1.3567142913385826
20
0.2358668503937008
11
1.3568295669291339
21
0.2370374015748031
0
LINE
8
BLACK
6
CONTINUOUS
10
1.3568295669291339
20
0.2370374015748031
11
1.3577254724409449
21
0.2392002755905512
0
LINE
8
BLACK
6
CONTINUOUS
10
1.3577254724409449
20
0.2392002755905512
11
1.3593808661417321
21
0.2408556692913386
0
LINE
8
BLACK
6
CONTINUOUS
10
1.3593808661417321
20
0.2408556692913386
11
1.3615437401574804
21
0.2417515748031496
0
LINE
8
BLACK
6
CONTINUOUS
10
1.3615437401574804
20
0.2417515748031496
11
1.3627142913385826
21
0.2418668503937008
0
LINE
8
BLACK
6
CONTINUOUS
10
1.3627142913385826
20
0.2418668503937008
11
1.3855714173228346
21
0.2418668503937008
0
LINE
8
BLACK
6
CONTINUOUS
10
1.3855714173228346
20
0.2418668503937008
11
1.3867419685039371
21
0.2417515748031496
0
LINE
8
BLACK
6
CONTINUOUS
10
1.3687142913385826
20
0.2104382677165354
11
1.3841549606299213
21
0.2104382677165354
0
LINE
8
BLACK
6
CONTINUOUS
10
1.3841549606299213
20
0.2104382677165354
11
1.3877315748031496
21
0.2122265748031496
0
LINE
8
BLACK
6
CONTINUOUS
10
1.3877315748031496
20
0.2122265748031496
11
1.389211653543307
21
0.2137066535433071
0
LINE
8
BLACK
6
CONTINUOUS
10
1.389211653543307
20
0.2137066535433071
11
1.391
21
0.2172833070866142
0
LINE
8
BLACK
6
CONTINUOUS
10
1.391
20
0.2172833070866142
11
1.391
21
0.2230217716535433
0
LINE
8
BLACK
6
CONTINUOUS
10
1.391
20
0.2230217716535433
11
1.389211653543307
21
0.2265983858267716
0
LINE
8
BLACK
6
CONTINUOUS
10
1.389211653543307
20
0.2265983858267716
11
1.3877315354330708
21
0.2280785826771654
0
LINE
8
BLACK
6
CONTINUOUS
10
1.3877315354330708
20
0.2280785826771654
11
1.384155
21
0.2298668503937008
0
LINE
8
BLACK
6
CONTINUOUS
10
1.384155
20
0.2298668503937008
11
1.3687142913385826
21
0.2298668503937008
0
LINE
8
BLACK
6
CONTINUOUS
10
1.3687142913385826
20
0.2298668503937008
11
1.3687142913385826
21
0.2104382677165354
0
LINE
8
BLACK
6
CONTINUOUS
10
0.91
20
0.205
11
0.845
21
0.205
0
LINE
8
BLACK
6
CONTINUOUS
10
0.845
20
0.205
11
0.845
21
0.27
0
LINE
8
BLACK
6
CONTINUOUS
10
0.845
20
0.27
11
0.91
21
0.27
0
LINE
8
BLACK
6
CONTINUOUS
10
0.91
20
0.27
11
0.91
21
0.205
0
LINE
8
BLACK
6
CONTINUOUS
10
0.91
20
0.305
11
0.845
21
0.305
0
LINE
8
BLACK
6
CONTINUOUS
10
0.845
20
0.305
11
0.845
21
0.37
0
LINE
8
BLACK
6
CONTINUOUS
10
0.845
20
0.37
11
0.91
21
0.37
0
LINE
8
BLACK
6
CONTINUOUS
10
0.91
20
0.37
11
0.91
21
0.305
0
LINE
8
BLACK
6
CONTINUOUS
10
0.8099999999999999
20
0.205
11
0.745
21
0.205
0
LINE
8
BLACK
6
CONTINUOUS
10
0.745
20
0.205
11
0.745
21
0.27
0
LINE
8
BLACK
6
CONTINUOUS
10
0.745
20
0.27
11
0.8099999999999999
21
0.27
0
LINE
8
BLACK
6
CONTINUOUS
10
0.8099999999999999
20
0.27
11
0.8099999999999999
21
0.205
0
LINE
8
BLACK
6
CONTINUOUS
10
0.8099999999999999
20
0.305
11
0.745
21
0.305
0
LINE
8
BLACK
6
CONTINUOUS
10
0.745
20
0.305
11
0.745
21
0.37
0
LINE
8
BLACK
6
CONTINUOUS
10
0.745
20
0.37
11
0.8099999999999999
21
0.37
0
LINE
8
BLACK
6
CONTINUOUS
10
0.8099999999999999
20
0.37
11
0.8099999999999999
21
0.305
0
LINE
8
BLACK
6
CONTINUOUS
10
0.71
20
0.205
11
0.645
21
0.205
0
LINE
8
BLACK
6
CONTINUOUS
10
0.645
20
0.205
11
0.645
21
0.27
0
LINE
8
BLACK
6
CONTINUOUS
10
0.645
20
0.27
11
0.71
21
0.27
0
LINE
8
BLACK
6
CONTINUOUS
10
0.71
20
0.27
11
0.71
21
0.205
0
LINE
8
BLACK
6
CONTINUOUS
10
0.71
20
0.305
11
0.645
21
0.305
0
LINE
8
BLACK
6
CONTINUOUS
10
0.645
20
0.305
11
0.645
21
0.37
0
LINE
8
BLACK
6
CONTINUOUS
10
0.645
20
0.37
11
0.71
21
0.37
0
LINE
8
BLACK
6
CONTINUOUS
10
0.71
20
0.37
11
0.71
21
0.305
0
LINE
8
BLACK
6
CONTINUOUS
10
0.7275
20
0.3925
11
0.8275
21
0.3925
0
LINE
8
BLACK
6
CONTINUOUS
10
0.8275
20
0.3925
11
0.9275
21
0.3925
0
LINE
8
BLACK
6
CONTINUOUS
10
0.9275
20
0.3925
11
0.9284754330708661
21
0.392403937007874
0
LINE
8
BLACK
6
CONTINUOUS
10
0.9284754330708661
20
0.392403937007874
11
0.9302778346456693
21
0.3916573622047244
0
LINE
8
BLACK
6
CONTINUOUS
10
0.9302778346456693
20
0.3916573622047244
11
0.9316573622047244
21
0.3902778346456693
0
LINE
8
BLACK
6
CONTINUOUS
10
0.9316573622047244
20
0.3902778346456693
11
0.9324039370078739
21
0.3884754330708661
0
LINE
8
BLACK
6
CONTINUOUS
10
0.9324039370078739
20
0.3884754330708661
11
0.9325
21
0.3875
0
LINE
8
BLACK
6
CONTINUOUS
10
0.9325
20
0.3875
11
0.9325
21
0.2875
0
LINE
8
BLACK
6
CONTINUOUS
10
0.9325
20
0.2875
11
0.9325
21
0.1875
0
LINE
8
BLACK
6
CONTINUOUS
10
0.9325
20
0.1875
11
0.9324039370078739
21
0.1865245669291339
0
LINE
8
BLACK
6
CONTINUOUS
10
0.9324039370078739
20
0.1865245669291339
11
0.9316573622047244
21
0.1847221653543307
0
LINE
8
BLACK
6
CONTINUOUS
10
0.9316573622047244
20
0.1847221653543307
11
0.9302778346456693
21
0.1833426377952756
0
LINE
8
BLACK
6
CONTINUOUS
10
0.9302778346456693
20
0.1833426377952756
11
0.9284754330708661
21
0.182596062992126
0
LINE
8
BLACK
6
CONTINUOUS
10
0.9284754330708661
20
0.182596062992126
11
0.9275
21
0.1825
0
LINE
8
BLACK
6
CONTINUOUS
10
0.9275
20
0.1825
11
0.8275
21
0.1825
0
LINE
8
BLACK
6
CONTINUOUS
10
0.8275
20
0.1825
11
0.7275
21
0.1825
0
LINE
8
BLACK
6
CONTINUOUS
10
0.7275
20
0.1825
11
0.6274999999999999
21
0.1825
0
LINE
8
BLACK
6
CONTINUOUS
10
0.6274999999999999
20
0.1825
11
0.6265245669291338
21
0.182596062992126
0
LINE
8
BLACK
6
CONTINUOUS
10
0.6265245669291338
20
0.182596062992126
11
0.6247221653543307
21
0.1833426377952756
0
LINE
8
BLACK
6
CONTINUOUS
10
0.6247221653543307
20
0.1833426377952756
11
0.6233426377952755
21
0.1847221653543307
0
LINE
8
BLACK
6
CONTINUOUS
10
0.6233426377952755
20
0.1847221653543307
11
0.622596062992126
21
0.1865245669291339
0
LINE
8
BLACK
6
CONTINUOUS
10
0.622596062992126
20
0.1865245669291339
11
0.6224999999999999
21
0.1875
0
LINE
8
BLACK
6
CONTINUOUS
10
0.6224999999999999
20
0.1875
11
0.6224999999999999
21
0.2875
0
LINE
8
BLACK
6
CONTINUOUS
10
0.6224999999999999
20
0.2875
11
0.6224999999999999
21
0.3875
0
LINE
8
BLACK
6
CONTINUOUS
10
0.6224999999999999
20
0.3875
11
0.622596062992126
21
0.3884754330708661
0
LINE
8
BLACK
6
CONTINUOUS
10
0.622596062992126
20
0.3884754330708661
11
0.6233426377952755
21
0.3902778346456693
0
LINE
8
BLACK
6
CONTINUOUS
10
0.6233426377952755
20
0.3902778346456693
11
0.6247221653543307
21
0.3916573622047244
0
LINE
8
BLACK
6
CONTINUOUS
10
0.6247221653543307
20
0.3916573622047244
11
0.6265245669291338
21
0.392403937007874
0
LINE
8
BLACK
6
CONTINUOUS
10
0.6265245669291338
20
0.392403937007874
11
0.6274999999999999
21
0.3925
0
LINE
8
BLACK
6
CONTINUOUS
10
0.6274999999999999
20
0.3925
11
0.7275
21
0.3925
0
LINE
8
BLACK
6
CONTINUOUS
10
0.8325
20
0.3825
11
0.8325
21
0.2875
0
LINE
8
BLACK
6
CONTINUOUS
10
0.8325
20
0.2875
11
0.8325
21
0.1925
0
LINE
8
BLACK
6
CONTINUOUS
10
0.8325
20
0.1925
11
0.9225
21
0.1925
0
LINE
8
BLACK
6
CONTINUOUS
10
0.9225
20
0.1925
11
0.9225
21
0.2875
0
LINE
8
BLACK
6
CONTINUOUS
10
0.9225
20
0.2875
11
0.9225
21
0.3825
0
LINE
8
BLACK
6
CONTINUOUS
10
0.9225
20
0.3825
11
0.8325
21
0.3825
0
LINE
8
BLACK
6
CONTINUOUS
10
0.7324999999999999
20
0.3825
11
0.7324999999999999
21
0.2875
0
LINE
8
BLACK
6
CONTINUOUS
10
0.7324999999999999
20
0.2875
11
0.7324999999999999
21
0.1925
0
LINE
8
BLACK
6
CONTINUOUS
10
0.7324999999999999
20
0.1925
11
0.8225
21
0.1925
0
LINE
8
BLACK
6
CONTINUOUS
10
0.8225
20
0.1925
11
0.8225
21
0.2875
0
LINE
8
BLACK
6
CONTINUOUS
10
0.8225
20
0.2875
11
0.8225
21
0.3825
0
LINE
8
BLACK
6
CONTINUOUS
10
0.8225
20
0.3825
11
0.7324999999999999
21
0.3825
0
LINE
8
BLACK
6
CONTINUOUS
10
0.6325
20
0.3825
11
0.6325
21
0.2875
0
LINE
8
BLACK
6
CONTINUOUS
10
0.6325
20
0.2875
11
0.6325
21
0.1925
0
LINE
8
BLACK
6
CONTINUOUS
10
0.6325
20
0.1925
11
0.7225
21
0.1925
0
LINE
8
BLACK
6
CONTINUOUS
10
0.7225
20
0.1925
11
0.7225
21
0.2875
0
LINE
8
BLACK
6
CONTINUOUS
10
0.7225
20
0.2875
11
0.7225
21
0.3825
0
LINE
8
BLACK
6
CONTINUOUS
10
0.7225
20
0.3825
11
0.6325
21
0.3825
0
LINE
8
BLACK
6
CONTINUOUS
10
1.030008779527559
20
0.2873396456692913
11
1.0310949999999999
21
0.2862534251968504
0
LINE
8
BLACK
6
CONTINUOUS
10
1.0310949999999999
20
0.2862534251968504
11
1.031682874015748
21
0.2848342125984252
0
LINE
8
BLACK
6
CONTINUOUS
10
1.031682874015748
20
0.2848342125984252
11
1.0317585039370079
21
0.2840661417322835
0
LINE
8
BLACK
6
CONTINUOUS
10
1.0317585039370079
20
0.2840661417322835
11
1.0317585039370079
21
0.2559446850393701
0
LINE
8
BLACK
6
CONTINUOUS
10
1.0317585039370079
20
0.2559446850393701
11
1.0317201968503937
21
0.2555559448818898
0
LINE
8
BLACK
6
CONTINUOUS
10
1.0317201968503937
20
0.2555559448818898
11
1.0317275984251968
21
0.2554522440944882
0
LINE
8
BLACK
6
CONTINUOUS
10
1.0317275984251968
20
0.2554522440944882
11
1.0316965748031497
21
0.2553158661417323
0
LINE
8
BLACK
6
CONTINUOUS
10
1.0316965748031497
20
0.2553158661417323
11
1.031682874015748
21
0.2551766141732283
0
LINE
8
BLACK
6
CONTINUOUS
10
1.031682874015748
20
0.2551766141732283
11
1.031643031496063
21
0.2550804724409449
0
LINE
8
BLACK
6
CONTINUOUS
10
1.031643031496063
20
0.2550804724409449
11
1.0315564566929134
21
0.2546996850393701
0
LINE
8
BLACK
6
CONTINUOUS
10
1.0315564566929134
20
0.2546996850393701
11
1.0296816929133858
21
0.2490753937007874
0
LINE
8
BLACK
6
CONTINUOUS
10
1.0296816929133858
20
0.2490753937007874
11
1.0293670866141733
21
0.2483706692913386
0
LINE
8
BLACK
6
CONTINUOUS
10
1.0293670866141733
20
0.2483706692913386
11
1.0292743307086614
21
0.2482637401574803
0
LINE
8
BLACK
6
CONTINUOUS
10
1.0292743307086614
20
0.2482637401574803
11
1.0292202362204723
21
0.2481331102362205
0
LINE
8
BLACK
6
CONTINUOUS
10
1.0292202362204723
20
0.2481331102362205
11
1.0287306299212597
21
0.2475364960629921
0
LINE
8
BLACK
6
CONTINUOUS
10
1.0287306299212597
20
0.2475364960629921
11
1.0249811023622046
21
0.243786968503937
0
LINE
8
BLACK
6
CONTINUOUS
10
1.0249811023622046
20
0.243786968503937
11
1.0243844881889763
21
0.2432973622047244
0
LINE
8
BLACK
6
CONTINUOUS
10
1.0243844881889763
20
0.2432973622047244
11
1.0242538188976378
21
0.2432432283464567
0
LINE
8
BLACK
6
CONTINUOUS
10
1.0242538188976378
20
0.2432432283464567
11
1.024146968503937
21
0.2431505511811023
0
LINE
8
BLACK
6
CONTINUOUS
10
1.024146968503937
20
0.2431505511811023
11
1.0234422440944881
21
0.242835905511811
0
LINE
8
BLACK
6
CONTINUOUS
10
1.0234422440944881
20
0.242835905511811
11
1.0178179133858267
21
0.2409611023622047
0
LINE
8
BLACK
6
CONTINUOUS
10
1.0178179133858267
20
0.2409611023622047
11
1.0174370866141733
21
0.2408744881889764
0
LINE
8
BLACK
6
CONTINUOUS
10
1.0174370866141733
20
0.2408744881889764
11
1.0173409842519685
21
0.2408346850393701
0
LINE
8
BLACK
6
CONTINUOUS
10
1.0173409842519685
20
0.2408346850393701
11
1.0172016929133858
21
0.2408209448818898
0
LINE
8
BLACK
6
CONTINUOUS
10
1.0172016929133858
20
0.2408209448818898
11
1.0170653543307087
21
0.2407899606299213
0
LINE
8
BLACK
6
CONTINUOUS
10
1.0170653543307087
20
0.2407899606299213
11
1.0169616141732283
21
0.2407973228346457
0
LINE
8
BLACK
6
CONTINUOUS
10
1.0169616141732283
20
0.2407973228346457
11
1.0165729133858268
21
0.2407590551181102
0
LINE
8
BLACK
6
CONTINUOUS
10
1.0165729133858268
20
0.2407590551181102
11
1.0128233858267717
21
0.2407590551181102
0
LINE
8
BLACK
6
CONTINUOUS
10
1.0128233858267717
20
0.2407590551181102
11
1.0120553149606299
21
0.2408346850393701
0
LINE
8
BLACK
6
CONTINUOUS
10
1.0120553149606299
20
0.2408346850393701
11
1.0106361023622048
21
0.2414225590551181
0
LINE
8
BLACK
6
CONTINUOUS
10
1.0106361023622048
20
0.2414225590551181
11
1.0095498818897637
21
0.2425087795275591
0
LINE
8
BLACK
6
CONTINUOUS
10
1.0095498818897637
20
0.2425087795275591
11
1.0089620078740158
21
0.2439279921259842
0
LINE
8
BLACK
6
CONTINUOUS
10
1.0089620078740158
20
0.2439279921259842
11
1.0089620078740158
21
0.2454641338582677
0
LINE
8
BLACK
6
CONTINUOUS
10
1.0089620078740158
20
0.2454641338582677
11
1.0095498818897637
21
0.2468833464566929
0
LINE
8
BLACK
6
CONTINUOUS
10
1.0095498818897637
20
0.2468833464566929
11
1.0106361023622048
21
0.2479695669291339
0
LINE
8
BLACK
6
CONTINUOUS
10
1.0106361023622048
20
0.2479695669291339
11
1.0120553149606299
21
0.2485574409448819
0
LINE
8
BLACK
6
CONTINUOUS
10
1.0120553149606299
20
0.2485574409448819
11
1.0128233858267717
21
0.2486330708661417
0
LINE
8
BLACK
6
CONTINUOUS
10
1.0128233858267717
20
0.2486330708661417
11
1.0159340551181102
21
0.2486330708661417
0
LINE
8
BLACK
6
CONTINUOUS
10
1.0159340551181102
20
0.2486330708661417
11
1.0200704330708661
21
0.2500118897637795
0
LINE
8
BLACK
6
CONTINUOUS
10
1.0200704330708661
20
0.2500118897637795
11
1.0225056692913386
21
0.252447125984252
0
LINE
8
BLACK
6
CONTINUOUS
10
1.0225056692913386
20
0.252447125984252
11
1.0238844881889764
21
0.2565835039370079
0
LINE
8
BLACK
6
CONTINUOUS
10
1.0238844881889764
20
0.2565835039370079
11
1.0238844881889764
21
0.2840661417322835
0
LINE
8
BLACK
6
CONTINUOUS
10
1.0238844881889764
20
0.2840661417322835
11
1.0239601181102362
21
0.2848342125984252
0
LINE
8
BLACK
6
CONTINUOUS
10
1.0239601181102362
20
0.2848342125984252
11
1.0245479921259841
21
0.2862534251968504
0
LINE
8
BLACK
6
CONTINUOUS
10
1.0245479921259841
20
0.2862534251968504
11
1.0256342125984252
21
0.2873396456692913
0
LINE
8
BLACK
6
CONTINUOUS
10
1.0256342125984252
20
0.2873396456692913
11
1.0270534251968504
21
0.2879275196850394
0
LINE
8
BLACK
6
CONTINUOUS
10
1.0270534251968504
20
0.2879275196850394
11
1.0285895669291338
21
0.2879275196850394
0
LINE
8
BLACK
6
CONTINUOUS
10
1.0285895669291338
20
0.2879275196850394
11
1.030008779527559
21
0.2873396456692913
0
LINE
8
BLACK
6
CONTINUOUS
10
1.0957017716535433
20
0.287964842519685
11
1.0958054724409449
21
0.2879722440944882
0
LINE
8
BLACK
6
CONTINUOUS
10
1.0958054724409449
20
0.2879722440944882
11
1.0959418110236221
21
0.2879412204724409
0
LINE
8
BLACK
6
CONTINUOUS
10
1.0959418110236221
20
0.2879412204724409
11
1.0960811417322835
21
0.2879275196850394
0
LINE
8
BLACK
6
CONTINUOUS
10
1.0960811417322835
20
0.2879275196850394
11
1.0961772834645669
21
0.2878876771653543
0
LINE
8
BLACK
6
CONTINUOUS
10
1.0961772834645669
20
0.2878876771653543
11
1.0965580708661418
21
0.2878011023622047
0
LINE
8
BLACK
6
CONTINUOUS
10
1.0965580708661418
20
0.2878011023622047
11
1.1021823228346457
21
0.2859263385826772
0
LINE
8
BLACK
6
CONTINUOUS
10
1.1021823228346457
20
0.2859263385826772
11
1.1028870866141731
21
0.2856117322834645
0
LINE
8
BLACK
6
CONTINUOUS
10
1.1028870866141731
20
0.2856117322834645
11
1.1029939763779528
21
0.2855189763779528
0
LINE
8
BLACK
6
CONTINUOUS
10
1.1029939763779528
20
0.2855189763779528
11
1.1031246456692914
21
0.2854648818897638
0
LINE
8
BLACK
6
CONTINUOUS
10
1.1031246456692914
20
0.2854648818897638
11
1.1037212598425197
21
0.2849752755905512
0
LINE
8
BLACK
6
CONTINUOUS
10
1.1037212598425197
20
0.2849752755905512
11
1.1055959842519685
21
0.2831005118110236
0
LINE
8
BLACK
6
CONTINUOUS
10
1.1055959842519685
20
0.2831005118110236
11
1.1060856299212598
21
0.282503937007874
0
LINE
8
BLACK
6
CONTINUOUS
10
1.1060856299212598
20
0.282503937007874
11
1.1066734645669292
21
0.2810846850393701
0
LINE
8
BLACK
6
CONTINUOUS
10
1.1066734645669292
20
0.2810846850393701
11
1.1066734645669292
21
0.2795485433070866
0
LINE
8
BLACK
6
CONTINUOUS
10
1.1066734645669292
20
0.2795485433070866
11
1.1060856299212598
21
0.2781293307086614
0
LINE
8
BLACK
6
CONTINUOUS
10
1.1060856299212598
20
0.2781293307086614
11
1.1049994094488189
21
0.2770431102362205
0
LINE
8
BLACK
6
CONTINUOUS
10
1.1049994094488189
20
0.2770431102362205
11
1.1035801968503938
21
0.2764552755905512
0
LINE
8
BLACK
6
CONTINUOUS
10
1.1035801968503938
20
0.2764552755905512
11
1.1020440551181103
21
0.2764552755905512
0
LINE
8
BLACK
6
CONTINUOUS
10
1.1020440551181103
20
0.2764552755905512
11
1.1006248031496062
21
0.2770431102362205
0
LINE
8
BLACK
6
CONTINUOUS
10
1.1006248031496062
20
0.2770431102362205
11
1.1000282283464566
21
0.2775327559055118
0
LINE
8
BLACK
6
CONTINUOUS
10
1.1000282283464566
20
0.2775327559055118
11
1.0988106299212599
21
0.2787503149606299
0
LINE
8
BLACK
6
CONTINUOUS
10
1.0988106299212599
20
0.2787503149606299
11
1.0946742125984252
21
0.2801291338582677
0
LINE
8
BLACK
6
CONTINUOUS
10
1.0946742125984252
20
0.2801291338582677
11
1.0922023622047243
21
0.2801291338582677
0
LINE
8
BLACK
6
CONTINUOUS
10
1.0922023622047243
20
0.2801291338582677
11
1.0880659842519684
21
0.2787503149606299
0
LINE
8
BLACK
6
CONTINUOUS
10
1.0880659842519684
20
0.2787503149606299
11
1.0854253543307086
21
0.2761096850393701
0
LINE
8
BLACK
6
CONTINUOUS
10
1.0854253543307086
20
0.2761096850393701
11
1.0840295669291338
21
0.2733181102362205
0
LINE
8
BLACK
6
CONTINUOUS
10
1.0840295669291338
20
0.2733181102362205
11
1.0823772047244093
21
0.2667086220472441
0
LINE
8
BLACK
6
CONTINUOUS
10
1.0823772047244093
20
0.2667086220472441
11
1.0823772047244093
21
0.2620536220472441
0
LINE
8
BLACK
6
CONTINUOUS
10
1.0823772047244093
20
0.2620536220472441
11
1.0840295669291338
21
0.2554440944881889
0
LINE
8
BLACK
6
CONTINUOUS
10
1.0840295669291338
20
0.2554440944881889
11
1.0854253543307086
21
0.2526525196850394
0
LINE
8
BLACK
6
CONTINUOUS
10
1.0854253543307086
20
0.2526525196850394
11
1.0880659842519684
21
0.2500118897637795
0
LINE
8
BLACK
6
CONTINUOUS
10
1.0880659842519684
20
0.2500118897637795
11
1.0922024409448818
21
0.2486330708661417
0
LINE
8
BLACK
6
CONTINUOUS
10
1.0922024409448818
20
0.2486330708661417
11
1.0946742125984252
21
0.2486330708661417
0
LINE
8
BLACK
6
CONTINUOUS
10
1.0946742125984252
20
0.2486330708661417
11
1.0988105905511811
21
0.2500118897637795
0
LINE
8
BLACK
6
CONTINUOUS
10
1.0988105905511811
20
0.2500118897637795
11
1.1000282283464566
21
0.2512294881889764
0
LINE
8
BLACK
6
CONTINUOUS
10
1.1000282283464566
20
0.2512294881889764
11
1.1006248031496062
21
0.2517191338582677
0
LINE
8
BLACK
6
CONTINUOUS
10
1.1006248031496062
20
0.2517191338582677
11
1.1020440551181103
21
0.252306968503937
0
LINE
8
BLACK
6
CONTINUOUS
10
1.1020440551181103
20
0.252306968503937
11
1.1035801968503938
21
0.252306968503937
0
LINE
8
BLACK
6
CONTINUOUS
10
1.1035801968503938
20
0.252306968503937
11
1.1049994094488189
21
0.2517191338582677
0
LINE
8
BLACK
6
CONTINUOUS
10
1.1049994094488189
20
0.2517191338582677
11
1.1060856299212598
21
0.2506329133858268
0
LINE
8
BLACK
6
CONTINUOUS
10
1.1060856299212598
20
0.2506329133858268
11
1.1066734645669292
21
0.2492137007874016
0
LINE
8
BLACK
6
CONTINUOUS
10
1.1066734645669292
20
0.2492137007874016
11
1.1066734645669292
21
0.2476775590551181
0
LINE
8
BLACK
6
CONTINUOUS
10
1.1066734645669292
20
0.2476775590551181
11
1.1060856299212598
21
0.2462583070866142
0
LINE
8
BLACK
6
CONTINUOUS
10
1.1060856299212598
20
0.2462583070866142
11
1.1055959842519685
21
0.2456617322834646
0
LINE
8
BLACK
6
CONTINUOUS
10
1.1055959842519685
20
0.2456617322834646
11
1.1037212598425197
21
0.243786968503937
0
LINE
8
BLACK
6
CONTINUOUS
10
1.1037212598425197
20
0.243786968503937
11
1.1031246456692914
21
0.2432973622047244
0
LINE
8
BLACK
6
CONTINUOUS
10
1.1031246456692914
20
0.2432973622047244
11
1.1029939763779528
21
0.2432432283464567
0
LINE
8
BLACK
6
CONTINUOUS
10
1.1029939763779528
20
0.2432432283464567
11
1.1028871259842519
21
0.2431505511811023
0
LINE
8
BLACK
6
CONTINUOUS
10
1.1028871259842519
20
0.2431505511811023
11
1.1021824015748032
21
0.242835905511811
0
LINE
8
BLACK
6
CONTINUOUS
10
1.1021824015748032
20
0.242835905511811
11
1.0965580708661418
21
0.2409611023622047
0
LINE
8
BLACK
6
CONTINUOUS
10
1.0965580708661418
20
0.2409611023622047
11
1.0961772440944881
21
0.2408744881889764
0
LINE
8
BLACK
6
CONTINUOUS
10
1.0961772440944881
20
0.2408744881889764
11
1.0960811417322835
21
0.2408346850393701
0
LINE
8
BLACK
6
CONTINUOUS
10
1.0960811417322835
20
0.2408346850393701
11
1.0959418503937008
21
0.2408209448818898
0
LINE
8
BLACK
6
CONTINUOUS
10
1.0959418503937008
20
0.2408209448818898
11
1.0958055118110237
21
0.2407899606299213
0
LINE
8
BLACK
6
CONTINUOUS
10
1.0958055118110237
20
0.2407899606299213
11
1.0957017716535433
21
0.2407973228346457
0
LINE
8
BLACK
6
CONTINUOUS
10
1.0957017716535433
20
0.2407973228346457
11
1.0953130708661416
21
0.2407590551181102
0
LINE
8
BLACK
6
CONTINUOUS
10
1.0953130708661416
20
0.2407590551181102
11
1.0915635433070865
21
0.2407590551181102
0
LINE
8
BLACK
6
CONTINUOUS
10
1.0915635433070865
20
0.2407590551181102
11
1.0911748031496062
21
0.2407973228346457
0
LINE
8
BLACK
6
CONTINUOUS
10
1.0911748031496062
20
0.2407973228346457
11
1.0910711023622046
21
0.2407899606299213
0
LINE
8
BLACK
6
CONTINUOUS
10
1.0910711023622046
20
0.2407899606299213
11
1.0909347244094487
21
0.2408209448818898
0
LINE
8
BLACK
6
CONTINUOUS
10
1.0909347244094487
20
0.2408209448818898
11
1.0907954724409448
21
0.2408346850393701
0
LINE
8
BLACK
6
CONTINUOUS
10
1.0907954724409448
20
0.2408346850393701
11
1.0906993307086614
21
0.2408744881889764
0
LINE
8
BLACK
6
CONTINUOUS
10
1.0906993307086614
20
0.2408744881889764
11
1.0903185433070866
21
0.2409611023622047
0
LINE
8
BLACK
6
CONTINUOUS
10
1.0903185433070866
20
0.2409611023622047
11
1.0846942519685039
21
0.242835905511811
0
LINE
8
BLACK
6
CONTINUOUS
10
1.0846942519685039
20
0.242835905511811
11
1.0839894881889764
21
0.2431505511811023
0
LINE
8
BLACK
6
CONTINUOUS
10
1.0839894881889764
20
0.2431505511811023
11
1.0838825984251967
21
0.2432432283464567
0
LINE
8
BLACK
6
CONTINUOUS
10
1.0838825984251967
20
0.2432432283464567
11
1.083751968503937
21
0.2432973622047244
0
LINE
8
BLACK
6
CONTINUOUS
10
1.083751968503937
20
0.2432973622047244
11
1.0831553543307086
21
0.243786968503937
0
LINE
8
BLACK
6
CONTINUOUS
10
1.0831553543307086
20
0.243786968503937
11
1.0794058267716535
21
0.2475364960629921
0
LINE
8
BLACK
6
CONTINUOUS
10
1.0794058267716535
20
0.2475364960629921
11
1.0791579921259842
21
0.2478384645669291
0
LINE
8
BLACK
6
CONTINUOUS
10
1.0791579921259842
20
0.2478384645669291
11
1.0790794881889763
21
0.2479065748031496
0
LINE
8
BLACK
6
CONTINUOUS
10
1.0790794881889763
20
0.2479065748031496
11
1.0790049212598425
21
0.2480249606299212
0
LINE
8
BLACK
6
CONTINUOUS
10
1.0790049212598425
20
0.2480249606299212
11
1.078916220472441
21
0.2481331102362205
0
LINE
8
BLACK
6
CONTINUOUS
10
1.078916220472441
20
0.2481331102362205
11
1.0788764173228347
21
0.2482291338582677
0
LINE
8
BLACK
6
CONTINUOUS
10
1.0788764173228347
20
0.2482291338582677
11
1.0786683464566929
21
0.2485597244094488
0
LINE
8
BLACK
6
CONTINUOUS
10
1.0786683464566929
20
0.2485597244094488
11
1.0767935826771653
21
0.252309251968504
0
LINE
8
BLACK
6
CONTINUOUS
10
1.0767935826771653
20
0.252309251968504
11
1.0767720866141732
21
0.2523653937007874
0
LINE
8
BLACK
6
CONTINUOUS
10
1.0767720866141732
20
0.2523653937007874
11
1.0767551574803149
21
0.2523882677165354
0
LINE
8
BLACK
6
CONTINUOUS
10
1.0767551574803149
20
0.2523882677165354
11
1.0766401181102363
21
0.2527101574803149
0
LINE
8
BLACK
6
CONTINUOUS
10
1.0766401181102363
20
0.2527101574803149
11
1.0765177559055117
21
0.2530300393700787
0
LINE
8
BLACK
6
CONTINUOUS
10
1.0765177559055117
20
0.2530300393700787
11
1.0765157086614172
21
0.2530584645669292
0
LINE
8
BLACK
6
CONTINUOUS
10
1.0765157086614172
20
0.2530584645669292
11
1.0764955118110235
21
0.2531150787401575
0
LINE
8
BLACK
6
CONTINUOUS
10
1.0764955118110235
20
0.2531150787401575
11
1.074620748031496
21
0.260614094488189
0
LINE
8
BLACK
6
CONTINUOUS
10
1.074620748031496
20
0.260614094488189
11
1.0746010236220471
21
0.2607472047244094
0
LINE
8
BLACK
6
CONTINUOUS
10
1.0746010236220471
20
0.2607472047244094
11
1.0745788188976377
21
0.260800905511811
0
LINE
8
BLACK
6
CONTINUOUS
10
1.0745788188976377
20
0.260800905511811
11
1.0745503149606299
21
0.2610902755905512
0
LINE
8
BLACK
6
CONTINUOUS
10
1.0745503149606299
20
0.2610902755905512
11
1.0745078346456693
21
0.2613775984251969
0
LINE
8
BLACK
6
CONTINUOUS
10
1.0745078346456693
20
0.2613775984251969
11
1.0745163779527558
21
0.261435
0
LINE
8
BLACK
6
CONTINUOUS
10
1.0745163779527558
20
0.261435
11
1.0745031889763779
21
0.2615689763779527
0
LINE
8
BLACK
6
CONTINUOUS
10
1.0745031889763779
20
0.2615689763779527
11
1.0745031889763779
21
0.2671932677165355
0
LINE
8
BLACK
6
CONTINUOUS
10
1.0745031889763779
20
0.2671932677165355
11
1.0745163779527558
21
0.2673272047244095
0
LINE
8
BLACK
6
CONTINUOUS
10
1.0745163779527558
20
0.2673272047244095
11
1.0745078346456693
21
0.2673846456692913
0
LINE
8
BLACK
6
CONTINUOUS
10
1.0745078346456693
20
0.2673846456692913
11
1.0745503149606299
21
0.2676719291338583
0
LINE
8
BLACK
6
CONTINUOUS
10
1.0745503149606299
20
0.2676719291338583
11
1.0745788188976377
21
0.2679613385826772
0
LINE
8
BLACK
6
CONTINUOUS
10
1.0745788188976377
20
0.2679613385826772
11
1.0746010236220471
21
0.268015
0
LINE
8
BLACK
6
CONTINUOUS
10
1.0746010236220471
20
0.268015
11
1.074620748031496
21
0.2681481496062992
0
LINE
8
BLACK
6
CONTINUOUS
10
1.074620748031496
20
0.2681481496062992
11
1.0764955118110235
21
0.2756471653543307
0
LINE
8
BLACK
6
CONTINUOUS
10
1.0764955118110235
20
0.2756471653543307
11
1.0765157086614172
21
0.2757037401574803
0
LINE
8
BLACK
6
CONTINUOUS
10
1.0765157086614172
20
0.2757037401574803
11
1.0765177559055117
21
0.2757322047244095
0
LINE
8
BLACK
6
CONTINUOUS
10
1.0765177559055117
20
0.2757322047244095
11
1.0766401181102363
21
0.2760520472440945
0
LINE
8
BLACK
6
CONTINUOUS
10
1.0766401181102363
20
0.2760520472440945
11
1.0767551574803149
21
0.2763739763779527
0
LINE
8
BLACK
6
CONTINUOUS
10
1.0767551574803149
20
0.2763739763779527
11
1.0767720866141732
21
0.276396811023622
0
LINE
8
BLACK
6
CONTINUOUS
10
1.0767720866141732
20
0.276396811023622
11
1.0767935826771653
21
0.2764529921259842
0
LINE
8
BLACK
6
CONTINUOUS
10
1.0767935826771653
20
0.2764529921259842
11
1.0786683464566929
21
0.2802025196850393
0
LINE
8
BLACK
6
CONTINUOUS
10
1.0786683464566929
20
0.2802025196850393
11
1.0788764173228347
21
0.2805330708661417
0
LINE
8
BLACK
6
CONTINUOUS
10
1.0788764173228347
20
0.2805330708661417
11
1.078916220472441
21
0.2806291338582677
0
LINE
8
BLACK
6
CONTINUOUS
10
1.078916220472441
20
0.2806291338582677
11
1.0790049212598425
21
0.2807372440944882
0
LINE
8
BLACK
6
CONTINUOUS
10
1.0790049212598425
20
0.2807372440944882
11
1.0790794881889763
21
0.2808556692913386
0
LINE
8
BLACK
6
CONTINUOUS
10
1.0790794881889763
20
0.2808556692913386
11
1.0791579921259842
21
0.2809237401574803
0
LINE
8
BLACK
6
CONTINUOUS
10
1.0791579921259842
20
0.2809237401574803
11
1.0794058267716535
21
0.2812257480314961
0
LINE
8
BLACK
6
CONTINUOUS
10
1.0794058267716535
20
0.2812257480314961
11
1.0831553543307086
21
0.2849752755905512
0
LINE
8
BLACK
6
CONTINUOUS
10
1.0831553543307086
20
0.2849752755905512
11
1.083751968503937
21
0.2854648818897638
0
LINE
8
BLACK
6
CONTINUOUS
10
1.083751968503937
20
0.2854648818897638
11
1.0838825984251967
21
0.2855189763779528
0
LINE
8
BLACK
6
CONTINUOUS
10
1.0838825984251967
20
0.2855189763779528
11
1.0839895275590552
21
0.2856117322834645
0
LINE
8
BLACK
6
CONTINUOUS
10
1.0839895275590552
20
0.2856117322834645
11
1.0846942519685039
21
0.2859263385826772
0
LINE
8
BLACK
6
CONTINUOUS
10
1.0846942519685039
20
0.2859263385826772
11
1.0903185433070866
21
0.2878011023622047
0
LINE
8
BLACK
6
CONTINUOUS
10
1.0903185433070866
20
0.2878011023622047
11
1.0906993307086614
21
0.2878876771653543
0
LINE
8
BLACK
6
CONTINUOUS
10
1.0906993307086614
20
0.2878876771653543
11
1.0907954724409448
21
0.2879275196850394
0
LINE
8
BLACK
6
CONTINUOUS
10
1.0907954724409448
20
0.2879275196850394
11
1.0909347244094487
21
0.2879412204724409
0
LINE
8
BLACK
6
CONTINUOUS
10
1.0909347244094487
20
0.2879412204724409
11
1.0910711023622046
21
0.2879722440944882
0
LINE
8
BLACK
6
CONTINUOUS
10
1.0910711023622046
20
0.2879722440944882
11
1.0911748031496062
21
0.287964842519685
0
LINE
8
BLACK
6
CONTINUOUS
10
1.0911748031496062
20
0.287964842519685
11
1.0915635433070865
21
0.2880031496062992
0
LINE
8
BLACK
6
CONTINUOUS
10
1.0915635433070865
20
0.2880031496062992
11
1.0953130708661416
21
0.2880031496062992
0
LINE
8
BLACK
6
CONTINUOUS
10
1.0953130708661416
20
0.2880031496062992
11
1.0957017716535433
21
0.287964842519685
0
LINE
8
BLACK
6
CONTINUOUS
10
1.1766960629921259
20
0.2879275196850394
11
1.1768267716535432
21
0.2878733464566929
0
LINE
8
BLACK
6
CONTINUOUS
10
1.1768267716535432
20
0.2878733464566929
11
1.1769678740157481
21
0.2878633464566929
0
LINE
8
BLACK
6
CONTINUOUS
10
1.1769678740157481
20
0.2878633464566929
11
1.1776886614173228
21
0.2875875196850394
0
LINE
8
BLACK
6
CONTINUOUS
10
1.1776886614173228
20
0.2875875196850394
11
1.1814381889763779
21
0.2857127559055118
0
LINE
8
BLACK
6
CONTINUOUS
10
1.1814381889763779
20
0.2857127559055118
11
1.1817687401574803
21
0.2855046456692913
0
LINE
8
BLACK
6
CONTINUOUS
10
1.1817687401574803
20
0.2855046456692913
11
1.1818648031496062
21
0.2854648818897638
0
LINE
8
BLACK
6
CONTINUOUS
10
1.1818648031496062
20
0.2854648818897638
11
1.1819729133858268
21
0.2853761417322835
0
LINE
8
BLACK
6
CONTINUOUS
10
1.1819729133858268
20
0.2853761417322835
11
1.1820913385826772
21
0.2853016141732284
0
LINE
8
BLACK
6
CONTINUOUS
10
1.1820913385826772
20
0.2853016141732284
11
1.1821594094488188
21
0.2852230708661417
0
LINE
8
BLACK
6
CONTINUOUS
10
1.1821594094488188
20
0.2852230708661417
11
1.1824614173228347
21
0.2849752755905512
0
LINE
8
BLACK
6
CONTINUOUS
10
1.1824614173228347
20
0.2849752755905512
11
1.1862109448818898
21
0.2812257480314961
0
LINE
8
BLACK
6
CONTINUOUS
10
1.1862109448818898
20
0.2812257480314961
11
1.1867005511811024
21
0.2806291338582677
0
LINE
8
BLACK
6
CONTINUOUS
10
1.1867005511811024
20
0.2806291338582677
11
1.1868125590551182
21
0.2803587007874015
0
LINE
8
BLACK
6
CONTINUOUS
10
1.1868125590551182
20
0.2803587007874015
11
1.1869868503937007
21
0.2801235039370079
0
LINE
8
BLACK
6
CONTINUOUS
10
1.1869868503937007
20
0.2801235039370079
11
1.187246496062992
21
0.2793967322834646
0
LINE
8
BLACK
6
CONTINUOUS
10
1.187246496062992
20
0.2793967322834646
11
1.1891212598425196
21
0.2718976771653543
0
LINE
8
BLACK
6
CONTINUOUS
10
1.1891212598425196
20
0.2718976771653543
11
1.1891409448818897
21
0.2717645275590551
0
LINE
8
BLACK
6
CONTINUOUS
10
1.1891409448818897
20
0.2717645275590551
11
1.1891631889763778
21
0.2717108661417323
0
LINE
8
BLACK
6
CONTINUOUS
10
1.1891631889763778
20
0.2717108661417323
11
1.1891916535433071
21
0.2714214566929134
0
LINE
8
BLACK
6
CONTINUOUS
10
1.1891916535433071
20
0.2714214566929134
11
1.1892341732283465
21
0.2711341732283464
0
LINE
8
BLACK
6
CONTINUOUS
10
1.1892341732283465
20
0.2711341732283464
11
1.189225590551181
21
0.2710767322834646
0
LINE
8
BLACK
6
CONTINUOUS
10
1.189225590551181
20
0.2710767322834646
11
1.1892388188976377
21
0.2709427952755906
0
LINE
8
BLACK
6
CONTINUOUS
10
1.1892388188976377
20
0.2709427952755906
11
1.1892388188976377
21
0.2578194488188976
0
LINE
8
BLACK
6
CONTINUOUS
10
1.1892388188976377
20
0.2578194488188976
11
1.189225590551181
21
0.2576854724409449
0
LINE
8
BLACK
6
CONTINUOUS
10
1.189225590551181
20
0.2576854724409449
11
1.1892341732283465
21
0.2576280708661417
0
LINE
8
BLACK
6
CONTINUOUS
10
1.1892341732283465
20
0.2576280708661417
11
1.1891916535433071
21
0.257340748031496
0
LINE
8
BLACK
6
CONTINUOUS
10
1.1891916535433071
20
0.257340748031496
11
1.1891631889763778
21
0.2570513779527559
0
LINE
8
BLACK
6
CONTINUOUS
10
1.1891631889763778
20
0.2570513779527559
11
1.1891409448818897
21
0.2569976771653543
0
LINE
8
BLACK
6
CONTINUOUS
10
1.1891409448818897
20
0.2569976771653543
11
1.1891212598425196
21
0.2568645669291338
0
LINE
8
BLACK
6
CONTINUOUS
10
1.1891212598425196
20
0.2568645669291338
11
1.187246496062992
21
0.2493655118110236
0
LINE
8
BLACK
6
CONTINUOUS
10
1.187246496062992
20
0.2493655118110236
11
1.1869868503937007
21
0.2486387401574803
0
LINE
8
BLACK
6
CONTINUOUS
10
1.1869868503937007
20
0.2486387401574803
11
1.1868125590551182
21
0.2484035039370079
0
LINE
8
BLACK
6
CONTINUOUS
10
1.1868125590551182
20
0.2484035039370079
11
1.1867005511811024
21
0.2481331102362205
0
LINE
8
BLACK
6
CONTINUOUS
10
1.1867005511811024
20
0.2481331102362205
11
1.1862109448818898
21
0.2475364960629921
0
LINE
8
BLACK
6
CONTINUOUS
10
1.1862109448818898
20
0.2475364960629921
11
1.1824614173228347
21
0.243786968503937
0
LINE
8
BLACK
6
CONTINUOUS
10
1.1824614173228347
20
0.243786968503937
11
1.1821595669291338
21
0.2435392519685039
0
LINE
8
BLACK
6
CONTINUOUS
10
1.1821595669291338
20
0.2435392519685039
11
1.1820914173228345
21
0.2434606692913386
0
LINE
8
BLACK
6
CONTINUOUS
10
1.1820914173228345
20
0.2434606692913386
11
1.181972874015748
21
0.243386062992126
0
LINE
8
BLACK
6
CONTINUOUS
10
1.181972874015748
20
0.243386062992126
11
1.1818648031496062
21
0.2432973622047244
0
LINE
8
BLACK
6
CONTINUOUS
10
1.1818648031496062
20
0.2432973622047244
11
1.1817687401574803
21
0.2432575590551181
0
LINE
8
BLACK
6
CONTINUOUS
10
1.1817687401574803
20
0.2432575590551181
11
1.1814382283464566
21
0.2430495275590551
0
LINE
8
BLACK
6
CONTINUOUS
10
1.1814382283464566
20
0.2430495275590551
11
1.1776887007874015
21
0.2411747244094488
0
LINE
8
BLACK
6
CONTINUOUS
10
1.1776887007874015
20
0.2411747244094488
11
1.1769679133858268
21
0.2408988582677165
0
LINE
8
BLACK
6
CONTINUOUS
10
1.1769679133858268
20
0.2408988582677165
11
1.1768267322834645
21
0.2408888188976378
0
LINE
8
BLACK
6
CONTINUOUS
10
1.1768267322834645
20
0.2408888188976378
11
1.1766960629921259
21
0.2408346850393701
0
LINE
8
BLACK
6
CONTINUOUS
10
1.1766960629921259
20
0.2408346850393701
11
1.1759279921259842
21
0.2407590551181102
0
LINE
8
BLACK
6
CONTINUOUS
10
1.1759279921259842
20
0.2407590551181102
11
1.168428937007874
21
0.2407590551181102
0
LINE
8
BLACK
6
CONTINUOUS
10
1.168428937007874
20
0.2407590551181102
11
1.1676608661417323
21
0.2408346850393701
0
LINE
8
BLACK
6
CONTINUOUS
10
1.1676608661417323
20
0.2408346850393701
11
1.1675301181102362
21
0.2408888188976378
0
LINE
8
BLACK
6
CONTINUOUS
10
1.1675301181102362
20
0.2408888188976378
11
1.1673890551181103
21
0.2408988582677165
0
LINE
8
BLACK
6
CONTINUOUS
10
1.1673890551181103
20
0.2408988582677165
11
1.1666682283464567
21
0.2411747244094488
0
LINE
8
BLACK
6
CONTINUOUS
10
1.1666682283464567
20
0.2411747244094488
11
1.1629187007874016
21
0.2430495275590551
0
LINE
8
BLACK
6
CONTINUOUS
10
1.1629187007874016
20
0.2430495275590551
11
1.1625881889763778
21
0.2432575196850394
0
LINE
8
BLACK
6
CONTINUOUS
10
1.1625881889763778
20
0.2432575196850394
11
1.162492125984252
21
0.2432973622047244
0
LINE
8
BLACK
6
CONTINUOUS
10
1.162492125984252
20
0.2432973622047244
11
1.1623838976377951
21
0.2433861417322835
0
LINE
8
BLACK
6
CONTINUOUS
10
1.1623838976377951
20
0.2433861417322835
11
1.1622655511811024
21
0.2434606692913386
0
LINE
8
BLACK
6
CONTINUOUS
10
1.1622655511811024
20
0.2434606692913386
11
1.1621974409448819
21
0.2435391338582677
0
LINE
8
BLACK
6
CONTINUOUS
10
1.1621974409448819
20
0.2435391338582677
11
1.1618955118110237
21
0.243786968503937
0
LINE
8
BLACK
6
CONTINUOUS
10
1.1618955118110237
20
0.243786968503937
11
1.1581459842519686
21
0.2475364960629921
0
LINE
8
BLACK
6
CONTINUOUS
10
1.1581459842519686
20
0.2475364960629921
11
1.1576563779527558
21
0.2481331102362205
0
LINE
8
BLACK
6
CONTINUOUS
10
1.1576563779527558
20
0.2481331102362205
11
1.1575443307086615
21
0.2484035039370079
0
LINE
8
BLACK
6
CONTINUOUS
10
1.1575443307086615
20
0.2484035039370079
11
1.1573700787401575
21
0.2486387401574803
0
LINE
8
BLACK
6
CONTINUOUS
10
1.1573700787401575
20
0.2486387401574803
11
1.1571104330708661
21
0.2493655511811023
0
LINE
8
BLACK
6
CONTINUOUS
10
1.1571104330708661
20
0.2493655511811023
11
1.1552356692913386
21
0.2568645669291338
0
LINE
8
BLACK
6
CONTINUOUS
10
1.1552356692913386
20
0.2568645669291338
11
1.1552159448818897
21
0.2569976771653543
0
LINE
8
BLACK
6
CONTINUOUS
10
1.1552159448818897
20
0.2569976771653543
11
1.1551937401574803
21
0.2570513779527559
0
LINE
8
BLACK
6
CONTINUOUS
10
1.1551937401574803
20
0.2570513779527559
11
1.1551652362204725
21
0.257340748031496
0
LINE
8
BLACK
6
CONTINUOUS
10
1.1551652362204725
20
0.257340748031496
11
1.1551227559055117
21
0.2576280708661417
0
LINE
8
BLACK
6
CONTINUOUS
10
1.1551227559055117
20
0.2576280708661417
11
1.1551312992125984
21
0.2576854724409449
0
LINE
8
BLACK
6
CONTINUOUS
10
1.1551312992125984
20
0.2576854724409449
11
1.1551181102362205
21
0.2578194488188976
0
LINE
8
BLACK
6
CONTINUOUS
10
1.1551181102362205
20
0.2578194488188976
11
1.1551181102362205
21
0.2709427952755906
0
LINE
8
BLACK
6
CONTINUOUS
10
1.1551181102362205
20
0.2709427952755906
11
1.1551312992125984
21
0.2710767322834646
0
LINE
8
BLACK
6
CONTINUOUS
10
1.1551312992125984
20
0.2710767322834646
11
1.1551227559055117
21
0.2711341732283464
0
LINE
8
BLACK
6
CONTINUOUS
10
1.1551227559055117
20
0.2711341732283464
11
1.1551652362204725
21
0.2714214566929134
0
LINE
8
BLACK
6
CONTINUOUS
10
1.1551652362204725
20
0.2714214566929134
11
1.1551937401574803
21
0.2717108661417323
0
LINE
8
BLACK
6
CONTINUOUS
10
1.1551937401574803
20
0.2717108661417323
11
1.1552159448818897
21
0.2717645275590551
0
LINE
8
BLACK
6
CONTINUOUS
10
1.1552159448818897
20
0.2717645275590551
11
1.1552356692913386
21
0.2718976771653543
0
LINE
8
BLACK
6
CONTINUOUS
10
1.1552356692913386
20
0.2718976771653543
11
1.1571104330708661
21
0.2793966929133858
0
LINE
8
BLACK
6
CONTINUOUS
10
1.1571104330708661
20
0.2793966929133858
11
1.1573700787401575
21
0.2801235039370079
0
LINE
8
BLACK
6
CONTINUOUS
10
1.1573700787401575
20
0.2801235039370079
11
1.1575443307086615
21
0.2803587007874015
0
LINE
8
BLACK
6
CONTINUOUS
10
1.1575443307086615
20
0.2803587007874015
11
1.1576563779527558
21
0.2806291338582677
0
LINE
8
BLACK
6
CONTINUOUS
10
1.1576563779527558
20
0.2806291338582677
11
1.1581459842519686
21
0.2812257480314961
0
LINE
8
BLACK
6
CONTINUOUS
10
1.1581459842519686
20
0.2812257480314961
11
1.1618955118110237
21
0.2849752755905512
0
LINE
8
BLACK
6
CONTINUOUS
10
1.1618955118110237
20
0.2849752755905512
11
1.1621973228346456
21
0.2852229527559055
0
LINE
8
BLACK
6
CONTINUOUS
10
1.1621973228346456
20
0.2852229527559055
11
1.1622655511811024
21
0.2853016141732284
0
LINE
8
BLACK
6
CONTINUOUS
10
1.1622655511811024
20
0.2853016141732284
11
1.1623840944881889
21
0.2853762204724409
0
LINE
8
BLACK
6
CONTINUOUS
10
1.1623840944881889
20
0.2853762204724409
11
1.162492125984252
21
0.2854648818897638
0
LINE
8
BLACK
6
CONTINUOUS
10
1.162492125984252
20
0.2854648818897638
11
1.1625880708661418
21
0.2855046062992126
0
LINE
8
BLACK
6
CONTINUOUS
10
1.1625880708661418
20
0.2855046062992126
11
1.1629187401574803
21
0.2857127559055118
0
LINE
8
BLACK
6
CONTINUOUS
10
1.1629187401574803
20
0.2857127559055118
11
1.1666682283464567
21
0.2875875196850394
0
LINE
8
BLACK
6
CONTINUOUS
10
1.1666682283464567
20
0.2875875196850394
11
1.1673890551181103
21
0.2878633464566929
0
LINE
8
BLACK
6
CONTINUOUS
10
1.1673890551181103
20
0.2878633464566929
11
1.1675301181102362
21
0.2878733464566929
0
LINE
8
BLACK
6
CONTINUOUS
10
1.1675301181102362
20
0.2878733464566929
11
1.1676608661417323
21
0.2879275196850394
0
LINE
8
BLACK
6
CONTINUOUS
10
1.1676608661417323
20
0.2879275196850394
11
1.168428937007874
21
0.2880031496062992
0
LINE
8
BLACK
6
CONTINUOUS
10
1.168428937007874
20
0.2880031496062992
11
1.1759279921259842
21
0.2880031496062992
0
LINE
8
BLACK
6
CONTINUOUS
10
1.1759279921259842
20
0.2880031496062992
11
1.1766960629921259
21
0.2879275196850394
0
LINE
8
BLACK
6
CONTINUOUS
10
1.1670115748031495
20
0.278955748031496
11
1.164484842519685
21
0.2764290157480315
0
LINE
8
BLACK
6
CONTINUOUS
10
1.164484842519685
20
0.2764290157480315
11
1.1629921259842519
21
0.2704581496062992
0
LINE
8
BLACK
6
CONTINUOUS
10
1.1629921259842519
20
0.2704581496062992
11
1.1629921259842519
21
0.258304094488189
0
LINE
8
BLACK
6
CONTINUOUS
10
1.1629921259842519
20
0.258304094488189
11
1.164484842519685
21
0.2523332283464567
0
LINE
8
BLACK
6
CONTINUOUS
10
1.164484842519685
20
0.2523332283464567
11
1.1670116141732283
21
0.2498064173228347
0
LINE
8
BLACK
6
CONTINUOUS
10
1.1670116141732283
20
0.2498064173228347
11
1.1693583070866143
21
0.2486330708661417
0
LINE
8
BLACK
6
CONTINUOUS
10
1.1693583070866143
20
0.2486330708661417
11
1.1749986220472441
21
0.2486330708661417
0
LINE
8
BLACK
6
CONTINUOUS
10
1.1749986220472441
20
0.2486330708661417
11
1.1773452755905511
21
0.2498064173228347
0
LINE
8
BLACK
6
CONTINUOUS
10
1.1773452755905511
20
0.2498064173228347
11
1.1798720866141732
21
0.2523332283464567
0
LINE
8
BLACK
6
CONTINUOUS
10
1.1798720866141732
20
0.2523332283464567
11
1.1813648031496062
21
0.2583040551181102
0
LINE
8
BLACK
6
CONTINUOUS
10
1.1813648031496062
20
0.2583040551181102
11
1.1813648031496062
21
0.2704581496062992
0
LINE
8
BLACK
6
CONTINUOUS
10
1.1813648031496062
20
0.2704581496062992
11
1.1798720866141732
21
0.2764289763779528
0
LINE
8
BLACK
6
CONTINUOUS
10
1.1798720866141732
20
0.2764289763779528
11
1.1773453543307086
21
0.2789557086614173
0
LINE
8
BLACK
6
CONTINUOUS
10
1.1773453543307086
20
0.2789557086614173
11
1.1749985826771654
21
0.2801291338582677
0
LINE
8
BLACK
6
CONTINUOUS
10
1.1749985826771654
20
0.2801291338582677
11
1.1693583464566928
21
0.2801291338582677
0
LINE
8
BLACK
6
CONTINUOUS
10
1.1693583464566928
20
0.2801291338582677
11
1.1670115748031495
21
0.278955748031496
0
LINE
8
BLACK
6
CONTINUOUS
10
1.0548274803149607
20
0.2878832677165354
11
1.0551081102362205
21
0.2878633464566929
0
LINE
8
BLACK
6
CONTINUOUS
10
1.0551081102362205
20
0.2878633464566929
11
1.05554968503937
21
0.2876425196850393
0
LINE
8
BLACK
6
CONTINUOUS
10
1.05554968503937
20
0.2876425196850393
11
1.0560179527559055
21
0.2874864566929134
0
LINE
8
BLACK
6
CONTINUOUS
10
1.0560179527559055
20
0.2874864566929134
11
1.0562304330708661
21
0.2873021653543307
0
LINE
8
BLACK
6
CONTINUOUS
10
1.0562304330708661
20
0.2873021653543307
11
1.0564820866141733
21
0.2871763385826772
0
LINE
8
BLACK
6
CONTINUOUS
10
1.0564820866141733
20
0.2871763385826772
11
1.0568056299212598
21
0.2868032677165354
0
LINE
8
BLACK
6
CONTINUOUS
10
1.0568056299212598
20
0.2868032677165354
11
1.0571784251968503
21
0.2864799606299213
0
LINE
8
BLACK
6
CONTINUOUS
10
1.0571784251968503
20
0.2864799606299213
11
1.0573041338582676
21
0.2862285039370079
0
LINE
8
BLACK
6
CONTINUOUS
10
1.0573041338582676
20
0.2862285039370079
11
1.0574885826771654
21
0.2860158661417323
0
LINE
8
BLACK
6
CONTINUOUS
10
1.0574885826771654
20
0.2860158661417323
11
1.0578031889763779
21
0.2853111417322834
0
LINE
8
BLACK
6
CONTINUOUS
10
1.0578031889763779
20
0.2853111417322834
11
1.0709265354330708
21
0.245941062992126
0
LINE
8
BLACK
6
CONTINUOUS
10
1.0709265354330708
20
0.245941062992126
11
1.0710976771653542
21
0.2451885039370079
0
LINE
8
BLACK
6
CONTINUOUS
10
1.0710976771653542
20
0.2451885039370079
11
1.070988779527559
21
0.2436562204724409
0
LINE
8
BLACK
6
CONTINUOUS
10
1.070988779527559
20
0.2436562204724409
11
1.0703017716535432
21
0.2422822440944882
0
LINE
8
BLACK
6
CONTINUOUS
10
1.0703017716535432
20
0.2422822440944882
11
1.0691412992125984
21
0.2412757480314961
0
LINE
8
BLACK
6
CONTINUOUS
10
1.0691412992125984
20
0.2412757480314961
11
1.0676839763779526
21
0.2407899606299213
0
LINE
8
BLACK
6
CONTINUOUS
10
1.0676839763779526
20
0.2407899606299213
11
1.0661516929133859
21
0.2408988976377953
0
LINE
8
BLACK
6
CONTINUOUS
10
1.0661516929133859
20
0.2408988976377953
11
1.0647777165354331
21
0.2415858661417323
0
LINE
8
BLACK
6
CONTINUOUS
10
1.0647777165354331
20
0.2415858661417323
11
1.063771220472441
21
0.2427463385826772
0
LINE
8
BLACK
6
CONTINUOUS
10
1.063771220472441
20
0.2427463385826772
11
1.0634566141732282
21
0.2434511023622047
0
LINE
8
BLACK
6
CONTINUOUS
10
1.0634566141732282
20
0.2434511023622047
11
1.060604409448819
21
0.2520076771653543
0
LINE
8
BLACK
6
CONTINUOUS
10
1.060604409448819
20
0.2520076771653543
11
1.0475320472440945
21
0.2520076771653543
0
LINE
8
BLACK
6
CONTINUOUS
10
1.0475320472440945
20
0.2520076771653543
11
1.044679842519685
21
0.243451062992126
0
LINE
8
BLACK
6
CONTINUOUS
10
1.044679842519685
20
0.243451062992126
11
1.0443652362204725
21
0.2427463385826772
0
LINE
8
BLACK
6
CONTINUOUS
10
1.0443652362204725
20
0.2427463385826772
11
1.0433587401574802
21
0.2415858661417323
0
LINE
8
BLACK
6
CONTINUOUS
10
1.0433587401574802
20
0.2415858661417323
11
1.0419847637795276
21
0.2408988582677165
0
LINE
8
BLACK
6
CONTINUOUS
10
1.0419847637795276
20
0.2408988582677165
11
1.0404524803149606
21
0.2407899606299213
0
LINE
8
BLACK
6
CONTINUOUS
10
1.0404524803149606
20
0.2407899606299213
11
1.0389951574803149
21
0.2412757086614173
0
LINE
8
BLACK
6
CONTINUOUS
10
1.0389951574803149
20
0.2412757086614173
11
1.03783468503937
21
0.2422822047244095
0
LINE
8
BLACK
6
CONTINUOUS
10
1.03783468503937
20
0.2422822047244095
11
1.0371476771653543
21
0.2436561811023622
0
LINE
8
BLACK
6
CONTINUOUS
10
1.0371476771653543
20
0.2436561811023622
11
1.0370387795275591
21
0.2451884645669291
0
LINE
8
BLACK
6
CONTINUOUS
10
1.0370387795275591
20
0.2451884645669291
11
1.0372099212598425
21
0.245941062992126
0
LINE
8
BLACK
6
CONTINUOUS
10
1.0372099212598425
20
0.245941062992126
11
1.0503332677165353
21
0.2853111023622047
0
LINE
8
BLACK
6
CONTINUOUS
10
1.0503332677165353
20
0.2853111023622047
11
1.0506478740157481
21
0.2860158661417323
0
LINE
8
BLACK
6
CONTINUOUS
10
1.0506478740157481
20
0.2860158661417323
11
1.0508322440944882
21
0.2862284251968504
0
LINE
8
BLACK
6
CONTINUOUS
10
1.0508322440944882
20
0.2862284251968504
11
1.0509580314960629
21
0.28648
0
LINE
8
BLACK
6
CONTINUOUS
10
1.0509580314960629
20
0.28648
11
1.051330905511811
21
0.2868034251968504
0
LINE
8
BLACK
6
CONTINUOUS
10
1.051330905511811
20
0.2868034251968504
11
1.0516543700787402
21
0.2871763385826772
0
LINE
8
BLACK
6
CONTINUOUS
10
1.0516543700787402
20
0.2871763385826772
11
1.0519058661417322
21
0.2873020866141732
0
LINE
8
BLACK
6
CONTINUOUS
10
1.0519058661417322
20
0.2873020866141732
11
1.0521185039370078
21
0.2874864960629921
0
LINE
8
BLACK
6
CONTINUOUS
10
1.0521185039370078
20
0.2874864960629921
11
1.0525870472440944
21
0.2876426771653543
0
LINE
8
BLACK
6
CONTINUOUS
10
1.0525870472440944
20
0.2876426771653543
11
1.053028346456693
21
0.2878633070866142
0
LINE
8
BLACK
6
CONTINUOUS
10
1.053028346456693
20
0.2878633070866142
11
1.0533088188976378
21
0.2878832283464567
0
LINE
8
BLACK
6
CONTINUOUS
10
1.0533088188976378
20
0.2878832283464567
11
1.0535758267716535
21
0.2879722440944882
0
LINE
8
BLACK
6
CONTINUOUS
10
1.0535758267716535
20
0.2879722440944882
11
1.0540683070866141
21
0.2879372047244094
0
LINE
8
BLACK
6
CONTINUOUS
10
1.0540683070866141
20
0.2879372047244094
11
1.0545606299212598
21
0.2879722440944882
0
LINE
8
BLACK
6
CONTINUOUS
10
1.0545606299212598
20
0.2879722440944882
11
1.0548274803149607
21
0.2878832677165354
0
LINE
8
BLACK
6
CONTINUOUS
10
1.0501567322834646
20
0.2598816929133858
11
1.0579797637795276
21
0.2598816929133858
0
LINE
8
BLACK
6
CONTINUOUS
10
1.0579797637795276
20
0.2598816929133858
11
1.0540682283464566
21
0.2716162204724409
0
LINE
8
BLACK
6
CONTINUOUS
10
1.0540682283464566
20
0.2716162204724409
11
1.0501567322834646
21
0.2598816929133858
0
LINE
8
BLACK
6
CONTINUOUS
10
1.1218723228346457
20
0.2873396456692913
11
1.1229585433070866
21
0.2862534251968504
0
LINE
8
BLACK
6
CONTINUOUS
10
1.1229585433070866
20
0.2862534251968504
11
1.1235464173228347
21
0.2848342125984252
0
LINE
8
BLACK
6
CONTINUOUS
10
1.1235464173228347
20
0.2848342125984252
11
1.1236220472440945
21
0.2840661417322835
0
LINE
8
BLACK
6
CONTINUOUS
10
1.1236220472440945
20
0.2840661417322835
11
1.1236220472440945
21
0.2692555118110236
0
LINE
8
BLACK
6
CONTINUOUS
10
1.1236220472440945
20
0.2692555118110236
11
1.1382451968503937
21
0.2692555118110236
0
LINE
8
BLACK
6
CONTINUOUS
10
1.1382451968503937
20
0.2692555118110236
11
1.1382451968503937
21
0.2840661417322835
0
LINE
8
BLACK
6
CONTINUOUS
10
1.1382451968503937
20
0.2840661417322835
11
1.1383208267716536
21
0.2848342125984252
0
LINE
8
BLACK
6
CONTINUOUS
10
1.1383208267716536
20
0.2848342125984252
11
1.1389087007874015
21
0.2862534251968504
0
LINE
8
BLACK
6
CONTINUOUS
10
1.1389087007874015
20
0.2862534251968504
11
1.1399949212598426
21
0.2873396456692913
0
LINE
8
BLACK
6
CONTINUOUS
10
1.1399949212598426
20
0.2873396456692913
11
1.1414141338582677
21
0.2879275196850394
0
LINE
8
BLACK
6
CONTINUOUS
10
1.1414141338582677
20
0.2879275196850394
11
1.1429502755905512
21
0.2879275196850394
0
LINE
8
BLACK
6
CONTINUOUS
10
1.1429502755905512
20
0.2879275196850394
11
1.1443694881889763
21
0.2873396456692913
0
LINE
8
BLACK
6
CONTINUOUS
10
1.1443694881889763
20
0.2873396456692913
11
1.1454557086614172
21
0.2862534251968504
0
LINE
8
BLACK
6
CONTINUOUS
10
1.1454557086614172
20
0.2862534251968504
11
1.1460435826771653
21
0.2848342125984252
0
LINE
8
BLACK
6
CONTINUOUS
10
1.1460435826771653
20
0.2848342125984252
11
1.1461192125984252
21
0.2840661417322835
0
LINE
8
BLACK
6
CONTINUOUS
10
1.1461192125984252
20
0.2840661417322835
11
1.1461192125984252
21
0.244696062992126
0
LINE
8
BLACK
6
CONTINUOUS
10
1.1461192125984252
20
0.244696062992126
11
1.1460435826771653
21
0.2439279921259842
0
LINE
8
BLACK
6
CONTINUOUS
10
1.1460435826771653
20
0.2439279921259842
11
1.1454557086614172
21
0.2425087795275591
0
LINE
8
BLACK
6
CONTINUOUS
10
1.1454557086614172
20
0.2425087795275591
11
1.1443694881889763
21
0.2414225590551181
0
LINE
8
BLACK
6
CONTINUOUS
10
1.1443694881889763
20
0.2414225590551181
11
1.1429502755905512
21
0.2408346850393701
0
LINE
8
BLACK
6
CONTINUOUS
10
1.1429502755905512
20
0.2408346850393701
11
1.1414141338582677
21
0.2408346850393701
0
LINE
8
BLACK
6
CONTINUOUS
10
1.1414141338582677
20
0.2408346850393701
11
1.1399949212598426
21
0.2414225590551181
0
LINE
8
BLACK
6
CONTINUOUS
10
1.1399949212598426
20
0.2414225590551181
11
1.1389087007874015
21
0.2425087795275591
0
LINE
8
BLACK
6
CONTINUOUS
10
1.1389087007874015
20
0.2425087795275591
11
1.1383208267716536
21
0.2439279921259842
0
LINE
8
BLACK
6
CONTINUOUS
10
1.1383208267716536
20
0.2439279921259842
11
1.1382451968503937
21
0.244696062992126
0
LINE
8
BLACK
6
CONTINUOUS
10
1.1382451968503937
20
0.244696062992126
11
1.1382451968503937
21
0.2613814960629921
0
LINE
8
BLACK
6
CONTINUOUS
10
1.1382451968503937
20
0.2613814960629921
11
1.1236220472440945
21
0.2613814960629921
0
LINE
8
BLACK
6
CONTINUOUS
10
1.1236220472440945
20
0.2613814960629921
11
1.1236220472440945
21
0.244696062992126
0
LINE
8
BLACK
6
CONTINUOUS
10
1.1236220472440945
20
0.244696062992126
11
1.1235464173228347
21
0.2439279921259842
0
LINE
8
BLACK
6
CONTINUOUS
10
1.1235464173228347
20
0.2439279921259842
11
1.1229585433070866
21
0.2425087795275591
0
LINE
8
BLACK
6
CONTINUOUS
10
1.1229585433070866
20
0.2425087795275591
11
1.1218723228346457
21
0.2414225590551181
0
LINE
8
BLACK
6
CONTINUOUS
10
1.1218723228346457
20
0.2414225590551181
11
1.1204531102362205
21
0.2408346850393701
0
LINE
8
BLACK
6
CONTINUOUS
10
1.1204531102362205
20
0.2408346850393701
11
1.1189169685039371
21
0.2408346850393701
0
LINE
8
BLACK
6
CONTINUOUS
10
1.1189169685039371
20
0.2408346850393701
11
1.1174977559055117
21
0.2414225590551181
0
LINE
8
BLACK
6
CONTINUOUS
10
1.1174977559055117
20
0.2414225590551181
11
1.1164115354330708
21
0.2425087795275591
0
LINE
8
BLACK
6
CONTINUOUS
10
1.1164115354330708
20
0.2425087795275591
11
1.1158236614173227
21
0.2439279921259842
0
LINE
8
BLACK
6
CONTINUOUS
10
1.1158236614173227
20
0.2439279921259842
11
1.1157480314960631
21
0.244696062992126
0
LINE
8
BLACK
6
CONTINUOUS
10
1.1157480314960631
20
0.244696062992126
11
1.1157480314960631
21
0.2840661417322835
0
LINE
8
BLACK
6
CONTINUOUS
10
1.1157480314960631
20
0.2840661417322835
11
1.1158236614173227
21
0.2848342125984252
0
LINE
8
BLACK
6
CONTINUOUS
10
1.1158236614173227
20
0.2848342125984252
11
1.1164115354330708
21
0.2862534251968504
0
LINE
8
BLACK
6
CONTINUOUS
10
1.1164115354330708
20
0.2862534251968504
11
1.1174977559055117
21
0.2873396456692913
0
LINE
8
BLACK
6
CONTINUOUS
10
1.1174977559055117
20
0.2873396456692913
11
1.1189169685039371
21
0.2879275196850394
0
LINE
8
BLACK
6
CONTINUOUS
10
1.1189169685039371
20
0.2879275196850394
11
1.1204531102362205
21
0.2879275196850394
0
LINE
8
BLACK
6
CONTINUOUS
10
1.1204531102362205
20
0.2879275196850394
11
1.1218723228346457
21
0.2873396456692913
0
LINE
8
BLACK
6
CONTINUOUS
10
0.6241578740157481
20
0.4554648425196851
11
0.6242615748031496
21
0.4554722440944882
0
LINE
8
BLACK
6
CONTINUOUS
10
0.6242615748031496
20
0.4554722440944882
11
0.6243979133858267
21
0.455441220472441
0
LINE
8
BLACK
6
CONTINUOUS
10
0.6243979133858267
20
0.455441220472441
11
0.6245372440944882
21
0.4554275196850394
0
LINE
8
BLACK
6
CONTINUOUS
10
0.6245372440944882
20
0.4554275196850394
11
0.6246333858267716
21
0.4553876771653543
0
LINE
8
BLACK
6
CONTINUOUS
10
0.6246333858267716
20
0.4553876771653543
11
0.6250141732283464
21
0.4553011023622047
0
LINE
8
BLACK
6
CONTINUOUS
10
0.6250141732283464
20
0.4553011023622047
11
0.6306384251968504
21
0.4534263385826772
0
LINE
8
BLACK
6
CONTINUOUS
10
0.6306384251968504
20
0.4534263385826772
11
0.631343188976378
21
0.4531117322834646
0
LINE
8
BLACK
6
CONTINUOUS
10
0.631343188976378
20
0.4531117322834646
11
0.6325036614173228
21
0.4521052362204724
0
LINE
8
BLACK
6
CONTINUOUS
10
0.6325036614173228
20
0.4521052362204724
11
0.6331906299212599
21
0.4507312598425197
0
LINE
8
BLACK
6
CONTINUOUS
10
0.6331906299212599
20
0.4507312598425197
11
0.6332995669291338
21
0.4491989763779528
0
LINE
8
BLACK
6
CONTINUOUS
10
0.6332995669291338
20
0.4491989763779528
11
0.632813779527559
21
0.4477416535433071
0
LINE
8
BLACK
6
CONTINUOUS
10
0.632813779527559
20
0.4477416535433071
11
0.6318072834645669
21
0.4465811811023622
0
LINE
8
BLACK
6
CONTINUOUS
10
0.6318072834645669
20
0.4465811811023622
11
0.6304333070866142
21
0.4458941732283465
0
LINE
8
BLACK
6
CONTINUOUS
10
0.6304333070866142
20
0.4458941732283465
11
0.6289010236220473
21
0.4457852755905511
0
LINE
8
BLACK
6
CONTINUOUS
10
0.6289010236220473
20
0.4457852755905511
11
0.6281484645669291
21
0.4459564173228346
0
LINE
8
BLACK
6
CONTINUOUS
10
0.6281484645669291
20
0.4459564173228346
11
0.6231303149606299
21
0.4476291338582677
0
LINE
8
BLACK
6
CONTINUOUS
10
0.6231303149606299
20
0.4476291338582677
11
0.6153247637795275
21
0.4476291338582677
0
LINE
8
BLACK
6
CONTINUOUS
10
0.6153247637795275
20
0.4476291338582677
11
0.6129779133858267
21
0.4464557086614173
0
LINE
8
BLACK
6
CONTINUOUS
10
0.6129779133858267
20
0.4464557086614173
11
0.6120067322834646
21
0.4454844881889763
0
LINE
8
BLACK
6
CONTINUOUS
10
0.6120067322834646
20
0.4454844881889763
11
0.6108333070866142
21
0.4431376377952756
0
LINE
8
BLACK
6
CONTINUOUS
10
0.6108333070866142
20
0.4431376377952756
11
0.6108333070866142
21
0.441246968503937
0
LINE
8
BLACK
6
CONTINUOUS
10
0.6108333070866142
20
0.441246968503937
11
0.6120067322834646
21
0.4389001181102362
0
LINE
8
BLACK
6
CONTINUOUS
10
0.6120067322834646
20
0.4389001181102362
11
0.6129779133858267
21
0.4379288976377952
0
LINE
8
BLACK
6
CONTINUOUS
10
0.6129779133858267
20
0.4379288976377952
11
0.6157695275590551
21
0.4365331102362205
0
LINE
8
BLACK
6
CONTINUOUS
10
0.6157695275590551
20
0.4365331102362205
11
0.6228492519685039
21
0.4347631889763779
0
LINE
8
BLACK
6
CONTINUOUS
10
0.6228492519685039
20
0.4347631889763779
11
0.6229058267716535
21
0.4347429527559055
0
LINE
8
BLACK
6
CONTINUOUS
10
0.6229058267716535
20
0.4347429527559055
11
0.6229342913385827
21
0.4347409448818897
0
LINE
8
BLACK
6
CONTINUOUS
10
0.6229342913385827
20
0.4347409448818897
11
0.6232541338582677
21
0.4346185433070866
0
LINE
8
BLACK
6
CONTINUOUS
10
0.6232541338582677
20
0.4346185433070866
11
0.623576062992126
21
0.4345035433070866
0
LINE
8
BLACK
6
CONTINUOUS
10
0.623576062992126
20
0.4345035433070866
11
0.6235988976377953
21
0.4344865748031496
0
LINE
8
BLACK
6
CONTINUOUS
10
0.6235988976377953
20
0.4344865748031496
11
0.6236550787401575
21
0.4344651181102362
0
LINE
8
BLACK
6
CONTINUOUS
10
0.6236550787401575
20
0.4344651181102362
11
0.6274046062992126
21
0.4325903543307086
0
LINE
8
BLACK
6
CONTINUOUS
10
0.6274046062992126
20
0.4325903543307086
11
0.6277351574803149
21
0.4323822440944882
0
LINE
8
BLACK
6
CONTINUOUS
10
0.6277351574803149
20
0.4323822440944882
11
0.6278312204724409
21
0.4323424803149606
0
LINE
8
BLACK
6
CONTINUOUS
10
0.6278312204724409
20
0.4323424803149606
11
0.6279393307086614
21
0.4322537401574803
0
LINE
8
BLACK
6
CONTINUOUS
10
0.6279393307086614
20
0.4322537401574803
11
0.6280577559055118
21
0.4321792125984252
0
LINE
8
BLACK
6
CONTINUOUS
10
0.6280577559055118
20
0.4321792125984252
11
0.6281258267716535
21
0.4321006692913386
0
LINE
8
BLACK
6
CONTINUOUS
10
0.6281258267716535
20
0.4321006692913386
11
0.6284278346456693
21
0.431852874015748
0
LINE
8
BLACK
6
CONTINUOUS
10
0.6284278346456693
20
0.431852874015748
11
0.6303025590551181
21
0.4299781102362205
0
LINE
8
BLACK
6
CONTINUOUS
10
0.6303025590551181
20
0.4299781102362205
11
0.6305502755905512
21
0.4296762598425197
0
LINE
8
BLACK
6
CONTINUOUS
10
0.6305502755905512
20
0.4296762598425197
11
0.630628937007874
21
0.4296080708661417
0
LINE
8
BLACK
6
CONTINUOUS
10
0.630628937007874
20
0.4296080708661417
11
0.6307034645669292
21
0.4294896062992126
0
LINE
8
BLACK
6
CONTINUOUS
10
0.6307034645669292
20
0.4294896062992126
11
0.6307922047244094
21
0.4293815354330708
0
LINE
8
BLACK
6
CONTINUOUS
10
0.6307922047244094
20
0.4293815354330708
11
0.630831968503937
21
0.4292854330708661
0
LINE
8
BLACK
6
CONTINUOUS
10
0.630831968503937
20
0.4292854330708661
11
0.6310400787401574
21
0.4289548818897638
0
LINE
8
BLACK
6
CONTINUOUS
10
0.6310400787401574
20
0.4289548818897638
11
0.632914842519685
21
0.4252053937007874
0
LINE
8
BLACK
6
CONTINUOUS
10
0.632914842519685
20
0.4252053937007874
11
0.6331906692913386
21
0.4244845669291338
0
LINE
8
BLACK
6
CONTINUOUS
10
0.6331906692913386
20
0.4244845669291338
11
0.6332006692913386
21
0.4243434645669291
0
LINE
8
BLACK
6
CONTINUOUS
10
0.6332006692913386
20
0.4243434645669291
11
0.633254842519685
21
0.4242127559055118
0
LINE
8
BLACK
6
CONTINUOUS
10
0.633254842519685
20
0.4242127559055118
11
0.6333304724409449
21
0.4234446850393701
0
LINE
8
BLACK
6
CONTINUOUS
10
0.6333304724409449
20
0.4234446850393701
11
0.6333304724409449
21
0.4196951574803149
0
LINE
8
BLACK
6
CONTINUOUS
10
0.6333304724409449
20
0.4196951574803149
11
0.633254842519685
21
0.4189270866141732
0
LINE
8
BLACK
6
CONTINUOUS
10
0.633254842519685
20
0.4189270866141732
11
0.6332006692913386
21
0.4187963385826772
0
LINE
8
BLACK
6
CONTINUOUS
10
0.6332006692913386
20
0.4187963385826772
11
0.6331906692913386
21
0.4186552755905512
0
LINE
8
BLACK
6
CONTINUOUS
10
0.6331906692913386
20
0.4186552755905512
11
0.632914842519685
21
0.4179344488188976
0
LINE
8
BLACK
6
CONTINUOUS
10
0.632914842519685
20
0.4179344488188976
11
0.6310400787401574
21
0.4141849606299213
0
LINE
8
BLACK
6
CONTINUOUS
10
0.6310400787401574
20
0.4141849606299213
11
0.630831968503937
21
0.4138543700787402
0
LINE
8
BLACK
6
CONTINUOUS
10
0.630831968503937
20
0.4138543700787402
11
0.6307922047244094
21
0.4137583070866142
0
LINE
8
BLACK
6
CONTINUOUS
10
0.6307922047244094
20
0.4137583070866142
11
0.6307034645669292
21
0.4136501968503937
0
LINE
8
BLACK
6
CONTINUOUS
10
0.6307034645669292
20
0.4136501968503937
11
0.630628937007874
21
0.4135317716535433
0
LINE
8
BLACK
6
CONTINUOUS
10
0.630628937007874
20
0.4135317716535433
11
0.6305502755905512
21
0.4134635433070866
0
LINE
8
BLACK
6
CONTINUOUS
10
0.6305502755905512
20
0.4134635433070866
11
0.6303025590551181
21
0.4131617322834645
0
LINE
8
BLACK
6
CONTINUOUS
10
0.6303025590551181
20
0.4131617322834645
11
0.6284278346456693
21
0.411286968503937
0
LINE
8
BLACK
6
CONTINUOUS
10
0.6284278346456693
20
0.411286968503937
11
0.6281259842519685
21
0.4110392519685039
0
LINE
8
BLACK
6
CONTINUOUS
10
0.6281259842519685
20
0.4110392519685039
11
0.6280578346456692
21
0.4109606692913386
0
LINE
8
BLACK
6
CONTINUOUS
10
0.6280578346456692
20
0.4109606692913386
11
0.6279392913385826
21
0.410886062992126
0
LINE
8
BLACK
6
CONTINUOUS
10
0.6279392913385826
20
0.410886062992126
11
0.6278312204724409
21
0.4107973622047244
0
LINE
8
BLACK
6
CONTINUOUS
10
0.6278312204724409
20
0.4107973622047244
11
0.6277351574803149
21
0.4107575590551181
0
LINE
8
BLACK
6
CONTINUOUS
10
0.6277351574803149
20
0.4107575590551181
11
0.6274046456692913
21
0.4105495275590551
0
LINE
8
BLACK
6
CONTINUOUS
10
0.6274046456692913
20
0.4105495275590551
11
0.6236551181102362
21
0.4086747244094488
0
LINE
8
BLACK
6
CONTINUOUS
10
0.6236551181102362
20
0.4086747244094488
11
0.6229343307086614
21
0.4083988582677165
0
LINE
8
BLACK
6
CONTINUOUS
10
0.6229343307086614
20
0.4083988582677165
11
0.6227931496062992
21
0.4083888188976378
0
LINE
8
BLACK
6
CONTINUOUS
10
0.6227931496062992
20
0.4083888188976378
11
0.6226624803149606
21
0.4083346850393701
0
LINE
8
BLACK
6
CONTINUOUS
10
0.6226624803149606
20
0.4083346850393701
11
0.6218944094488189
21
0.4082590551181102
0
LINE
8
BLACK
6
CONTINUOUS
10
0.6218944094488189
20
0.4082590551181102
11
0.6125205905511811
21
0.4082590551181102
0
LINE
8
BLACK
6
CONTINUOUS
10
0.6125205905511811
20
0.4082590551181102
11
0.6121318503937008
21
0.4082973228346456
0
LINE
8
BLACK
6
CONTINUOUS
10
0.6121318503937008
20
0.4082973228346456
11
0.6120281496062991
21
0.4082899606299212
0
LINE
8
BLACK
6
CONTINUOUS
10
0.6120281496062991
20
0.4082899606299212
11
0.6118917716535432
21
0.4083209448818897
0
LINE
8
BLACK
6
CONTINUOUS
10
0.6118917716535432
20
0.4083209448818897
11
0.6117525196850394
21
0.4083346850393701
0
LINE
8
BLACK
6
CONTINUOUS
10
0.6117525196850394
20
0.4083346850393701
11
0.6116563779527558
21
0.4083744881889764
0
LINE
8
BLACK
6
CONTINUOUS
10
0.6116563779527558
20
0.4083744881889764
11
0.6112755905511811
21
0.4084611023622047
0
LINE
8
BLACK
6
CONTINUOUS
10
0.6112755905511811
20
0.4084611023622047
11
0.6056512992125984
21
0.410335905511811
0
LINE
8
BLACK
6
CONTINUOUS
10
0.6056512992125984
20
0.410335905511811
11
0.6049465354330709
21
0.4106505511811023
0
LINE
8
BLACK
6
CONTINUOUS
10
0.6049465354330709
20
0.4106505511811023
11
0.603786062992126
21
0.4116570472440945
0
LINE
8
BLACK
6
CONTINUOUS
10
0.603786062992126
20
0.4116570472440945
11
0.603099094488189
21
0.4130310236220472
0
LINE
8
BLACK
6
CONTINUOUS
10
0.603099094488189
20
0.4130310236220472
11
0.6029901968503937
21
0.4145633070866142
0
LINE
8
BLACK
6
CONTINUOUS
10
0.6029901968503937
20
0.4145633070866142
11
0.6034759842519685
21
0.4160206299212598
0
LINE
8
BLACK
6
CONTINUOUS
10
0.6034759842519685
20
0.4160206299212598
11
0.6044824803149607
21
0.4171811023622047
0
LINE
8
BLACK
6
CONTINUOUS
10
0.6044824803149607
20
0.4171811023622047
11
0.6058564566929133
21
0.4178680708661417
0
LINE
8
BLACK
6
CONTINUOUS
10
0.6058564566929133
20
0.4178680708661417
11
0.6073887401574803
21
0.417976968503937
0
LINE
8
BLACK
6
CONTINUOUS
10
0.6073887401574803
20
0.417976968503937
11
0.6081412992125984
21
0.4178058267716535
0
LINE
8
BLACK
6
CONTINUOUS
10
0.6081412992125984
20
0.4178058267716535
11
0.6131594881889764
21
0.4161330708661417
0
LINE
8
BLACK
6
CONTINUOUS
10
0.6131594881889764
20
0.4161330708661417
11
0.6209650393700787
21
0.4161330708661417
0
LINE
8
BLACK
6
CONTINUOUS
10
0.6209650393700787
20
0.4161330708661417
11
0.6233117322834646
21
0.4173064173228346
0
LINE
8
BLACK
6
CONTINUOUS
10
0.6233117322834646
20
0.4173064173228346
11
0.624283031496063
21
0.4182777165354331
0
LINE
8
BLACK
6
CONTINUOUS
10
0.624283031496063
20
0.4182777165354331
11
0.6254564566929134
21
0.4206245669291339
0
LINE
8
BLACK
6
CONTINUOUS
10
0.6254564566929134
20
0.4206245669291339
11
0.6254564566929134
21
0.4225152755905512
0
LINE
8
BLACK
6
CONTINUOUS
10
0.6254564566929134
20
0.4225152755905512
11
0.624283031496063
21
0.4248620866141732
0
LINE
8
BLACK
6
CONTINUOUS
10
0.624283031496063
20
0.4248620866141732
11
0.623311811023622
21
0.4258332677165354
0
LINE
8
BLACK
6
CONTINUOUS
10
0.623311811023622
20
0.4258332677165354
11
0.6205201968503937
21
0.427229094488189
0
LINE
8
BLACK
6
CONTINUOUS
10
0.6205201968503937
20
0.427229094488189
11
0.6134404724409449
21
0.4289990551181102
0
LINE
8
BLACK
6
CONTINUOUS
10
0.6134404724409449
20
0.4289990551181102
11
0.6133838188976378
21
0.4290192519685039
0
LINE
8
BLACK
6
CONTINUOUS
10
0.6133838188976378
20
0.4290192519685039
11
0.6133554724409449
21
0.4290212992125984
0
LINE
8
BLACK
6
CONTINUOUS
10
0.6133554724409449
20
0.4290212992125984
11
0.6130355905511811
21
0.4291436614173229
0
LINE
8
BLACK
6
CONTINUOUS
10
0.6130355905511811
20
0.4291436614173229
11
0.6127137007874016
21
0.4292587007874016
0
LINE
8
BLACK
6
CONTINUOUS
10
0.6127137007874016
20
0.4292587007874016
11
0.6126908661417323
21
0.4292755905511811
0
LINE
8
BLACK
6
CONTINUOUS
10
0.6126908661417323
20
0.4292755905511811
11
0.6126346456692914
21
0.429297125984252
0
LINE
8
BLACK
6
CONTINUOUS
10
0.6126346456692914
20
0.429297125984252
11
0.6088851574803149
21
0.4311718897637795
0
LINE
8
BLACK
6
CONTINUOUS
10
0.6088851574803149
20
0.4311718897637795
11
0.6085545669291338
21
0.4313799606299212
0
LINE
8
BLACK
6
CONTINUOUS
10
0.6085545669291338
20
0.4313799606299212
11
0.6084585039370078
21
0.4314197637795276
0
LINE
8
BLACK
6
CONTINUOUS
10
0.6084585039370078
20
0.4314197637795276
11
0.6083503937007874
21
0.4315084645669292
0
LINE
8
BLACK
6
CONTINUOUS
10
0.6083503937007874
20
0.4315084645669292
11
0.608231968503937
21
0.431583031496063
0
LINE
8
BLACK
6
CONTINUOUS
10
0.608231968503937
20
0.431583031496063
11
0.6081637401574803
21
0.4316616535433071
0
LINE
8
BLACK
6
CONTINUOUS
10
0.6081637401574803
20
0.4316616535433071
11
0.6078619291338583
21
0.4319094094488189
0
LINE
8
BLACK
6
CONTINUOUS
10
0.6078619291338583
20
0.4319094094488189
11
0.6059871653543307
21
0.4337841338582677
0
LINE
8
BLACK
6
CONTINUOUS
10
0.6059871653543307
20
0.4337841338582677
11
0.6057393307086614
21
0.4340861023622047
0
LINE
8
BLACK
6
CONTINUOUS
10
0.6057393307086614
20
0.4340861023622047
11
0.6056608267716536
21
0.4341542125984252
0
LINE
8
BLACK
6
CONTINUOUS
10
0.6056608267716536
20
0.4341542125984252
11
0.6055862598425197
21
0.4342725984251968
0
LINE
8
BLACK
6
CONTINUOUS
10
0.6055862598425197
20
0.4342725984251968
11
0.6054975590551182
21
0.4343807480314961
0
LINE
8
BLACK
6
CONTINUOUS
10
0.6054975590551182
20
0.4343807480314961
11
0.6054577559055118
21
0.4344767716535433
0
LINE
8
BLACK
6
CONTINUOUS
10
0.6054577559055118
20
0.4344767716535433
11
0.60524968503937
21
0.4348073622047244
0
LINE
8
BLACK
6
CONTINUOUS
10
0.60524968503937
20
0.4348073622047244
11
0.6033749212598425
21
0.4385568897637795
0
LINE
8
BLACK
6
CONTINUOUS
10
0.6033749212598425
20
0.4385568897637795
11
0.603099094488189
21
0.4392776771653543
0
LINE
8
BLACK
6
CONTINUOUS
10
0.603099094488189
20
0.4392776771653543
11
0.6030890551181102
21
0.4394187401574803
0
LINE
8
BLACK
6
CONTINUOUS
10
0.6030890551181102
20
0.4394187401574803
11
0.6030349212598425
21
0.4395494881889764
0
LINE
8
BLACK
6
CONTINUOUS
10
0.6030349212598425
20
0.4395494881889764
11
0.6029592913385826
21
0.4403175590551181
0
LINE
8
BLACK
6
CONTINUOUS
10
0.6029592913385826
20
0.4403175590551181
11
0.6029592913385826
21
0.4440670866141732
0
LINE
8
BLACK
6
CONTINUOUS
10
0.6029592913385826
20
0.4440670866141732
11
0.6030349212598425
21
0.4448351574803149
0
LINE
8
BLACK
6
CONTINUOUS
10
0.6030349212598425
20
0.4448351574803149
11
0.6030890551181102
21
0.4449658661417323
0
LINE
8
BLACK
6
CONTINUOUS
10
0.6030890551181102
20
0.4449658661417323
11
0.603099094488189
21
0.445106968503937
0
LINE
8
BLACK
6
CONTINUOUS
10
0.603099094488189
20
0.445106968503937
11
0.6033749212598425
21
0.4458277559055118
0
LINE
8
BLACK
6
CONTINUOUS
10
0.6033749212598425
20
0.4458277559055118
11
0.60524968503937
21
0.4495772834645669
0
LINE
8
BLACK
6
CONTINUOUS
10
0.60524968503937
20
0.4495772834645669
11
0.6054577559055118
21
0.4499078346456693
0
LINE
8
BLACK
6
CONTINUOUS
10
0.6054577559055118
20
0.4499078346456693
11
0.6054975590551182
21
0.4500038976377952
0
LINE
8
BLACK
6
CONTINUOUS
10
0.6054975590551182
20
0.4500038976377952
11
0.6055862598425197
21
0.4501120078740157
0
LINE
8
BLACK
6
CONTINUOUS
10
0.6055862598425197
20
0.4501120078740157
11
0.6056608267716536
21
0.4502304330708661
0
LINE
8
BLACK
6
CONTINUOUS
10
0.6056608267716536
20
0.4502304330708661
11
0.6057393307086614
21
0.4502985039370079
0
LINE
8
BLACK
6
CONTINUOUS
10
0.6057393307086614
20
0.4502985039370079
11
0.6059871653543307
21
0.4506005118110236
0
LINE
8
BLACK
6
CONTINUOUS
10
0.6059871653543307
20
0.4506005118110236
11
0.6078619291338583
21
0.4524752362204724
0
LINE
8
BLACK
6
CONTINUOUS
10
0.6078619291338583
20
0.4524752362204724
11
0.6081637401574803
21
0.4527229527559055
0
LINE
8
BLACK
6
CONTINUOUS
10
0.6081637401574803
20
0.4527229527559055
11
0.608231968503937
21
0.4528016141732283
0
LINE
8
BLACK
6
CONTINUOUS
10
0.608231968503937
20
0.4528016141732283
11
0.6083503937007874
21
0.4528761417322835
0
LINE
8
BLACK
6
CONTINUOUS
10
0.6083503937007874
20
0.4528761417322835
11
0.6084585039370078
21
0.4529648818897637
0
LINE
8
BLACK
6
CONTINUOUS
10
0.6084585039370078
20
0.4529648818897637
11
0.6085545669291338
21
0.4530046456692913
0
LINE
8
BLACK
6
CONTINUOUS
10
0.6085545669291338
20
0.4530046456692913
11
0.6088851574803149
21
0.4532127559055118
0
LINE
8
BLACK
6
CONTINUOUS
10
0.6088851574803149
20
0.4532127559055118
11
0.6126346456692914
21
0.4550875196850394
0
LINE
8
BLACK
6
CONTINUOUS
10
0.6126346456692914
20
0.4550875196850394
11
0.6133554724409449
21
0.4553633464566929
0
LINE
8
BLACK
6
CONTINUOUS
10
0.6133554724409449
20
0.4553633464566929
11
0.6134965354330708
21
0.4553733464566929
0
LINE
8
BLACK
6
CONTINUOUS
10
0.6134965354330708
20
0.4553733464566929
11
0.613627283464567
21
0.4554275196850394
0
LINE
8
BLACK
6
CONTINUOUS
10
0.613627283464567
20
0.4554275196850394
11
0.6143953543307087
21
0.4555031496062992
0
LINE
8
BLACK
6
CONTINUOUS
10
0.6143953543307087
20
0.4555031496062992
11
0.6237691732283465
21
0.4555031496062992
0
LINE
8
BLACK
6
CONTINUOUS
10
0.6237691732283465
20
0.4555031496062992
11
0.6241578740157481
21
0.4554648425196851
0
LINE
8
BLACK
6
CONTINUOUS
10
0.6657820866141733
20
0.4554275196850394
11
0.6672012992125984
21
0.4548396456692913
0
LINE
8
BLACK
6
CONTINUOUS
10
0.6672012992125984
20
0.4548396456692913
11
0.6682875196850393
21
0.4537534251968504
0
LINE
8
BLACK
6
CONTINUOUS
10
0.6682875196850393
20
0.4537534251968504
11
0.6688753937007874
21
0.4523342125984252
0
LINE
8
BLACK
6
CONTINUOUS
10
0.6688753937007874
20
0.4523342125984252
11
0.6688753937007874
21
0.4507980708661417
0
LINE
8
BLACK
6
CONTINUOUS
10
0.6688753937007874
20
0.4507980708661417
11
0.6682875196850393
21
0.4493788582677165
0
LINE
8
BLACK
6
CONTINUOUS
10
0.6682875196850393
20
0.4493788582677165
11
0.6672012992125984
21
0.4482926377952756
0
LINE
8
BLACK
6
CONTINUOUS
10
0.6672012992125984
20
0.4482926377952756
11
0.6657820866141733
21
0.4477047637795276
0
LINE
8
BLACK
6
CONTINUOUS
10
0.6657820866141733
20
0.4477047637795276
11
0.6650140157480314
21
0.4476291338582677
0
LINE
8
BLACK
6
CONTINUOUS
10
0.6650140157480314
20
0.4476291338582677
11
0.6502033858267716
21
0.4476291338582677
0
LINE
8
BLACK
6
CONTINUOUS
10
0.6502033858267716
20
0.4476291338582677
11
0.6502033858267716
21
0.4367555118110236
0
LINE
8
BLACK
6
CONTINUOUS
10
0.6502033858267716
20
0.4367555118110236
11
0.6593897244094488
21
0.4367555118110236
0
LINE
8
BLACK
6
CONTINUOUS
10
0.6593897244094488
20
0.4367555118110236
11
0.6601577952755905
21
0.4366798818897638
0
LINE
8
BLACK
6
CONTINUOUS
10
0.6601577952755905
20
0.4366798818897638
11
0.6615770078740157
21
0.4360920078740158
0
LINE
8
BLACK
6
CONTINUOUS
10
0.6615770078740157
20
0.4360920078740158
11
0.6626632283464566
21
0.4350057874015748
0
LINE
8
BLACK
6
CONTINUOUS
10
0.6626632283464566
20
0.4350057874015748
11
0.6632511023622047
21
0.4335865748031496
0
LINE
8
BLACK
6
CONTINUOUS
10
0.6632511023622047
20
0.4335865748031496
11
0.6632511023622047
21
0.4320504330708662
0
LINE
8
BLACK
6
CONTINUOUS
10
0.6632511023622047
20
0.4320504330708662
11
0.6626632283464566
21
0.430631220472441
0
LINE
8
BLACK
6
CONTINUOUS
10
0.6626632283464566
20
0.430631220472441
11
0.6615770078740157
21
0.429545
0
LINE
8
BLACK
6
CONTINUOUS
10
0.6615770078740157
20
0.429545
11
0.6601577952755905
21
0.428957125984252
0
LINE
8
BLACK
6
CONTINUOUS
10
0.6601577952755905
20
0.428957125984252
11
0.6593897244094488
21
0.4288814960629921
0
LINE
8
BLACK
6
CONTINUOUS
10
0.6593897244094488
20
0.4288814960629921
11
0.6502033858267716
21
0.4288814960629921
0
LINE
8
BLACK
6
CONTINUOUS
10
0.6502033858267716
20
0.4288814960629921
11
0.6502033858267716
21
0.4161330708661417
0
LINE
8
BLACK
6
CONTINUOUS
10
0.6502033858267716
20
0.4161330708661417
11
0.6650140157480314
21
0.4161330708661417
0
LINE
8
BLACK
6
CONTINUOUS
10
0.6650140157480314
20
0.4161330708661417
11
0.6657820866141733
21
0.4160574409448819
0
LINE
8
BLACK
6
CONTINUOUS
10
0.6657820866141733
20
0.4160574409448819
11
0.6672012992125984
21
0.4154695669291338
0
LINE
8
BLACK
6
CONTINUOUS
10
0.6672012992125984
20
0.4154695669291338
11
0.6682875196850393
21
0.4143833464566929
0
LINE
8
BLACK
6
CONTINUOUS
10
0.6682875196850393
20
0.4143833464566929
11
0.6688753937007874
21
0.4129641338582677
0
LINE
8
BLACK
6
CONTINUOUS
10
0.6688753937007874
20
0.4129641338582677
11
0.6688753937007874
21
0.4114279921259842
0
LINE
8
BLACK
6
CONTINUOUS
10
0.6688753937007874
20
0.4114279921259842
11
0.6682875196850393
21
0.410008779527559
0
LINE
8
BLACK
6
CONTINUOUS
10
0.6682875196850393
20
0.410008779527559
11
0.6672012992125984
21
0.4089225590551181
0
LINE
8
BLACK
6
CONTINUOUS
10
0.6672012992125984
20
0.4089225590551181
11
0.6657820866141733
21
0.4083346850393701
0
LINE
8
BLACK
6
CONTINUOUS
10
0.6657820866141733
20
0.4083346850393701
11
0.6650140157480314
21
0.4082590551181102
0
LINE
8
BLACK
6
CONTINUOUS
10
0.6650140157480314
20
0.4082590551181102
11
0.6462663779527559
21
0.4082590551181102
0
LINE
8
BLACK
6
CONTINUOUS
10
0.6462663779527559
20
0.4082590551181102
11
0.6454983070866142
21
0.4083346850393701
0
LINE
8
BLACK
6
CONTINUOUS
10
0.6454983070866142
20
0.4083346850393701
11
0.644079094488189
21
0.4089225590551181
0
LINE
8
BLACK
6
CONTINUOUS
10
0.644079094488189
20
0.4089225590551181
11
0.642992874015748
21
0.410008779527559
0
LINE
8
BLACK
6
CONTINUOUS
10
0.642992874015748
20
0.410008779527559
11
0.642405
21
0.4114279921259842
0
LINE
8
BLACK
6
CONTINUOUS
10
0.642405
20
0.4114279921259842
11
0.6423293700787401
21
0.412196062992126
0
LINE
8
BLACK
6
CONTINUOUS
10
0.6423293700787401
20
0.412196062992126
11
0.6423293700787401
21
0.4515661417322834
0
LINE
8
BLACK
6
CONTINUOUS
10
0.6423293700787401
20
0.4515661417322834
11
0.642405
21
0.4523342125984252
0
LINE
8
BLACK
6
CONTINUOUS
10
0.642405
20
0.4523342125984252
11
0.642992874015748
21
0.4537534251968504
0
LINE
8
BLACK
6
CONTINUOUS
10
0.642992874015748
20
0.4537534251968504
11
0.644079094488189
21
0.4548396456692913
0
LINE
8
BLACK
6
CONTINUOUS
10
0.644079094488189
20
0.4548396456692913
11
0.6454983070866142
21
0.4554275196850394
0
LINE
8
BLACK
6
CONTINUOUS
10
0.6454983070866142
20
0.4554275196850394
11
0.6462663779527559
21
0.4555031496062992
0
LINE
8
BLACK
6
CONTINUOUS
10
0.6462663779527559
20
0.4555031496062992
11
0.6650140157480314
21
0.4555031496062992
0
LINE
8
BLACK
6
CONTINUOUS
10
0.6650140157480314
20
0.4555031496062992
11
0.6657820866141733
21
0.4554275196850394
0
LINE
8
BLACK
6
CONTINUOUS
10
0.7576456299212598
20
0.4554275196850394
11
0.7577763385826771
21
0.4553733464566929
0
LINE
8
BLACK
6
CONTINUOUS
10
0.7577763385826771
20
0.4553733464566929
11
0.7579174409448819
21
0.4553633464566929
0
LINE
8
BLACK
6
CONTINUOUS
10
0.7579174409448819
20
0.4553633464566929
11
0.7586382283464567
21
0.4550875196850394
0
LINE
8
BLACK
6
CONTINUOUS
10
0.7586382283464567
20
0.4550875196850394
11
0.7623877559055118
21
0.4532127559055118
0
LINE
8
BLACK
6
CONTINUOUS
10
0.7623877559055118
20
0.4532127559055118
11
0.7627183070866141
21
0.4530046456692913
0
LINE
8
BLACK
6
CONTINUOUS
10
0.7627183070866141
20
0.4530046456692913
11
0.7628143700787401
21
0.4529648818897637
0
LINE
8
BLACK
6
CONTINUOUS
10
0.7628143700787401
20
0.4529648818897637
11
0.7629224803149606
21
0.4528761417322835
0
LINE
8
BLACK
6
CONTINUOUS
10
0.7629224803149606
20
0.4528761417322835
11
0.763040905511811
21
0.4528016141732283
0
LINE
8
BLACK
6
CONTINUOUS
10
0.763040905511811
20
0.4528016141732283
11
0.7631089763779527
21
0.4527230708661417
0
LINE
8
BLACK
6
CONTINUOUS
10
0.7631089763779527
20
0.4527230708661417
11
0.7634109842519685
21
0.4524752755905512
0
LINE
8
BLACK
6
CONTINUOUS
10
0.7634109842519685
20
0.4524752755905512
11
0.7671605118110236
21
0.4487257480314961
0
LINE
8
BLACK
6
CONTINUOUS
10
0.7671605118110236
20
0.4487257480314961
11
0.7676501181102362
21
0.4481291338582677
0
LINE
8
BLACK
6
CONTINUOUS
10
0.7676501181102362
20
0.4481291338582677
11
0.767762125984252
21
0.4478587007874016
0
LINE
8
BLACK
6
CONTINUOUS
10
0.767762125984252
20
0.4478587007874016
11
0.7679364173228346
21
0.4476235039370078
0
LINE
8
BLACK
6
CONTINUOUS
10
0.7679364173228346
20
0.4476235039370078
11
0.7681960629921259
21
0.4468967322834645
0
LINE
8
BLACK
6
CONTINUOUS
10
0.7681960629921259
20
0.4468967322834645
11
0.7700708267716535
21
0.4393976771653543
0
LINE
8
BLACK
6
CONTINUOUS
10
0.7700708267716535
20
0.4393976771653543
11
0.7700905118110236
21
0.4392645275590551
0
LINE
8
BLACK
6
CONTINUOUS
10
0.7700905118110236
20
0.4392645275590551
11
0.7701127559055118
21
0.4392108661417323
0
LINE
8
BLACK
6
CONTINUOUS
10
0.7701127559055118
20
0.4392108661417323
11
0.7701412204724409
21
0.4389214566929134
0
LINE
8
BLACK
6
CONTINUOUS
10
0.7701412204724409
20
0.4389214566929134
11
0.7701837401574803
21
0.4386341732283465
0
LINE
8
BLACK
6
CONTINUOUS
10
0.7701837401574803
20
0.4386341732283465
11
0.770175157480315
21
0.4385767322834646
0
LINE
8
BLACK
6
CONTINUOUS
10
0.770175157480315
20
0.4385767322834646
11
0.7701883858267716
21
0.4384427952755905
0
LINE
8
BLACK
6
CONTINUOUS
10
0.7701883858267716
20
0.4384427952755905
11
0.7701883858267716
21
0.4253194488188976
0
LINE
8
BLACK
6
CONTINUOUS
10
0.7701883858267716
20
0.4253194488188976
11
0.770175157480315
21
0.4251854724409448
0
LINE
8
BLACK
6
CONTINUOUS
10
0.770175157480315
20
0.4251854724409448
11
0.7701837401574803
21
0.4251280708661417
0
LINE
8
BLACK
6
CONTINUOUS
10
0.7701837401574803
20
0.4251280708661417
11
0.7701412204724409
21
0.4248407480314961
0
LINE
8
BLACK
6
CONTINUOUS
10
0.7701412204724409
20
0.4248407480314961
11
0.7701127559055118
21
0.4245513779527559
0
LINE
8
BLACK
6
CONTINUOUS
10
0.7701127559055118
20
0.4245513779527559
11
0.7700905118110236
21
0.4244976771653543
0
LINE
8
BLACK
6
CONTINUOUS
10
0.7700905118110236
20
0.4244976771653543
11
0.7700708267716535
21
0.4243645669291338
0
LINE
8
BLACK
6
CONTINUOUS
10
0.7700708267716535
20
0.4243645669291338
11
0.7681960629921259
21
0.4168655118110236
0
LINE
8
BLACK
6
CONTINUOUS
10
0.7681960629921259
20
0.4168655118110236
11
0.7679364173228346
21
0.4161387401574803
0
LINE
8
BLACK
6
CONTINUOUS
10
0.7679364173228346
20
0.4161387401574803
11
0.767762125984252
21
0.4159035039370079
0
LINE
8
BLACK
6
CONTINUOUS
10
0.767762125984252
20
0.4159035039370079
11
0.7676501181102362
21
0.4156331102362205
0
LINE
8
BLACK
6
CONTINUOUS
10
0.7676501181102362
20
0.4156331102362205
11
0.7671605118110236
21
0.4150364960629921
0
LINE
8
BLACK
6
CONTINUOUS
10
0.7671605118110236
20
0.4150364960629921
11
0.7634109842519685
21
0.411286968503937
0
LINE
8
BLACK
6
CONTINUOUS
10
0.7634109842519685
20
0.411286968503937
11
0.7631091338582677
21
0.4110392519685039
0
LINE
8
BLACK
6
CONTINUOUS
10
0.7631091338582677
20
0.4110392519685039
11
0.7630409842519685
21
0.4109606692913386
0
LINE
8
BLACK
6
CONTINUOUS
10
0.7630409842519685
20
0.4109606692913386
11
0.7629224409448818
21
0.410886062992126
0
LINE
8
BLACK
6
CONTINUOUS
10
0.7629224409448818
20
0.410886062992126
11
0.7628143700787401
21
0.4107973622047244
0
LINE
8
BLACK
6
CONTINUOUS
10
0.7628143700787401
20
0.4107973622047244
11
0.7627183070866141
21
0.4107575590551181
0
LINE
8
BLACK
6
CONTINUOUS
10
0.7627183070866141
20
0.4107575590551181
11
0.7623877952755905
21
0.4105495275590551
0
LINE
8
BLACK
6
CONTINUOUS
10
0.7623877952755905
20
0.4105495275590551
11
0.7586382677165354
21
0.4086747244094488
0
LINE
8
BLACK
6
CONTINUOUS
10
0.7586382677165354
20
0.4086747244094488
11
0.7579174803149606
21
0.4083988582677165
0
LINE
8
BLACK
6
CONTINUOUS
10
0.7579174803149606
20
0.4083988582677165
11
0.7577762992125984
21
0.4083888188976378
0
LINE
8
BLACK
6
CONTINUOUS
10
0.7577762992125984
20
0.4083888188976378
11
0.7576456299212598
21
0.4083346850393701
0
LINE
8
BLACK
6
CONTINUOUS
10
0.7576456299212598
20
0.4083346850393701
11
0.7568775590551181
21
0.4082590551181102
0
LINE
8
BLACK
6
CONTINUOUS
10
0.7568775590551181
20
0.4082590551181102
11
0.7493785039370079
21
0.4082590551181102
0
LINE
8
BLACK
6
CONTINUOUS
10
0.7493785039370079
20
0.4082590551181102
11
0.7486104330708662
21
0.4083346850393701
0
LINE
8
BLACK
6
CONTINUOUS
10
0.7486104330708662
20
0.4083346850393701
11
0.74847968503937
21
0.4083888188976378
0
LINE
8
BLACK
6
CONTINUOUS
10
0.74847968503937
20
0.4083888188976378
11
0.7483386220472441
21
0.4083988582677165
0
LINE
8
BLACK
6
CONTINUOUS
10
0.7483386220472441
20
0.4083988582677165
11
0.7476177952755906
21
0.4086747244094488
0
LINE
8
BLACK
6
CONTINUOUS
10
0.7476177952755906
20
0.4086747244094488
11
0.7438682677165355
21
0.4105495275590551
0
LINE
8
BLACK
6
CONTINUOUS
10
0.7438682677165355
20
0.4105495275590551
11
0.7435377559055117
21
0.4107575196850394
0
LINE
8
BLACK
6
CONTINUOUS
10
0.7435377559055117
20
0.4107575196850394
11
0.7434416929133858
21
0.4107973622047244
0
LINE
8
BLACK
6
CONTINUOUS
10
0.7434416929133858
20
0.4107973622047244
11
0.7433334645669292
21
0.4108861417322834
0
LINE
8
BLACK
6
CONTINUOUS
10
0.7433334645669292
20
0.4108861417322834
11
0.7432151181102362
21
0.4109606692913386
0
LINE
8
BLACK
6
CONTINUOUS
10
0.7432151181102362
20
0.4109606692913386
11
0.7431470078740158
21
0.4110391338582677
0
LINE
8
BLACK
6
CONTINUOUS
10
0.7431470078740158
20
0.4110391338582677
11
0.7428450787401575
21
0.411286968503937
0
LINE
8
BLACK
6
CONTINUOUS
10
0.7428450787401575
20
0.411286968503937
11
0.7390955511811024
21
0.4150364960629921
0
LINE
8
BLACK
6
CONTINUOUS
10
0.7390955511811024
20
0.4150364960629921
11
0.7386059448818898
21
0.4156331102362205
0
LINE
8
BLACK
6
CONTINUOUS
10
0.7386059448818898
20
0.4156331102362205
11
0.7384938976377953
21
0.4159035039370079
0
LINE
8
BLACK
6
CONTINUOUS
10
0.7384938976377953
20
0.4159035039370079
11
0.7383196456692913
21
0.4161387401574803
0
LINE
8
BLACK
6
CONTINUOUS
10
0.7383196456692913
20
0.4161387401574803
11
0.7380599999999999
21
0.4168655511811024
0
LINE
8
BLACK
6
CONTINUOUS
10
0.7380599999999999
20
0.4168655511811024
11
0.7361852362204724
21
0.4243645669291338
0
LINE
8
BLACK
6
CONTINUOUS
10
0.7361852362204724
20
0.4243645669291338
11
0.7361655118110236
21
0.4244976771653543
0
LINE
8
BLACK
6
CONTINUOUS
10
0.7361655118110236
20
0.4244976771653543
11
0.7361433070866141
21
0.4245513779527559
0
LINE
8
BLACK
6
CONTINUOUS
10
0.7361433070866141
20
0.4245513779527559
11
0.7361148031496063
21
0.4248407480314961
0
LINE
8
BLACK
6
CONTINUOUS
10
0.7361148031496063
20
0.4248407480314961
11
0.7360723228346456
21
0.4251280708661417
0
LINE
8
BLACK
6
CONTINUOUS
10
0.7360723228346456
20
0.4251280708661417
11
0.7360808661417323
21
0.4251854724409448
0
LINE
8
BLACK
6
CONTINUOUS
10
0.7360808661417323
20
0.4251854724409448
11
0.7360676771653543
21
0.4253194488188976
0
LINE
8
BLACK
6
CONTINUOUS
10
0.7360676771653543
20
0.4253194488188976
11
0.7360676771653543
21
0.4384427952755905
0
LINE
8
BLACK
6
CONTINUOUS
10
0.7360676771653543
20
0.4384427952755905
11
0.7360808661417323
21
0.4385767322834646
0
LINE
8
BLACK
6
CONTINUOUS
10
0.7360808661417323
20
0.4385767322834646
11
0.7360723228346456
21
0.4386341732283465
0
LINE
8
BLACK
6
CONTINUOUS
10
0.7360723228346456
20
0.4386341732283465
11
0.7361148031496063
21
0.4389214566929134
0
LINE
8
BLACK
6
CONTINUOUS
10
0.7361148031496063
20
0.4389214566929134
11
0.7361433070866141
21
0.4392108661417323
0
LINE
8
BLACK
6
CONTINUOUS
10
0.7361433070866141
20
0.4392108661417323
11
0.7361655118110236
21
0.4392645275590551
0
LINE
8
BLACK
6
CONTINUOUS
10
0.7361655118110236
20
0.4392645275590551
11
0.7361852362204724
21
0.4393976771653543
0
LINE
8
BLACK
6
CONTINUOUS
10
0.7361852362204724
20
0.4393976771653543
11
0.7380599999999999
21
0.4468966929133858
0
LINE
8
BLACK
6
CONTINUOUS
10
0.7380599999999999
20
0.4468966929133858
11
0.7383196456692913
21
0.4476235039370078
0
LINE
8
BLACK
6
CONTINUOUS
10
0.7383196456692913
20
0.4476235039370078
11
0.7384938976377953
21
0.4478587007874016
0
LINE
8
BLACK
6
CONTINUOUS
10
0.7384938976377953
20
0.4478587007874016
11
0.7386059448818898
21
0.4481291338582677
0
LINE
8
BLACK
6
CONTINUOUS
10
0.7386059448818898
20
0.4481291338582677
11
0.7390955511811024
21
0.4487257480314961
0
LINE
8
BLACK
6
CONTINUOUS
10
0.7390955511811024
20
0.4487257480314961
11
0.7428450787401575
21
0.4524752755905512
0
LINE
8
BLACK
6
CONTINUOUS
10
0.7428450787401575
20
0.4524752755905512
11
0.7431468897637795
21
0.4527229527559055
0
LINE
8
BLACK
6
CONTINUOUS
10
0.7431468897637795
20
0.4527229527559055
11
0.7432151181102362
21
0.4528016141732283
0
LINE
8
BLACK
6
CONTINUOUS
10
0.7432151181102362
20
0.4528016141732283
11
0.7433336614173228
21
0.4528762204724409
0
LINE
8
BLACK
6
CONTINUOUS
10
0.7433336614173228
20
0.4528762204724409
11
0.7434416929133858
21
0.4529648818897637
0
LINE
8
BLACK
6
CONTINUOUS
10
0.7434416929133858
20
0.4529648818897637
11
0.7435376377952756
21
0.4530046062992126
0
LINE
8
BLACK
6
CONTINUOUS
10
0.7435376377952756
20
0.4530046062992126
11
0.7438683070866141
21
0.4532127559055118
0
LINE
8
BLACK
6
CONTINUOUS
10
0.7438683070866141
20
0.4532127559055118
11
0.7476177952755906
21
0.4550875196850394
0
LINE
8
BLACK
6
CONTINUOUS
10
0.7476177952755906
20
0.4550875196850394
11
0.7483386220472441
21
0.4553633464566929
0
LINE
8
BLACK
6
CONTINUOUS
10
0.7483386220472441
20
0.4553633464566929
11
0.74847968503937
21
0.4553733464566929
0
LINE
8
BLACK
6
CONTINUOUS
10
0.74847968503937
20
0.4553733464566929
11
0.7486104330708662
21
0.4554275196850394
0
LINE
8
BLACK
6
CONTINUOUS
10
0.7486104330708662
20
0.4554275196850394
11
0.7493785039370079
21
0.4555031496062992
0
LINE
8
BLACK
6
CONTINUOUS
10
0.7493785039370079
20
0.4555031496062992
11
0.7568775590551181
21
0.4555031496062992
0
LINE
8
BLACK
6
CONTINUOUS
10
0.7568775590551181
20
0.4555031496062992
11
0.7576456299212598
21
0.4554275196850394
0
LINE
8
BLACK
6
CONTINUOUS
10
0.7479611417322835
20
0.4464557480314961
11
0.7454344094488189
21
0.4439290157480315
0
LINE
8
BLACK
6
CONTINUOUS
10
0.7454344094488189
20
0.4439290157480315
11
0.7439416929133859
21
0.4379581496062992
0
LINE
8
BLACK
6
CONTINUOUS
10
0.7439416929133859
20
0.4379581496062992
11
0.7439416929133859
21
0.425804094488189
0
LINE
8
BLACK
6
CONTINUOUS
10
0.7439416929133859
20
0.425804094488189
11
0.7454344094488189
21
0.4198332283464567
0
LINE
8
BLACK
6
CONTINUOUS
10
0.7454344094488189
20
0.4198332283464567
11
0.7479611811023622
21
0.4173064173228346
0
LINE
8
BLACK
6
CONTINUOUS
10
0.7479611811023622
20
0.4173064173228346
11
0.7503078740157481
21
0.4161330708661417
0
LINE
8
BLACK
6
CONTINUOUS
10
0.7503078740157481
20
0.4161330708661417
11
0.7559481889763779
21
0.4161330708661417
0
LINE
8
BLACK
6
CONTINUOUS
10
0.7559481889763779
20
0.4161330708661417
11
0.758294842519685
21
0.4173064173228346
0
LINE
8
BLACK
6
CONTINUOUS
10
0.758294842519685
20
0.4173064173228346
11
0.7608216535433071
21
0.4198332283464567
0
LINE
8
BLACK
6
CONTINUOUS
10
0.7608216535433071
20
0.4198332283464567
11
0.7623143700787401
21
0.4258040551181102
0
LINE
8
BLACK
6
CONTINUOUS
10
0.7623143700787401
20
0.4258040551181102
11
0.7623143700787401
21
0.4379581496062992
0
LINE
8
BLACK
6
CONTINUOUS
10
0.7623143700787401
20
0.4379581496062992
11
0.7608216535433071
21
0.4439289763779528
0
LINE
8
BLACK
6
CONTINUOUS
10
0.7608216535433071
20
0.4439289763779528
11
0.7582949212598425
21
0.4464557086614173
0
LINE
8
BLACK
6
CONTINUOUS
10
0.7582949212598425
20
0.4464557086614173
11
0.7559481496062992
21
0.4476291338582677
0
LINE
8
BLACK
6
CONTINUOUS
10
0.7559481496062992
20
0.4476291338582677
11
0.7503079133858268
21
0.4476291338582677
0
LINE
8
BLACK
6
CONTINUOUS
10
0.7503079133858268
20
0.4476291338582677
11
0.7479611417322835
21
0.4464557480314961
0
LINE
8
BLACK
6
CONTINUOUS
10
0.7853115748031496
20
0.4548396456692913
11
0.7863977952755905
21
0.4537534251968504
0
LINE
8
BLACK
6
CONTINUOUS
10
0.7863977952755905
20
0.4537534251968504
11
0.7869856692913386
21
0.4523342125984252
0
LINE
8
BLACK
6
CONTINUOUS
10
0.7869856692913386
20
0.4523342125984252
11
0.7870612992125984
21
0.4515661417322834
0
LINE
8
BLACK
6
CONTINUOUS
10
0.7870612992125984
20
0.4515661417322834
11
0.7870612992125984
21
0.4206245669291339
0
LINE
8
BLACK
6
CONTINUOUS
10
0.7870612992125984
20
0.4206245669291339
11
0.7882347244094488
21
0.4182777165354331
0
LINE
8
BLACK
6
CONTINUOUS
10
0.7882347244094488
20
0.4182777165354331
11
0.7892059448818898
21
0.4173064566929134
0
LINE
8
BLACK
6
CONTINUOUS
10
0.7892059448818898
20
0.4173064566929134
11
0.791552716535433
21
0.4161330708661417
0
LINE
8
BLACK
6
CONTINUOUS
10
0.791552716535433
20
0.4161330708661417
11
0.797193031496063
21
0.4161330708661417
0
LINE
8
BLACK
6
CONTINUOUS
10
0.797193031496063
20
0.4161330708661417
11
0.7995397244094488
21
0.4173064173228346
0
LINE
8
BLACK
6
CONTINUOUS
10
0.7995397244094488
20
0.4173064173228346
11
0.8005110236220472
21
0.4182777165354331
0
LINE
8
BLACK
6
CONTINUOUS
10
0.8005110236220472
20
0.4182777165354331
11
0.8016844488188977
21
0.4206245669291339
0
LINE
8
BLACK
6
CONTINUOUS
10
0.8016844488188977
20
0.4206245669291339
11
0.8016844488188977
21
0.4515661417322834
0
LINE
8
BLACK
6
CONTINUOUS
10
0.8016844488188977
20
0.4515661417322834
11
0.8017600787401574
21
0.4523342125984252
0
LINE
8
BLACK
6
CONTINUOUS
10
0.8017600787401574
20
0.4523342125984252
11
0.8023479527559055
21
0.4537534251968504
0
LINE
8
BLACK
6
CONTINUOUS
10
0.8023479527559055
20
0.4537534251968504
11
0.8034341732283464
21
0.4548396456692913
0
LINE
8
BLACK
6
CONTINUOUS
10
0.8034341732283464
20
0.4548396456692913
11
0.8048533858267717
21
0.4554275196850394
0
LINE
8
BLACK
6
CONTINUOUS
10
0.8048533858267717
20
0.4554275196850394
11
0.8063895275590551
21
0.4554275196850394
0
LINE
8
BLACK
6
CONTINUOUS
10
0.8063895275590551
20
0.4554275196850394
11
0.8078087401574803
21
0.4548396456692913
0
LINE
8
BLACK
6
CONTINUOUS
10
0.8078087401574803
20
0.4548396456692913
11
0.8088949606299213
21
0.4537534251968504
0
LINE
8
BLACK
6
CONTINUOUS
10
0.8088949606299213
20
0.4537534251968504
11
0.8094828346456693
21
0.4523342125984252
0
LINE
8
BLACK
6
CONTINUOUS
10
0.8094828346456693
20
0.4523342125984252
11
0.8095584645669291
21
0.4515661417322834
0
LINE
8
BLACK
6
CONTINUOUS
10
0.8095584645669291
20
0.4515661417322834
11
0.8095584645669291
21
0.4196951574803149
0
LINE
8
BLACK
6
CONTINUOUS
10
0.8095584645669291
20
0.4196951574803149
11
0.8094828346456693
21
0.4189270866141732
0
LINE
8
BLACK
6
CONTINUOUS
10
0.8094828346456693
20
0.4189270866141732
11
0.8094286614173228
21
0.4187963385826772
0
LINE
8
BLACK
6
CONTINUOUS
10
0.8094286614173228
20
0.4187963385826772
11
0.8094186614173228
21
0.4186552755905512
0
LINE
8
BLACK
6
CONTINUOUS
10
0.8094186614173228
20
0.4186552755905512
11
0.8091428346456693
21
0.4179344488188976
0
LINE
8
BLACK
6
CONTINUOUS
10
0.8091428346456693
20
0.4179344488188976
11
0.8072680708661417
21
0.4141849606299213
0
LINE
8
BLACK
6
CONTINUOUS
10
0.8072680708661417
20
0.4141849606299213
11
0.8070599606299212
21
0.4138543700787402
0
LINE
8
BLACK
6
CONTINUOUS
10
0.8070599606299212
20
0.4138543700787402
11
0.8070201968503937
21
0.4137583070866142
0
LINE
8
BLACK
6
CONTINUOUS
10
0.8070201968503937
20
0.4137583070866142
11
0.8069314566929133
21
0.4136501968503937
0
LINE
8
BLACK
6
CONTINUOUS
10
0.8069314566929133
20
0.4136501968503937
11
0.8068569291338582
21
0.4135317716535433
0
LINE
8
BLACK
6
CONTINUOUS
10
0.8068569291338582
20
0.4135317716535433
11
0.8067782677165354
21
0.4134635433070866
0
LINE
8
BLACK
6
CONTINUOUS
10
0.8067782677165354
20
0.4134635433070866
11
0.8065305511811024
21
0.4131617322834645
0
LINE
8
BLACK
6
CONTINUOUS
10
0.8065305511811024
20
0.4131617322834645
11
0.8046558267716535
21
0.411286968503937
0
LINE
8
BLACK
6
CONTINUOUS
10
0.8046558267716535
20
0.411286968503937
11
0.8043539763779527
21
0.4110392519685039
0
LINE
8
BLACK
6
CONTINUOUS
10
0.8043539763779527
20
0.4110392519685039
11
0.8042858267716535
21
0.4109606692913386
0
LINE
8
BLACK
6
CONTINUOUS
10
0.8042858267716535
20
0.4109606692913386
11
0.8041672834645669
21
0.410886062992126
0
LINE
8
BLACK
6
CONTINUOUS
10
0.8041672834645669
20
0.410886062992126
11
0.8040592125984252
21
0.4107973622047244
0
LINE
8
BLACK
6
CONTINUOUS
10
0.8040592125984252
20
0.4107973622047244
11
0.8039631496062992
21
0.4107575590551181
0
LINE
8
BLACK
6
CONTINUOUS
10
0.8039631496062992
20
0.4107575590551181
11
0.8036326377952756
21
0.4105495275590551
0
LINE
8
BLACK
6
CONTINUOUS
10
0.8036326377952756
20
0.4105495275590551
11
0.7998831102362205
21
0.4086747244094488
0
LINE
8
BLACK
6
CONTINUOUS
10
0.7998831102362205
20
0.4086747244094488
11
0.7991623228346456
21
0.4083988582677165
0
LINE
8
BLACK
6
CONTINUOUS
10
0.7991623228346456
20
0.4083988582677165
11
0.7990211417322834
21
0.4083888188976378
0
LINE
8
BLACK
6
CONTINUOUS
10
0.7990211417322834
20
0.4083888188976378
11
0.7988904724409449
21
0.4083346850393701
0
LINE
8
BLACK
6
CONTINUOUS
10
0.7988904724409449
20
0.4083346850393701
11
0.7981224015748032
21
0.4082590551181102
0
LINE
8
BLACK
6
CONTINUOUS
10
0.7981224015748032
20
0.4082590551181102
11
0.7906233464566929
21
0.4082590551181102
0
LINE
8
BLACK
6
CONTINUOUS
10
0.7906233464566929
20
0.4082590551181102
11
0.7898552755905511
21
0.4083346850393701
0
LINE
8
BLACK
6
CONTINUOUS
10
0.7898552755905511
20
0.4083346850393701
11
0.7897245275590551
21
0.4083888188976378
0
LINE
8
BLACK
6
CONTINUOUS
10
0.7897245275590551
20
0.4083888188976378
11
0.7895834645669291
21
0.4083988582677165
0
LINE
8
BLACK
6
CONTINUOUS
10
0.7895834645669291
20
0.4083988582677165
11
0.7888626377952755
21
0.4086747244094488
0
LINE
8
BLACK
6
CONTINUOUS
10
0.7888626377952755
20
0.4086747244094488
11
0.7851131102362204
21
0.4105495275590551
0
LINE
8
BLACK
6
CONTINUOUS
10
0.7851131102362204
20
0.4105495275590551
11
0.7847826771653543
21
0.4107575196850394
0
LINE
8
BLACK
6
CONTINUOUS
10
0.7847826771653543
20
0.4107575196850394
11
0.7846864960629921
21
0.4107973622047244
0
LINE
8
BLACK
6
CONTINUOUS
10
0.7846864960629921
20
0.4107973622047244
11
0.7845782283464566
21
0.4108861811023622
0
LINE
8
BLACK
6
CONTINUOUS
10
0.7845782283464566
20
0.4108861811023622
11
0.7844599606299213
21
0.4109606692913386
0
LINE
8
BLACK
6
CONTINUOUS
10
0.7844599606299213
20
0.4109606692913386
11
0.7843918503937007
21
0.4110391732283464
0
LINE
8
BLACK
6
CONTINUOUS
10
0.7843918503937007
20
0.4110391732283464
11
0.7840899212598424
21
0.4112870078740157
0
LINE
8
BLACK
6
CONTINUOUS
10
0.7840899212598424
20
0.4112870078740157
11
0.7822151574803149
21
0.4131617322834645
0
LINE
8
BLACK
6
CONTINUOUS
10
0.7822151574803149
20
0.4131617322834645
11
0.7819673228346457
21
0.4134637007874016
0
LINE
8
BLACK
6
CONTINUOUS
10
0.7819673228346457
20
0.4134637007874016
11
0.7818888188976377
21
0.413531811023622
0
LINE
8
BLACK
6
CONTINUOUS
10
0.7818888188976377
20
0.413531811023622
11
0.781814251968504
21
0.4136501968503937
0
LINE
8
BLACK
6
CONTINUOUS
10
0.781814251968504
20
0.4136501968503937
11
0.7817255511811023
21
0.4137583464566929
0
LINE
8
BLACK
6
CONTINUOUS
10
0.7817255511811023
20
0.4137583464566929
11
0.781685748031496
21
0.4138543700787402
0
LINE
8
BLACK
6
CONTINUOUS
10
0.781685748031496
20
0.4138543700787402
11
0.7814776771653543
21
0.4141849606299213
0
LINE
8
BLACK
6
CONTINUOUS
10
0.7814776771653543
20
0.4141849606299213
11
0.7796029133858268
21
0.4179344881889764
0
LINE
8
BLACK
6
CONTINUOUS
10
0.7796029133858268
20
0.4179344881889764
11
0.7793270866141732
21
0.4186552755905512
0
LINE
8
BLACK
6
CONTINUOUS
10
0.7793270866141732
20
0.4186552755905512
11
0.7793170472440945
21
0.4187963385826772
0
LINE
8
BLACK
6
CONTINUOUS
10
0.7793170472440945
20
0.4187963385826772
11
0.7792629133858268
21
0.4189270866141732
0
LINE
8
BLACK
6
CONTINUOUS
10
0.7792629133858268
20
0.4189270866141732
11
0.7791872834645669
21
0.4196951574803149
0
LINE
8
BLACK
6
CONTINUOUS
10
0.7791872834645669
20
0.4196951574803149
11
0.7791872834645669
21
0.4515661417322834
0
LINE
8
BLACK
6
CONTINUOUS
10
0.7791872834645669
20
0.4515661417322834
11
0.7792629133858268
21
0.4523342125984252
0
LINE
8
BLACK
6
CONTINUOUS
10
0.7792629133858268
20
0.4523342125984252
11
0.7798507874015748
21
0.4537534251968504
0
LINE
8
BLACK
6
CONTINUOUS
10
0.7798507874015748
20
0.4537534251968504
11
0.7809370078740158
21
0.4548396456692913
0
LINE
8
BLACK
6
CONTINUOUS
10
0.7809370078740158
20
0.4548396456692913
11
0.7823562204724409
21
0.4554275196850394
0
LINE
8
BLACK
6
CONTINUOUS
10
0.7823562204724409
20
0.4554275196850394
11
0.7838923622047244
21
0.4554275196850394
0
LINE
8
BLACK
6
CONTINUOUS
10
0.7838923622047244
20
0.4554275196850394
11
0.7853115748031496
21
0.4548396456692913
0
LINE
8
BLACK
6
CONTINUOUS
10
0.8959227559055117
20
0.4548396456692913
11
0.8970089763779527
21
0.4537534251968504
0
LINE
8
BLACK
6
CONTINUOUS
10
0.8970089763779527
20
0.4537534251968504
11
0.8975968503937007
21
0.4523342125984252
0
LINE
8
BLACK
6
CONTINUOUS
10
0.8975968503937007
20
0.4523342125984252
11
0.8976724803149606
21
0.4515661417322834
0
LINE
8
BLACK
6
CONTINUOUS
10
0.8976724803149606
20
0.4515661417322834
11
0.8976724803149606
21
0.4206245669291339
0
LINE
8
BLACK
6
CONTINUOUS
10
0.8976724803149606
20
0.4206245669291339
11
0.898845905511811
21
0.4182777165354331
0
LINE
8
BLACK
6
CONTINUOUS
10
0.898845905511811
20
0.4182777165354331
11
0.8998171259842519
21
0.4173064566929134
0
LINE
8
BLACK
6
CONTINUOUS
10
0.8998171259842519
20
0.4173064566929134
11
0.9021638976377953
21
0.4161330708661417
0
LINE
8
BLACK
6
CONTINUOUS
10
0.9021638976377953
20
0.4161330708661417
11
0.9078042125984251
21
0.4161330708661417
0
LINE
8
BLACK
6
CONTINUOUS
10
0.9078042125984251
20
0.4161330708661417
11
0.910150905511811
21
0.4173064173228346
0
LINE
8
BLACK
6
CONTINUOUS
10
0.910150905511811
20
0.4173064173228346
11
0.9111222047244094
21
0.4182777165354331
0
LINE
8
BLACK
6
CONTINUOUS
10
0.9111222047244094
20
0.4182777165354331
11
0.9122956299212598
21
0.4206245669291339
0
LINE
8
BLACK
6
CONTINUOUS
10
0.9122956299212598
20
0.4206245669291339
11
0.9122956299212598
21
0.4515661417322834
0
LINE
8
BLACK
6
CONTINUOUS
10
0.9122956299212598
20
0.4515661417322834
11
0.9123712598425197
21
0.4523342125984252
0
LINE
8
BLACK
6
CONTINUOUS
10
0.9123712598425197
20
0.4523342125984252
11
0.9129591338582677
21
0.4537534251968504
0
LINE
8
BLACK
6
CONTINUOUS
10
0.9129591338582677
20
0.4537534251968504
11
0.9140453543307087
21
0.4548396456692913
0
LINE
8
BLACK
6
CONTINUOUS
10
0.9140453543307087
20
0.4548396456692913
11
0.9154645669291338
21
0.4554275196850394
0
LINE
8
BLACK
6
CONTINUOUS
10
0.9154645669291338
20
0.4554275196850394
11
0.9170007086614173
21
0.4554275196850394
0
LINE
8
BLACK
6
CONTINUOUS
10
0.9170007086614173
20
0.4554275196850394
11
0.9184199212598425
21
0.4548396456692913
0
LINE
8
BLACK
6
CONTINUOUS
10
0.9184199212598425
20
0.4548396456692913
11
0.9195061417322834
21
0.4537534251968504
0
LINE
8
BLACK
6
CONTINUOUS
10
0.9195061417322834
20
0.4537534251968504
11
0.9200940157480315
21
0.4523342125984252
0
LINE
8
BLACK
6
CONTINUOUS
10
0.9200940157480315
20
0.4523342125984252
11
0.9201696456692913
21
0.4515661417322834
0
LINE
8
BLACK
6
CONTINUOUS
10
0.9201696456692913
20
0.4515661417322834
11
0.9201696456692913
21
0.4196951574803149
0
LINE
8
BLACK
6
CONTINUOUS
10
0.9201696456692913
20
0.4196951574803149
11
0.9200940157480315
21
0.4189270866141732
0
LINE
8
BLACK
6
CONTINUOUS
10
0.9200940157480315
20
0.4189270866141732
11
0.9200398425196851
21
0.4187963385826772
0
LINE
8
BLACK
6
CONTINUOUS
10
0.9200398425196851
20
0.4187963385826772
11
0.920029842519685
21
0.4186552755905512
0
LINE
8
BLACK
6
CONTINUOUS
10
0.920029842519685
20
0.4186552755905512
11
0.9197540157480315
21
0.4179344488188976
0
LINE
8
BLACK
6
CONTINUOUS
10
0.9197540157480315
20
0.4179344488188976
11
0.917879251968504
21
0.4141849606299213
0
LINE
8
BLACK
6
CONTINUOUS
10
0.917879251968504
20
0.4141849606299213
11
0.9176711417322835
21
0.4138543700787402
0
LINE
8
BLACK
6
CONTINUOUS
10
0.9176711417322835
20
0.4138543700787402
11
0.9176313779527558
21
0.4137583070866142
0
LINE
8
BLACK
6
CONTINUOUS
10
0.9176313779527558
20
0.4137583070866142
11
0.9175426377952756
21
0.4136501968503937
0
LINE
8
BLACK
6
CONTINUOUS
10
0.9175426377952756
20
0.4136501968503937
11
0.9174681102362204
21
0.4135317716535433
0
LINE
8
BLACK
6
CONTINUOUS
10
0.9174681102362204
20
0.4135317716535433
11
0.9173894488188976
21
0.4134635433070866
0
LINE
8
BLACK
6
CONTINUOUS
10
0.9173894488188976
20
0.4134635433070866
11
0.9171417322834645
21
0.4131617322834645
0
LINE
8
BLACK
6
CONTINUOUS
10
0.9171417322834645
20
0.4131617322834645
11
0.9152670078740157
21
0.411286968503937
0
LINE
8
BLACK
6
CONTINUOUS
10
0.9152670078740157
20
0.411286968503937
11
0.9149651574803149
21
0.4110392519685039
0
LINE
8
BLACK
6
CONTINUOUS
10
0.9149651574803149
20
0.4110392519685039
11
0.9148970078740157
21
0.4109606692913386
0
LINE
8
BLACK
6
CONTINUOUS
10
0.9148970078740157
20
0.4109606692913386
11
0.9147784645669291
21
0.410886062992126
0
LINE
8
BLACK
6
CONTINUOUS
10
0.9147784645669291
20
0.410886062992126
11
0.9146703937007874
21
0.4107973622047244
0
LINE
8
BLACK
6
CONTINUOUS
10
0.9146703937007874
20
0.4107973622047244
11
0.9145743307086613
21
0.4107575590551181
0
LINE
8
BLACK
6
CONTINUOUS
10
0.9145743307086613
20
0.4107575590551181
11
0.9142438188976377
21
0.4105495275590551
0
LINE
8
BLACK
6
CONTINUOUS
10
0.9142438188976377
20
0.4105495275590551
11
0.9104942913385826
21
0.4086747244094488
0
LINE
8
BLACK
6
CONTINUOUS
10
0.9104942913385826
20
0.4086747244094488
11
0.9097735039370078
21
0.4083988582677165
0
LINE
8
BLACK
6
CONTINUOUS
10
0.9097735039370078
20
0.4083988582677165
11
0.9096323228346457
21
0.4083888188976378
0
LINE
8
BLACK
6
CONTINUOUS
10
0.9096323228346457
20
0.4083888188976378
11
0.909501653543307
21
0.4083346850393701
0
LINE
8
BLACK
6
CONTINUOUS
10
0.909501653543307
20
0.4083346850393701
11
0.9087335826771653
21
0.4082590551181102
0
LINE
8
BLACK
6
CONTINUOUS
10
0.9087335826771653
20
0.4082590551181102
11
0.9012345275590551
21
0.4082590551181102
0
LINE
8
BLACK
6
CONTINUOUS
10
0.9012345275590551
20
0.4082590551181102
11
0.9004664566929134
21
0.4083346850393701
0
LINE
8
BLACK
6
CONTINUOUS
10
0.9004664566929134
20
0.4083346850393701
11
0.9003357086614173
21
0.4083888188976378
0
LINE
8
BLACK
6
CONTINUOUS
10
0.9003357086614173
20
0.4083888188976378
11
0.9001946456692913
21
0.4083988582677165
0
LINE
8
BLACK
6
CONTINUOUS
10
0.9001946456692913
20
0.4083988582677165
11
0.8994738188976378
21
0.4086747244094488
0
LINE
8
BLACK
6
CONTINUOUS
10
0.8994738188976378
20
0.4086747244094488
11
0.8957242913385827
21
0.4105495275590551
0
LINE
8
BLACK
6
CONTINUOUS
10
0.8957242913385827
20
0.4105495275590551
11
0.8953938582677166
21
0.4107575196850394
0
LINE
8
BLACK
6
CONTINUOUS
10
0.8953938582677166
20
0.4107575196850394
11
0.8952976771653544
21
0.4107973622047244
0
LINE
8
BLACK
6
CONTINUOUS
10
0.8952976771653544
20
0.4107973622047244
11
0.8951894094488189
21
0.4108861811023622
0
LINE
8
BLACK
6
CONTINUOUS
10
0.8951894094488189
20
0.4108861811023622
11
0.8950711417322834
21
0.4109606692913386
0
LINE
8
BLACK
6
CONTINUOUS
10
0.8950711417322834
20
0.4109606692913386
11
0.895003031496063
21
0.4110391732283464
0
LINE
8
BLACK
6
CONTINUOUS
10
0.895003031496063
20
0.4110391732283464
11
0.8947011023622047
21
0.4112870078740157
0
LINE
8
BLACK
6
CONTINUOUS
10
0.8947011023622047
20
0.4112870078740157
11
0.8928263385826771
21
0.4131617322834645
0
LINE
8
BLACK
6
CONTINUOUS
10
0.8928263385826771
20
0.4131617322834645
11
0.8925785039370079
21
0.4134637007874016
0
LINE
8
BLACK
6
CONTINUOUS
10
0.8925785039370079
20
0.4134637007874016
11
0.8925
21
0.413531811023622
0
LINE
8
BLACK
6
CONTINUOUS
10
0.8925
20
0.413531811023622
11
0.8924254330708661
21
0.4136501968503937
0
LINE
8
BLACK
6
CONTINUOUS
10
0.8924254330708661
20
0.4136501968503937
11
0.8923367322834646
21
0.4137583464566929
0
LINE
8
BLACK
6
CONTINUOUS
10
0.8923367322834646
20
0.4137583464566929
11
0.8922969291338583
21
0.4138543700787402
0
LINE
8
BLACK
6
CONTINUOUS
10
0.8922969291338583
20
0.4138543700787402
11
0.8920888582677166
21
0.4141849606299213
0
LINE
8
BLACK
6
CONTINUOUS
10
0.8920888582677166
20
0.4141849606299213
11
0.890214094488189
21
0.4179344881889764
0
LINE
8
BLACK
6
CONTINUOUS
10
0.890214094488189
20
0.4179344881889764
11
0.8899382677165354
21
0.4186552755905512
0
LINE
8
BLACK
6
CONTINUOUS
10
0.8899382677165354
20
0.4186552755905512
11
0.8899282283464567
21
0.4187963385826772
0
LINE
8
BLACK
6
CONTINUOUS
10
0.8899282283464567
20
0.4187963385826772
11
0.889874094488189
21
0.4189270866141732
0
LINE
8
BLACK
6
CONTINUOUS
10
0.889874094488189
20
0.4189270866141732
11
0.8897984645669291
21
0.4196951574803149
0
LINE
8
BLACK
6
CONTINUOUS
10
0.8897984645669291
20
0.4196951574803149
11
0.8897984645669291
21
0.4515661417322834
0
LINE
8
BLACK
6
CONTINUOUS
10
0.8897984645669291
20
0.4515661417322834
11
0.889874094488189
21
0.4523342125984252
0
LINE
8
BLACK
6
CONTINUOUS
10
0.889874094488189
20
0.4523342125984252
11
0.890461968503937
21
0.4537534251968504
0
LINE
8
BLACK
6
CONTINUOUS
10
0.890461968503937
20
0.4537534251968504
11
0.8915481889763779
21
0.4548396456692913
0
LINE
8
BLACK
6
CONTINUOUS
10
0.8915481889763779
20
0.4548396456692913
11
0.8929674015748031
21
0.4554275196850394
0
LINE
8
BLACK
6
CONTINUOUS
10
0.8929674015748031
20
0.4554275196850394
11
0.8945035433070866
21
0.4554275196850394
0
LINE
8
BLACK
6
CONTINUOUS
10
0.8945035433070866
20
0.4554275196850394
11
0.8959227559055117
21
0.4548396456692913
0
LINE
8
BLACK
6
CONTINUOUS
10
0.699527874015748
20
0.4554275196850394
11
0.7009470866141733
21
0.4548396456692913
0
LINE
8
BLACK
6
CONTINUOUS
10
0.7009470866141733
20
0.4548396456692913
11
0.7020333070866142
21
0.4537534251968504
0
LINE
8
BLACK
6
CONTINUOUS
10
0.7020333070866142
20
0.4537534251968504
11
0.7026211811023622
21
0.4523342125984252
0
LINE
8
BLACK
6
CONTINUOUS
10
0.7026211811023622
20
0.4523342125984252
11
0.7026211811023622
21
0.4507980708661417
0
LINE
8
BLACK
6
CONTINUOUS
10
0.7026211811023622
20
0.4507980708661417
11
0.7020333070866142
21
0.4493788582677165
0
LINE
8
BLACK
6
CONTINUOUS
10
0.7020333070866142
20
0.4493788582677165
11
0.7009470866141733
21
0.4482926377952756
0
LINE
8
BLACK
6
CONTINUOUS
10
0.7009470866141733
20
0.4482926377952756
11
0.699527874015748
21
0.4477047637795276
0
LINE
8
BLACK
6
CONTINUOUS
10
0.699527874015748
20
0.4477047637795276
11
0.6987598031496063
21
0.4476291338582677
0
LINE
8
BLACK
6
CONTINUOUS
10
0.6987598031496063
20
0.4476291338582677
11
0.6914482283464567
21
0.4476291338582677
0
LINE
8
BLACK
6
CONTINUOUS
10
0.6914482283464567
20
0.4476291338582677
11
0.6914482283464567
21
0.412196062992126
0
LINE
8
BLACK
6
CONTINUOUS
10
0.6914482283464567
20
0.412196062992126
11
0.6913725984251968
21
0.4114279921259842
0
LINE
8
BLACK
6
CONTINUOUS
10
0.6913725984251968
20
0.4114279921259842
11
0.6907847244094488
21
0.410008779527559
0
LINE
8
BLACK
6
CONTINUOUS
10
0.6907847244094488
20
0.410008779527559
11
0.6896985039370078
21
0.4089225590551181
0
LINE
8
BLACK
6
CONTINUOUS
10
0.6896985039370078
20
0.4089225590551181
11
0.6882792913385827
21
0.4083346850393701
0
LINE
8
BLACK
6
CONTINUOUS
10
0.6882792913385827
20
0.4083346850393701
11
0.6867431496062992
21
0.4083346850393701
0
LINE
8
BLACK
6
CONTINUOUS
10
0.6867431496062992
20
0.4083346850393701
11
0.685323937007874
21
0.4089225590551181
0
LINE
8
BLACK
6
CONTINUOUS
10
0.685323937007874
20
0.4089225590551181
11
0.6842377165354331
21
0.410008779527559
0
LINE
8
BLACK
6
CONTINUOUS
10
0.6842377165354331
20
0.410008779527559
11
0.683649842519685
21
0.4114279921259842
0
LINE
8
BLACK
6
CONTINUOUS
10
0.683649842519685
20
0.4114279921259842
11
0.6835742125984252
21
0.412196062992126
0
LINE
8
BLACK
6
CONTINUOUS
10
0.6835742125984252
20
0.412196062992126
11
0.6835742125984252
21
0.4476291338582677
0
LINE
8
BLACK
6
CONTINUOUS
10
0.6835742125984252
20
0.4476291338582677
11
0.6762626377952756
21
0.4476291338582677
0
LINE
8
BLACK
6
CONTINUOUS
10
0.6762626377952756
20
0.4476291338582677
11
0.6754945669291338
21
0.4477047637795276
0
LINE
8
BLACK
6
CONTINUOUS
10
0.6754945669291338
20
0.4477047637795276
11
0.6740753543307086
21
0.4482926377952756
0
LINE
8
BLACK
6
CONTINUOUS
10
0.6740753543307086
20
0.4482926377952756
11
0.6729891338582678
21
0.4493788582677165
0
LINE
8
BLACK
6
CONTINUOUS
10
0.6729891338582678
20
0.4493788582677165
11
0.6724012598425196
21
0.4507980708661417
0
LINE
8
BLACK
6
CONTINUOUS
10
0.6724012598425196
20
0.4507980708661417
11
0.6724012598425196
21
0.4523342125984252
0
LINE
8
BLACK
6
CONTINUOUS
10
0.6724012598425196
20
0.4523342125984252
11
0.6729891338582678
21
0.4537534251968504
0
LINE
8
BLACK
6
CONTINUOUS
10
0.6729891338582678
20
0.4537534251968504
11
0.6740753543307086
21
0.4548396456692913
0
LINE
8
BLACK
6
CONTINUOUS
10
0.6740753543307086
20
0.4548396456692913
11
0.6754945669291338
21
0.4554275196850394
0
LINE
8
BLACK
6
CONTINUOUS
10
0.6754945669291338
20
0.4554275196850394
11
0.6762626377952756
21
0.4555031496062992
0
LINE
8
BLACK
6
CONTINUOUS
10
0.6762626377952756
20
0.4555031496062992
11
0.6987598031496063
21
0.4555031496062992
0
LINE
8
BLACK
6
CONTINUOUS
10
0.6987598031496063
20
0.4555031496062992
11
0.699527874015748
21
0.4554275196850394
0
LINE
8
BLACK
6
CONTINUOUS
10
0.8420100787401574
20
0.4554275196850394
11
0.8434292913385827
21
0.4548396456692913
0
LINE
8
BLACK
6
CONTINUOUS
10
0.8434292913385827
20
0.4548396456692913
11
0.8445155118110236
21
0.4537534251968504
0
LINE
8
BLACK
6
CONTINUOUS
10
0.8445155118110236
20
0.4537534251968504
11
0.8451033858267716
21
0.4523342125984252
0
LINE
8
BLACK
6
CONTINUOUS
10
0.8451033858267716
20
0.4523342125984252
11
0.8451033858267716
21
0.4507980708661417
0
LINE
8
BLACK
6
CONTINUOUS
10
0.8451033858267716
20
0.4507980708661417
11
0.8445155118110236
21
0.4493788582677165
0
LINE
8
BLACK
6
CONTINUOUS
10
0.8445155118110236
20
0.4493788582677165
11
0.8434292913385827
21
0.4482926377952756
0
LINE
8
BLACK
6
CONTINUOUS
10
0.8434292913385827
20
0.4482926377952756
11
0.8420100787401574
21
0.4477047637795276
0
LINE
8
BLACK
6
CONTINUOUS
10
0.8420100787401574
20
0.4477047637795276
11
0.8412420078740157
21
0.4476291338582677
0
LINE
8
BLACK
6
CONTINUOUS
10
0.8412420078740157
20
0.4476291338582677
11
0.8339304330708661
21
0.4476291338582677
0
LINE
8
BLACK
6
CONTINUOUS
10
0.8339304330708661
20
0.4476291338582677
11
0.8339304330708661
21
0.412196062992126
0
LINE
8
BLACK
6
CONTINUOUS
10
0.8339304330708661
20
0.412196062992126
11
0.8338548031496062
21
0.4114279921259842
0
LINE
8
BLACK
6
CONTINUOUS
10
0.8338548031496062
20
0.4114279921259842
11
0.8332669291338582
21
0.410008779527559
0
LINE
8
BLACK
6
CONTINUOUS
10
0.8332669291338582
20
0.410008779527559
11
0.8321807086614174
21
0.4089225590551181
0
LINE
8
BLACK
6
CONTINUOUS
10
0.8321807086614174
20
0.4089225590551181
11
0.8307614960629921
21
0.4083346850393701
0
LINE
8
BLACK
6
CONTINUOUS
10
0.8307614960629921
20
0.4083346850393701
11
0.8292253543307087
21
0.4083346850393701
0
LINE
8
BLACK
6
CONTINUOUS
10
0.8292253543307087
20
0.4083346850393701
11
0.8278061417322834
21
0.4089225590551181
0
LINE
8
BLACK
6
CONTINUOUS
10
0.8278061417322834
20
0.4089225590551181
11
0.8267199212598425
21
0.410008779527559
0
LINE
8
BLACK
6
CONTINUOUS
10
0.8267199212598425
20
0.410008779527559
11
0.8261320472440945
21
0.4114279921259842
0
LINE
8
BLACK
6
CONTINUOUS
10
0.8261320472440945
20
0.4114279921259842
11
0.8260564173228346
21
0.412196062992126
0
LINE
8
BLACK
6
CONTINUOUS
10
0.8260564173228346
20
0.412196062992126
11
0.8260564173228346
21
0.4476291338582677
0
LINE
8
BLACK
6
CONTINUOUS
10
0.8260564173228346
20
0.4476291338582677
11
0.818744842519685
21
0.4476291338582677
0
LINE
8
BLACK
6
CONTINUOUS
10
0.818744842519685
20
0.4476291338582677
11
0.8179767716535433
21
0.4477047637795276
0
LINE
8
BLACK
6
CONTINUOUS
10
0.8179767716535433
20
0.4477047637795276
11
0.8165575590551181
21
0.4482926377952756
0
LINE
8
BLACK
6
CONTINUOUS
10
0.8165575590551181
20
0.4482926377952756
11
0.8154713385826772
21
0.4493788582677165
0
LINE
8
BLACK
6
CONTINUOUS
10
0.8154713385826772
20
0.4493788582677165
11
0.8148834645669291
21
0.4507980708661417
0
LINE
8
BLACK
6
CONTINUOUS
10
0.8148834645669291
20
0.4507980708661417
11
0.8148834645669291
21
0.4523342125984252
0
LINE
8
BLACK
6
CONTINUOUS
10
0.8148834645669291
20
0.4523342125984252
11
0.8154713385826772
21
0.4537534251968504
0
LINE
8
BLACK
6
CONTINUOUS
10
0.8154713385826772
20
0.4537534251968504
11
0.8165575590551181
21
0.4548396456692913
0
LINE
8
BLACK
6
CONTINUOUS
10
0.8165575590551181
20
0.4548396456692913
11
0.8179767716535433
21
0.4554275196850394
0
LINE
8
BLACK
6
CONTINUOUS
10
0.8179767716535433
20
0.4554275196850394
11
0.818744842519685
21
0.4555031496062992
0
LINE
8
BLACK
6
CONTINUOUS
10
0.818744842519685
20
0.4555031496062992
11
0.8412420078740157
21
0.4555031496062992
0
LINE
8
BLACK
6
CONTINUOUS
10
0.8412420078740157
20
0.4555031496062992
11
0.8420100787401574
21
0.4554275196850394
0
LINE
8
BLACK
6
CONTINUOUS
10
0.8701315748031496
20
0.4554275196850394
11
0.8702622834645669
21
0.4553733464566929
0
LINE
8
BLACK
6
CONTINUOUS
10
0.8702622834645669
20
0.4553733464566929
11
0.8704033858267717
21
0.4553633464566929
0
LINE
8
BLACK
6
CONTINUOUS
10
0.8704033858267717
20
0.4553633464566929
11
0.8711241732283465
21
0.4550875196850394
0
LINE
8
BLACK
6
CONTINUOUS
10
0.8711241732283465
20
0.4550875196850394
11
0.8748737007874016
21
0.4532127559055118
0
LINE
8
BLACK
6
CONTINUOUS
10
0.8748737007874016
20
0.4532127559055118
11
0.8752042519685039
21
0.4530046456692913
0
LINE
8
BLACK
6
CONTINUOUS
10
0.8752042519685039
20
0.4530046456692913
11
0.8753003149606299
21
0.4529648818897637
0
LINE
8
BLACK
6
CONTINUOUS
10
0.8753003149606299
20
0.4529648818897637
11
0.8754084251968504
21
0.4528761417322835
0
LINE
8
BLACK
6
CONTINUOUS
10
0.8754084251968504
20
0.4528761417322835
11
0.8755268503937008
21
0.4528016141732283
0
LINE
8
BLACK
6
CONTINUOUS
10
0.8755268503937008
20
0.4528016141732283
11
0.8755949212598425
21
0.4527230708661417
0
LINE
8
BLACK
6
CONTINUOUS
10
0.8755949212598425
20
0.4527230708661417
11
0.8758969291338582
21
0.4524752755905512
0
LINE
8
BLACK
6
CONTINUOUS
10
0.8758969291338582
20
0.4524752755905512
11
0.8777716535433071
21
0.4506005118110236
0
LINE
8
BLACK
6
CONTINUOUS
10
0.8777716535433071
20
0.4506005118110236
11
0.8780193700787401
21
0.4502986614173228
0
LINE
8
BLACK
6
CONTINUOUS
10
0.8780193700787401
20
0.4502986614173228
11
0.878098031496063
21
0.4502304724409449
0
LINE
8
BLACK
6
CONTINUOUS
10
0.878098031496063
20
0.4502304724409449
11
0.878172559055118
21
0.4501120078740157
0
LINE
8
BLACK
6
CONTINUOUS
10
0.878172559055118
20
0.4501120078740157
11
0.8782612992125984
21
0.450003937007874
0
LINE
8
BLACK
6
CONTINUOUS
10
0.8782612992125984
20
0.450003937007874
11
0.878301062992126
21
0.4499078346456693
0
LINE
8
BLACK
6
CONTINUOUS
10
0.878301062992126
20
0.4499078346456693
11
0.8785091732283464
21
0.4495772834645669
0
LINE
8
BLACK
6
CONTINUOUS
10
0.8785091732283464
20
0.4495772834645669
11
0.880383937007874
21
0.4458277952755905
0
LINE
8
BLACK
6
CONTINUOUS
10
0.880383937007874
20
0.4458277952755905
11
0.8806597637795276
21
0.445106968503937
0
LINE
8
BLACK
6
CONTINUOUS
10
0.8806597637795276
20
0.445106968503937
11
0.8806697637795275
21
0.4449658661417323
0
LINE
8
BLACK
6
CONTINUOUS
10
0.8806697637795275
20
0.4449658661417323
11
0.880723937007874
21
0.4448351574803149
0
LINE
8
BLACK
6
CONTINUOUS
10
0.880723937007874
20
0.4448351574803149
11
0.8807995669291339
21
0.4440670866141732
0
LINE
8
BLACK
6
CONTINUOUS
10
0.8807995669291339
20
0.4440670866141732
11
0.8807995669291339
21
0.4384427952755905
0
LINE
8
BLACK
6
CONTINUOUS
10
0.8807995669291339
20
0.4384427952755905
11
0.880723937007874
21
0.4376747244094488
0
LINE
8
BLACK
6
CONTINUOUS
10
0.880723937007874
20
0.4376747244094488
11
0.8806697637795275
21
0.4375439763779527
0
LINE
8
BLACK
6
CONTINUOUS
10
0.8806697637795275
20
0.4375439763779527
11
0.8806597637795276
21
0.4374029133858268
0
LINE
8
BLACK
6
CONTINUOUS
10
0.8806597637795276
20
0.4374029133858268
11
0.880383937007874
21
0.4366820866141732
0
LINE
8
BLACK
6
CONTINUOUS
10
0.880383937007874
20
0.4366820866141732
11
0.8785091732283464
21
0.4329325984251968
0
LINE
8
BLACK
6
CONTINUOUS
10
0.8785091732283464
20
0.4329325984251968
11
0.878301062992126
21
0.4326020078740158
0
LINE
8
BLACK
6
CONTINUOUS
10
0.878301062992126
20
0.4326020078740158
11
0.8782612992125984
21
0.4325059448818898
0
LINE
8
BLACK
6
CONTINUOUS
10
0.8782612992125984
20
0.4325059448818898
11
0.878172559055118
21
0.4323978346456693
0
LINE
8
BLACK
6
CONTINUOUS
10
0.878172559055118
20
0.4323978346456693
11
0.878098031496063
21
0.4322794094488189
0
LINE
8
BLACK
6
CONTINUOUS
10
0.878098031496063
20
0.4322794094488189
11
0.8780193700787401
21
0.4322111811023622
0
LINE
8
BLACK
6
CONTINUOUS
10
0.8780193700787401
20
0.4322111811023622
11
0.8777716535433071
21
0.4319093700787401
0
LINE
8
BLACK
6
CONTINUOUS
10
0.8777716535433071
20
0.4319093700787401
11
0.8758969291338582
21
0.4300346062992126
0
LINE
8
BLACK
6
CONTINUOUS
10
0.8758969291338582
20
0.4300346062992126
11
0.8755949212598425
21
0.4297867716535433
0
LINE
8
BLACK
6
CONTINUOUS
10
0.8755949212598425
20
0.4297867716535433
11
0.8755268503937008
21
0.4297082677165354
0
LINE
8
BLACK
6
CONTINUOUS
10
0.8755268503937008
20
0.4297082677165354
11
0.8754084251968504
21
0.4296337007874015
0
LINE
8
BLACK
6
CONTINUOUS
10
0.8754084251968504
20
0.4296337007874015
11
0.8753003149606299
21
0.429545
0
LINE
8
BLACK
6
CONTINUOUS
10
0.8753003149606299
20
0.429545
11
0.8752042519685039
21
0.4295051968503937
0
LINE
8
BLACK
6
CONTINUOUS
10
0.8752042519685039
20
0.4295051968503937
11
0.8748737007874016
21
0.429297125984252
0
LINE
8
BLACK
6
CONTINUOUS
10
0.8748737007874016
20
0.429297125984252
11
0.8711241732283465
21
0.4274223622047244
0
LINE
8
BLACK
6
CONTINUOUS
10
0.8711241732283465
20
0.4274223622047244
11
0.8704033858267717
21
0.4271465354330709
0
LINE
8
BLACK
6
CONTINUOUS
10
0.8704033858267717
20
0.4271465354330709
11
0.8702622834645669
21
0.4271364960629921
0
LINE
8
BLACK
6
CONTINUOUS
10
0.8702622834645669
20
0.4271364960629921
11
0.8701315748031496
21
0.4270823622047244
0
LINE
8
BLACK
6
CONTINUOUS
10
0.8701315748031496
20
0.4270823622047244
11
0.8693635039370079
21
0.4270067322834645
0
LINE
8
BLACK
6
CONTINUOUS
10
0.8693635039370079
20
0.4270067322834645
11
0.8583024015748031
21
0.4270067322834645
0
LINE
8
BLACK
6
CONTINUOUS
10
0.8583024015748031
20
0.4270067322834645
11
0.8583024015748031
21
0.412196062992126
0
LINE
8
BLACK
6
CONTINUOUS
10
0.8583024015748031
20
0.412196062992126
11
0.8582267716535433
21
0.4114279921259842
0
LINE
8
BLACK
6
CONTINUOUS
10
0.8582267716535433
20
0.4114279921259842
11
0.8576388976377952
21
0.410008779527559
0
LINE
8
BLACK
6
CONTINUOUS
10
0.8576388976377952
20
0.410008779527559
11
0.8565526771653543
21
0.4089225590551181
0
LINE
8
BLACK
6
CONTINUOUS
10
0.8565526771653543
20
0.4089225590551181
11
0.8551334645669291
21
0.4083346850393701
0
LINE
8
BLACK
6
CONTINUOUS
10
0.8551334645669291
20
0.4083346850393701
11
0.8535973228346456
21
0.4083346850393701
0
LINE
8
BLACK
6
CONTINUOUS
10
0.8535973228346456
20
0.4083346850393701
11
0.8521781102362205
21
0.4089225590551181
0
LINE
8
BLACK
6
CONTINUOUS
10
0.8521781102362205
20
0.4089225590551181
11
0.8510918897637795
21
0.410008779527559
0
LINE
8
BLACK
6
CONTINUOUS
10
0.8510918897637795
20
0.410008779527559
11
0.8505040157480315
21
0.4114279921259842
0
LINE
8
BLACK
6
CONTINUOUS
10
0.8505040157480315
20
0.4114279921259842
11
0.8504283858267716
21
0.412196062992126
0
LINE
8
BLACK
6
CONTINUOUS
10
0.8504283858267716
20
0.412196062992126
11
0.8504283858267716
21
0.4515661417322834
0
LINE
8
BLACK
6
CONTINUOUS
10
0.8504283858267716
20
0.4515661417322834
11
0.8505040157480315
21
0.4523342125984252
0
LINE
8
BLACK
6
CONTINUOUS
10
0.8505040157480315
20
0.4523342125984252
11
0.8510918897637795
21
0.4537534251968504
0
LINE
8
BLACK
6
CONTINUOUS
10
0.8510918897637795
20
0.4537534251968504
11
0.8521781102362205
21
0.4548396456692913
0
LINE
8
BLACK
6
CONTINUOUS
10
0.8521781102362205
20
0.4548396456692913
11
0.8535973228346456
21
0.4554275196850394
0
LINE
8
BLACK
6
CONTINUOUS
10
0.8535973228346456
20
0.4554275196850394
11
0.8543653937007873
21
0.4555031496062992
0
LINE
8
BLACK
6
CONTINUOUS
10
0.8543653937007873
20
0.4555031496062992
11
0.8693635039370079
21
0.4555031496062992
0
LINE
8
BLACK
6
CONTINUOUS
10
0.8693635039370079
20
0.4555031496062992
11
0.8701315748031496
21
0.4554275196850394
0
LINE
8
BLACK
6
CONTINUOUS
10
0.8583024015748031
20
0.4348807480314961
11
0.868434094488189
21
0.4348807480314961
0
LINE
8
BLACK
6
CONTINUOUS
10
0.868434094488189
20
0.4348807480314961
11
0.870780905511811
21
0.4360541732283464
0
LINE
8
BLACK
6
CONTINUOUS
10
0.870780905511811
20
0.4360541732283464
11
0.871752125984252
21
0.4370253543307087
0
LINE
8
BLACK
6
CONTINUOUS
10
0.871752125984252
20
0.4370253543307087
11
0.8729255511811024
21
0.4393722047244095
0
LINE
8
BLACK
6
CONTINUOUS
10
0.8729255511811024
20
0.4393722047244095
11
0.8729255511811024
21
0.4431376771653543
0
LINE
8
BLACK
6
CONTINUOUS
10
0.8729255511811024
20
0.4431376771653543
11
0.871752125984252
21
0.4454844881889763
0
LINE
8
BLACK
6
CONTINUOUS
10
0.871752125984252
20
0.4454844881889763
11
0.870780905511811
21
0.4464556692913386
0
LINE
8
BLACK
6
CONTINUOUS
10
0.870780905511811
20
0.4464556692913386
11
0.868434094488189
21
0.4476291338582677
0
LINE
8
BLACK
6
CONTINUOUS
10
0.868434094488189
20
0.4476291338582677
11
0.8583024015748031
21
0.4476291338582677
0
LINE
8
BLACK
6
CONTINUOUS
10
0.8583024015748031
20
0.4476291338582677
11
0.8583024015748031
21
0.4348807480314961
0
LINE
8
BLACK
6
CONTINUOUS
10
0.9526212598425197
20
0.4554275196850394
11
0.9540404724409448
21
0.4548396456692913
0
LINE
8
BLACK
6
CONTINUOUS
10
0.9540404724409448
20
0.4548396456692913
11
0.9551266929133858
21
0.4537534251968504
0
LINE
8
BLACK
6
CONTINUOUS
10
0.9551266929133858
20
0.4537534251968504
11
0.9557145669291338
21
0.4523342125984252
0
LINE
8
BLACK
6
CONTINUOUS
10
0.9557145669291338
20
0.4523342125984252
11
0.9557145669291338
21
0.4507980708661417
0
LINE
8
BLACK
6
CONTINUOUS
10
0.9557145669291338
20
0.4507980708661417
11
0.9551266929133858
21
0.4493788582677165
0
LINE
8
BLACK
6
CONTINUOUS
10
0.9551266929133858
20
0.4493788582677165
11
0.9540404724409448
21
0.4482926377952756
0
LINE
8
BLACK
6
CONTINUOUS
10
0.9540404724409448
20
0.4482926377952756
11
0.9526212598425197
21
0.4477047637795276
0
LINE
8
BLACK
6
CONTINUOUS
10
0.9526212598425197
20
0.4477047637795276
11
0.9518531889763779
21
0.4476291338582677
0
LINE
8
BLACK
6
CONTINUOUS
10
0.9518531889763779
20
0.4476291338582677
11
0.9445416141732283
21
0.4476291338582677
0
LINE
8
BLACK
6
CONTINUOUS
10
0.9445416141732283
20
0.4476291338582677
11
0.9445416141732283
21
0.412196062992126
0
LINE
8
BLACK
6
CONTINUOUS
10
0.9445416141732283
20
0.412196062992126
11
0.9444659842519685
21
0.4114279921259842
0
LINE
8
BLACK
6
CONTINUOUS
10
0.9444659842519685
20
0.4114279921259842
11
0.9438781102362205
21
0.410008779527559
0
LINE
8
BLACK
6
CONTINUOUS
10
0.9438781102362205
20
0.410008779527559
11
0.9427918897637795
21
0.4089225590551181
0
LINE
8
BLACK
6
CONTINUOUS
10
0.9427918897637795
20
0.4089225590551181
11
0.9413726771653543
21
0.4083346850393701
0
LINE
8
BLACK
6
CONTINUOUS
10
0.9413726771653543
20
0.4083346850393701
11
0.9398365354330709
21
0.4083346850393701
0
LINE
8
BLACK
6
CONTINUOUS
10
0.9398365354330709
20
0.4083346850393701
11
0.9384173228346456
21
0.4089225590551181
0
LINE
8
BLACK
6
CONTINUOUS
10
0.9384173228346456
20
0.4089225590551181
11
0.9373311023622047
21
0.410008779527559
0
LINE
8
BLACK
6
CONTINUOUS
10
0.9373311023622047
20
0.410008779527559
11
0.9367432283464566
21
0.4114279921259842
0
LINE
8
BLACK
6
CONTINUOUS
10
0.9367432283464566
20
0.4114279921259842
11
0.9366675984251969
21
0.412196062992126
0
LINE
8
BLACK
6
CONTINUOUS
10
0.9366675984251969
20
0.412196062992126
11
0.9366675984251969
21
0.4476291338582677
0
LINE
8
BLACK
6
CONTINUOUS
10
0.9366675984251969
20
0.4476291338582677
11
0.9293560236220473
21
0.4476291338582677
0
LINE
8
BLACK
6
CONTINUOUS
10
0.9293560236220473
20
0.4476291338582677
11
0.9285879527559054
21
0.4477047637795276
0
LINE
8
BLACK
6
CONTINUOUS
10
0.9285879527559054
20
0.4477047637795276
11
0.9271687401574803
21
0.4482926377952756
0
LINE
8
BLACK
6
CONTINUOUS
10
0.9271687401574803
20
0.4482926377952756
11
0.9260825196850393
21
0.4493788582677165
0
LINE
8
BLACK
6
CONTINUOUS
10
0.9260825196850393
20
0.4493788582677165
11
0.9254946456692913
21
0.4507980708661417
0
LINE
8
BLACK
6
CONTINUOUS
10
0.9254946456692913
20
0.4507980708661417
11
0.9254946456692913
21
0.4523342125984252
0
LINE
8
BLACK
6
CONTINUOUS
10
0.9254946456692913
20
0.4523342125984252
11
0.9260825196850393
21
0.4537534251968504
0
LINE
8
BLACK
6
CONTINUOUS
10
0.9260825196850393
20
0.4537534251968504
11
0.9271687401574803
21
0.4548396456692913
0
LINE
8
BLACK
6
CONTINUOUS
10
0.9271687401574803
20
0.4548396456692913
11
0.9285879527559054
21
0.4554275196850394
0
LINE
8
BLACK
6
CONTINUOUS
10
0.9285879527559054
20
0.4554275196850394
11
0.9293560236220473
21
0.4555031496062992
0
LINE
8
BLACK
6
CONTINUOUS
10
0.9293560236220473
20
0.4555031496062992
11
0.9518531889763779
21
0.4555031496062992
0
LINE
8
BLACK
6
CONTINUOUS
10
0.9518531889763779
20
0.4555031496062992
11
0.9526212598425197
21
0.4554275196850394
0
LINE
8
BLACK
6
CONTINUOUS
10
1.1390586220472441
20
0.4920586220472441
11
1.1396351968503937
21
0.4906666929133858
0
LINE
8
BLACK
6
CONTINUOUS
10
1.1396351968503937
20
0.4906666929133858
11
1.1396351968503937
21
0.4531666929133858
0
LINE
8
BLACK
6
CONTINUOUS
10
1.1396351968503937
20
0.4531666929133858
11
1.1390586220472441
21
0.4517747637795275
0
LINE
8
BLACK
6
CONTINUOUS
10
1.1390586220472441
20
0.4517747637795275
11
1.1376666929133858
21
0.4511981889763779
0
LINE
8
BLACK
6
CONTINUOUS
10
1.1376666929133858
20
0.4511981889763779
11
1.1001666929133858
21
0.4511981889763779
0
LINE
8
BLACK
6
CONTINUOUS
10
1.1001666929133858
20
0.4511981889763779
11
1.0987747637795275
21
0.4517747637795275
0
LINE
8
BLACK
6
CONTINUOUS
10
1.0987747637795275
20
0.4517747637795275
11
1.0981981889763779
21
0.4531666929133858
0
LINE
8
BLACK
6
CONTINUOUS
10
1.0981981889763779
20
0.4531666929133858
11
1.0981981889763779
21
0.4906666929133858
0
LINE
8
BLACK
6
CONTINUOUS
10
1.0981981889763779
20
0.4906666929133858
11
1.0987747637795275
21
0.4920586220472441
0
LINE
8
BLACK
6
CONTINUOUS
10
1.0987747637795275
20
0.4920586220472441
11
1.1001666929133858
21
0.4926351968503937
0
LINE
8
BLACK
6
CONTINUOUS
10
1.1001666929133858
20
0.4926351968503937
11
1.1376666929133858
21
0.4926351968503937
0
LINE
8
BLACK
6
CONTINUOUS
10
1.1376666929133858
20
0.4926351968503937
11
1.1390586220472441
21
0.4920586220472441
0
LINE
8
BLACK
6
CONTINUOUS
10
1.164058622047244
20
0.5170586220472441
11
1.1646351968503936
21
0.5156666929133858
0
LINE
8
BLACK
6
CONTINUOUS
10
1.1646351968503936
20
0.5156666929133858
11
1.1646351968503936
21
0.4281666929133858
0
LINE
8
BLACK
6
CONTINUOUS
10
1.1646351968503936
20
0.4281666929133858
11
1.164058622047244
21
0.4267747637795276
0
LINE
8
BLACK
6
CONTINUOUS
10
1.164058622047244
20
0.4267747637795276
11
1.1626666929133858
21
0.426198188976378
0
LINE
8
BLACK
6
CONTINUOUS
10
1.1626666929133858
20
0.426198188976378
11
1.0751666929133858
21
0.426198188976378
0
LINE
8
BLACK
6
CONTINUOUS
10
1.0751666929133858
20
0.426198188976378
11
1.0737747637795276
21
0.4267747637795276
0
LINE
8
BLACK
6
CONTINUOUS
10
1.0737747637795276
20
0.4267747637795276
11
1.073198188976378
21
0.4281666929133858
0
LINE
8
BLACK
6
CONTINUOUS
10
1.073198188976378
20
0.4281666929133858
11
1.073198188976378
21
0.5156666929133858
0
LINE
8
BLACK
6
CONTINUOUS
10
1.073198188976378
20
0.5156666929133858
11
1.0737747637795276
21
0.5170586220472441
0
LINE
8
BLACK
6
CONTINUOUS
10
1.0737747637795276
20
0.5170586220472441
11
1.0751666929133858
21
0.5176351968503937
0
LINE
8
BLACK
6
CONTINUOUS
10
1.0751666929133858
20
0.5176351968503937
11
1.1626666929133858
21
0.5176351968503937
0
LINE
8
BLACK
6
CONTINUOUS
10
1.1626666929133858
20
0.5176351968503937
11
1.164058622047244
21
0.5170586220472441
0
LINE
8
BLACK
6
CONTINUOUS
10
1.0896351968503937
20
0.4426351968503937
11
1.1481981889763779
21
0.4426351968503937
0
LINE
8
BLACK
6
CONTINUOUS
10
1.1481981889763779
20
0.4426351968503937
11
1.1481981889763779
21
0.5011981889763779
0
LINE
8
BLACK
6
CONTINUOUS
10
1.1481981889763779
20
0.5011981889763779
11
1.0896351968503937
21
0.5011981889763779
0
LINE
8
BLACK
6
CONTINUOUS
10
1.0896351968503937
20
0.5011981889763779
11
1.0896351968503937
21
0.4426351968503937
0
LINE
8
BLACK
6
CONTINUOUS
10
1.214058622047244
20
0.6045586220472441
11
1.2146351968503937
21
0.6031666929133858
0
LINE
8
BLACK
6
CONTINUOUS
10
1.2146351968503937
20
0.6031666929133858
11
1.2146351968503937
21
0.5906666929133858
0
LINE
8
BLACK
6
CONTINUOUS
10
1.2146351968503937
20
0.5906666929133858
11
1.214058622047244
21
0.5892747637795276
0
LINE
8
BLACK
6
CONTINUOUS
10
1.214058622047244
20
0.5892747637795276
11
1.2126666929133858
21
0.5886981889763779
0
LINE
8
BLACK
6
CONTINUOUS
10
1.2126666929133858
20
0.5886981889763779
11
1.2001666929133858
21
0.5886981889763779
0
LINE
8
BLACK
6
CONTINUOUS
10
1.2001666929133858
20
0.5886981889763779
11
1.1987747637795276
21
0.5892747637795276
0
LINE
8
BLACK
6
CONTINUOUS
10
1.1987747637795276
20
0.5892747637795276
11
1.198198188976378
21
0.5906666929133858
0
LINE
8
BLACK
6
CONTINUOUS
10
1.198198188976378
20
0.5906666929133858
11
1.198198188976378
21
0.6031666929133858
0
LINE
8
BLACK
6
CONTINUOUS
10
1.198198188976378
20
0.6031666929133858
11
1.1987747637795276
21
0.6045586220472441
0
LINE
8
BLACK
6
CONTINUOUS
10
1.1987747637795276
20
0.6045586220472441
11
1.2001666929133858
21
0.6051351968503937
0
LINE
8
BLACK
6
CONTINUOUS
10
1.2001666929133858
20
0.6051351968503937
11
1.2126666929133858
21
0.6051351968503937
0
LINE
8
BLACK
6
CONTINUOUS
10
1.2126666929133858
20
0.6051351968503937
11
1.214058622047244
21
0.6045586220472441
0
LINE
8
BLACK
6
CONTINUOUS
10
1.339058622047244
20
0.6295586220472441
11
1.3396351968503937
21
0.6281666929133858
0
LINE
8
BLACK
6
CONTINUOUS
10
1.3396351968503937
20
0.6281666929133858
11
1.3396351968503937
21
0.6156666929133858
0
LINE
8
BLACK
6
CONTINUOUS
10
1.3396351968503937
20
0.6156666929133858
11
1.339058622047244
21
0.6142747637795275
0
LINE
8
BLACK
6
CONTINUOUS
10
1.339058622047244
20
0.6142747637795275
11
1.3376666929133858
21
0.613698188976378
0
LINE
8
BLACK
6
CONTINUOUS
10
1.3376666929133858
20
0.613698188976378
11
1.3251666929133858
21
0.613698188976378
0
LINE
8
BLACK
6
CONTINUOUS
10
1.3251666929133858
20
0.613698188976378
11
1.3237747637795276
21
0.6142747637795275
0
LINE
8
BLACK
6
CONTINUOUS
10
1.3237747637795276
20
0.6142747637795275
11
1.323198188976378
21
0.6156666929133858
0
LINE
8
BLACK
6
CONTINUOUS
10
1.323198188976378
20
0.6156666929133858
11
1.323198188976378
21
0.6281666929133858
0
LINE
8
BLACK
6
CONTINUOUS
10
1.323198188976378
20
0.6281666929133858
11
1.3237747637795276
21
0.6295586220472441
0
LINE
8
BLACK
6
CONTINUOUS
10
1.3237747637795276
20
0.6295586220472441
11
1.3251666929133858
21
0.6301351968503937
0
LINE
8
BLACK
6
CONTINUOUS
10
1.3251666929133858
20
0.6301351968503937
11
1.3376666929133858
21
0.6301351968503937
0
LINE
8
BLACK
6
CONTINUOUS
10
1.3376666929133858
20
0.6301351968503937
11
1.339058622047244
21
0.6295586220472441
0
LINE
8
BLACK
6
CONTINUOUS
10
1.276558622047244
20
0.7545586220472441
11
1.2771351968503937
21
0.7531666929133858
0
LINE
8
BLACK
6
CONTINUOUS
10
1.2771351968503937
20
0.7531666929133858
11
1.2771351968503937
21
0.7281666929133858
0
LINE
8
BLACK
6
CONTINUOUS
10
1.2771351968503937
20
0.7281666929133858
11
1.276558622047244
21
0.7267747637795275
0
LINE
8
BLACK
6
CONTINUOUS
10
1.276558622047244
20
0.7267747637795275
11
1.2751666929133858
21
0.7261981889763779
0
LINE
8
BLACK
6
CONTINUOUS
10
1.2751666929133858
20
0.7261981889763779
11
1.2626666929133858
21
0.7261981889763779
0
LINE
8
BLACK
6
CONTINUOUS
10
1.2626666929133858
20
0.7261981889763779
11
1.2612747637795276
21
0.7267747637795275
0
LINE
8
BLACK
6
CONTINUOUS
10
1.2612747637795276
20
0.7267747637795275
11
1.260698188976378
21
0.7281666929133858
0
LINE
8
BLACK
6
CONTINUOUS
10
1.260698188976378
20
0.7281666929133858
11
1.260698188976378
21
0.7531666929133858
0
LINE
8
BLACK
6
CONTINUOUS
10
1.260698188976378
20
0.7531666929133858
11
1.2612747637795276
21
0.7545586220472441
0
LINE
8
BLACK
6
CONTINUOUS
10
1.2612747637795276
20
0.7545586220472441
11
1.2626666929133858
21
0.7551351968503937
0
LINE
8
BLACK
6
CONTINUOUS
10
1.2626666929133858
20
0.7551351968503937
11
1.2751666929133858
21
0.7551351968503937
0
LINE
8
BLACK
6
CONTINUOUS
10
1.2751666929133858
20
0.7551351968503937
11
1.276558622047244
21
0.7545586220472441
0
LINE
8
BLACK
6
CONTINUOUS
10
1.3640586220472442
20
0.7170586220472441
11
1.3646351968503936
21
0.7156666929133858
0
LINE
8
BLACK
6
CONTINUOUS
10
1.3646351968503936
20
0.7156666929133858
11
1.3646351968503936
21
0.7031666929133858
0
LINE
8
BLACK
6
CONTINUOUS
10
1.3646351968503936
20
0.7031666929133858
11
1.3640586220472442
21
0.7017747637795275
0
LINE
8
BLACK
6
CONTINUOUS
10
1.3640586220472442
20
0.7017747637795275
11
1.3626666929133857
21
0.701198188976378
0
LINE
8
BLACK
6
CONTINUOUS
10
1.3626666929133857
20
0.701198188976378
11
1.3501666929133858
21
0.701198188976378
0
LINE
8
BLACK
6
CONTINUOUS
10
1.3501666929133858
20
0.701198188976378
11
1.3487747637795275
21
0.7017747637795275
0
LINE
8
BLACK
6
CONTINUOUS
10
1.3487747637795275
20
0.7017747637795275
11
1.3481981889763779
21
0.7031666929133858
0
LINE
8
BLACK
6
CONTINUOUS
10
1.3481981889763779
20
0.7031666929133858
11
1.3481981889763779
21
0.7156666929133858
0
LINE
8
BLACK
6
CONTINUOUS
10
1.3481981889763779
20
0.7156666929133858
11
1.3487747637795275
21
0.7170586220472441
0
LINE
8
BLACK
6
CONTINUOUS
10
1.3487747637795275
20
0.7170586220472441
11
1.3501666929133858
21
0.7176351968503937
0
LINE
8
BLACK
6
CONTINUOUS
10
1.3501666929133858
20
0.7176351968503937
11
1.3626666929133857
21
0.7176351968503937
0
LINE
8
BLACK
6
CONTINUOUS
10
1.3626666929133857
20
0.7176351968503937
11
1.3640586220472442
21
0.7170586220472441
0
LINE
8
BLACK
6
CONTINUOUS
10
1.214058622047244
20
0.7920586220472441
11
1.2146351968503937
21
0.7906666929133858
0
LINE
8
BLACK
6
CONTINUOUS
10
1.2146351968503937
20
0.7906666929133858
11
1.2146351968503937
21
0.7801351968503937
0
LINE
8
BLACK
6
CONTINUOUS
10
1.2146351968503937
20
0.7801351968503937
11
1.2231981889763779
21
0.7801351968503937
0
LINE
8
BLACK
6
CONTINUOUS
10
1.2231981889763779
20
0.7801351968503937
11
1.2231981889763779
21
0.7906666929133858
0
LINE
8
BLACK
6
CONTINUOUS
10
1.2231981889763779
20
0.7906666929133858
11
1.2237747637795275
21
0.7920586220472441
0
LINE
8
BLACK
6
CONTINUOUS
10
1.2237747637795275
20
0.7920586220472441
11
1.2251666929133858
21
0.7926351968503936
0
LINE
8
BLACK
6
CONTINUOUS
10
1.2251666929133858
20
0.7926351968503936
11
1.2626666929133858
21
0.7926351968503936
0
LINE
8
BLACK
6
CONTINUOUS
10
1.2626666929133858
20
0.7926351968503936
11
1.2640586220472441
21
0.7920586220472441
0
LINE
8
BLACK
6
CONTINUOUS
10
1.2640586220472441
20
0.7920586220472441
11
1.2646351968503937
21
0.7906666929133858
0
LINE
8
BLACK
6
CONTINUOUS
10
1.2646351968503937
20
0.7906666929133858
11
1.2646351968503937
21
0.7801351968503937
0
LINE
8
BLACK
6
CONTINUOUS
10
1.2646351968503937
20
0.7801351968503937
11
1.2731981889763779
21
0.7801351968503937
0
LINE
8
BLACK
6
CONTINUOUS
10
1.2731981889763779
20
0.7801351968503937
11
1.2731981889763779
21
0.7906666929133858
0
LINE
8
BLACK
6
CONTINUOUS
10
1.2731981889763779
20
0.7906666929133858
11
1.2737747637795276
21
0.7920586220472441
0
LINE
8
BLACK
6
CONTINUOUS
10
1.2737747637795276
20
0.7920586220472441
11
1.2751666929133858
21
0.7926351968503936
0
LINE
8
BLACK
6
CONTINUOUS
10
1.2751666929133858
20
0.7926351968503936
11
1.3126666929133859
21
0.7926351968503936
0
LINE
8
BLACK
6
CONTINUOUS
10
1.3126666929133859
20
0.7926351968503936
11
1.3140586220472441
21
0.7920586220472441
0
LINE
8
BLACK
6
CONTINUOUS
10
1.3140586220472441
20
0.7920586220472441
11
1.3146351968503938
21
0.7906666929133858
0
LINE
8
BLACK
6
CONTINUOUS
10
1.3146351968503938
20
0.7906666929133858
11
1.3146351968503938
21
0.7801351968503937
0
LINE
8
BLACK
6
CONTINUOUS
10
1.3146351968503938
20
0.7801351968503937
11
1.3251666929133858
21
0.7801351968503937
0
LINE
8
BLACK
6
CONTINUOUS
10
1.3251666929133858
20
0.7801351968503937
11
1.3265586220472441
21
0.7795586220472441
0
LINE
8
BLACK
6
CONTINUOUS
10
1.3265586220472441
20
0.7795586220472441
11
1.3271351968503937
21
0.7781666929133858
0
LINE
8
BLACK
6
CONTINUOUS
10
1.3271351968503937
20
0.7781666929133858
11
1.3271351968503937
21
0.7656666929133858
0
LINE
8
BLACK
6
CONTINUOUS
10
1.3271351968503937
20
0.7656666929133858
11
1.3265586220472441
21
0.7642747637795275
0
LINE
8
BLACK
6
CONTINUOUS
10
1.3265586220472441
20
0.7642747637795275
11
1.3251666929133858
21
0.763698188976378
0
LINE
8
BLACK
6
CONTINUOUS
10
1.3251666929133858
20
0.763698188976378
11
1.3021351968503936
21
0.763698188976378
0
LINE
8
BLACK
6
CONTINUOUS
10
1.3021351968503936
20
0.763698188976378
11
1.3021351968503936
21
0.7551351968503937
0
LINE
8
BLACK
6
CONTINUOUS
10
1.3021351968503936
20
0.7551351968503937
11
1.3251666929133858
21
0.7551351968503937
0
LINE
8
BLACK
6
CONTINUOUS
10
1.3251666929133858
20
0.7551351968503937
11
1.3265586220472441
21
0.7545586220472441
0
LINE
8
BLACK
6
CONTINUOUS
10
1.3265586220472441
20
0.7545586220472441
11
1.3271351968503937
21
0.7531666929133858
0
LINE
8
BLACK
6
CONTINUOUS
10
1.3271351968503937
20
0.7531666929133858
11
1.3271351968503937
21
0.7426351968503937
0
LINE
8
BLACK
6
CONTINUOUS
10
1.3271351968503937
20
0.7426351968503937
11
1.3481981889763779
21
0.7426351968503937
0
LINE
8
BLACK
6
CONTINUOUS
10
1.3481981889763779
20
0.7426351968503937
11
1.3481981889763779
21
0.7511981889763779
0
LINE
8
BLACK
6
CONTINUOUS
10
1.3481981889763779
20
0.7511981889763779
11
1.3376666929133858
21
0.7511981889763779
0
LINE
8
BLACK
6
CONTINUOUS
10
1.3376666929133858
20
0.7511981889763779
11
1.3362747637795276
21
0.7517747637795276
0
LINE
8
BLACK
6
CONTINUOUS
10
1.3362747637795276
20
0.7517747637795276
11
1.3356981889763779
21
0.7531666929133858
0
LINE
8
BLACK
6
CONTINUOUS
10
1.3356981889763779
20
0.7531666929133858
11
1.3356981889763779
21
0.7906666929133858
0
LINE
8
BLACK
6
CONTINUOUS
10
1.3356981889763779
20
0.7906666929133858
11
1.3362747637795276
21
0.7920586220472441
0
LINE
8
BLACK
6
CONTINUOUS
10
1.3362747637795276
20
0.7920586220472441
11
1.3376666929133858
21
0.7926351968503936
0
LINE
8
BLACK
6
CONTINUOUS
10
1.3376666929133858
20
0.7926351968503936
11
1.3626666929133857
21
0.7926351968503936
0
LINE
8
BLACK
6
CONTINUOUS
10
1.3626666929133857
20
0.7926351968503936
11
1.3640586220472442
21
0.7920586220472441
0
LINE
8
BLACK
6
CONTINUOUS
10
1.3640586220472442
20
0.7920586220472441
11
1.3646351968503936
21
0.7906666929133858
0
LINE
8
BLACK
6
CONTINUOUS
10
1.3646351968503936
20
0.7906666929133858
11
1.3646351968503936
21
0.7801351968503937
0
LINE
8
BLACK
6
CONTINUOUS
10
1.3646351968503936
20
0.7801351968503937
11
1.3876666929133858
21
0.7801351968503937
0
LINE
8
BLACK
6
CONTINUOUS
10
1.3876666929133858
20
0.7801351968503937
11
1.3890586220472441
21
0.7795586220472441
0
LINE
8
BLACK
6
CONTINUOUS
10
1.3890586220472441
20
0.7795586220472441
11
1.3896351968503937
21
0.7781666929133858
0
LINE
8
BLACK
6
CONTINUOUS
10
1.3896351968503937
20
0.7781666929133858
11
1.3896351968503937
21
0.7656666929133858
0
LINE
8
BLACK
6
CONTINUOUS
10
1.3896351968503937
20
0.7656666929133858
11
1.3890586220472441
21
0.7642747637795275
0
LINE
8
BLACK
6
CONTINUOUS
10
1.3890586220472441
20
0.7642747637795275
11
1.3876666929133858
21
0.763698188976378
0
LINE
8
BLACK
6
CONTINUOUS
10
1.3876666929133858
20
0.763698188976378
11
1.3521351968503936
21
0.763698188976378
0
LINE
8
BLACK
6
CONTINUOUS
10
1.3521351968503936
20
0.763698188976378
11
1.3521351968503936
21
0.7551351968503937
0
LINE
8
BLACK
6
CONTINUOUS
10
1.3521351968503936
20
0.7551351968503937
11
1.3626666929133857
21
0.7551351968503937
0
LINE
8
BLACK
6
CONTINUOUS
10
1.3626666929133857
20
0.7551351968503937
11
1.3640586220472442
21
0.7545586220472441
0
LINE
8
BLACK
6
CONTINUOUS
10
1.3640586220472442
20
0.7545586220472441
11
1.3646351968503936
21
0.7531666929133858
0
LINE
8
BLACK
6
CONTINUOUS
10
1.3646351968503936
20
0.7531666929133858
11
1.3646351968503936
21
0.7426351968503937
0
LINE
8
BLACK
6
CONTINUOUS
10
1.3646351968503936
20
0.7426351968503937
11
1.373198188976378
21
0.7426351968503937
0
LINE
8
BLACK
6
CONTINUOUS
10
1.373198188976378
20
0.7426351968503937
11
1.373198188976378
21
0.7531666929133858
0
LINE
8
BLACK
6
CONTINUOUS
10
1.373198188976378
20
0.7531666929133858
11
1.3737747637795275
21
0.7545586220472441
0
LINE
8
BLACK
6
CONTINUOUS
10
1.3737747637795275
20
0.7545586220472441
11
1.3751666929133859
21
0.7551351968503937
0
LINE
8
BLACK
6
CONTINUOUS
10
1.3751666929133859
20
0.7551351968503937
11
1.3876666929133858
21
0.7551351968503937
0
LINE
8
BLACK
6
CONTINUOUS
10
1.3876666929133858
20
0.7551351968503937
11
1.3890586220472441
21
0.7545586220472441
0
LINE
8
BLACK
6
CONTINUOUS
10
1.3890586220472441
20
0.7545586220472441
11
1.3896351968503937
21
0.7531666929133858
0
LINE
8
BLACK
6
CONTINUOUS
10
1.3896351968503937
20
0.7531666929133858
11
1.3896351968503937
21
0.7426351968503937
0
LINE
8
BLACK
6
CONTINUOUS
10
1.3896351968503937
20
0.7426351968503937
11
1.3981981889763779
21
0.7426351968503937
0
LINE
8
BLACK
6
CONTINUOUS
10
1.3981981889763779
20
0.7426351968503937
11
1.3981981889763779
21
0.7531666929133858
0
LINE
8
BLACK
6
CONTINUOUS
10
1.3981981889763779
20
0.7531666929133858
11
1.3987747637795276
21
0.7545586220472441
0
LINE
8
BLACK
6
CONTINUOUS
10
1.3987747637795276
20
0.7545586220472441
11
1.4001666929133858
21
0.7551351968503937
0
LINE
8
BLACK
6
CONTINUOUS
10
1.4001666929133858
20
0.7551351968503937
11
1.4126666929133858
21
0.7551351968503937
0
LINE
8
BLACK
6
CONTINUOUS
10
1.4126666929133858
20
0.7551351968503937
11
1.414058622047244
21
0.7545586220472441
0
LINE
8
BLACK
6
CONTINUOUS
10
1.414058622047244
20
0.7545586220472441
11
1.4146351968503936
21
0.7531666929133858
0
LINE
8
BLACK
6
CONTINUOUS
10
1.4146351968503936
20
0.7531666929133858
11
1.4146351968503936
21
0.7426351968503937
0
LINE
8
BLACK
6
CONTINUOUS
10
1.4146351968503936
20
0.7426351968503937
11
1.4231981889763778
21
0.7426351968503937
0
LINE
8
BLACK
6
CONTINUOUS
10
1.4231981889763778
20
0.7426351968503937
11
1.4231981889763778
21
0.7531666929133858
0
LINE
8
BLACK
6
CONTINUOUS
10
1.4231981889763778
20
0.7531666929133858
11
1.4237747637795275
21
0.7545586220472441
0
LINE
8
BLACK
6
CONTINUOUS
10
1.4237747637795275
20
0.7545586220472441
11
1.4251666929133857
21
0.7551351968503937
0
LINE
8
BLACK
6
CONTINUOUS
10
1.4251666929133857
20
0.7551351968503937
11
1.4376666929133859
21
0.7551351968503937
0
LINE
8
BLACK
6
CONTINUOUS
10
1.4376666929133859
20
0.7551351968503937
11
1.4390586220472441
21
0.7545586220472441
0
LINE
8
BLACK
6
CONTINUOUS
10
1.4390586220472441
20
0.7545586220472441
11
1.4396351968503938
21
0.7531666929133858
0
LINE
8
BLACK
6
CONTINUOUS
10
1.4396351968503938
20
0.7531666929133858
11
1.4396351968503938
21
0.7156666929133858
0
LINE
8
BLACK
6
CONTINUOUS
10
1.4396351968503938
20
0.7156666929133858
11
1.4390586220472441
21
0.7142747637795276
0
LINE
8
BLACK
6
CONTINUOUS
10
1.4390586220472441
20
0.7142747637795276
11
1.4376666929133859
21
0.7136981889763779
0
LINE
8
BLACK
6
CONTINUOUS
10
1.4376666929133859
20
0.7136981889763779
11
1.4271351968503936
21
0.7136981889763779
0
LINE
8
BLACK
6
CONTINUOUS
10
1.4271351968503936
20
0.7136981889763779
11
1.4271351968503936
21
0.7031666929133858
0
LINE
8
BLACK
6
CONTINUOUS
10
1.4271351968503936
20
0.7031666929133858
11
1.4265586220472442
21
0.7017747637795275
0
LINE
8
BLACK
6
CONTINUOUS
10
1.4265586220472442
20
0.7017747637795275
11
1.4251666929133857
21
0.701198188976378
0
LINE
8
BLACK
6
CONTINUOUS
10
1.4251666929133857
20
0.701198188976378
11
1.4126666929133858
21
0.701198188976378
0
LINE
8
BLACK
6
CONTINUOUS
10
1.4126666929133858
20
0.701198188976378
11
1.4112747637795275
21
0.7017747637795275
0
LINE
8
BLACK
6
CONTINUOUS
10
1.4112747637795275
20
0.7017747637795275
11
1.4106981889763779
21
0.7031666929133858
0
LINE
8
BLACK
6
CONTINUOUS
10
1.4106981889763779
20
0.7031666929133858
11
1.4106981889763779
21
0.7136981889763779
0
LINE
8
BLACK
6
CONTINUOUS
10
1.4106981889763779
20
0.7136981889763779
11
1.4001666929133858
21
0.7136981889763779
0
LINE
8
BLACK
6
CONTINUOUS
10
1.4001666929133858
20
0.7136981889763779
11
1.3987747637795276
21
0.7142747637795276
0
LINE
8
BLACK
6
CONTINUOUS
10
1.3987747637795276
20
0.7142747637795276
11
1.3981981889763779
21
0.7156666929133858
0
LINE
8
BLACK
6
CONTINUOUS
10
1.3981981889763779
20
0.7156666929133858
11
1.3981981889763779
21
0.7261981889763779
0
LINE
8
BLACK
6
CONTINUOUS
10
1.3981981889763779
20
0.7261981889763779
11
1.3896351968503937
21
0.7261981889763779
0
LINE
8
BLACK
6
CONTINUOUS
10
1.3896351968503937
20
0.7261981889763779
11
1.3896351968503937
21
0.7051351968503937
0
LINE
8
BLACK
6
CONTINUOUS
10
1.3896351968503937
20
0.7051351968503937
11
1.4001666929133858
21
0.7051351968503937
0
LINE
8
BLACK
6
CONTINUOUS
10
1.4001666929133858
20
0.7051351968503937
11
1.401558622047244
21
0.7045586220472441
0
LINE
8
BLACK
6
CONTINUOUS
10
1.401558622047244
20
0.7045586220472441
11
1.4021351968503937
21
0.7031666929133858
0
LINE
8
BLACK
6
CONTINUOUS
10
1.4021351968503937
20
0.7031666929133858
11
1.4021351968503937
21
0.6926351968503937
0
LINE
8
BLACK
6
CONTINUOUS
10
1.4021351968503937
20
0.6926351968503937
11
1.4376666929133859
21
0.6926351968503937
0
LINE
8
BLACK
6
CONTINUOUS
10
1.4376666929133859
20
0.6926351968503937
11
1.4390586220472441
21
0.6920586220472441
0
LINE
8
BLACK
6
CONTINUOUS
10
1.4390586220472441
20
0.6920586220472441
11
1.4396351968503938
21
0.6906666929133858
0
LINE
8
BLACK
6
CONTINUOUS
10
1.4396351968503938
20
0.6906666929133858
11
1.4396351968503938
21
0.6656666929133858
0
LINE
8
BLACK
6
CONTINUOUS
10
1.4396351968503938
20
0.6656666929133858
11
1.4390586220472441
21
0.6642747637795275
0
LINE
8
BLACK
6
CONTINUOUS
10
1.4390586220472441
20
0.6642747637795275
11
1.4376666929133859
21
0.6636981889763779
0
LINE
8
BLACK
6
CONTINUOUS
10
1.4376666929133859
20
0.6636981889763779
11
1.4146351968503936
21
0.6636981889763779
0
LINE
8
BLACK
6
CONTINUOUS
10
1.4146351968503936
20
0.6636981889763779
11
1.4146351968503936
21
0.6551351968503937
0
LINE
8
BLACK
6
CONTINUOUS
10
1.4146351968503936
20
0.6551351968503937
11
1.4376666929133859
21
0.6551351968503937
0
LINE
8
BLACK
6
CONTINUOUS
10
1.4376666929133859
20
0.6551351968503937
11
1.4390586220472441
21
0.6545586220472441
0
LINE
8
BLACK
6
CONTINUOUS
10
1.4390586220472441
20
0.6545586220472441
11
1.4396351968503938
21
0.6531666929133858
0
LINE
8
BLACK
6
CONTINUOUS
10
1.4396351968503938
20
0.6531666929133858
11
1.4396351968503938
21
0.6281666929133858
0
LINE
8
BLACK
6
CONTINUOUS
10
1.4396351968503938
20
0.6281666929133858
11
1.4390586220472441
21
0.6267747637795276
0
LINE
8
BLACK
6
CONTINUOUS
10
1.4390586220472441
20
0.6267747637795276
11
1.4376666929133859
21
0.6261981889763779
0
LINE
8
BLACK
6
CONTINUOUS
10
1.4376666929133859
20
0.6261981889763779
11
1.4146351968503936
21
0.6261981889763779
0
LINE
8
BLACK
6
CONTINUOUS
10
1.4146351968503936
20
0.6261981889763779
11
1.4146351968503936
21
0.6156666929133858
0
LINE
8
BLACK
6
CONTINUOUS
10
1.4146351968503936
20
0.6156666929133858
11
1.414058622047244
21
0.6142747637795275
0
LINE
8
BLACK
6
CONTINUOUS
10
1.414058622047244
20
0.6142747637795275
11
1.4126666929133858
21
0.613698188976378
0
LINE
8
BLACK
6
CONTINUOUS
10
1.4126666929133858
20
0.613698188976378
11
1.4021351968503937
21
0.613698188976378
0
LINE
8
BLACK
6
CONTINUOUS
10
1.4021351968503937
20
0.613698188976378
11
1.4021351968503937
21
0.6051351968503937
0
LINE
8
BLACK
6
CONTINUOUS
10
1.4021351968503937
20
0.6051351968503937
11
1.4126666929133858
21
0.6051351968503937
0
LINE
8
BLACK
6
CONTINUOUS
10
1.4126666929133858
20
0.6051351968503937
11
1.414058622047244
21
0.6045586220472441
0
LINE
8
BLACK
6
CONTINUOUS
10
1.414058622047244
20
0.6045586220472441
11
1.4146351968503936
21
0.6031666929133858
0
LINE
8
BLACK
6
CONTINUOUS
10
1.4146351968503936
20
0.6031666929133858
11
1.4146351968503936
21
0.5906666929133858
0
LINE
8
BLACK
6
CONTINUOUS
10
1.4146351968503936
20
0.5906666929133858
11
1.414058622047244
21
0.5892747637795276
0
LINE
8
BLACK
6
CONTINUOUS
10
1.414058622047244
20
0.5892747637795276
11
1.4126666929133858
21
0.5886981889763779
0
LINE
8
BLACK
6
CONTINUOUS
10
1.4126666929133858
20
0.5886981889763779
11
1.4001666929133858
21
0.5886981889763779
0
LINE
8
BLACK
6
CONTINUOUS
10
1.4001666929133858
20
0.5886981889763779
11
1.3987747637795276
21
0.5892747637795276
0
LINE
8
BLACK
6
CONTINUOUS
10
1.3987747637795276
20
0.5892747637795276
11
1.3981981889763779
21
0.5906666929133858
0
LINE
8
BLACK
6
CONTINUOUS
10
1.3981981889763779
20
0.5906666929133858
11
1.3981981889763779
21
0.6011981889763779
0
LINE
8
BLACK
6
CONTINUOUS
10
1.3981981889763779
20
0.6011981889763779
11
1.3771351968503938
21
0.6011981889763779
0
LINE
8
BLACK
6
CONTINUOUS
10
1.3771351968503938
20
0.6011981889763779
11
1.3771351968503938
21
0.5801351968503937
0
LINE
8
BLACK
6
CONTINUOUS
10
1.3771351968503938
20
0.5801351968503937
11
1.4001666929133858
21
0.5801351968503937
0
LINE
8
BLACK
6
CONTINUOUS
10
1.4001666929133858
20
0.5801351968503937
11
1.401558622047244
21
0.5795586220472441
0
LINE
8
BLACK
6
CONTINUOUS
10
1.401558622047244
20
0.5795586220472441
11
1.4021351968503937
21
0.5781666929133858
0
LINE
8
BLACK
6
CONTINUOUS
10
1.4021351968503937
20
0.5781666929133858
11
1.4021351968503937
21
0.5676351968503937
0
LINE
8
BLACK
6
CONTINUOUS
10
1.4021351968503937
20
0.5676351968503937
11
1.4106981889763779
21
0.5676351968503937
0
LINE
8
BLACK
6
CONTINUOUS
10
1.4106981889763779
20
0.5676351968503937
11
1.4106981889763779
21
0.5781666929133858
0
LINE
8
BLACK
6
CONTINUOUS
10
1.4106981889763779
20
0.5781666929133858
11
1.4112747637795275
21
0.5795586220472441
0
LINE
8
BLACK
6
CONTINUOUS
10
1.4112747637795275
20
0.5795586220472441
11
1.4126666929133858
21
0.5801351968503937
0
LINE
8
BLACK
6
CONTINUOUS
10
1.4126666929133858
20
0.5801351968503937
11
1.4231981889763778
21
0.5801351968503937
0
LINE
8
BLACK
6
CONTINUOUS
10
1.4231981889763778
20
0.5801351968503937
11
1.4231981889763778
21
0.5906666929133858
0
LINE
8
BLACK
6
CONTINUOUS
10
1.4231981889763778
20
0.5906666929133858
11
1.4237747637795275
21
0.5920586220472441
0
LINE
8
BLACK
6
CONTINUOUS
10
1.4237747637795275
20
0.5920586220472441
11
1.4251666929133857
21
0.5926351968503937
0
LINE
8
BLACK
6
CONTINUOUS
10
1.4251666929133857
20
0.5926351968503937
11
1.4376666929133859
21
0.5926351968503937
0
LINE
8
BLACK
6
CONTINUOUS
10
1.4376666929133859
20
0.5926351968503937
11
1.4390586220472441
21
0.5920586220472441
0
LINE
8
BLACK
6
CONTINUOUS
10
1.4390586220472441
20
0.5920586220472441
11
1.4396351968503938
21
0.5906666929133858
0
LINE
8
BLACK
6
CONTINUOUS
10
1.4396351968503938
20
0.5906666929133858
11
1.4396351968503938
21
0.5781666929133858
0
LINE
8
BLACK
6
CONTINUOUS
10
1.4396351968503938
20
0.5781666929133858
11
1.4390586220472441
21
0.5767747637795275
0
LINE
8
BLACK
6
CONTINUOUS
10
1.4390586220472441
20
0.5767747637795275
11
1.4376666929133859
21
0.576198188976378
0
LINE
8
BLACK
6
CONTINUOUS
10
1.4376666929133859
20
0.576198188976378
11
1.4271351968503936
21
0.576198188976378
0
LINE
8
BLACK
6
CONTINUOUS
10
1.4271351968503936
20
0.576198188976378
11
1.4271351968503936
21
0.5531666929133858
0
LINE
8
BLACK
6
CONTINUOUS
10
1.4271351968503936
20
0.5531666929133858
11
1.4265586220472442
21
0.5517747637795275
0
LINE
8
BLACK
6
CONTINUOUS
10
1.4265586220472442
20
0.5517747637795275
11
1.4251666929133857
21
0.551198188976378
0
LINE
8
BLACK
6
CONTINUOUS
10
1.4251666929133857
20
0.551198188976378
11
1.3751666929133859
21
0.551198188976378
0
LINE
8
BLACK
6
CONTINUOUS
10
1.3751666929133859
20
0.551198188976378
11
1.3737747637795275
21
0.5517747637795275
0
LINE
8
BLACK
6
CONTINUOUS
10
1.3737747637795275
20
0.5517747637795275
11
1.373198188976378
21
0.5531666929133858
0
LINE
8
BLACK
6
CONTINUOUS
10
1.373198188976378
20
0.5531666929133858
11
1.373198188976378
21
0.576198188976378
0
LINE
8
BLACK
6
CONTINUOUS
10
1.373198188976378
20
0.576198188976378
11
1.3646351968503936
21
0.576198188976378
0
LINE
8
BLACK
6
CONTINUOUS
10
1.3646351968503936
20
0.576198188976378
11
1.3646351968503936
21
0.5426351968503937
0
LINE
8
BLACK
6
CONTINUOUS
10
1.3646351968503936
20
0.5426351968503937
11
1.3876666929133858
21
0.5426351968503937
0
LINE
8
BLACK
6
CONTINUOUS
10
1.3876666929133858
20
0.5426351968503937
11
1.3890586220472441
21
0.5420586220472441
0
LINE
8
BLACK
6
CONTINUOUS
10
1.3890586220472441
20
0.5420586220472441
11
1.3896351968503937
21
0.5406666929133858
0
LINE
8
BLACK
6
CONTINUOUS
10
1.3896351968503937
20
0.5406666929133858
11
1.3896351968503937
21
0.5281666929133858
0
LINE
8
BLACK
6
CONTINUOUS
10
1.3896351968503937
20
0.5281666929133858
11
1.3890586220472441
21
0.5267747637795276
0
LINE
8
BLACK
6
CONTINUOUS
10
1.3890586220472441
20
0.5267747637795276
11
1.3876666929133858
21
0.5261981889763779
0
LINE
8
BLACK
6
CONTINUOUS
10
1.3876666929133858
20
0.5261981889763779
11
1.3146351968503938
21
0.5261981889763779
0
LINE
8
BLACK
6
CONTINUOUS
10
1.3146351968503938
20
0.5261981889763779
11
1.3146351968503938
21
0.5051351968503937
0
LINE
8
BLACK
6
CONTINUOUS
10
1.3146351968503938
20
0.5051351968503937
11
1.323198188976378
21
0.5051351968503937
0
LINE
8
BLACK
6
CONTINUOUS
10
1.323198188976378
20
0.5051351968503937
11
1.323198188976378
21
0.5156666929133858
0
LINE
8
BLACK
6
CONTINUOUS
10
1.323198188976378
20
0.5156666929133858
11
1.3237747637795276
21
0.5170586220472441
0
LINE
8
BLACK
6
CONTINUOUS
10
1.3237747637795276
20
0.5170586220472441
11
1.3251666929133858
21
0.5176351968503937
0
LINE
8
BLACK
6
CONTINUOUS
10
1.3251666929133858
20
0.5176351968503937
11
1.3376666929133858
21
0.5176351968503937
0
LINE
8
BLACK
6
CONTINUOUS
10
1.3376666929133858
20
0.5176351968503937
11
1.339058622047244
21
0.5170586220472441
0
LINE
8
BLACK
6
CONTINUOUS
10
1.339058622047244
20
0.5170586220472441
11
1.3396351968503937
21
0.5156666929133858
0
LINE
8
BLACK
6
CONTINUOUS
10
1.3396351968503937
20
0.5156666929133858
11
1.3396351968503937
21
0.4906666929133858
0
LINE
8
BLACK
6
CONTINUOUS
10
1.3396351968503937
20
0.4906666929133858
11
1.339058622047244
21
0.4892747637795276
0
LINE
8
BLACK
6
CONTINUOUS
10
1.339058622047244
20
0.4892747637795276
11
1.3376666929133858
21
0.488698188976378
0
LINE
8
BLACK
6
CONTINUOUS
10
1.3376666929133858
20
0.488698188976378
11
1.3146351968503938
21
0.488698188976378
0
LINE
8
BLACK
6
CONTINUOUS
10
1.3146351968503938
20
0.488698188976378
11
1.3146351968503938
21
0.4781666929133858
0
LINE
8
BLACK
6
CONTINUOUS
10
1.3146351968503938
20
0.4781666929133858
11
1.3140586220472441
21
0.4767747637795275
0
LINE
8
BLACK
6
CONTINUOUS
10
1.3140586220472441
20
0.4767747637795275
11
1.3126666929133859
21
0.4761981889763779
0
LINE
8
BLACK
6
CONTINUOUS
10
1.3126666929133859
20
0.4761981889763779
11
1.2876666929133858
21
0.4761981889763779
0
LINE
8
BLACK
6
CONTINUOUS
10
1.2876666929133858
20
0.4761981889763779
11
1.2862747637795275
21
0.4767747637795275
0
LINE
8
BLACK
6
CONTINUOUS
10
1.2862747637795275
20
0.4767747637795275
11
1.2856981889763779
21
0.4781666929133858
0
LINE
8
BLACK
6
CONTINUOUS
10
1.2856981889763779
20
0.4781666929133858
11
1.2856981889763779
21
0.5011981889763779
0
LINE
8
BLACK
6
CONTINUOUS
10
1.2856981889763779
20
0.5011981889763779
11
1.2771351968503937
21
0.5011981889763779
0
LINE
8
BLACK
6
CONTINUOUS
10
1.2771351968503937
20
0.5011981889763779
11
1.2771351968503937
21
0.4906666929133858
0
LINE
8
BLACK
6
CONTINUOUS
10
1.2771351968503937
20
0.4906666929133858
11
1.276558622047244
21
0.4892747637795276
0
LINE
8
BLACK
6
CONTINUOUS
10
1.276558622047244
20
0.4892747637795276
11
1.2751666929133858
21
0.488698188976378
0
LINE
8
BLACK
6
CONTINUOUS
10
1.2751666929133858
20
0.488698188976378
11
1.2646351968503937
21
0.488698188976378
0
LINE
8
BLACK
6
CONTINUOUS
10
1.2646351968503937
20
0.488698188976378
11
1.2646351968503937
21
0.4801351968503937
0
LINE
8
BLACK
6
CONTINUOUS
10
1.2646351968503937
20
0.4801351968503937
11
1.2751666929133858
21
0.4801351968503937
0
LINE
8
BLACK
6
CONTINUOUS
10
1.2751666929133858
20
0.4801351968503937
11
1.276558622047244
21
0.4795586220472441
0
LINE
8
BLACK
6
CONTINUOUS
10
1.276558622047244
20
0.4795586220472441
11
1.2771351968503937
21
0.4781666929133858
0
LINE
8
BLACK
6
CONTINUOUS
10
1.2771351968503937
20
0.4781666929133858
11
1.2771351968503937
21
0.4676351968503937
0
LINE
8
BLACK
6
CONTINUOUS
10
1.2771351968503937
20
0.4676351968503937
11
1.3126666929133859
21
0.4676351968503937
0
LINE
8
BLACK
6
CONTINUOUS
10
1.3126666929133859
20
0.4676351968503937
11
1.3140586220472441
21
0.4670586220472441
0
LINE
8
BLACK
6
CONTINUOUS
10
1.3140586220472441
20
0.4670586220472441
11
1.3146351968503938
21
0.4656666929133858
0
LINE
8
BLACK
6
CONTINUOUS
10
1.3146351968503938
20
0.4656666929133858
11
1.3146351968503938
21
0.4551351968503937
0
LINE
8
BLACK
6
CONTINUOUS
10
1.3146351968503938
20
0.4551351968503937
11
1.3251666929133858
21
0.4551351968503937
0
LINE
8
BLACK
6
CONTINUOUS
10
1.3251666929133858
20
0.4551351968503937
11
1.3265586220472441
21
0.4545586220472441
0
LINE
8
BLACK
6
CONTINUOUS
10
1.3265586220472441
20
0.4545586220472441
11
1.3271351968503937
21
0.4531666929133858
0
LINE
8
BLACK
6
CONTINUOUS
10
1.3271351968503937
20
0.4531666929133858
11
1.3271351968503937
21
0.4426351968503937
0
LINE
8
BLACK
6
CONTINUOUS
10
1.3271351968503937
20
0.4426351968503937
11
1.3376666929133858
21
0.4426351968503937
0
LINE
8
BLACK
6
CONTINUOUS
10
1.3376666929133858
20
0.4426351968503937
11
1.339058622047244
21
0.4420586220472441
0
LINE
8
BLACK
6
CONTINUOUS
10
1.339058622047244
20
0.4420586220472441
11
1.3396351968503937
21
0.4406666929133858
0
LINE
8
BLACK
6
CONTINUOUS
10
1.3396351968503937
20
0.4406666929133858
11
1.3396351968503937
21
0.4281666929133858
0
LINE
8
BLACK
6
CONTINUOUS
10
1.3396351968503937
20
0.4281666929133858
11
1.339058622047244
21
0.4267747637795276
0
LINE
8
BLACK
6
CONTINUOUS
10
1.339058622047244
20
0.4267747637795276
11
1.3376666929133858
21
0.426198188976378
0
LINE
8
BLACK
6
CONTINUOUS
10
1.3376666929133858
20
0.426198188976378
11
1.3251666929133858
21
0.426198188976378
0
LINE
8
BLACK
6
CONTINUOUS
10
1.3251666929133858
20
0.426198188976378
11
1.3237747637795276
21
0.4267747637795276
0
LINE
8
BLACK
6
CONTINUOUS
10
1.3237747637795276
20
0.4267747637795276
11
1.323198188976378
21
0.4281666929133858
0
LINE
8
BLACK
6
CONTINUOUS
10
1.323198188976378
20
0.4281666929133858
11
1.323198188976378
21
0.438698188976378
0
LINE
8
BLACK
6
CONTINUOUS
10
1.323198188976378
20
0.438698188976378
11
1.3146351968503938
21
0.438698188976378
0
LINE
8
BLACK
6
CONTINUOUS
10
1.3146351968503938
20
0.438698188976378
11
1.3146351968503938
21
0.4281666929133858
0
LINE
8
BLACK
6
CONTINUOUS
10
1.3146351968503938
20
0.4281666929133858
11
1.3140586220472441
21
0.4267747637795276
0
LINE
8
BLACK
6
CONTINUOUS
10
1.3140586220472441
20
0.4267747637795276
11
1.3126666929133859
21
0.426198188976378
0
LINE
8
BLACK
6
CONTINUOUS
10
1.3126666929133859
20
0.426198188976378
11
1.3001666929133857
21
0.426198188976378
0
LINE
8
BLACK
6
CONTINUOUS
10
1.3001666929133857
20
0.426198188976378
11
1.2987747637795275
21
0.4267747637795276
0
LINE
8
BLACK
6
CONTINUOUS
10
1.2987747637795275
20
0.4267747637795276
11
1.2981981889763778
21
0.4281666929133858
0
LINE
8
BLACK
6
CONTINUOUS
10
1.2981981889763778
20
0.4281666929133858
11
1.2981981889763778
21
0.438698188976378
0
LINE
8
BLACK
6
CONTINUOUS
10
1.2981981889763778
20
0.438698188976378
11
1.2751666929133858
21
0.438698188976378
0
LINE
8
BLACK
6
CONTINUOUS
10
1.2751666929133858
20
0.438698188976378
11
1.2737747637795276
21
0.4392747637795276
0
LINE
8
BLACK
6
CONTINUOUS
10
1.2737747637795276
20
0.4392747637795276
11
1.2731981889763779
21
0.4406666929133858
0
LINE
8
BLACK
6
CONTINUOUS
10
1.2731981889763779
20
0.4406666929133858
11
1.2731981889763779
21
0.4511981889763779
0
LINE
8
BLACK
6
CONTINUOUS
10
1.2731981889763779
20
0.4511981889763779
11
1.2646351968503937
21
0.4511981889763779
0
LINE
8
BLACK
6
CONTINUOUS
10
1.2646351968503937
20
0.4511981889763779
11
1.2646351968503937
21
0.4281666929133858
0
LINE
8
BLACK
6
CONTINUOUS
10
1.2646351968503937
20
0.4281666929133858
11
1.2640586220472441
21
0.4267747637795276
0
LINE
8
BLACK
6
CONTINUOUS
10
1.2640586220472441
20
0.4267747637795276
11
1.2626666929133858
21
0.426198188976378
0
LINE
8
BLACK
6
CONTINUOUS
10
1.2626666929133858
20
0.426198188976378
11
1.2501666929133859
21
0.426198188976378
0
LINE
8
BLACK
6
CONTINUOUS
10
1.2501666929133859
20
0.426198188976378
11
1.2487747637795275
21
0.4267747637795276
0
LINE
8
BLACK
6
CONTINUOUS
10
1.2487747637795275
20
0.4267747637795276
11
1.248198188976378
21
0.4281666929133858
0
LINE
8
BLACK
6
CONTINUOUS
10
1.248198188976378
20
0.4281666929133858
11
1.248198188976378
21
0.4511981889763779
0
LINE
8
BLACK
6
CONTINUOUS
10
1.248198188976378
20
0.4511981889763779
11
1.2146351968503937
21
0.4511981889763779
0
LINE
8
BLACK
6
CONTINUOUS
10
1.2146351968503937
20
0.4511981889763779
11
1.2146351968503937
21
0.4426351968503937
0
LINE
8
BLACK
6
CONTINUOUS
10
1.2146351968503937
20
0.4426351968503937
11
1.2376666929133857
21
0.4426351968503937
0
LINE
8
BLACK
6
CONTINUOUS
10
1.2376666929133857
20
0.4426351968503937
11
1.2390586220472442
21
0.4420586220472441
0
LINE
8
BLACK
6
CONTINUOUS
10
1.2390586220472442
20
0.4420586220472441
11
1.2396351968503936
21
0.4406666929133858
0
LINE
8
BLACK
6
CONTINUOUS
10
1.2396351968503936
20
0.4406666929133858
11
1.2396351968503936
21
0.4281666929133858
0
LINE
8
BLACK
6
CONTINUOUS
10
1.2396351968503936
20
0.4281666929133858
11
1.2390586220472442
21
0.4267747637795276
0
LINE
8
BLACK
6
CONTINUOUS
10
1.2390586220472442
20
0.4267747637795276
11
1.2376666929133857
21
0.426198188976378
0
LINE
8
BLACK
6
CONTINUOUS
10
1.2376666929133857
20
0.426198188976378
11
1.1751666929133857
21
0.426198188976378
0
LINE
8
BLACK
6
CONTINUOUS
10
1.1751666929133857
20
0.426198188976378
11
1.1737747637795275
21
0.4267747637795276
0
LINE
8
BLACK
6
CONTINUOUS
10
1.1737747637795275
20
0.4267747637795276
11
1.1731981889763778
21
0.4281666929133858
0
LINE
8
BLACK
6
CONTINUOUS
10
1.1731981889763778
20
0.4281666929133858
11
1.1731981889763778
21
0.4656666929133858
0
LINE
8
BLACK
6
CONTINUOUS
10
1.1731981889763778
20
0.4656666929133858
11
1.1737747637795275
21
0.4670586220472441
0
LINE
8
BLACK
6
CONTINUOUS
10
1.1737747637795275
20
0.4670586220472441
11
1.1751666929133857
21
0.4676351968503937
0
LINE
8
BLACK
6
CONTINUOUS
10
1.1751666929133857
20
0.4676351968503937
11
1.185698188976378
21
0.4676351968503937
0
LINE
8
BLACK
6
CONTINUOUS
10
1.185698188976378
20
0.4676351968503937
11
1.185698188976378
21
0.4761981889763779
0
LINE
8
BLACK
6
CONTINUOUS
10
1.185698188976378
20
0.4761981889763779
11
1.1751666929133857
21
0.4761981889763779
0
LINE
8
BLACK
6
CONTINUOUS
10
1.1751666929133857
20
0.4761981889763779
11
1.1737747637795275
21
0.4767747637795275
0
LINE
8
BLACK
6
CONTINUOUS
10
1.1737747637795275
20
0.4767747637795275
11
1.1731981889763778
21
0.4781666929133858
0
LINE
8
BLACK
6
CONTINUOUS
10
1.1731981889763778
20
0.4781666929133858
11
1.1731981889763778
21
0.5261981889763779
0
LINE
8
BLACK
6
CONTINUOUS
10
1.1731981889763778
20
0.5261981889763779
11
1.1501666929133858
21
0.5261981889763779
0
LINE
8
BLACK
6
CONTINUOUS
10
1.1501666929133858
20
0.5261981889763779
11
1.1487747637795276
21
0.5267747637795276
0
LINE
8
BLACK
6
CONTINUOUS
10
1.1487747637795276
20
0.5267747637795276
11
1.1481981889763779
21
0.5281666929133858
0
LINE
8
BLACK
6
CONTINUOUS
10
1.1481981889763779
20
0.5281666929133858
11
1.1481981889763779
21
0.5386981889763779
0
LINE
8
BLACK
6
CONTINUOUS
10
1.1481981889763779
20
0.5386981889763779
11
1.1376666929133858
21
0.5386981889763779
0
LINE
8
BLACK
6
CONTINUOUS
10
1.1376666929133858
20
0.5386981889763779
11
1.1362747637795276
21
0.5392747637795275
0
LINE
8
BLACK
6
CONTINUOUS
10
1.1362747637795276
20
0.5392747637795275
11
1.135698188976378
21
0.5406666929133858
0
LINE
8
BLACK
6
CONTINUOUS
10
1.135698188976378
20
0.5406666929133858
11
1.135698188976378
21
0.551198188976378
0
LINE
8
BLACK
6
CONTINUOUS
10
1.135698188976378
20
0.551198188976378
11
1.1271351968503938
21
0.551198188976378
0
LINE
8
BLACK
6
CONTINUOUS
10
1.1271351968503938
20
0.551198188976378
11
1.1271351968503938
21
0.5406666929133858
0
LINE
8
BLACK
6
CONTINUOUS
10
1.1271351968503938
20
0.5406666929133858
11
1.1265586220472441
21
0.5392747637795275
0
LINE
8
BLACK
6
CONTINUOUS
10
1.1265586220472441
20
0.5392747637795275
11
1.1251666929133859
21
0.5386981889763779
0
LINE
8
BLACK
6
CONTINUOUS
10
1.1251666929133859
20
0.5386981889763779
11
1.1146351968503936
21
0.5386981889763779
0
LINE
8
BLACK
6
CONTINUOUS
10
1.1146351968503936
20
0.5386981889763779
11
1.1146351968503936
21
0.5281666929133858
0
LINE
8
BLACK
6
CONTINUOUS
10
1.1146351968503936
20
0.5281666929133858
11
1.1140586220472442
21
0.5267747637795276
0
LINE
8
BLACK
6
CONTINUOUS
10
1.1140586220472442
20
0.5267747637795276
11
1.1126666929133857
21
0.5261981889763779
0
LINE
8
BLACK
6
CONTINUOUS
10
1.1126666929133857
20
0.5261981889763779
11
1.1001666929133858
21
0.5261981889763779
0
LINE
8
BLACK
6
CONTINUOUS
10
1.1001666929133858
20
0.5261981889763779
11
1.0987747637795275
21
0.5267747637795276
0
LINE
8
BLACK
6
CONTINUOUS
10
1.0987747637795275
20
0.5267747637795276
11
1.0981981889763779
21
0.5281666929133858
0
LINE
8
BLACK
6
CONTINUOUS
10
1.0981981889763779
20
0.5281666929133858
11
1.0981981889763779
21
0.551198188976378
0
LINE
8
BLACK
6
CONTINUOUS
10
1.0981981889763779
20
0.551198188976378
11
1.0896351968503937
21
0.551198188976378
0
LINE
8
BLACK
6
CONTINUOUS
10
1.0896351968503937
20
0.551198188976378
11
1.0896351968503937
21
0.5406666929133858
0
LINE
8
BLACK
6
CONTINUOUS
10
1.0896351968503937
20
0.5406666929133858
11
1.089058622047244
21
0.5392747637795275
0
LINE
8
BLACK
6
CONTINUOUS
10
1.089058622047244
20
0.5392747637795275
11
1.0876666929133858
21
0.5386981889763779
0
LINE
8
BLACK
6
CONTINUOUS
10
1.0876666929133858
20
0.5386981889763779
11
1.0751666929133858
21
0.5386981889763779
0
LINE
8
BLACK
6
CONTINUOUS
10
1.0751666929133858
20
0.5386981889763779
11
1.0737747637795276
21
0.5392747637795275
0
LINE
8
BLACK
6
CONTINUOUS
10
1.0737747637795276
20
0.5392747637795275
11
1.073198188976378
21
0.5406666929133858
0
LINE
8
BLACK
6
CONTINUOUS
10
1.073198188976378
20
0.5406666929133858
11
1.073198188976378
21
0.5531666929133858
0
LINE
8
BLACK
6
CONTINUOUS
10
1.073198188976378
20
0.5531666929133858
11
1.0737747637795276
21
0.554558622047244
0
LINE
8
BLACK
6
CONTINUOUS
10
1.0737747637795276
20
0.554558622047244
11
1.0751666929133858
21
0.5551351968503937
0
LINE
8
BLACK
6
CONTINUOUS
10
1.0751666929133858
20
0.5551351968503937
11
1.0856981889763779
21
0.5551351968503937
0
LINE
8
BLACK
6
CONTINUOUS
10
1.0856981889763779
20
0.5551351968503937
11
1.0856981889763779
21
0.576198188976378
0
LINE
8
BLACK
6
CONTINUOUS
10
1.0856981889763779
20
0.576198188976378
11
1.0751666929133858
21
0.576198188976378
0
LINE
8
BLACK
6
CONTINUOUS
10
1.0751666929133858
20
0.576198188976378
11
1.0737747637795276
21
0.5767747637795275
0
LINE
8
BLACK
6
CONTINUOUS
10
1.0737747637795276
20
0.5767747637795275
11
1.073198188976378
21
0.5781666929133858
0
LINE
8
BLACK
6
CONTINUOUS
10
1.073198188976378
20
0.5781666929133858
11
1.073198188976378
21
0.5906666929133858
0
LINE
8
BLACK
6
CONTINUOUS
10
1.073198188976378
20
0.5906666929133858
11
1.0737747637795276
21
0.5920586220472441
0
LINE
8
BLACK
6
CONTINUOUS
10
1.0737747637795276
20
0.5920586220472441
11
1.0751666929133858
21
0.5926351968503937
0
LINE
8
BLACK
6
CONTINUOUS
10
1.0751666929133858
20
0.5926351968503937
11
1.0856981889763779
21
0.5926351968503937
0
LINE
8
BLACK
6
CONTINUOUS
10
1.0856981889763779
20
0.5926351968503937
11
1.0856981889763779
21
0.6031666929133858
0
LINE
8
BLACK
6
CONTINUOUS
10
1.0856981889763779
20
0.6031666929133858
11
1.0862747637795276
21
0.6045586220472441
0
LINE
8
BLACK
6
CONTINUOUS
10
1.0862747637795276
20
0.6045586220472441
11
1.0876666929133858
21
0.6051351968503937
0
LINE
8
BLACK
6
CONTINUOUS
10
1.0876666929133858
20
0.6051351968503937
11
1.123198188976378
21
0.6051351968503937
0
LINE
8
BLACK
6
CONTINUOUS
10
1.123198188976378
20
0.6051351968503937
11
1.123198188976378
21
0.6156666929133858
0
LINE
8
BLACK
6
CONTINUOUS
10
1.123198188976378
20
0.6156666929133858
11
1.1237747637795275
21
0.617058622047244
0
LINE
8
BLACK
6
CONTINUOUS
10
1.1237747637795275
20
0.617058622047244
11
1.1251666929133859
21
0.6176351968503937
0
LINE
8
BLACK
6
CONTINUOUS
10
1.1251666929133859
20
0.6176351968503937
11
1.135698188976378
21
0.6176351968503937
0
LINE
8
BLACK
6
CONTINUOUS
10
1.135698188976378
20
0.6176351968503937
11
1.135698188976378
21
0.6511981889763779
0
LINE
8
BLACK
6
CONTINUOUS
10
1.135698188976378
20
0.6511981889763779
11
1.1126666929133857
21
0.6511981889763779
0
LINE
8
BLACK
6
CONTINUOUS
10
1.1126666929133857
20
0.6511981889763779
11
1.1112747637795275
21
0.6517747637795276
0
LINE
8
BLACK
6
CONTINUOUS
10
1.1112747637795275
20
0.6517747637795276
11
1.1106981889763778
21
0.6531666929133858
0
LINE
8
BLACK
6
CONTINUOUS
10
1.1106981889763778
20
0.6531666929133858
11
1.1106981889763778
21
0.6636981889763779
0
LINE
8
BLACK
6
CONTINUOUS
10
1.1106981889763778
20
0.6636981889763779
11
1.1021351968503936
21
0.6636981889763779
0
LINE
8
BLACK
6
CONTINUOUS
10
1.1021351968503936
20
0.6636981889763779
11
1.1021351968503936
21
0.6426351968503937
0
LINE
8
BLACK
6
CONTINUOUS
10
1.1021351968503936
20
0.6426351968503937
11
1.1126666929133857
21
0.6426351968503937
0
LINE
8
BLACK
6
CONTINUOUS
10
1.1126666929133857
20
0.6426351968503937
11
1.1140586220472442
21
0.6420586220472441
0
LINE
8
BLACK
6
CONTINUOUS
10
1.1140586220472442
20
0.6420586220472441
11
1.1146351968503936
21
0.6406666929133858
0
LINE
8
BLACK
6
CONTINUOUS
10
1.1146351968503936
20
0.6406666929133858
11
1.1146351968503936
21
0.6156666929133858
0
LINE
8
BLACK
6
CONTINUOUS
10
1.1146351968503936
20
0.6156666929133858
11
1.1140586220472442
21
0.6142747637795275
0
LINE
8
BLACK
6
CONTINUOUS
10
1.1140586220472442
20
0.6142747637795275
11
1.1126666929133857
21
0.613698188976378
0
LINE
8
BLACK
6
CONTINUOUS
10
1.1126666929133857
20
0.613698188976378
11
1.1001666929133858
21
0.613698188976378
0
LINE
8
BLACK
6
CONTINUOUS
10
1.1001666929133858
20
0.613698188976378
11
1.0987747637795275
21
0.6142747637795275
0
LINE
8
BLACK
6
CONTINUOUS
10
1.0987747637795275
20
0.6142747637795275
11
1.0981981889763779
21
0.6156666929133858
0
LINE
8
BLACK
6
CONTINUOUS
10
1.0981981889763779
20
0.6156666929133858
11
1.0981981889763779
21
0.6261981889763779
0
LINE
8
BLACK
6
CONTINUOUS
10
1.0981981889763779
20
0.6261981889763779
11
1.0896351968503937
21
0.6261981889763779
0
LINE
8
BLACK
6
CONTINUOUS
10
1.0896351968503937
20
0.6261981889763779
11
1.0896351968503937
21
0.6156666929133858
0
LINE
8
BLACK
6
CONTINUOUS
10
1.0896351968503937
20
0.6156666929133858
11
1.089058622047244
21
0.6142747637795275
0
LINE
8
BLACK
6
CONTINUOUS
10
1.089058622047244
20
0.6142747637795275
11
1.0876666929133858
21
0.613698188976378
0
LINE
8
BLACK
6
CONTINUOUS
10
1.0876666929133858
20
0.613698188976378
11
1.0751666929133858
21
0.613698188976378
0
LINE
8
BLACK
6
CONTINUOUS
10
1.0751666929133858
20
0.613698188976378
11
1.0737747637795276
21
0.6142747637795275
0
LINE
8
BLACK
6
CONTINUOUS
10
1.0737747637795276
20
0.6142747637795275
11
1.073198188976378
21
0.6156666929133858
0
LINE
8
BLACK
6
CONTINUOUS
10
1.073198188976378
20
0.6156666929133858
11
1.073198188976378
21
0.6281666929133858
0
LINE
8
BLACK
6
CONTINUOUS
10
1.073198188976378
20
0.6281666929133858
11
1.0737747637795276
21
0.6295586220472441
0
LINE
8
BLACK
6
CONTINUOUS
10
1.0737747637795276
20
0.6295586220472441
11
1.0751666929133858
21
0.6301351968503937
0
LINE
8
BLACK
6
CONTINUOUS
10
1.0751666929133858
20
0.6301351968503937
11
1.0856981889763779
21
0.6301351968503937
0
LINE
8
BLACK
6
CONTINUOUS
10
1.0856981889763779
20
0.6301351968503937
11
1.0856981889763779
21
0.638698188976378
0
LINE
8
BLACK
6
CONTINUOUS
10
1.0856981889763779
20
0.638698188976378
11
1.0751666929133858
21
0.638698188976378
0
LINE
8
BLACK
6
CONTINUOUS
10
1.0751666929133858
20
0.638698188976378
11
1.0737747637795276
21
0.6392747637795275
0
LINE
8
BLACK
6
CONTINUOUS
10
1.0737747637795276
20
0.6392747637795275
11
1.073198188976378
21
0.6406666929133858
0
LINE
8
BLACK
6
CONTINUOUS
10
1.073198188976378
20
0.6406666929133858
11
1.073198188976378
21
0.6781666929133858
0
LINE
8
BLACK
6
CONTINUOUS
10
1.073198188976378
20
0.6781666929133858
11
1.0737747637795276
21
0.679558622047244
0
LINE
8
BLACK
6
CONTINUOUS
10
1.0737747637795276
20
0.679558622047244
11
1.0751666929133858
21
0.6801351968503937
0
LINE
8
BLACK
6
CONTINUOUS
10
1.0751666929133858
20
0.6801351968503937
11
1.0981981889763779
21
0.6801351968503937
0
LINE
8
BLACK
6
CONTINUOUS
10
1.0981981889763779
20
0.6801351968503937
11
1.0981981889763779
21
0.6906666929133858
0
LINE
8
BLACK
6
CONTINUOUS
10
1.0981981889763779
20
0.6906666929133858
11
1.0987747637795275
21
0.6920586220472441
0
LINE
8
BLACK
6
CONTINUOUS
10
1.0987747637795275
20
0.6920586220472441
11
1.1001666929133858
21
0.6926351968503937
0
LINE
8
BLACK
6
CONTINUOUS
10
1.1001666929133858
20
0.6926351968503937
11
1.1251666929133859
21
0.6926351968503937
0
LINE
8
BLACK
6
CONTINUOUS
10
1.1251666929133859
20
0.6926351968503937
11
1.1265586220472441
21
0.6920586220472441
0
LINE
8
BLACK
6
CONTINUOUS
10
1.1265586220472441
20
0.6920586220472441
11
1.1271351968503938
21
0.6906666929133858
0
LINE
8
BLACK
6
CONTINUOUS
10
1.1271351968503938
20
0.6906666929133858
11
1.1271351968503938
21
0.6801351968503937
0
LINE
8
BLACK
6
CONTINUOUS
10
1.1271351968503938
20
0.6801351968503937
11
1.135698188976378
21
0.6801351968503937
0
LINE
8
BLACK
6
CONTINUOUS
10
1.135698188976378
20
0.6801351968503937
11
1.135698188976378
21
0.6906666929133858
0
LINE
8
BLACK
6
CONTINUOUS
10
1.135698188976378
20
0.6906666929133858
11
1.1362747637795276
21
0.6920586220472441
0
LINE
8
BLACK
6
CONTINUOUS
10
1.1362747637795276
20
0.6920586220472441
11
1.1376666929133858
21
0.6926351968503937
0
LINE
8
BLACK
6
CONTINUOUS
10
1.1376666929133858
20
0.6926351968503937
11
1.1731981889763778
21
0.6926351968503937
0
LINE
8
BLACK
6
CONTINUOUS
10
1.1731981889763778
20
0.6926351968503937
11
1.1731981889763778
21
0.7156666929133858
0
LINE
8
BLACK
6
CONTINUOUS
10
1.1731981889763778
20
0.7156666929133858
11
1.1737747637795275
21
0.7170586220472441
0
LINE
8
BLACK
6
CONTINUOUS
10
1.1737747637795275
20
0.7170586220472441
11
1.1751666929133857
21
0.7176351968503937
0
LINE
8
BLACK
6
CONTINUOUS
10
1.1751666929133857
20
0.7176351968503937
11
1.198198188976378
21
0.7176351968503937
0
LINE
8
BLACK
6
CONTINUOUS
10
1.198198188976378
20
0.7176351968503937
11
1.198198188976378
21
0.738698188976378
0
LINE
8
BLACK
6
CONTINUOUS
10
1.198198188976378
20
0.738698188976378
11
1.1876666929133859
21
0.738698188976378
0
LINE
8
BLACK
6
CONTINUOUS
10
1.1876666929133859
20
0.738698188976378
11
1.1862747637795275
21
0.7392747637795275
0
LINE
8
BLACK
6
CONTINUOUS
10
1.1862747637795275
20
0.7392747637795275
11
1.185698188976378
21
0.7406666929133858
0
LINE
8
BLACK
6
CONTINUOUS
10
1.185698188976378
20
0.7406666929133858
11
1.185698188976378
21
0.7511981889763779
0
LINE
8
BLACK
6
CONTINUOUS
10
1.185698188976378
20
0.7511981889763779
11
1.1751666929133857
21
0.7511981889763779
0
LINE
8
BLACK
6
CONTINUOUS
10
1.1751666929133857
20
0.7511981889763779
11
1.1737747637795275
21
0.7517747637795276
0
LINE
8
BLACK
6
CONTINUOUS
10
1.1737747637795275
20
0.7517747637795276
11
1.1731981889763778
21
0.7531666929133858
0
LINE
8
BLACK
6
CONTINUOUS
10
1.1731981889763778
20
0.7531666929133858
11
1.1731981889763778
21
0.7656666929133858
0
LINE
8
BLACK
6
CONTINUOUS
10
1.1731981889763778
20
0.7656666929133858
11
1.1737747637795275
21
0.7670586220472441
0
LINE
8
BLACK
6
CONTINUOUS
10
1.1737747637795275
20
0.7670586220472441
11
1.1751666929133857
21
0.7676351968503937
0
LINE
8
BLACK
6
CONTINUOUS
10
1.1751666929133857
20
0.7676351968503937
11
1.1876666929133859
21
0.7676351968503937
0
LINE
8
BLACK
6
CONTINUOUS
10
1.1876666929133859
20
0.7676351968503937
11
1.1890586220472441
21
0.7670586220472441
0
LINE
8
BLACK
6
CONTINUOUS
10
1.1890586220472441
20
0.7670586220472441
11
1.1896351968503938
21
0.7656666929133858
0
LINE
8
BLACK
6
CONTINUOUS
10
1.1896351968503938
20
0.7656666929133858
11
1.1896351968503938
21
0.7551351968503937
0
LINE
8
BLACK
6
CONTINUOUS
10
1.1896351968503938
20
0.7551351968503937
11
1.198198188976378
21
0.7551351968503937
0
LINE
8
BLACK
6
CONTINUOUS
10
1.198198188976378
20
0.7551351968503937
11
1.198198188976378
21
0.7761981889763779
0
LINE
8
BLACK
6
CONTINUOUS
10
1.198198188976378
20
0.7761981889763779
11
1.1876666929133859
21
0.7761981889763779
0
LINE
8
BLACK
6
CONTINUOUS
10
1.1876666929133859
20
0.7761981889763779
11
1.1862747637795275
21
0.7767747637795276
0
LINE
8
BLACK
6
CONTINUOUS
10
1.1862747637795275
20
0.7767747637795276
11
1.185698188976378
21
0.7781666929133858
0
LINE
8
BLACK
6
CONTINUOUS
10
1.185698188976378
20
0.7781666929133858
11
1.185698188976378
21
0.7906666929133858
0
LINE
8
BLACK
6
CONTINUOUS
10
1.185698188976378
20
0.7906666929133858
11
1.1862747637795275
21
0.7920586220472441
0
LINE
8
BLACK
6
CONTINUOUS
10
1.1862747637795275
20
0.7920586220472441
11
1.1876666929133859
21
0.7926351968503936
0
LINE
8
BLACK
6
CONTINUOUS
10
1.1876666929133859
20
0.7926351968503936
11
1.2126666929133858
21
0.7926351968503936
0
LINE
8
BLACK
6
CONTINUOUS
10
1.2126666929133858
20
0.7926351968503936
11
1.214058622047244
21
0.7920586220472441
0
LINE
8
BLACK
6
CONTINUOUS
10
1.3021351968503936
20
0.4511981889763779
11
1.3021351968503936
21
0.4426351968503937
0
LINE
8
BLACK
6
CONTINUOUS
10
1.3021351968503936
20
0.4426351968503937
11
1.310698188976378
21
0.4426351968503937
0
LINE
8
BLACK
6
CONTINUOUS
10
1.310698188976378
20
0.4426351968503937
11
1.310698188976378
21
0.4511981889763779
0
LINE
8
BLACK
6
CONTINUOUS
10
1.310698188976378
20
0.4511981889763779
11
1.3021351968503936
21
0.4511981889763779
0
LINE
8
BLACK
6
CONTINUOUS
10
1.1896351968503938
20
0.4426351968503937
11
1.198198188976378
21
0.4426351968503937
0
LINE
8
BLACK
6
CONTINUOUS
10
1.198198188976378
20
0.4426351968503937
11
1.198198188976378
21
0.4511981889763779
0
LINE
8
BLACK
6
CONTINUOUS
10
1.198198188976378
20
0.4511981889763779
11
1.1896351968503938
21
0.4511981889763779
0
LINE
8
BLACK
6
CONTINUOUS
10
1.1896351968503938
20
0.4511981889763779
11
1.1896351968503938
21
0.4426351968503937
0
LINE
8
BLACK
6
CONTINUOUS
10
1.2396351968503936
20
0.4761981889763779
11
1.2396351968503936
21
0.4676351968503937
0
LINE
8
BLACK
6
CONTINUOUS
10
1.2396351968503936
20
0.4676351968503937
11
1.2501666929133859
21
0.4676351968503937
0
LINE
8
BLACK
6
CONTINUOUS
10
1.2501666929133859
20
0.4676351968503937
11
1.2515586220472441
21
0.4670586220472441
0
LINE
8
BLACK
6
CONTINUOUS
10
1.2515586220472441
20
0.4670586220472441
11
1.2521351968503938
21
0.4656666929133858
0
LINE
8
BLACK
6
CONTINUOUS
10
1.2521351968503938
20
0.4656666929133858
11
1.2521351968503938
21
0.4551351968503937
0
LINE
8
BLACK
6
CONTINUOUS
10
1.2521351968503938
20
0.4551351968503937
11
1.260698188976378
21
0.4551351968503937
0
LINE
8
BLACK
6
CONTINUOUS
10
1.260698188976378
20
0.4551351968503937
11
1.260698188976378
21
0.4761981889763779
0
LINE
8
BLACK
6
CONTINUOUS
10
1.260698188976378
20
0.4761981889763779
11
1.2396351968503936
21
0.4761981889763779
0
LINE
8
BLACK
6
CONTINUOUS
10
1.2021351968503937
20
0.4676351968503937
11
1.2231981889763779
21
0.4676351968503937
0
LINE
8
BLACK
6
CONTINUOUS
10
1.2231981889763779
20
0.4676351968503937
11
1.2231981889763779
21
0.4761981889763779
0
LINE
8
BLACK
6
CONTINUOUS
10
1.2231981889763779
20
0.4761981889763779
11
1.2126666929133858
21
0.4761981889763779
0
LINE
8
BLACK
6
CONTINUOUS
10
1.2126666929133858
20
0.4761981889763779
11
1.2112747637795276
21
0.4767747637795275
0
LINE
8
BLACK
6
CONTINUOUS
10
1.2112747637795276
20
0.4767747637795275
11
1.2106981889763779
21
0.4781666929133858
0
LINE
8
BLACK
6
CONTINUOUS
10
1.2106981889763779
20
0.4781666929133858
11
1.2106981889763779
21
0.488698188976378
0
LINE
8
BLACK
6
CONTINUOUS
10
1.2106981889763779
20
0.488698188976378
11
1.2021351968503937
21
0.488698188976378
0
LINE
8
BLACK
6
CONTINUOUS
10
1.2021351968503937
20
0.488698188976378
11
1.2021351968503937
21
0.4676351968503937
0
LINE
8
BLACK
6
CONTINUOUS
10
1.2396351968503936
20
0.513698188976378
11
1.2396351968503936
21
0.4926351968503937
0
LINE
8
BLACK
6
CONTINUOUS
10
1.2396351968503936
20
0.4926351968503937
11
1.260698188976378
21
0.4926351968503937
0
LINE
8
BLACK
6
CONTINUOUS
10
1.260698188976378
20
0.4926351968503937
11
1.260698188976378
21
0.5011981889763779
0
LINE
8
BLACK
6
CONTINUOUS
10
1.260698188976378
20
0.5011981889763779
11
1.2501666929133859
21
0.5011981889763779
0
LINE
8
BLACK
6
CONTINUOUS
10
1.2501666929133859
20
0.5011981889763779
11
1.2487747637795275
21
0.5017747637795276
0
LINE
8
BLACK
6
CONTINUOUS
10
1.2487747637795275
20
0.5017747637795276
11
1.248198188976378
21
0.5031666929133858
0
LINE
8
BLACK
6
CONTINUOUS
10
1.248198188976378
20
0.5031666929133858
11
1.248198188976378
21
0.513698188976378
0
LINE
8
BLACK
6
CONTINUOUS
10
1.248198188976378
20
0.513698188976378
11
1.2396351968503936
21
0.513698188976378
0
LINE
8
BLACK
6
CONTINUOUS
10
1.2146351968503937
20
0.4926351968503937
11
1.2231981889763779
21
0.4926351968503937
0
LINE
8
BLACK
6
CONTINUOUS
10
1.2231981889763779
20
0.4926351968503937
11
1.2231981889763779
21
0.513698188976378
0
LINE
8
BLACK
6
CONTINUOUS
10
1.2231981889763779
20
0.513698188976378
11
1.2146351968503937
21
0.513698188976378
0
LINE
8
BLACK
6
CONTINUOUS
10
1.2146351968503937
20
0.513698188976378
11
1.2146351968503937
21
0.4926351968503937
0
LINE
8
BLACK
6
CONTINUOUS
10
1.2896351968503936
20
0.5261981889763779
11
1.2896351968503936
21
0.5051351968503937
0
LINE
8
BLACK
6
CONTINUOUS
10
1.2896351968503936
20
0.5051351968503937
11
1.2981981889763778
21
0.5051351968503937
0
LINE
8
BLACK
6
CONTINUOUS
10
1.2981981889763778
20
0.5051351968503937
11
1.2981981889763778
21
0.5261981889763779
0
LINE
8
BLACK
6
CONTINUOUS
10
1.2981981889763778
20
0.5261981889763779
11
1.2896351968503936
21
0.5261981889763779
0
LINE
8
BLACK
6
CONTINUOUS
10
1.2271351968503936
20
0.638698188976378
11
1.2271351968503936
21
0.6281666929133858
0
LINE
8
BLACK
6
CONTINUOUS
10
1.2271351968503936
20
0.6281666929133858
11
1.226558622047244
21
0.6267747637795276
0
LINE
8
BLACK
6
CONTINUOUS
10
1.226558622047244
20
0.6267747637795276
11
1.2251666929133858
21
0.6261981889763779
0
LINE
8
BLACK
6
CONTINUOUS
10
1.2251666929133858
20
0.6261981889763779
11
1.2146351968503937
21
0.6261981889763779
0
LINE
8
BLACK
6
CONTINUOUS
10
1.2146351968503937
20
0.6261981889763779
11
1.2146351968503937
21
0.6156666929133858
0
LINE
8
BLACK
6
CONTINUOUS
10
1.2146351968503937
20
0.6156666929133858
11
1.214058622047244
21
0.6142747637795275
0
LINE
8
BLACK
6
CONTINUOUS
10
1.214058622047244
20
0.6142747637795275
11
1.2126666929133858
21
0.613698188976378
0
LINE
8
BLACK
6
CONTINUOUS
10
1.2126666929133858
20
0.613698188976378
11
1.1896351968503938
21
0.613698188976378
0
LINE
8
BLACK
6
CONTINUOUS
10
1.1896351968503938
20
0.613698188976378
11
1.1896351968503938
21
0.6031666929133858
0
LINE
8
BLACK
6
CONTINUOUS
10
1.1896351968503938
20
0.6031666929133858
11
1.1890586220472441
21
0.6017747637795275
0
LINE
8
BLACK
6
CONTINUOUS
10
1.1890586220472441
20
0.6017747637795275
11
1.1876666929133859
21
0.6011981889763779
0
LINE
8
BLACK
6
CONTINUOUS
10
1.1876666929133859
20
0.6011981889763779
11
1.1771351968503936
21
0.6011981889763779
0
LINE
8
BLACK
6
CONTINUOUS
10
1.1771351968503936
20
0.6011981889763779
11
1.1771351968503936
21
0.5801351968503937
0
LINE
8
BLACK
6
CONTINUOUS
10
1.1771351968503936
20
0.5801351968503937
11
1.2001666929133858
21
0.5801351968503937
0
LINE
8
BLACK
6
CONTINUOUS
10
1.2001666929133858
20
0.5801351968503937
11
1.2015586220472441
21
0.5795586220472441
0
LINE
8
BLACK
6
CONTINUOUS
10
1.2015586220472441
20
0.5795586220472441
11
1.2021351968503937
21
0.5781666929133858
0
LINE
8
BLACK
6
CONTINUOUS
10
1.2021351968503937
20
0.5781666929133858
11
1.2021351968503937
21
0.5551351968503937
0
LINE
8
BLACK
6
CONTINUOUS
10
1.2021351968503937
20
0.5551351968503937
11
1.2126666929133858
21
0.5551351968503937
0
LINE
8
BLACK
6
CONTINUOUS
10
1.2126666929133858
20
0.5551351968503937
11
1.214058622047244
21
0.554558622047244
0
LINE
8
BLACK
6
CONTINUOUS
10
1.214058622047244
20
0.554558622047244
11
1.2146351968503937
21
0.5531666929133858
0
LINE
8
BLACK
6
CONTINUOUS
10
1.2146351968503937
20
0.5531666929133858
11
1.2146351968503937
21
0.5426351968503937
0
LINE
8
BLACK
6
CONTINUOUS
10
1.2146351968503937
20
0.5426351968503937
11
1.2251666929133858
21
0.5426351968503937
0
LINE
8
BLACK
6
CONTINUOUS
10
1.2251666929133858
20
0.5426351968503937
11
1.226558622047244
21
0.5420586220472441
0
LINE
8
BLACK
6
CONTINUOUS
10
1.226558622047244
20
0.5420586220472441
11
1.2271351968503936
21
0.5406666929133858
0
LINE
8
BLACK
6
CONTINUOUS
10
1.2271351968503936
20
0.5406666929133858
11
1.2271351968503936
21
0.5301351968503937
0
LINE
8
BLACK
6
CONTINUOUS
10
1.2271351968503936
20
0.5301351968503937
11
1.2501666929133859
21
0.5301351968503937
0
LINE
8
BLACK
6
CONTINUOUS
10
1.2501666929133859
20
0.5301351968503937
11
1.2515586220472441
21
0.5295586220472441
0
LINE
8
BLACK
6
CONTINUOUS
10
1.2515586220472441
20
0.5295586220472441
11
1.2521351968503938
21
0.5281666929133858
0
LINE
8
BLACK
6
CONTINUOUS
10
1.2521351968503938
20
0.5281666929133858
11
1.2521351968503938
21
0.5176351968503937
0
LINE
8
BLACK
6
CONTINUOUS
10
1.2521351968503938
20
0.5176351968503937
11
1.2626666929133858
21
0.5176351968503937
0
LINE
8
BLACK
6
CONTINUOUS
10
1.2626666929133858
20
0.5176351968503937
11
1.2640586220472441
21
0.5170586220472441
0
LINE
8
BLACK
6
CONTINUOUS
10
1.2640586220472441
20
0.5170586220472441
11
1.2646351968503937
21
0.5156666929133858
0
LINE
8
BLACK
6
CONTINUOUS
10
1.2646351968503937
20
0.5156666929133858
11
1.2646351968503937
21
0.5051351968503937
0
LINE
8
BLACK
6
CONTINUOUS
10
1.2646351968503937
20
0.5051351968503937
11
1.2731981889763779
21
0.5051351968503937
0
LINE
8
BLACK
6
CONTINUOUS
10
1.2731981889763779
20
0.5051351968503937
11
1.2731981889763779
21
0.5386981889763779
0
LINE
8
BLACK
6
CONTINUOUS
10
1.2731981889763779
20
0.5386981889763779
11
1.2501666929133859
21
0.5386981889763779
0
LINE
8
BLACK
6
CONTINUOUS
10
1.2501666929133859
20
0.5386981889763779
11
1.2487747637795275
21
0.5392747637795275
0
LINE
8
BLACK
6
CONTINUOUS
10
1.2487747637795275
20
0.5392747637795275
11
1.248198188976378
21
0.5406666929133858
0
LINE
8
BLACK
6
CONTINUOUS
10
1.248198188976378
20
0.5406666929133858
11
1.248198188976378
21
0.5531666929133858
0
LINE
8
BLACK
6
CONTINUOUS
10
1.248198188976378
20
0.5531666929133858
11
1.2487747637795275
21
0.554558622047244
0
LINE
8
BLACK
6
CONTINUOUS
10
1.2487747637795275
20
0.554558622047244
11
1.2501666929133859
21
0.5551351968503937
0
LINE
8
BLACK
6
CONTINUOUS
10
1.2501666929133859
20
0.5551351968503937
11
1.260698188976378
21
0.5551351968503937
0
LINE
8
BLACK
6
CONTINUOUS
10
1.260698188976378
20
0.5551351968503937
11
1.260698188976378
21
0.5636981889763779
0
LINE
8
BLACK
6
CONTINUOUS
10
1.260698188976378
20
0.5636981889763779
11
1.2376666929133857
21
0.5636981889763779
0
LINE
8
BLACK
6
CONTINUOUS
10
1.2376666929133857
20
0.5636981889763779
11
1.2362747637795275
21
0.5642747637795276
0
LINE
8
BLACK
6
CONTINUOUS
10
1.2362747637795275
20
0.5642747637795276
11
1.2356981889763778
21
0.5656666929133858
0
LINE
8
BLACK
6
CONTINUOUS
10
1.2356981889763778
20
0.5656666929133858
11
1.2356981889763778
21
0.576198188976378
0
LINE
8
BLACK
6
CONTINUOUS
10
1.2356981889763778
20
0.576198188976378
11
1.2271351968503936
21
0.576198188976378
0
LINE
8
BLACK
6
CONTINUOUS
10
1.2271351968503936
20
0.576198188976378
11
1.2271351968503936
21
0.5656666929133858
0
LINE
8
BLACK
6
CONTINUOUS
10
1.2271351968503936
20
0.5656666929133858
11
1.226558622047244
21
0.5642747637795276
0
LINE
8
BLACK
6
CONTINUOUS
10
1.226558622047244
20
0.5642747637795276
11
1.2251666929133858
21
0.5636981889763779
0
LINE
8
BLACK
6
CONTINUOUS
10
1.2251666929133858
20
0.5636981889763779
11
1.2126666929133858
21
0.5636981889763779
0
LINE
8
BLACK
6
CONTINUOUS
10
1.2126666929133858
20
0.5636981889763779
11
1.2112747637795276
21
0.5642747637795276
0
LINE
8
BLACK
6
CONTINUOUS
10
1.2112747637795276
20
0.5642747637795276
11
1.2106981889763779
21
0.5656666929133858
0
LINE
8
BLACK
6
CONTINUOUS
10
1.2106981889763779
20
0.5656666929133858
11
1.2106981889763779
21
0.5781666929133858
0
LINE
8
BLACK
6
CONTINUOUS
10
1.2106981889763779
20
0.5781666929133858
11
1.2112747637795276
21
0.5795586220472441
0
LINE
8
BLACK
6
CONTINUOUS
10
1.2112747637795276
20
0.5795586220472441
11
1.2126666929133858
21
0.5801351968503937
0
LINE
8
BLACK
6
CONTINUOUS
10
1.2126666929133858
20
0.5801351968503937
11
1.2231981889763779
21
0.5801351968503937
0
LINE
8
BLACK
6
CONTINUOUS
10
1.2231981889763779
20
0.5801351968503937
11
1.2231981889763779
21
0.5906666929133858
0
LINE
8
BLACK
6
CONTINUOUS
10
1.2231981889763779
20
0.5906666929133858
11
1.2237747637795275
21
0.5920586220472441
0
LINE
8
BLACK
6
CONTINUOUS
10
1.2237747637795275
20
0.5920586220472441
11
1.2251666929133858
21
0.5926351968503937
0
LINE
8
BLACK
6
CONTINUOUS
10
1.2251666929133858
20
0.5926351968503937
11
1.2356981889763778
21
0.5926351968503937
0
LINE
8
BLACK
6
CONTINUOUS
10
1.2356981889763778
20
0.5926351968503937
11
1.2356981889763778
21
0.6031666929133858
0
LINE
8
BLACK
6
CONTINUOUS
10
1.2356981889763778
20
0.6031666929133858
11
1.2362747637795275
21
0.6045586220472441
0
LINE
8
BLACK
6
CONTINUOUS
10
1.2362747637795275
20
0.6045586220472441
11
1.2376666929133857
21
0.6051351968503937
0
LINE
8
BLACK
6
CONTINUOUS
10
1.2376666929133857
20
0.6051351968503937
11
1.248198188976378
21
0.6051351968503937
0
LINE
8
BLACK
6
CONTINUOUS
10
1.248198188976378
20
0.6051351968503937
11
1.248198188976378
21
0.6261981889763779
0
LINE
8
BLACK
6
CONTINUOUS
10
1.248198188976378
20
0.6261981889763779
11
1.2376666929133857
21
0.6261981889763779
0
LINE
8
BLACK
6
CONTINUOUS
10
1.2376666929133857
20
0.6261981889763779
11
1.2362747637795275
21
0.6267747637795276
0
LINE
8
BLACK
6
CONTINUOUS
10
1.2362747637795275
20
0.6267747637795276
11
1.2356981889763778
21
0.6281666929133858
0
LINE
8
BLACK
6
CONTINUOUS
10
1.2356981889763778
20
0.6281666929133858
11
1.2356981889763778
21
0.638698188976378
0
LINE
8
BLACK
6
CONTINUOUS
10
1.2356981889763778
20
0.638698188976378
11
1.2271351968503936
21
0.638698188976378
0
LINE
8
BLACK
6
CONTINUOUS
10
1.1771351968503936
20
0.551198188976378
11
1.1771351968503936
21
0.5426351968503937
0
LINE
8
BLACK
6
CONTINUOUS
10
1.1771351968503936
20
0.5426351968503937
11
1.1876666929133859
21
0.5426351968503937
0
LINE
8
BLACK
6
CONTINUOUS
10
1.1876666929133859
20
0.5426351968503937
11
1.1890586220472441
21
0.5420586220472441
0
LINE
8
BLACK
6
CONTINUOUS
10
1.1890586220472441
20
0.5420586220472441
11
1.1896351968503938
21
0.5406666929133858
0
LINE
8
BLACK
6
CONTINUOUS
10
1.1896351968503938
20
0.5406666929133858
11
1.1896351968503938
21
0.5051351968503937
0
LINE
8
BLACK
6
CONTINUOUS
10
1.1896351968503938
20
0.5051351968503937
11
1.198198188976378
21
0.5051351968503937
0
LINE
8
BLACK
6
CONTINUOUS
10
1.198198188976378
20
0.5051351968503937
11
1.198198188976378
21
0.5156666929133858
0
LINE
8
BLACK
6
CONTINUOUS
10
1.198198188976378
20
0.5156666929133858
11
1.1987747637795276
21
0.5170586220472441
0
LINE
8
BLACK
6
CONTINUOUS
10
1.1987747637795276
20
0.5170586220472441
11
1.2001666929133858
21
0.5176351968503937
0
LINE
8
BLACK
6
CONTINUOUS
10
1.2001666929133858
20
0.5176351968503937
11
1.2106981889763779
21
0.5176351968503937
0
LINE
8
BLACK
6
CONTINUOUS
10
1.2106981889763779
20
0.5176351968503937
11
1.2106981889763779
21
0.5386981889763779
0
LINE
8
BLACK
6
CONTINUOUS
10
1.2106981889763779
20
0.5386981889763779
11
1.2001666929133858
21
0.5386981889763779
0
LINE
8
BLACK
6
CONTINUOUS
10
1.2001666929133858
20
0.5386981889763779
11
1.1987747637795276
21
0.5392747637795275
0
LINE
8
BLACK
6
CONTINUOUS
10
1.1987747637795276
20
0.5392747637795275
11
1.198198188976378
21
0.5406666929133858
0
LINE
8
BLACK
6
CONTINUOUS
10
1.198198188976378
20
0.5406666929133858
11
1.198198188976378
21
0.551198188976378
0
LINE
8
BLACK
6
CONTINUOUS
10
1.198198188976378
20
0.551198188976378
11
1.1771351968503936
21
0.551198188976378
0
LINE
8
BLACK
6
CONTINUOUS
10
1.2896351968503936
20
0.5426351968503937
11
1.3001666929133857
21
0.5426351968503937
0
LINE
8
BLACK
6
CONTINUOUS
10
1.3001666929133857
20
0.5426351968503937
11
1.3015586220472442
21
0.5420586220472441
0
LINE
8
BLACK
6
CONTINUOUS
10
1.3015586220472442
20
0.5420586220472441
11
1.3021351968503936
21
0.5406666929133858
0
LINE
8
BLACK
6
CONTINUOUS
10
1.3021351968503936
20
0.5406666929133858
11
1.3021351968503936
21
0.5301351968503937
0
LINE
8
BLACK
6
CONTINUOUS
10
1.3021351968503936
20
0.5301351968503937
11
1.310698188976378
21
0.5301351968503937
0
LINE
8
BLACK
6
CONTINUOUS
10
1.310698188976378
20
0.5301351968503937
11
1.310698188976378
21
0.551198188976378
0
LINE
8
BLACK
6
CONTINUOUS
10
1.310698188976378
20
0.551198188976378
11
1.2896351968503936
21
0.551198188976378
0
LINE
8
BLACK
6
CONTINUOUS
10
1.2896351968503936
20
0.551198188976378
11
1.2896351968503936
21
0.5426351968503937
0
LINE
8
BLACK
6
CONTINUOUS
10
1.1521351968503937
20
0.5426351968503937
11
1.1606981889763779
21
0.5426351968503937
0
LINE
8
BLACK
6
CONTINUOUS
10
1.1606981889763779
20
0.5426351968503937
11
1.1606981889763779
21
0.551198188976378
0
LINE
8
BLACK
6
CONTINUOUS
10
1.1606981889763779
20
0.551198188976378
11
1.1521351968503937
21
0.551198188976378
0
LINE
8
BLACK
6
CONTINUOUS
10
1.1521351968503937
20
0.551198188976378
11
1.1521351968503937
21
0.5426351968503937
0
LINE
8
BLACK
6
CONTINUOUS
10
1.3396351968503937
20
0.5426351968503937
11
1.3481981889763779
21
0.5426351968503937
0
LINE
8
BLACK
6
CONTINUOUS
10
1.3481981889763779
20
0.5426351968503937
11
1.3481981889763779
21
0.5636981889763779
0
LINE
8
BLACK
6
CONTINUOUS
10
1.3481981889763779
20
0.5636981889763779
11
1.3396351968503937
21
0.5636981889763779
0
LINE
8
BLACK
6
CONTINUOUS
10
1.3396351968503937
20
0.5636981889763779
11
1.3396351968503937
21
0.5426351968503937
0
LINE
8
BLACK
6
CONTINUOUS
10
1.2771351968503937
20
0.5551351968503937
11
1.2856981889763779
21
0.5551351968503937
0
LINE
8
BLACK
6
CONTINUOUS
10
1.2856981889763779
20
0.5551351968503937
11
1.2856981889763779
21
0.5636981889763779
0
LINE
8
BLACK
6
CONTINUOUS
10
1.2856981889763779
20
0.5636981889763779
11
1.2771351968503937
21
0.5636981889763779
0
LINE
8
BLACK
6
CONTINUOUS
10
1.2771351968503937
20
0.5636981889763779
11
1.2771351968503937
21
0.5551351968503937
0
LINE
8
BLACK
6
CONTINUOUS
10
1.1271351968503938
20
0.6011981889763779
11
1.1271351968503938
21
0.5906666929133858
0
LINE
8
BLACK
6
CONTINUOUS
10
1.1271351968503938
20
0.5906666929133858
11
1.1265586220472441
21
0.5892747637795276
0
LINE
8
BLACK
6
CONTINUOUS
10
1.1265586220472441
20
0.5892747637795276
11
1.1251666929133859
21
0.5886981889763779
0
LINE
8
BLACK
6
CONTINUOUS
10
1.1251666929133859
20
0.5886981889763779
11
1.1146351968503936
21
0.5886981889763779
0
LINE
8
BLACK
6
CONTINUOUS
10
1.1146351968503936
20
0.5886981889763779
11
1.1146351968503936
21
0.5801351968503937
0
LINE
8
BLACK
6
CONTINUOUS
10
1.1146351968503936
20
0.5801351968503937
11
1.1251666929133859
21
0.5801351968503937
0
LINE
8
BLACK
6
CONTINUOUS
10
1.1251666929133859
20
0.5801351968503937
11
1.1265586220472441
21
0.5795586220472441
0
LINE
8
BLACK
6
CONTINUOUS
10
1.1265586220472441
20
0.5795586220472441
11
1.1271351968503938
21
0.5781666929133858
0
LINE
8
BLACK
6
CONTINUOUS
10
1.1271351968503938
20
0.5781666929133858
11
1.1271351968503938
21
0.5676351968503937
0
LINE
8
BLACK
6
CONTINUOUS
10
1.1271351968503938
20
0.5676351968503937
11
1.1376666929133858
21
0.5676351968503937
0
LINE
8
BLACK
6
CONTINUOUS
10
1.1376666929133858
20
0.5676351968503937
11
1.1390586220472441
21
0.5670586220472441
0
LINE
8
BLACK
6
CONTINUOUS
10
1.1390586220472441
20
0.5670586220472441
11
1.1396351968503937
21
0.5656666929133858
0
LINE
8
BLACK
6
CONTINUOUS
10
1.1396351968503937
20
0.5656666929133858
11
1.1396351968503937
21
0.5551351968503937
0
LINE
8
BLACK
6
CONTINUOUS
10
1.1396351968503937
20
0.5551351968503937
11
1.1481981889763779
21
0.5551351968503937
0
LINE
8
BLACK
6
CONTINUOUS
10
1.1481981889763779
20
0.5551351968503937
11
1.1481981889763779
21
0.5656666929133858
0
LINE
8
BLACK
6
CONTINUOUS
10
1.1481981889763779
20
0.5656666929133858
11
1.1487747637795276
21
0.5670586220472441
0
LINE
8
BLACK
6
CONTINUOUS
10
1.1487747637795276
20
0.5670586220472441
11
1.1501666929133858
21
0.5676351968503937
0
LINE
8
BLACK
6
CONTINUOUS
10
1.1501666929133858
20
0.5676351968503937
11
1.1731981889763778
21
0.5676351968503937
0
LINE
8
BLACK
6
CONTINUOUS
10
1.1731981889763778
20
0.5676351968503937
11
1.1731981889763778
21
0.576198188976378
0
LINE
8
BLACK
6
CONTINUOUS
10
1.1731981889763778
20
0.576198188976378
11
1.1501666929133858
21
0.576198188976378
0
LINE
8
BLACK
6
CONTINUOUS
10
1.1501666929133858
20
0.576198188976378
11
1.1487747637795276
21
0.5767747637795275
0
LINE
8
BLACK
6
CONTINUOUS
10
1.1487747637795276
20
0.5767747637795275
11
1.1481981889763779
21
0.5781666929133858
0
LINE
8
BLACK
6
CONTINUOUS
10
1.1481981889763779
20
0.5781666929133858
11
1.1481981889763779
21
0.5886981889763779
0
LINE
8
BLACK
6
CONTINUOUS
10
1.1481981889763779
20
0.5886981889763779
11
1.1376666929133858
21
0.5886981889763779
0
LINE
8
BLACK
6
CONTINUOUS
10
1.1376666929133858
20
0.5886981889763779
11
1.1362747637795276
21
0.5892747637795276
0
LINE
8
BLACK
6
CONTINUOUS
10
1.1362747637795276
20
0.5892747637795276
11
1.135698188976378
21
0.5906666929133858
0
LINE
8
BLACK
6
CONTINUOUS
10
1.135698188976378
20
0.5906666929133858
11
1.135698188976378
21
0.6011981889763779
0
LINE
8
BLACK
6
CONTINUOUS
10
1.135698188976378
20
0.6011981889763779
11
1.1271351968503938
21
0.6011981889763779
0
LINE
8
BLACK
6
CONTINUOUS
10
1.2646351968503937
20
0.576198188976378
11
1.2646351968503937
21
0.5676351968503937
0
LINE
8
BLACK
6
CONTINUOUS
10
1.2646351968503937
20
0.5676351968503937
11
1.2731981889763779
21
0.5676351968503937
0
LINE
8
BLACK
6
CONTINUOUS
10
1.2731981889763779
20
0.5676351968503937
11
1.2731981889763779
21
0.576198188976378
0
LINE
8
BLACK
6
CONTINUOUS
10
1.2731981889763779
20
0.576198188976378
11
1.2646351968503937
21
0.576198188976378
0
LINE
8
BLACK
6
CONTINUOUS
10
1.1021351968503936
20
0.5676351968503937
11
1.1106981889763778
21
0.5676351968503937
0
LINE
8
BLACK
6
CONTINUOUS
10
1.1106981889763778
20
0.5676351968503937
11
1.1106981889763778
21
0.576198188976378
0
LINE
8
BLACK
6
CONTINUOUS
10
1.1106981889763778
20
0.576198188976378
11
1.1021351968503936
21
0.576198188976378
0
LINE
8
BLACK
6
CONTINUOUS
10
1.1021351968503936
20
0.576198188976378
11
1.1021351968503936
21
0.5676351968503937
0
LINE
8
BLACK
6
CONTINUOUS
10
1.2896351968503936
20
0.6886981889763779
11
1.2896351968503936
21
0.6656666929133858
0
LINE
8
BLACK
6
CONTINUOUS
10
1.2896351968503936
20
0.6656666929133858
11
1.289058622047244
21
0.6642747637795275
0
LINE
8
BLACK
6
CONTINUOUS
10
1.289058622047244
20
0.6642747637795275
11
1.2876666929133858
21
0.6636981889763779
0
LINE
8
BLACK
6
CONTINUOUS
10
1.2876666929133858
20
0.6636981889763779
11
1.2771351968503937
21
0.6636981889763779
0
LINE
8
BLACK
6
CONTINUOUS
10
1.2771351968503937
20
0.6636981889763779
11
1.2771351968503937
21
0.6551351968503937
0
LINE
8
BLACK
6
CONTINUOUS
10
1.2771351968503937
20
0.6551351968503937
11
1.2876666929133858
21
0.6551351968503937
0
LINE
8
BLACK
6
CONTINUOUS
10
1.2876666929133858
20
0.6551351968503937
11
1.289058622047244
21
0.6545586220472441
0
LINE
8
BLACK
6
CONTINUOUS
10
1.289058622047244
20
0.6545586220472441
11
1.2896351968503936
21
0.6531666929133858
0
LINE
8
BLACK
6
CONTINUOUS
10
1.2896351968503936
20
0.6531666929133858
11
1.2896351968503936
21
0.6426351968503937
0
LINE
8
BLACK
6
CONTINUOUS
10
1.2896351968503936
20
0.6426351968503937
11
1.2981981889763778
21
0.6426351968503937
0
LINE
8
BLACK
6
CONTINUOUS
10
1.2981981889763778
20
0.6426351968503937
11
1.2981981889763778
21
0.6531666929133858
0
LINE
8
BLACK
6
CONTINUOUS
10
1.2981981889763778
20
0.6531666929133858
11
1.2987747637795275
21
0.6545586220472441
0
LINE
8
BLACK
6
CONTINUOUS
10
1.2987747637795275
20
0.6545586220472441
11
1.3001666929133857
21
0.6551351968503937
0
LINE
8
BLACK
6
CONTINUOUS
10
1.3001666929133857
20
0.6551351968503937
11
1.3376666929133858
21
0.6551351968503937
0
LINE
8
BLACK
6
CONTINUOUS
10
1.3376666929133858
20
0.6551351968503937
11
1.339058622047244
21
0.6545586220472441
0
LINE
8
BLACK
6
CONTINUOUS
10
1.339058622047244
20
0.6545586220472441
11
1.3396351968503937
21
0.6531666929133858
0
LINE
8
BLACK
6
CONTINUOUS
10
1.3396351968503937
20
0.6531666929133858
11
1.3396351968503937
21
0.6406666929133858
0
LINE
8
BLACK
6
CONTINUOUS
10
1.3396351968503937
20
0.6406666929133858
11
1.339058622047244
21
0.6392747637795275
0
LINE
8
BLACK
6
CONTINUOUS
10
1.339058622047244
20
0.6392747637795275
11
1.3376666929133858
21
0.638698188976378
0
LINE
8
BLACK
6
CONTINUOUS
10
1.3376666929133858
20
0.638698188976378
11
1.3021351968503936
21
0.638698188976378
0
LINE
8
BLACK
6
CONTINUOUS
10
1.3021351968503936
20
0.638698188976378
11
1.3021351968503936
21
0.6301351968503937
0
LINE
8
BLACK
6
CONTINUOUS
10
1.3021351968503936
20
0.6301351968503937
11
1.3126666929133859
21
0.6301351968503937
0
LINE
8
BLACK
6
CONTINUOUS
10
1.3126666929133859
20
0.6301351968503937
11
1.3140586220472441
21
0.6295586220472441
0
LINE
8
BLACK
6
CONTINUOUS
10
1.3140586220472441
20
0.6295586220472441
11
1.3146351968503938
21
0.6281666929133858
0
LINE
8
BLACK
6
CONTINUOUS
10
1.3146351968503938
20
0.6281666929133858
11
1.3146351968503938
21
0.6156666929133858
0
LINE
8
BLACK
6
CONTINUOUS
10
1.3146351968503938
20
0.6156666929133858
11
1.3140586220472441
21
0.6142747637795275
0
LINE
8
BLACK
6
CONTINUOUS
10
1.3140586220472441
20
0.6142747637795275
11
1.3126666929133859
21
0.613698188976378
0
LINE
8
BLACK
6
CONTINUOUS
10
1.3126666929133859
20
0.613698188976378
11
1.3021351968503936
21
0.613698188976378
0
LINE
8
BLACK
6
CONTINUOUS
10
1.3021351968503936
20
0.613698188976378
11
1.3021351968503936
21
0.6051351968503937
0
LINE
8
BLACK
6
CONTINUOUS
10
1.3021351968503936
20
0.6051351968503937
11
1.3126666929133859
21
0.6051351968503937
0
LINE
8
BLACK
6
CONTINUOUS
10
1.3126666929133859
20
0.6051351968503937
11
1.3140586220472441
21
0.6045586220472441
0
LINE
8
BLACK
6
CONTINUOUS
10
1.3140586220472441
20
0.6045586220472441
11
1.3146351968503938
21
0.6031666929133858
0
LINE
8
BLACK
6
CONTINUOUS
10
1.3146351968503938
20
0.6031666929133858
11
1.3146351968503938
21
0.5906666929133858
0
LINE
8
BLACK
6
CONTINUOUS
10
1.3146351968503938
20
0.5906666929133858
11
1.3140586220472441
21
0.5892747637795276
0
LINE
8
BLACK
6
CONTINUOUS
10
1.3140586220472441
20
0.5892747637795276
11
1.3126666929133859
21
0.5886981889763779
0
LINE
8
BLACK
6
CONTINUOUS
10
1.3126666929133859
20
0.5886981889763779
11
1.3001666929133857
21
0.5886981889763779
0
LINE
8
BLACK
6
CONTINUOUS
10
1.3001666929133857
20
0.5886981889763779
11
1.2987747637795275
21
0.5892747637795276
0
LINE
8
BLACK
6
CONTINUOUS
10
1.2987747637795275
20
0.5892747637795276
11
1.2981981889763778
21
0.5906666929133858
0
LINE
8
BLACK
6
CONTINUOUS
10
1.2981981889763778
20
0.5906666929133858
11
1.2981981889763778
21
0.6011981889763779
0
LINE
8
BLACK
6
CONTINUOUS
10
1.2981981889763778
20
0.6011981889763779
11
1.2771351968503937
21
0.6011981889763779
0
LINE
8
BLACK
6
CONTINUOUS
10
1.2771351968503937
20
0.6011981889763779
11
1.2771351968503937
21
0.5801351968503937
0
LINE
8
BLACK
6
CONTINUOUS
10
1.2771351968503937
20
0.5801351968503937
11
1.3001666929133857
21
0.5801351968503937
0
LINE
8
BLACK
6
CONTINUOUS
10
1.3001666929133857
20
0.5801351968503937
11
1.3015586220472442
21
0.5795586220472441
0
LINE
8
BLACK
6
CONTINUOUS
10
1.3015586220472442
20
0.5795586220472441
11
1.3021351968503936
21
0.5781666929133858
0
LINE
8
BLACK
6
CONTINUOUS
10
1.3021351968503936
20
0.5781666929133858
11
1.3021351968503936
21
0.5676351968503937
0
LINE
8
BLACK
6
CONTINUOUS
10
1.3021351968503936
20
0.5676351968503937
11
1.310698188976378
21
0.5676351968503937
0
LINE
8
BLACK
6
CONTINUOUS
10
1.310698188976378
20
0.5676351968503937
11
1.310698188976378
21
0.5781666929133858
0
LINE
8
BLACK
6
CONTINUOUS
10
1.310698188976378
20
0.5781666929133858
11
1.3112747637795275
21
0.5795586220472441
0
LINE
8
BLACK
6
CONTINUOUS
10
1.3112747637795275
20
0.5795586220472441
11
1.3126666929133859
21
0.5801351968503937
0
LINE
8
BLACK
6
CONTINUOUS
10
1.3126666929133859
20
0.5801351968503937
11
1.323198188976378
21
0.5801351968503937
0
LINE
8
BLACK
6
CONTINUOUS
10
1.323198188976378
20
0.5801351968503937
11
1.323198188976378
21
0.5906666929133858
0
LINE
8
BLACK
6
CONTINUOUS
10
1.323198188976378
20
0.5906666929133858
11
1.3237747637795276
21
0.5920586220472441
0
LINE
8
BLACK
6
CONTINUOUS
10
1.3237747637795276
20
0.5920586220472441
11
1.3251666929133858
21
0.5926351968503937
0
LINE
8
BLACK
6
CONTINUOUS
10
1.3251666929133858
20
0.5926351968503937
11
1.3356981889763779
21
0.5926351968503937
0
LINE
8
BLACK
6
CONTINUOUS
10
1.3356981889763779
20
0.5926351968503937
11
1.3356981889763779
21
0.6031666929133858
0
LINE
8
BLACK
6
CONTINUOUS
10
1.3356981889763779
20
0.6031666929133858
11
1.3362747637795276
21
0.6045586220472441
0
LINE
8
BLACK
6
CONTINUOUS
10
1.3362747637795276
20
0.6045586220472441
11
1.3376666929133858
21
0.6051351968503937
0
LINE
8
BLACK
6
CONTINUOUS
10
1.3376666929133858
20
0.6051351968503937
11
1.3481981889763779
21
0.6051351968503937
0
LINE
8
BLACK
6
CONTINUOUS
10
1.3481981889763779
20
0.6051351968503937
11
1.3481981889763779
21
0.6156666929133858
0
LINE
8
BLACK
6
CONTINUOUS
10
1.3481981889763779
20
0.6156666929133858
11
1.3487747637795275
21
0.617058622047244
0
LINE
8
BLACK
6
CONTINUOUS
10
1.3487747637795275
20
0.617058622047244
11
1.3501666929133858
21
0.6176351968503937
0
LINE
8
BLACK
6
CONTINUOUS
10
1.3501666929133858
20
0.6176351968503937
11
1.373198188976378
21
0.6176351968503937
0
LINE
8
BLACK
6
CONTINUOUS
10
1.373198188976378
20
0.6176351968503937
11
1.373198188976378
21
0.6281666929133858
0
LINE
8
BLACK
6
CONTINUOUS
10
1.373198188976378
20
0.6281666929133858
11
1.3737747637795275
21
0.6295586220472441
0
LINE
8
BLACK
6
CONTINUOUS
10
1.3737747637795275
20
0.6295586220472441
11
1.3751666929133859
21
0.6301351968503937
0
LINE
8
BLACK
6
CONTINUOUS
10
1.3751666929133859
20
0.6301351968503937
11
1.4106981889763779
21
0.6301351968503937
0
LINE
8
BLACK
6
CONTINUOUS
10
1.4106981889763779
20
0.6301351968503937
11
1.4106981889763779
21
0.6511981889763779
0
LINE
8
BLACK
6
CONTINUOUS
10
1.4106981889763779
20
0.6511981889763779
11
1.4021351968503937
21
0.6511981889763779
0
LINE
8
BLACK
6
CONTINUOUS
10
1.4021351968503937
20
0.6511981889763779
11
1.4021351968503937
21
0.6406666929133858
0
LINE
8
BLACK
6
CONTINUOUS
10
1.4021351968503937
20
0.6406666929133858
11
1.401558622047244
21
0.6392747637795275
0
LINE
8
BLACK
6
CONTINUOUS
10
1.401558622047244
20
0.6392747637795275
11
1.4001666929133858
21
0.638698188976378
0
LINE
8
BLACK
6
CONTINUOUS
10
1.4001666929133858
20
0.638698188976378
11
1.3646351968503936
21
0.638698188976378
0
LINE
8
BLACK
6
CONTINUOUS
10
1.3646351968503936
20
0.638698188976378
11
1.3646351968503936
21
0.6281666929133858
0
LINE
8
BLACK
6
CONTINUOUS
10
1.3646351968503936
20
0.6281666929133858
11
1.3640586220472442
21
0.6267747637795276
0
LINE
8
BLACK
6
CONTINUOUS
10
1.3640586220472442
20
0.6267747637795276
11
1.3626666929133857
21
0.6261981889763779
0
LINE
8
BLACK
6
CONTINUOUS
10
1.3626666929133857
20
0.6261981889763779
11
1.3501666929133858
21
0.6261981889763779
0
LINE
8
BLACK
6
CONTINUOUS
10
1.3501666929133858
20
0.6261981889763779
11
1.3487747637795275
21
0.6267747637795276
0
LINE
8
BLACK
6
CONTINUOUS
10
1.3487747637795275
20
0.6267747637795276
11
1.3481981889763779
21
0.6281666929133858
0
LINE
8
BLACK
6
CONTINUOUS
10
1.3481981889763779
20
0.6281666929133858
11
1.3481981889763779
21
0.676198188976378
0
LINE
8
BLACK
6
CONTINUOUS
10
1.3481981889763779
20
0.676198188976378
11
1.3396351968503937
21
0.676198188976378
0
LINE
8
BLACK
6
CONTINUOUS
10
1.3396351968503937
20
0.676198188976378
11
1.3396351968503937
21
0.6656666929133858
0
LINE
8
BLACK
6
CONTINUOUS
10
1.3396351968503937
20
0.6656666929133858
11
1.339058622047244
21
0.6642747637795275
0
LINE
8
BLACK
6
CONTINUOUS
10
1.339058622047244
20
0.6642747637795275
11
1.3376666929133858
21
0.6636981889763779
0
LINE
8
BLACK
6
CONTINUOUS
10
1.3376666929133858
20
0.6636981889763779
11
1.3251666929133858
21
0.6636981889763779
0
LINE
8
BLACK
6
CONTINUOUS
10
1.3251666929133858
20
0.6636981889763779
11
1.3237747637795276
21
0.6642747637795275
0
LINE
8
BLACK
6
CONTINUOUS
10
1.3237747637795276
20
0.6642747637795275
11
1.323198188976378
21
0.6656666929133858
0
LINE
8
BLACK
6
CONTINUOUS
10
1.323198188976378
20
0.6656666929133858
11
1.323198188976378
21
0.6886981889763779
0
LINE
8
BLACK
6
CONTINUOUS
10
1.323198188976378
20
0.6886981889763779
11
1.3146351968503938
21
0.6886981889763779
0
LINE
8
BLACK
6
CONTINUOUS
10
1.3146351968503938
20
0.6886981889763779
11
1.3146351968503938
21
0.6781666929133858
0
LINE
8
BLACK
6
CONTINUOUS
10
1.3146351968503938
20
0.6781666929133858
11
1.3140586220472441
21
0.6767747637795275
0
LINE
8
BLACK
6
CONTINUOUS
10
1.3140586220472441
20
0.6767747637795275
11
1.3126666929133859
21
0.676198188976378
0
LINE
8
BLACK
6
CONTINUOUS
10
1.3126666929133859
20
0.676198188976378
11
1.3001666929133857
21
0.676198188976378
0
LINE
8
BLACK
6
CONTINUOUS
10
1.3001666929133857
20
0.676198188976378
11
1.2987747637795275
21
0.6767747637795275
0
LINE
8
BLACK
6
CONTINUOUS
10
1.2987747637795275
20
0.6767747637795275
11
1.2981981889763778
21
0.6781666929133858
0
LINE
8
BLACK
6
CONTINUOUS
10
1.2981981889763778
20
0.6781666929133858
11
1.2981981889763778
21
0.6886981889763779
0
LINE
8
BLACK
6
CONTINUOUS
10
1.2981981889763778
20
0.6886981889763779
11
1.2896351968503936
21
0.6886981889763779
0
LINE
8
BLACK
6
CONTINUOUS
10
1.3271351968503937
20
0.5676351968503937
11
1.3356981889763779
21
0.5676351968503937
0
LINE
8
BLACK
6
CONTINUOUS
10
1.3356981889763779
20
0.5676351968503937
11
1.3356981889763779
21
0.576198188976378
0
LINE
8
BLACK
6
CONTINUOUS
10
1.3356981889763779
20
0.576198188976378
11
1.3271351968503937
21
0.576198188976378
0
LINE
8
BLACK
6
CONTINUOUS
10
1.3271351968503937
20
0.576198188976378
11
1.3271351968503937
21
0.5676351968503937
0
LINE
8
BLACK
6
CONTINUOUS
10
1.1521351968503937
20
0.6011981889763779
11
1.1521351968503937
21
0.5926351968503937
0
LINE
8
BLACK
6
CONTINUOUS
10
1.1521351968503937
20
0.5926351968503937
11
1.1606981889763779
21
0.5926351968503937
0
LINE
8
BLACK
6
CONTINUOUS
10
1.1606981889763779
20
0.5926351968503937
11
1.1606981889763779
21
0.6011981889763779
0
LINE
8
BLACK
6
CONTINUOUS
10
1.1606981889763779
20
0.6011981889763779
11
1.1521351968503937
21
0.6011981889763779
0
LINE
8
BLACK
6
CONTINUOUS
10
1.2521351968503938
20
0.5926351968503937
11
1.260698188976378
21
0.5926351968503937
0
LINE
8
BLACK
6
CONTINUOUS
10
1.260698188976378
20
0.5926351968503937
11
1.260698188976378
21
0.6011981889763779
0
LINE
8
BLACK
6
CONTINUOUS
10
1.260698188976378
20
0.6011981889763779
11
1.2521351968503938
21
0.6011981889763779
0
LINE
8
BLACK
6
CONTINUOUS
10
1.2521351968503938
20
0.6011981889763779
11
1.2521351968503938
21
0.5926351968503937
0
LINE
8
BLACK
6
CONTINUOUS
10
1.3521351968503936
20
0.5926351968503937
11
1.3606981889763778
21
0.5926351968503937
0
LINE
8
BLACK
6
CONTINUOUS
10
1.3606981889763778
20
0.5926351968503937
11
1.3606981889763778
21
0.6011981889763779
0
LINE
8
BLACK
6
CONTINUOUS
10
1.3606981889763778
20
0.6011981889763779
11
1.3521351968503936
21
0.6011981889763779
0
LINE
8
BLACK
6
CONTINUOUS
10
1.3521351968503936
20
0.6011981889763779
11
1.3521351968503936
21
0.5926351968503937
0
LINE
8
BLACK
6
CONTINUOUS
10
1.2146351968503937
20
0.6801351968503937
11
1.2251666929133858
21
0.6801351968503937
0
LINE
8
BLACK
6
CONTINUOUS
10
1.2251666929133858
20
0.6801351968503937
11
1.226558622047244
21
0.679558622047244
0
LINE
8
BLACK
6
CONTINUOUS
10
1.226558622047244
20
0.679558622047244
11
1.2271351968503936
21
0.6781666929133858
0
LINE
8
BLACK
6
CONTINUOUS
10
1.2271351968503936
20
0.6781666929133858
11
1.2271351968503936
21
0.6656666929133858
0
LINE
8
BLACK
6
CONTINUOUS
10
1.2271351968503936
20
0.6656666929133858
11
1.226558622047244
21
0.6642747637795275
0
LINE
8
BLACK
6
CONTINUOUS
10
1.226558622047244
20
0.6642747637795275
11
1.2251666929133858
21
0.6636981889763779
0
LINE
8
BLACK
6
CONTINUOUS
10
1.2251666929133858
20
0.6636981889763779
11
1.2126666929133858
21
0.6636981889763779
0
LINE
8
BLACK
6
CONTINUOUS
10
1.2126666929133858
20
0.6636981889763779
11
1.2112747637795276
21
0.6642747637795275
0
LINE
8
BLACK
6
CONTINUOUS
10
1.2112747637795276
20
0.6642747637795275
11
1.2106981889763779
21
0.6656666929133858
0
LINE
8
BLACK
6
CONTINUOUS
10
1.2106981889763779
20
0.6656666929133858
11
1.2106981889763779
21
0.676198188976378
0
LINE
8
BLACK
6
CONTINUOUS
10
1.2106981889763779
20
0.676198188976378
11
1.1771351968503936
21
0.676198188976378
0
LINE
8
BLACK
6
CONTINUOUS
10
1.1771351968503936
20
0.676198188976378
11
1.1771351968503936
21
0.6281666929133858
0
LINE
8
BLACK
6
CONTINUOUS
10
1.1771351968503936
20
0.6281666929133858
11
1.1765586220472442
21
0.6267747637795276
0
LINE
8
BLACK
6
CONTINUOUS
10
1.1765586220472442
20
0.6267747637795276
11
1.1751666929133857
21
0.6261981889763779
0
LINE
8
BLACK
6
CONTINUOUS
10
1.1751666929133857
20
0.6261981889763779
11
1.1521351968503937
21
0.6261981889763779
0
LINE
8
BLACK
6
CONTINUOUS
10
1.1521351968503937
20
0.6261981889763779
11
1.1521351968503937
21
0.6176351968503937
0
LINE
8
BLACK
6
CONTINUOUS
10
1.1521351968503937
20
0.6176351968503937
11
1.1626666929133858
21
0.6176351968503937
0
LINE
8
BLACK
6
CONTINUOUS
10
1.1626666929133858
20
0.6176351968503937
11
1.164058622047244
21
0.617058622047244
0
LINE
8
BLACK
6
CONTINUOUS
10
1.164058622047244
20
0.617058622047244
11
1.1646351968503936
21
0.6156666929133858
0
LINE
8
BLACK
6
CONTINUOUS
10
1.1646351968503936
20
0.6156666929133858
11
1.1646351968503936
21
0.6051351968503937
0
LINE
8
BLACK
6
CONTINUOUS
10
1.1646351968503936
20
0.6051351968503937
11
1.1731981889763778
21
0.6051351968503937
0
LINE
8
BLACK
6
CONTINUOUS
10
1.1731981889763778
20
0.6051351968503937
11
1.1731981889763778
21
0.6156666929133858
0
LINE
8
BLACK
6
CONTINUOUS
10
1.1731981889763778
20
0.6156666929133858
11
1.1737747637795275
21
0.617058622047244
0
LINE
8
BLACK
6
CONTINUOUS
10
1.1737747637795275
20
0.617058622047244
11
1.1751666929133857
21
0.6176351968503937
0
LINE
8
BLACK
6
CONTINUOUS
10
1.1751666929133857
20
0.6176351968503937
11
1.185698188976378
21
0.6176351968503937
0
LINE
8
BLACK
6
CONTINUOUS
10
1.185698188976378
20
0.6176351968503937
11
1.185698188976378
21
0.6406666929133858
0
LINE
8
BLACK
6
CONTINUOUS
10
1.185698188976378
20
0.6406666929133858
11
1.1862747637795275
21
0.6420586220472441
0
LINE
8
BLACK
6
CONTINUOUS
10
1.1862747637795275
20
0.6420586220472441
11
1.1876666929133859
21
0.6426351968503937
0
LINE
8
BLACK
6
CONTINUOUS
10
1.1876666929133859
20
0.6426351968503937
11
1.2106981889763779
21
0.6426351968503937
0
LINE
8
BLACK
6
CONTINUOUS
10
1.2106981889763779
20
0.6426351968503937
11
1.2106981889763779
21
0.6531666929133858
0
LINE
8
BLACK
6
CONTINUOUS
10
1.2106981889763779
20
0.6531666929133858
11
1.2112747637795276
21
0.6545586220472441
0
LINE
8
BLACK
6
CONTINUOUS
10
1.2112747637795276
20
0.6545586220472441
11
1.2126666929133858
21
0.6551351968503937
0
LINE
8
BLACK
6
CONTINUOUS
10
1.2126666929133858
20
0.6551351968503937
11
1.2376666929133857
21
0.6551351968503937
0
LINE
8
BLACK
6
CONTINUOUS
10
1.2376666929133857
20
0.6551351968503937
11
1.2390586220472442
21
0.6545586220472441
0
LINE
8
BLACK
6
CONTINUOUS
10
1.2390586220472442
20
0.6545586220472441
11
1.2396351968503936
21
0.6531666929133858
0
LINE
8
BLACK
6
CONTINUOUS
10
1.2396351968503936
20
0.6531666929133858
11
1.2396351968503936
21
0.6426351968503937
0
LINE
8
BLACK
6
CONTINUOUS
10
1.2396351968503936
20
0.6426351968503937
11
1.2501666929133859
21
0.6426351968503937
0
LINE
8
BLACK
6
CONTINUOUS
10
1.2501666929133859
20
0.6426351968503937
11
1.2515586220472441
21
0.6420586220472441
0
LINE
8
BLACK
6
CONTINUOUS
10
1.2515586220472441
20
0.6420586220472441
11
1.2521351968503938
21
0.6406666929133858
0
LINE
8
BLACK
6
CONTINUOUS
10
1.2521351968503938
20
0.6406666929133858
11
1.2521351968503938
21
0.6301351968503937
0
LINE
8
BLACK
6
CONTINUOUS
10
1.2521351968503938
20
0.6301351968503937
11
1.2751666929133858
21
0.6301351968503937
0
LINE
8
BLACK
6
CONTINUOUS
10
1.2751666929133858
20
0.6301351968503937
11
1.276558622047244
21
0.6295586220472441
0
LINE
8
BLACK
6
CONTINUOUS
10
1.276558622047244
20
0.6295586220472441
11
1.2771351968503937
21
0.6281666929133858
0
LINE
8
BLACK
6
CONTINUOUS
10
1.2771351968503937
20
0.6281666929133858
11
1.2771351968503937
21
0.6176351968503937
0
LINE
8
BLACK
6
CONTINUOUS
10
1.2771351968503937
20
0.6176351968503937
11
1.2981981889763778
21
0.6176351968503937
0
LINE
8
BLACK
6
CONTINUOUS
10
1.2981981889763778
20
0.6176351968503937
11
1.2981981889763778
21
0.6261981889763779
0
LINE
8
BLACK
6
CONTINUOUS
10
1.2981981889763778
20
0.6261981889763779
11
1.2876666929133858
21
0.6261981889763779
0
LINE
8
BLACK
6
CONTINUOUS
10
1.2876666929133858
20
0.6261981889763779
11
1.2862747637795275
21
0.6267747637795276
0
LINE
8
BLACK
6
CONTINUOUS
10
1.2862747637795275
20
0.6267747637795276
11
1.2856981889763779
21
0.6281666929133858
0
LINE
8
BLACK
6
CONTINUOUS
10
1.2856981889763779
20
0.6281666929133858
11
1.2856981889763779
21
0.638698188976378
0
LINE
8
BLACK
6
CONTINUOUS
10
1.2856981889763779
20
0.638698188976378
11
1.2626666929133858
21
0.638698188976378
0
LINE
8
BLACK
6
CONTINUOUS
10
1.2626666929133858
20
0.638698188976378
11
1.2612747637795276
21
0.6392747637795275
0
LINE
8
BLACK
6
CONTINUOUS
10
1.2612747637795276
20
0.6392747637795275
11
1.260698188976378
21
0.6406666929133858
0
LINE
8
BLACK
6
CONTINUOUS
10
1.260698188976378
20
0.6406666929133858
11
1.260698188976378
21
0.6511981889763779
0
LINE
8
BLACK
6
CONTINUOUS
10
1.260698188976378
20
0.6511981889763779
11
1.2501666929133859
21
0.6511981889763779
0
LINE
8
BLACK
6
CONTINUOUS
10
1.2501666929133859
20
0.6511981889763779
11
1.2487747637795275
21
0.6517747637795276
0
LINE
8
BLACK
6
CONTINUOUS
10
1.2487747637795275
20
0.6517747637795276
11
1.248198188976378
21
0.6531666929133858
0
LINE
8
BLACK
6
CONTINUOUS
10
1.248198188976378
20
0.6531666929133858
11
1.248198188976378
21
0.6636981889763779
0
LINE
8
BLACK
6
CONTINUOUS
10
1.248198188976378
20
0.6636981889763779
11
1.2376666929133857
21
0.6636981889763779
0
LINE
8
BLACK
6
CONTINUOUS
10
1.2376666929133857
20
0.6636981889763779
11
1.2362747637795275
21
0.6642747637795275
0
LINE
8
BLACK
6
CONTINUOUS
10
1.2362747637795275
20
0.6642747637795275
11
1.2356981889763778
21
0.6656666929133858
0
LINE
8
BLACK
6
CONTINUOUS
10
1.2356981889763778
20
0.6656666929133858
11
1.2356981889763778
21
0.6886981889763779
0
LINE
8
BLACK
6
CONTINUOUS
10
1.2356981889763778
20
0.6886981889763779
11
1.2146351968503937
21
0.6886981889763779
0
LINE
8
BLACK
6
CONTINUOUS
10
1.2146351968503937
20
0.6886981889763779
11
1.2146351968503937
21
0.6801351968503937
0
LINE
8
BLACK
6
CONTINUOUS
10
1.1396351968503937
20
0.613698188976378
11
1.1396351968503937
21
0.6051351968503937
0
LINE
8
BLACK
6
CONTINUOUS
10
1.1396351968503937
20
0.6051351968503937
11
1.1481981889763779
21
0.6051351968503937
0
LINE
8
BLACK
6
CONTINUOUS
10
1.1481981889763779
20
0.6051351968503937
11
1.1481981889763779
21
0.613698188976378
0
LINE
8
BLACK
6
CONTINUOUS
10
1.1481981889763779
20
0.613698188976378
11
1.1396351968503937
21
0.613698188976378
0
LINE
8
BLACK
6
CONTINUOUS
10
1.1521351968503937
20
0.6426351968503937
11
1.1606981889763779
21
0.6426351968503937
0
LINE
8
BLACK
6
CONTINUOUS
10
1.1606981889763779
20
0.6426351968503937
11
1.1606981889763779
21
0.6511981889763779
0
LINE
8
BLACK
6
CONTINUOUS
10
1.1606981889763779
20
0.6511981889763779
11
1.1521351968503937
21
0.6511981889763779
0
LINE
8
BLACK
6
CONTINUOUS
10
1.1521351968503937
20
0.6511981889763779
11
1.1521351968503937
21
0.6426351968503937
0
LINE
8
BLACK
6
CONTINUOUS
10
1.3646351968503936
20
0.6676351968503936
11
1.3876666929133858
21
0.6676351968503936
0
LINE
8
BLACK
6
CONTINUOUS
10
1.3876666929133858
20
0.6676351968503936
11
1.3890586220472441
21
0.6670586220472441
0
LINE
8
BLACK
6
CONTINUOUS
10
1.3890586220472441
20
0.6670586220472441
11
1.3896351968503937
21
0.6656666929133858
0
LINE
8
BLACK
6
CONTINUOUS
10
1.3896351968503937
20
0.6656666929133858
11
1.3896351968503937
21
0.6551351968503937
0
LINE
8
BLACK
6
CONTINUOUS
10
1.3896351968503937
20
0.6551351968503937
11
1.3981981889763779
21
0.6551351968503937
0
LINE
8
BLACK
6
CONTINUOUS
10
1.3981981889763779
20
0.6551351968503937
11
1.3981981889763779
21
0.6656666929133858
0
LINE
8
BLACK
6
CONTINUOUS
10
1.3981981889763779
20
0.6656666929133858
11
1.3987747637795276
21
0.6670586220472441
0
LINE
8
BLACK
6
CONTINUOUS
10
1.3987747637795276
20
0.6670586220472441
11
1.4001666929133858
21
0.6676351968503936
0
LINE
8
BLACK
6
CONTINUOUS
10
1.4001666929133858
20
0.6676351968503936
11
1.4106981889763779
21
0.6676351968503936
0
LINE
8
BLACK
6
CONTINUOUS
10
1.4106981889763779
20
0.6676351968503936
11
1.4106981889763779
21
0.676198188976378
0
LINE
8
BLACK
6
CONTINUOUS
10
1.4106981889763779
20
0.676198188976378
11
1.3646351968503936
21
0.676198188976378
0
LINE
8
BLACK
6
CONTINUOUS
10
1.3646351968503936
20
0.676198188976378
11
1.3646351968503936
21
0.6676351968503936
0
LINE
8
BLACK
6
CONTINUOUS
10
1.1396351968503937
20
0.6551351968503937
11
1.1481981889763779
21
0.6551351968503937
0
LINE
8
BLACK
6
CONTINUOUS
10
1.1481981889763779
20
0.6551351968503937
11
1.1481981889763779
21
0.6636981889763779
0
LINE
8
BLACK
6
CONTINUOUS
10
1.1481981889763779
20
0.6636981889763779
11
1.1396351968503937
21
0.6636981889763779
0
LINE
8
BLACK
6
CONTINUOUS
10
1.1396351968503937
20
0.6636981889763779
11
1.1396351968503937
21
0.6551351968503937
0
LINE
8
BLACK
6
CONTINUOUS
10
1.2521351968503938
20
0.763698188976378
11
1.2521351968503938
21
0.7406666929133858
0
LINE
8
BLACK
6
CONTINUOUS
10
1.2521351968503938
20
0.7406666929133858
11
1.2515586220472441
21
0.7392747637795275
0
LINE
8
BLACK
6
CONTINUOUS
10
1.2515586220472441
20
0.7392747637795275
11
1.2501666929133859
21
0.738698188976378
0
LINE
8
BLACK
6
CONTINUOUS
10
1.2501666929133859
20
0.738698188976378
11
1.2271351968503936
21
0.738698188976378
0
LINE
8
BLACK
6
CONTINUOUS
10
1.2271351968503936
20
0.738698188976378
11
1.2271351968503936
21
0.7281666929133858
0
LINE
8
BLACK
6
CONTINUOUS
10
1.2271351968503936
20
0.7281666929133858
11
1.226558622047244
21
0.7267747637795275
0
LINE
8
BLACK
6
CONTINUOUS
10
1.226558622047244
20
0.7267747637795275
11
1.2251666929133858
21
0.7261981889763779
0
LINE
8
BLACK
6
CONTINUOUS
10
1.2251666929133858
20
0.7261981889763779
11
1.2146351968503937
21
0.7261981889763779
0
LINE
8
BLACK
6
CONTINUOUS
10
1.2146351968503937
20
0.7261981889763779
11
1.2146351968503937
21
0.7156666929133858
0
LINE
8
BLACK
6
CONTINUOUS
10
1.2146351968503937
20
0.7156666929133858
11
1.214058622047244
21
0.7142747637795276
0
LINE
8
BLACK
6
CONTINUOUS
10
1.214058622047244
20
0.7142747637795276
11
1.2126666929133858
21
0.7136981889763779
0
LINE
8
BLACK
6
CONTINUOUS
10
1.2126666929133858
20
0.7136981889763779
11
1.2021351968503937
21
0.7136981889763779
0
LINE
8
BLACK
6
CONTINUOUS
10
1.2021351968503937
20
0.7136981889763779
11
1.2021351968503937
21
0.7051351968503937
0
LINE
8
BLACK
6
CONTINUOUS
10
1.2021351968503937
20
0.7051351968503937
11
1.2231981889763779
21
0.7051351968503937
0
LINE
8
BLACK
6
CONTINUOUS
10
1.2231981889763779
20
0.7051351968503937
11
1.2231981889763779
21
0.7156666929133858
0
LINE
8
BLACK
6
CONTINUOUS
10
1.2231981889763779
20
0.7156666929133858
11
1.2237747637795275
21
0.7170586220472441
0
LINE
8
BLACK
6
CONTINUOUS
10
1.2237747637795275
20
0.7170586220472441
11
1.2251666929133858
21
0.7176351968503937
0
LINE
8
BLACK
6
CONTINUOUS
10
1.2251666929133858
20
0.7176351968503937
11
1.2626666929133858
21
0.7176351968503937
0
LINE
8
BLACK
6
CONTINUOUS
10
1.2626666929133858
20
0.7176351968503937
11
1.2640586220472441
21
0.7170586220472441
0
LINE
8
BLACK
6
CONTINUOUS
10
1.2640586220472441
20
0.7170586220472441
11
1.2646351968503937
21
0.7156666929133858
0
LINE
8
BLACK
6
CONTINUOUS
10
1.2646351968503937
20
0.7156666929133858
11
1.2646351968503937
21
0.7031666929133858
0
LINE
8
BLACK
6
CONTINUOUS
10
1.2646351968503937
20
0.7031666929133858
11
1.2640586220472441
21
0.7017747637795275
0
LINE
8
BLACK
6
CONTINUOUS
10
1.2640586220472441
20
0.7017747637795275
11
1.2626666929133858
21
0.701198188976378
0
LINE
8
BLACK
6
CONTINUOUS
10
1.2626666929133858
20
0.701198188976378
11
1.2521351968503938
21
0.701198188976378
0
LINE
8
BLACK
6
CONTINUOUS
10
1.2521351968503938
20
0.701198188976378
11
1.2521351968503938
21
0.6676351968503936
0
LINE
8
BLACK
6
CONTINUOUS
10
1.2521351968503938
20
0.6676351968503936
11
1.2731981889763779
21
0.6676351968503936
0
LINE
8
BLACK
6
CONTINUOUS
10
1.2731981889763779
20
0.6676351968503936
11
1.2731981889763779
21
0.676198188976378
0
LINE
8
BLACK
6
CONTINUOUS
10
1.2731981889763779
20
0.676198188976378
11
1.2626666929133858
21
0.676198188976378
0
LINE
8
BLACK
6
CONTINUOUS
10
1.2626666929133858
20
0.676198188976378
11
1.2612747637795276
21
0.6767747637795275
0
LINE
8
BLACK
6
CONTINUOUS
10
1.2612747637795276
20
0.6767747637795275
11
1.260698188976378
21
0.6781666929133858
0
LINE
8
BLACK
6
CONTINUOUS
10
1.260698188976378
20
0.6781666929133858
11
1.260698188976378
21
0.6906666929133858
0
LINE
8
BLACK
6
CONTINUOUS
10
1.260698188976378
20
0.6906666929133858
11
1.2612747637795276
21
0.6920586220472441
0
LINE
8
BLACK
6
CONTINUOUS
10
1.2612747637795276
20
0.6920586220472441
11
1.2626666929133858
21
0.6926351968503937
0
LINE
8
BLACK
6
CONTINUOUS
10
1.2626666929133858
20
0.6926351968503937
11
1.2731981889763779
21
0.6926351968503937
0
LINE
8
BLACK
6
CONTINUOUS
10
1.2731981889763779
20
0.6926351968503937
11
1.2731981889763779
21
0.7156666929133858
0
LINE
8
BLACK
6
CONTINUOUS
10
1.2731981889763779
20
0.7156666929133858
11
1.2737747637795276
21
0.7170586220472441
0
LINE
8
BLACK
6
CONTINUOUS
10
1.2737747637795276
20
0.7170586220472441
11
1.2751666929133858
21
0.7176351968503937
0
LINE
8
BLACK
6
CONTINUOUS
10
1.2751666929133858
20
0.7176351968503937
11
1.2856981889763779
21
0.7176351968503937
0
LINE
8
BLACK
6
CONTINUOUS
10
1.2856981889763779
20
0.7176351968503937
11
1.2856981889763779
21
0.7281666929133858
0
LINE
8
BLACK
6
CONTINUOUS
10
1.2856981889763779
20
0.7281666929133858
11
1.2862747637795275
21
0.7295586220472441
0
LINE
8
BLACK
6
CONTINUOUS
10
1.2862747637795275
20
0.7295586220472441
11
1.2876666929133858
21
0.7301351968503936
0
LINE
8
BLACK
6
CONTINUOUS
10
1.2876666929133858
20
0.7301351968503936
11
1.3126666929133859
21
0.7301351968503936
0
LINE
8
BLACK
6
CONTINUOUS
10
1.3126666929133859
20
0.7301351968503936
11
1.3140586220472441
21
0.7295586220472441
0
LINE
8
BLACK
6
CONTINUOUS
10
1.3140586220472441
20
0.7295586220472441
11
1.3146351968503938
21
0.7281666929133858
0
LINE
8
BLACK
6
CONTINUOUS
10
1.3146351968503938
20
0.7281666929133858
11
1.3146351968503938
21
0.7176351968503937
0
LINE
8
BLACK
6
CONTINUOUS
10
1.3146351968503938
20
0.7176351968503937
11
1.323198188976378
21
0.7176351968503937
0
LINE
8
BLACK
6
CONTINUOUS
10
1.323198188976378
20
0.7176351968503937
11
1.323198188976378
21
0.738698188976378
0
LINE
8
BLACK
6
CONTINUOUS
10
1.323198188976378
20
0.738698188976378
11
1.3001666929133857
21
0.738698188976378
0
LINE
8
BLACK
6
CONTINUOUS
10
1.3001666929133857
20
0.738698188976378
11
1.2987747637795275
21
0.7392747637795275
0
LINE
8
BLACK
6
CONTINUOUS
10
1.2987747637795275
20
0.7392747637795275
11
1.2981981889763778
21
0.7406666929133858
0
LINE
8
BLACK
6
CONTINUOUS
10
1.2981981889763778
20
0.7406666929133858
11
1.2981981889763778
21
0.7511981889763779
0
LINE
8
BLACK
6
CONTINUOUS
10
1.2981981889763778
20
0.7511981889763779
11
1.2876666929133858
21
0.7511981889763779
0
LINE
8
BLACK
6
CONTINUOUS
10
1.2876666929133858
20
0.7511981889763779
11
1.2862747637795275
21
0.7517747637795276
0
LINE
8
BLACK
6
CONTINUOUS
10
1.2862747637795275
20
0.7517747637795276
11
1.2856981889763779
21
0.7531666929133858
0
LINE
8
BLACK
6
CONTINUOUS
10
1.2856981889763779
20
0.7531666929133858
11
1.2856981889763779
21
0.763698188976378
0
LINE
8
BLACK
6
CONTINUOUS
10
1.2856981889763779
20
0.763698188976378
11
1.2521351968503938
21
0.763698188976378
0
LINE
8
BLACK
6
CONTINUOUS
10
1.1521351968503937
20
0.6676351968503936
11
1.1606981889763779
21
0.6676351968503936
0
LINE
8
BLACK
6
CONTINUOUS
10
1.1606981889763779
20
0.6676351968503936
11
1.1606981889763779
21
0.676198188976378
0
LINE
8
BLACK
6
CONTINUOUS
10
1.1606981889763779
20
0.676198188976378
11
1.1521351968503937
21
0.676198188976378
0
LINE
8
BLACK
6
CONTINUOUS
10
1.1521351968503937
20
0.676198188976378
11
1.1521351968503937
21
0.6676351968503936
0
LINE
8
BLACK
6
CONTINUOUS
10
1.3021351968503936
20
0.6926351968503937
11
1.310698188976378
21
0.6926351968503937
0
LINE
8
BLACK
6
CONTINUOUS
10
1.310698188976378
20
0.6926351968503937
11
1.310698188976378
21
0.701198188976378
0
LINE
8
BLACK
6
CONTINUOUS
10
1.310698188976378
20
0.701198188976378
11
1.3021351968503936
21
0.701198188976378
0
LINE
8
BLACK
6
CONTINUOUS
10
1.3021351968503936
20
0.701198188976378
11
1.3021351968503936
21
0.6926351968503937
0
LINE
8
BLACK
6
CONTINUOUS
10
1.3396351968503937
20
0.6926351968503937
11
1.373198188976378
21
0.6926351968503937
0
LINE
8
BLACK
6
CONTINUOUS
10
1.373198188976378
20
0.6926351968503937
11
1.373198188976378
21
0.7261981889763779
0
LINE
8
BLACK
6
CONTINUOUS
10
1.373198188976378
20
0.7261981889763779
11
1.3396351968503937
21
0.7261981889763779
0
LINE
8
BLACK
6
CONTINUOUS
10
1.3396351968503937
20
0.7261981889763779
11
1.3396351968503937
21
0.6926351968503937
0
LINE
8
BLACK
6
CONTINUOUS
10
1.4146351968503936
20
0.7176351968503937
11
1.4231981889763778
21
0.7176351968503937
0
LINE
8
BLACK
6
CONTINUOUS
10
1.4231981889763778
20
0.7176351968503937
11
1.4231981889763778
21
0.7261981889763779
0
LINE
8
BLACK
6
CONTINUOUS
10
1.4231981889763778
20
0.7261981889763779
11
1.4146351968503936
21
0.7261981889763779
0
LINE
8
BLACK
6
CONTINUOUS
10
1.4146351968503936
20
0.7261981889763779
11
1.4146351968503936
21
0.7176351968503937
0
LINE
8
BLACK
6
CONTINUOUS
10
1.2021351968503937
20
0.7511981889763779
11
1.2021351968503937
21
0.7426351968503937
0
LINE
8
BLACK
6
CONTINUOUS
10
1.2021351968503937
20
0.7426351968503937
11
1.2106981889763779
21
0.7426351968503937
0
LINE
8
BLACK
6
CONTINUOUS
10
1.2106981889763779
20
0.7426351968503937
11
1.2106981889763779
21
0.7511981889763779
0
LINE
8
BLACK
6
CONTINUOUS
10
1.2106981889763779
20
0.7511981889763779
11
1.2021351968503937
21
0.7511981889763779
0
LINE
8
BLACK
6
CONTINUOUS
10
1.2146351968503937
20
0.763698188976378
11
1.2146351968503937
21
0.7551351968503937
0
LINE
8
BLACK
6
CONTINUOUS
10
1.2146351968503937
20
0.7551351968503937
11
1.2356981889763778
21
0.7551351968503937
0
LINE
8
BLACK
6
CONTINUOUS
10
1.2356981889763778
20
0.7551351968503937
11
1.2356981889763778
21
0.763698188976378
0
LINE
8
BLACK
6
CONTINUOUS
10
1.2356981889763778
20
0.763698188976378
11
1.2146351968503937
21
0.763698188976378
0
LINE
8
BLACK
6
CONTINUOUS
10
1.2896351968503936
20
0.7676351968503937
11
1.2981981889763778
21
0.7676351968503937
0
LINE
8
BLACK
6
CONTINUOUS
10
1.2981981889763778
20
0.7676351968503937
11
1.2981981889763778
21
0.7761981889763779
0
LINE
8
BLACK
6
CONTINUOUS
10
1.2981981889763778
20
0.7761981889763779
11
1.2896351968503936
21
0.7761981889763779
0
LINE
8
BLACK
6
CONTINUOUS
10
1.2896351968503936
20
0.7761981889763779
11
1.2896351968503936
21
0.7676351968503937
0
LINE
8
BLACK
6
CONTINUOUS
10
1.2396351968503936
20
0.7676351968503937
11
1.248198188976378
21
0.7676351968503937
0
LINE
8
BLACK
6
CONTINUOUS
10
1.248198188976378
20
0.7676351968503937
11
1.248198188976378
21
0.7761981889763779
0
LINE
8
BLACK
6
CONTINUOUS
10
1.248198188976378
20
0.7761981889763779
11
1.2396351968503936
21
0.7761981889763779
0
LINE
8
BLACK
6
CONTINUOUS
10
1.2396351968503936
20
0.7761981889763779
11
1.2396351968503936
21
0.7676351968503937
0
LINE
8
BLACK
6
CONTINUOUS
10
1.414058622047244
20
0.4920586220472441
11
1.4146351968503936
21
0.4906666929133858
0
LINE
8
BLACK
6
CONTINUOUS
10
1.4146351968503936
20
0.4906666929133858
11
1.4146351968503936
21
0.4531666929133858
0
LINE
8
BLACK
6
CONTINUOUS
10
1.4146351968503936
20
0.4531666929133858
11
1.414058622047244
21
0.4517747637795275
0
LINE
8
BLACK
6
CONTINUOUS
10
1.414058622047244
20
0.4517747637795275
11
1.4126666929133858
21
0.4511981889763779
0
LINE
8
BLACK
6
CONTINUOUS
10
1.4126666929133858
20
0.4511981889763779
11
1.3751666929133859
21
0.4511981889763779
0
LINE
8
BLACK
6
CONTINUOUS
10
1.3751666929133859
20
0.4511981889763779
11
1.3737747637795275
21
0.4517747637795275
0
LINE
8
BLACK
6
CONTINUOUS
10
1.3737747637795275
20
0.4517747637795275
11
1.373198188976378
21
0.4531666929133858
0
LINE
8
BLACK
6
CONTINUOUS
10
1.373198188976378
20
0.4531666929133858
11
1.373198188976378
21
0.4906666929133858
0
LINE
8
BLACK
6
CONTINUOUS
10
1.373198188976378
20
0.4906666929133858
11
1.3737747637795275
21
0.4920586220472441
0
LINE
8
BLACK
6
CONTINUOUS
10
1.3737747637795275
20
0.4920586220472441
11
1.3751666929133859
21
0.4926351968503937
0
LINE
8
BLACK
6
CONTINUOUS
10
1.3751666929133859
20
0.4926351968503937
11
1.4126666929133858
21
0.4926351968503937
0
LINE
8
BLACK
6
CONTINUOUS
10
1.4126666929133858
20
0.4926351968503937
11
1.414058622047244
21
0.4920586220472441
0
LINE
8
BLACK
6
CONTINUOUS
10
1.4390586220472441
20
0.5170586220472441
11
1.4396351968503938
21
0.5156666929133858
0
LINE
8
BLACK
6
CONTINUOUS
10
1.4396351968503938
20
0.5156666929133858
11
1.4396351968503938
21
0.4281666929133858
0
LINE
8
BLACK
6
CONTINUOUS
10
1.4396351968503938
20
0.4281666929133858
11
1.4390586220472441
21
0.4267747637795276
0
LINE
8
BLACK
6
CONTINUOUS
10
1.4390586220472441
20
0.4267747637795276
11
1.4376666929133859
21
0.426198188976378
0
LINE
8
BLACK
6
CONTINUOUS
10
1.4376666929133859
20
0.426198188976378
11
1.3501666929133858
21
0.426198188976378
0
LINE
8
BLACK
6
CONTINUOUS
10
1.3501666929133858
20
0.426198188976378
11
1.3487747637795275
21
0.4267747637795276
0
LINE
8
BLACK
6
CONTINUOUS
10
1.3487747637795275
20
0.4267747637795276
11
1.3481981889763779
21
0.4281666929133858
0
LINE
8
BLACK
6
CONTINUOUS
10
1.3481981889763779
20
0.4281666929133858
11
1.3481981889763779
21
0.5156666929133858
0
LINE
8
BLACK
6
CONTINUOUS
10
1.3481981889763779
20
0.5156666929133858
11
1.3487747637795275
21
0.5170586220472441
0
LINE
8
BLACK
6
CONTINUOUS
10
1.3487747637795275
20
0.5170586220472441
11
1.3501666929133858
21
0.5176351968503937
0
LINE
8
BLACK
6
CONTINUOUS
10
1.3501666929133858
20
0.5176351968503937
11
1.4376666929133859
21
0.5176351968503937
0
LINE
8
BLACK
6
CONTINUOUS
10
1.4376666929133859
20
0.5176351968503937
11
1.4390586220472441
21
0.5170586220472441
0
LINE
8
BLACK
6
CONTINUOUS
10
1.3646351968503936
20
0.4426351968503937
11
1.4231981889763778
21
0.4426351968503937
0
LINE
8
BLACK
6
CONTINUOUS
10
1.4231981889763778
20
0.4426351968503937
11
1.4231981889763778
21
0.5011981889763779
0
LINE
8
BLACK
6
CONTINUOUS
10
1.4231981889763778
20
0.5011981889763779
11
1.3646351968503936
21
0.5011981889763779
0
LINE
8
BLACK
6
CONTINUOUS
10
1.3646351968503936
20
0.5011981889763779
11
1.3646351968503936
21
0.4426351968503937
0
LINE
8
BLACK
6
CONTINUOUS
10
0.1212288582677165
20
0.4854275196850393
11
0.1213595669291339
21
0.4853733464566929
0
LINE
8
BLACK
6
CONTINUOUS
10
0.1213595669291339
20
0.4853733464566929
11
0.1215006692913386
21
0.4853633464566929
0
LINE
8
BLACK
6
CONTINUOUS
10
0.1215006692913386
20
0.4853633464566929
11
0.1222214566929134
21
0.4850875196850394
0
LINE
8
BLACK
6
CONTINUOUS
10
0.1222214566929134
20
0.4850875196850394
11
0.1259709842519685
21
0.4832127559055118
0
LINE
8
BLACK
6
CONTINUOUS
10
0.1259709842519685
20
0.4832127559055118
11
0.1263015354330708
21
0.4830046456692914
0
LINE
8
BLACK
6
CONTINUOUS
10
0.1263015354330708
20
0.4830046456692914
11
0.1263975984251968
21
0.4829648818897638
0
LINE
8
BLACK
6
CONTINUOUS
10
0.1263975984251968
20
0.4829648818897638
11
0.1265057086614173
21
0.4828761417322834
0
LINE
8
BLACK
6
CONTINUOUS
10
0.1265057086614173
20
0.4828761417322834
11
0.1266241338582677
21
0.4828016141732283
0
LINE
8
BLACK
6
CONTINUOUS
10
0.1266241338582677
20
0.4828016141732283
11
0.1266922047244095
21
0.4827230708661417
0
LINE
8
BLACK
6
CONTINUOUS
10
0.1266922047244095
20
0.4827230708661417
11
0.1269942125984252
21
0.4824752755905511
0
LINE
8
BLACK
6
CONTINUOUS
10
0.1269942125984252
20
0.4824752755905511
11
0.128868937007874
21
0.4806005118110236
0
LINE
8
BLACK
6
CONTINUOUS
10
0.128868937007874
20
0.4806005118110236
11
0.1291166535433071
21
0.4802986614173228
0
LINE
8
BLACK
6
CONTINUOUS
10
0.1291166535433071
20
0.4802986614173228
11
0.1291953149606299
21
0.4802304724409449
0
LINE
8
BLACK
6
CONTINUOUS
10
0.1291953149606299
20
0.4802304724409449
11
0.129269842519685
21
0.4801120078740158
0
LINE
8
BLACK
6
CONTINUOUS
10
0.129269842519685
20
0.4801120078740158
11
0.1293585826771654
21
0.480003937007874
0
LINE
8
BLACK
6
CONTINUOUS
10
0.1293585826771654
20
0.480003937007874
11
0.1293983464566929
21
0.4799078346456693
0
LINE
8
BLACK
6
CONTINUOUS
10
0.1293983464566929
20
0.4799078346456693
11
0.1296064566929134
21
0.4795772834645669
0
LINE
8
BLACK
6
CONTINUOUS
10
0.1296064566929134
20
0.4795772834645669
11
0.1314812204724409
21
0.4758277952755905
0
LINE
8
BLACK
6
CONTINUOUS
10
0.1314812204724409
20
0.4758277952755905
11
0.1317570472440945
21
0.475106968503937
0
LINE
8
BLACK
6
CONTINUOUS
10
0.1317570472440945
20
0.475106968503937
11
0.1317670472440945
21
0.4749658661417323
0
LINE
8
BLACK
6
CONTINUOUS
10
0.1317670472440945
20
0.4749658661417323
11
0.1318212204724409
21
0.474835157480315
0
LINE
8
BLACK
6
CONTINUOUS
10
0.1318212204724409
20
0.474835157480315
11
0.1318968503937008
21
0.4740670866141732
0
LINE
8
BLACK
6
CONTINUOUS
10
0.1318968503937008
20
0.4740670866141732
11
0.1318968503937008
21
0.4703175590551181
0
LINE
8
BLACK
6
CONTINUOUS
10
0.1318968503937008
20
0.4703175590551181
11
0.1318212204724409
21
0.4695494881889763
0
LINE
8
BLACK
6
CONTINUOUS
10
0.1318212204724409
20
0.4695494881889763
11
0.1317670472440945
21
0.4694187401574803
0
LINE
8
BLACK
6
CONTINUOUS
10
0.1317670472440945
20
0.4694187401574803
11
0.1317570472440945
21
0.4692776771653543
0
LINE
8
BLACK
6
CONTINUOUS
10
0.1317570472440945
20
0.4692776771653543
11
0.1314812204724409
21
0.4685568503937008
0
LINE
8
BLACK
6
CONTINUOUS
10
0.1314812204724409
20
0.4685568503937008
11
0.1296064566929134
21
0.4648073622047244
0
LINE
8
BLACK
6
CONTINUOUS
10
0.1296064566929134
20
0.4648073622047244
11
0.1293983464566929
21
0.4644767716535433
0
LINE
8
BLACK
6
CONTINUOUS
10
0.1293983464566929
20
0.4644767716535433
11
0.1293585826771654
21
0.4643807086614173
0
LINE
8
BLACK
6
CONTINUOUS
10
0.1293585826771654
20
0.4643807086614173
11
0.129269842519685
21
0.4642725984251969
0
LINE
8
BLACK
6
CONTINUOUS
10
0.129269842519685
20
0.4642725984251969
11
0.1291953149606299
21
0.4641541732283465
0
LINE
8
BLACK
6
CONTINUOUS
10
0.1291953149606299
20
0.4641541732283465
11
0.1291166535433071
21
0.4640859448818898
0
LINE
8
BLACK
6
CONTINUOUS
10
0.1291166535433071
20
0.4640859448818898
11
0.128868937007874
21
0.4637841338582677
0
LINE
8
BLACK
6
CONTINUOUS
10
0.128868937007874
20
0.4637841338582677
11
0.1288379133858268
21
0.4637531102362205
0
LINE
8
BLACK
6
CONTINUOUS
10
0.1288379133858268
20
0.4637531102362205
11
0.1288689763779527
21
0.4637276377952756
0
LINE
8
BLACK
6
CONTINUOUS
10
0.1288689763779527
20
0.4637276377952756
11
0.1307437007874016
21
0.461852874015748
0
LINE
8
BLACK
6
CONTINUOUS
10
0.1307437007874016
20
0.461852874015748
11
0.1309914173228346
21
0.4615510236220473
0
LINE
8
BLACK
6
CONTINUOUS
10
0.1309914173228346
20
0.4615510236220473
11
0.1310700787401575
21
0.4614828346456693
0
LINE
8
BLACK
6
CONTINUOUS
10
0.1310700787401575
20
0.4614828346456693
11
0.1311446062992126
21
0.4613643700787401
0
LINE
8
BLACK
6
CONTINUOUS
10
0.1311446062992126
20
0.4613643700787401
11
0.1312333464566929
21
0.4612562992125984
0
LINE
8
BLACK
6
CONTINUOUS
10
0.1312333464566929
20
0.4612562992125984
11
0.1312731102362205
21
0.4611601968503937
0
LINE
8
BLACK
6
CONTINUOUS
10
0.1312731102362205
20
0.4611601968503937
11
0.1314812204724409
21
0.4608296456692914
0
LINE
8
BLACK
6
CONTINUOUS
10
0.1314812204724409
20
0.4608296456692914
11
0.1333559842519685
21
0.4570801574803149
0
LINE
8
BLACK
6
CONTINUOUS
10
0.1333559842519685
20
0.4570801574803149
11
0.133631811023622
21
0.4563593307086614
0
LINE
8
BLACK
6
CONTINUOUS
10
0.133631811023622
20
0.4563593307086614
11
0.133641811023622
21
0.4562182283464567
0
LINE
8
BLACK
6
CONTINUOUS
10
0.133641811023622
20
0.4562182283464567
11
0.1336959842519685
21
0.4560875196850394
0
LINE
8
BLACK
6
CONTINUOUS
10
0.1336959842519685
20
0.4560875196850394
11
0.1337716141732283
21
0.4553194488188976
0
LINE
8
BLACK
6
CONTINUOUS
10
0.1337716141732283
20
0.4553194488188976
11
0.1337716141732283
21
0.449695157480315
0
LINE
8
BLACK
6
CONTINUOUS
10
0.1337716141732283
20
0.449695157480315
11
0.1336959842519685
21
0.4489270866141732
0
LINE
8
BLACK
6
CONTINUOUS
10
0.1336959842519685
20
0.4489270866141732
11
0.133641811023622
21
0.4487963385826771
0
LINE
8
BLACK
6
CONTINUOUS
10
0.133641811023622
20
0.4487963385826771
11
0.133631811023622
21
0.4486552755905512
0
LINE
8
BLACK
6
CONTINUOUS
10
0.133631811023622
20
0.4486552755905512
11
0.1333559842519685
21
0.4479344488188976
0
LINE
8
BLACK
6
CONTINUOUS
10
0.1333559842519685
20
0.4479344488188976
11
0.1314812204724409
21
0.4441849606299212
0
LINE
8
BLACK
6
CONTINUOUS
10
0.1314812204724409
20
0.4441849606299212
11
0.1312731102362205
21
0.4438543700787401
0
LINE
8
BLACK
6
CONTINUOUS
10
0.1312731102362205
20
0.4438543700787401
11
0.1312333464566929
21
0.4437583070866142
0
LINE
8
BLACK
6
CONTINUOUS
10
0.1312333464566929
20
0.4437583070866142
11
0.1311446062992126
21
0.4436501968503937
0
LINE
8
BLACK
6
CONTINUOUS
10
0.1311446062992126
20
0.4436501968503937
11
0.1310700787401575
21
0.4435317716535433
0
LINE
8
BLACK
6
CONTINUOUS
10
0.1310700787401575
20
0.4435317716535433
11
0.1309914173228346
21
0.4434635433070866
0
LINE
8
BLACK
6
CONTINUOUS
10
0.1309914173228346
20
0.4434635433070866
11
0.1307437007874016
21
0.4431617322834646
0
LINE
8
BLACK
6
CONTINUOUS
10
0.1307437007874016
20
0.4431617322834646
11
0.1288689763779527
21
0.441286968503937
0
LINE
8
BLACK
6
CONTINUOUS
10
0.1288689763779527
20
0.441286968503937
11
0.128567125984252
21
0.4410392519685039
0
LINE
8
BLACK
6
CONTINUOUS
10
0.128567125984252
20
0.4410392519685039
11
0.1284989763779527
21
0.4409606692913386
0
LINE
8
BLACK
6
CONTINUOUS
10
0.1284989763779527
20
0.4409606692913386
11
0.1283804330708661
21
0.440886062992126
0
LINE
8
BLACK
6
CONTINUOUS
10
0.1283804330708661
20
0.440886062992126
11
0.1282723622047244
21
0.4407973622047244
0
LINE
8
BLACK
6
CONTINUOUS
10
0.1282723622047244
20
0.4407973622047244
11
0.1281762992125984
21
0.4407575590551181
0
LINE
8
BLACK
6
CONTINUOUS
10
0.1281762992125984
20
0.4407575590551181
11
0.1278457874015748
21
0.4405495275590551
0
LINE
8
BLACK
6
CONTINUOUS
10
0.1278457874015748
20
0.4405495275590551
11
0.1240962598425197
21
0.4386747244094488
0
LINE
8
BLACK
6
CONTINUOUS
10
0.1240962598425197
20
0.4386747244094488
11
0.1233754724409449
21
0.4383988582677165
0
LINE
8
BLACK
6
CONTINUOUS
10
0.1233754724409449
20
0.4383988582677165
11
0.1232342913385827
21
0.4383888188976378
0
LINE
8
BLACK
6
CONTINUOUS
10
0.1232342913385827
20
0.4383888188976378
11
0.1231036220472441
21
0.4383346850393701
0
LINE
8
BLACK
6
CONTINUOUS
10
0.1231036220472441
20
0.4383346850393701
11
0.1223355511811024
21
0.4382590551181103
0
LINE
8
BLACK
6
CONTINUOUS
10
0.1223355511811024
20
0.4382590551181103
11
0.1073374409448819
21
0.4382590551181103
0
LINE
8
BLACK
6
CONTINUOUS
10
0.1073374409448819
20
0.4382590551181103
11
0.1065693700787401
21
0.4383346850393701
0
LINE
8
BLACK
6
CONTINUOUS
10
0.1065693700787401
20
0.4383346850393701
11
0.105150157480315
21
0.4389225590551181
0
LINE
8
BLACK
6
CONTINUOUS
10
0.105150157480315
20
0.4389225590551181
11
0.104063937007874
21
0.4400087795275591
0
LINE
8
BLACK
6
CONTINUOUS
10
0.104063937007874
20
0.4400087795275591
11
0.103476062992126
21
0.4414279921259842
0
LINE
8
BLACK
6
CONTINUOUS
10
0.103476062992126
20
0.4414279921259842
11
0.1034004330708661
21
0.442196062992126
0
LINE
8
BLACK
6
CONTINUOUS
10
0.1034004330708661
20
0.442196062992126
11
0.1034004330708661
21
0.4815661417322835
0
LINE
8
BLACK
6
CONTINUOUS
10
0.1034004330708661
20
0.4815661417322835
11
0.103476062992126
21
0.4823342125984252
0
LINE
8
BLACK
6
CONTINUOUS
10
0.103476062992126
20
0.4823342125984252
11
0.104063937007874
21
0.4837534251968504
0
LINE
8
BLACK
6
CONTINUOUS
10
0.104063937007874
20
0.4837534251968504
11
0.105150157480315
21
0.4848396456692913
0
LINE
8
BLACK
6
CONTINUOUS
10
0.105150157480315
20
0.4848396456692913
11
0.1065693700787401
21
0.4854275196850393
0
LINE
8
BLACK
6
CONTINUOUS
10
0.1065693700787401
20
0.4854275196850393
11
0.1073374409448819
21
0.4855031496062992
0
LINE
8
BLACK
6
CONTINUOUS
10
0.1073374409448819
20
0.4855031496062992
11
0.1204607874015748
21
0.4855031496062992
0
LINE
8
BLACK
6
CONTINUOUS
10
0.1204607874015748
20
0.4855031496062992
11
0.1212288582677165
21
0.4854275196850393
0
LINE
8
BLACK
6
CONTINUOUS
10
0.1112744488188976
20
0.4461330708661417
11
0.1214061811023622
21
0.4461330708661417
0
LINE
8
BLACK
6
CONTINUOUS
10
0.1214061811023622
20
0.4461330708661417
11
0.123752874015748
21
0.4473064173228347
0
LINE
8
BLACK
6
CONTINUOUS
10
0.123752874015748
20
0.4473064173228347
11
0.1247241732283465
21
0.4482777165354331
0
LINE
8
BLACK
6
CONTINUOUS
10
0.1247241732283465
20
0.4482777165354331
11
0.1258975984251968
21
0.4506245669291338
0
LINE
8
BLACK
6
CONTINUOUS
10
0.1258975984251968
20
0.4506245669291338
11
0.1258975984251968
21
0.4543900393700787
0
LINE
8
BLACK
6
CONTINUOUS
10
0.1258975984251968
20
0.4543900393700787
11
0.1247241732283465
21
0.4567368503937008
0
LINE
8
BLACK
6
CONTINUOUS
10
0.1247241732283465
20
0.4567368503937008
11
0.1239583464566929
21
0.4575026771653543
0
LINE
8
BLACK
6
CONTINUOUS
10
0.1239583464566929
20
0.4575026771653543
11
0.1198219291338583
21
0.4588814960629921
0
LINE
8
BLACK
6
CONTINUOUS
10
0.1198219291338583
20
0.4588814960629921
11
0.1112744488188976
21
0.4588814960629921
0
LINE
8
BLACK
6
CONTINUOUS
10
0.1112744488188976
20
0.4588814960629921
11
0.1112744488188976
21
0.4461330708661417
0
LINE
8
BLACK
6
CONTINUOUS
10
0.1112744488188976
20
0.4667555118110236
11
0.1195313779527559
21
0.4667555118110236
0
LINE
8
BLACK
6
CONTINUOUS
10
0.1195313779527559
20
0.4667555118110236
11
0.1218781889763779
21
0.467928937007874
0
LINE
8
BLACK
6
CONTINUOUS
10
0.1218781889763779
20
0.467928937007874
11
0.1228494094488189
21
0.4689001181102362
0
LINE
8
BLACK
6
CONTINUOUS
10
0.1228494094488189
20
0.4689001181102362
11
0.1240228346456693
21
0.471246968503937
0
LINE
8
BLACK
6
CONTINUOUS
10
0.1240228346456693
20
0.471246968503937
11
0.1240228346456693
21
0.4731376771653543
0
LINE
8
BLACK
6
CONTINUOUS
10
0.1240228346456693
20
0.4731376771653543
11
0.1228494094488189
21
0.4754844881889764
0
LINE
8
BLACK
6
CONTINUOUS
10
0.1228494094488189
20
0.4754844881889764
11
0.1218781889763779
21
0.4764556692913386
0
LINE
8
BLACK
6
CONTINUOUS
10
0.1218781889763779
20
0.4764556692913386
11
0.1195313779527559
21
0.4776291338582677
0
LINE
8
BLACK
6
CONTINUOUS
10
0.1195313779527559
20
0.4776291338582677
11
0.1112744488188976
21
0.4776291338582677
0
LINE
8
BLACK
6
CONTINUOUS
10
0.1112744488188976
20
0.4776291338582677
11
0.1112744488188976
21
0.4667555118110236
0
LINE
8
BLACK
6
CONTINUOUS
10
0.2655858267716535
20
0.4854275196850393
11
0.2657165354330708
21
0.4853733464566929
0
LINE
8
BLACK
6
CONTINUOUS
10
0.2657165354330708
20
0.4853733464566929
11
0.2658576377952756
21
0.4853633464566929
0
LINE
8
BLACK
6
CONTINUOUS
10
0.2658576377952756
20
0.4853633464566929
11
0.2665784251968504
21
0.4850875196850394
0
LINE
8
BLACK
6
CONTINUOUS
10
0.2665784251968504
20
0.4850875196850394
11
0.2703279527559055
21
0.4832127559055118
0
LINE
8
BLACK
6
CONTINUOUS
10
0.2703279527559055
20
0.4832127559055118
11
0.2706585039370079
21
0.4830046456692914
0
LINE
8
BLACK
6
CONTINUOUS
10
0.2706585039370079
20
0.4830046456692914
11
0.2707545669291339
21
0.4829648818897638
0
LINE
8
BLACK
6
CONTINUOUS
10
0.2707545669291339
20
0.4829648818897638
11
0.2708626771653543
21
0.4828761417322834
0
LINE
8
BLACK
6
CONTINUOUS
10
0.2708626771653543
20
0.4828761417322834
11
0.2709811023622047
21
0.4828016141732283
0
LINE
8
BLACK
6
CONTINUOUS
10
0.2709811023622047
20
0.4828016141732283
11
0.2710491732283464
21
0.4827230708661417
0
LINE
8
BLACK
6
CONTINUOUS
10
0.2710491732283464
20
0.4827230708661417
11
0.2713511811023622
21
0.4824752755905511
0
LINE
8
BLACK
6
CONTINUOUS
10
0.2713511811023622
20
0.4824752755905511
11
0.2751007086614173
21
0.478725748031496
0
LINE
8
BLACK
6
CONTINUOUS
10
0.2751007086614173
20
0.478725748031496
11
0.2755903149606299
21
0.4781291338582677
0
LINE
8
BLACK
6
CONTINUOUS
10
0.2755903149606299
20
0.4781291338582677
11
0.2757023228346457
21
0.4778587007874016
0
LINE
8
BLACK
6
CONTINUOUS
10
0.2757023228346457
20
0.4778587007874016
11
0.2758766141732283
21
0.4776235039370079
0
LINE
8
BLACK
6
CONTINUOUS
10
0.2758766141732283
20
0.4776235039370079
11
0.2761362598425197
21
0.4768967322834646
0
LINE
8
BLACK
6
CONTINUOUS
10
0.2761362598425197
20
0.4768967322834646
11
0.2780110236220472
21
0.4693976771653543
0
LINE
8
BLACK
6
CONTINUOUS
10
0.2780110236220472
20
0.4693976771653543
11
0.2780307086614173
21
0.4692645275590551
0
LINE
8
BLACK
6
CONTINUOUS
10
0.2780307086614173
20
0.4692645275590551
11
0.2780529527559055
21
0.4692108661417323
0
LINE
8
BLACK
6
CONTINUOUS
10
0.2780529527559055
20
0.4692108661417323
11
0.2780814173228346
21
0.4689214566929134
0
LINE
8
BLACK
6
CONTINUOUS
10
0.2780814173228346
20
0.4689214566929134
11
0.278123937007874
21
0.4686341732283464
0
LINE
8
BLACK
6
CONTINUOUS
10
0.278123937007874
20
0.4686341732283464
11
0.2781153543307087
21
0.4685767322834646
0
LINE
8
BLACK
6
CONTINUOUS
10
0.2781153543307087
20
0.4685767322834646
11
0.2781285826771653
21
0.4684427952755905
0
LINE
8
BLACK
6
CONTINUOUS
10
0.2781285826771653
20
0.4684427952755905
11
0.2781285826771653
21
0.4553194488188976
0
LINE
8
BLACK
6
CONTINUOUS
10
0.2781285826771653
20
0.4553194488188976
11
0.2781153543307087
21
0.4551854724409449
0
LINE
8
BLACK
6
CONTINUOUS
10
0.2781153543307087
20
0.4551854724409449
11
0.278123937007874
21
0.4551280708661417
0
LINE
8
BLACK
6
CONTINUOUS
10
0.278123937007874
20
0.4551280708661417
11
0.2780814173228346
21
0.454840748031496
0
LINE
8
BLACK
6
CONTINUOUS
10
0.2780814173228346
20
0.454840748031496
11
0.2780529527559055
21
0.4545513779527559
0
LINE
8
BLACK
6
CONTINUOUS
10
0.2780529527559055
20
0.4545513779527559
11
0.2780307086614173
21
0.4544976771653543
0
LINE
8
BLACK
6
CONTINUOUS
10
0.2780307086614173
20
0.4544976771653543
11
0.2780110236220472
21
0.4543645669291339
0
LINE
8
BLACK
6
CONTINUOUS
10
0.2780110236220472
20
0.4543645669291339
11
0.2761362598425197
21
0.4468655118110236
0
LINE
8
BLACK
6
CONTINUOUS
10
0.2761362598425197
20
0.4468655118110236
11
0.2758766141732283
21
0.4461387401574803
0
LINE
8
BLACK
6
CONTINUOUS
10
0.2758766141732283
20
0.4461387401574803
11
0.2757023228346457
21
0.4459035039370078
0
LINE
8
BLACK
6
CONTINUOUS
10
0.2757023228346457
20
0.4459035039370078
11
0.2755903149606299
21
0.4456331102362205
0
LINE
8
BLACK
6
CONTINUOUS
10
0.2755903149606299
20
0.4456331102362205
11
0.2751007086614173
21
0.4450364960629921
0
LINE
8
BLACK
6
CONTINUOUS
10
0.2751007086614173
20
0.4450364960629921
11
0.2713511811023622
21
0.441286968503937
0
LINE
8
BLACK
6
CONTINUOUS
10
0.2713511811023622
20
0.441286968503937
11
0.2710493307086614
21
0.4410392519685039
0
LINE
8
BLACK
6
CONTINUOUS
10
0.2710493307086614
20
0.4410392519685039
11
0.2709811811023622
21
0.4409606692913386
0
LINE
8
BLACK
6
CONTINUOUS
10
0.2709811811023622
20
0.4409606692913386
11
0.2708626377952756
21
0.440886062992126
0
LINE
8
BLACK
6
CONTINUOUS
10
0.2708626377952756
20
0.440886062992126
11
0.2707545669291339
21
0.4407973622047244
0
LINE
8
BLACK
6
CONTINUOUS
10
0.2707545669291339
20
0.4407973622047244
11
0.2706585039370079
21
0.4407575590551181
0
LINE
8
BLACK
6
CONTINUOUS
10
0.2706585039370079
20
0.4407575590551181
11
0.2703279921259842
21
0.4405495275590551
0
LINE
8
BLACK
6
CONTINUOUS
10
0.2703279921259842
20
0.4405495275590551
11
0.2665784645669291
21
0.4386747244094488
0
LINE
8
BLACK
6
CONTINUOUS
10
0.2665784645669291
20
0.4386747244094488
11
0.2658576771653543
21
0.4383988582677165
0
LINE
8
BLACK
6
CONTINUOUS
10
0.2658576771653543
20
0.4383988582677165
11
0.2657164960629921
21
0.4383888188976378
0
LINE
8
BLACK
6
CONTINUOUS
10
0.2657164960629921
20
0.4383888188976378
11
0.2655858267716535
21
0.4383346850393701
0
LINE
8
BLACK
6
CONTINUOUS
10
0.2655858267716535
20
0.4383346850393701
11
0.2648177559055118
21
0.4382590551181103
0
LINE
8
BLACK
6
CONTINUOUS
10
0.2648177559055118
20
0.4382590551181103
11
0.2573187007874015
21
0.4382590551181103
0
LINE
8
BLACK
6
CONTINUOUS
10
0.2573187007874015
20
0.4382590551181103
11
0.2565506299212598
21
0.4383346850393701
0
LINE
8
BLACK
6
CONTINUOUS
10
0.2565506299212598
20
0.4383346850393701
11
0.2564198818897638
21
0.4383888188976378
0
LINE
8
BLACK
6
CONTINUOUS
10
0.2564198818897638
20
0.4383888188976378
11
0.2562788188976378
21
0.4383988582677165
0
LINE
8
BLACK
6
CONTINUOUS
10
0.2562788188976378
20
0.4383988582677165
11
0.2555579921259842
21
0.4386747244094488
0
LINE
8
BLACK
6
CONTINUOUS
10
0.2555579921259842
20
0.4386747244094488
11
0.2518084645669291
21
0.4405495275590551
0
LINE
8
BLACK
6
CONTINUOUS
10
0.2518084645669291
20
0.4405495275590551
11
0.2514779527559055
21
0.4407575196850393
0
LINE
8
BLACK
6
CONTINUOUS
10
0.2514779527559055
20
0.4407575196850393
11
0.2513818897637795
21
0.4407973622047244
0
LINE
8
BLACK
6
CONTINUOUS
10
0.2513818897637795
20
0.4407973622047244
11
0.2512736614173228
21
0.4408861417322835
0
LINE
8
BLACK
6
CONTINUOUS
10
0.2512736614173228
20
0.4408861417322835
11
0.2511553149606299
21
0.4409606692913386
0
LINE
8
BLACK
6
CONTINUOUS
10
0.2511553149606299
20
0.4409606692913386
11
0.2510872047244094
21
0.4410391338582677
0
LINE
8
BLACK
6
CONTINUOUS
10
0.2510872047244094
20
0.4410391338582677
11
0.2507852755905512
21
0.441286968503937
0
LINE
8
BLACK
6
CONTINUOUS
10
0.2507852755905512
20
0.441286968503937
11
0.2470357480314961
21
0.4450364960629921
0
LINE
8
BLACK
6
CONTINUOUS
10
0.2470357480314961
20
0.4450364960629921
11
0.2465461417322835
21
0.4456331102362205
0
LINE
8
BLACK
6
CONTINUOUS
10
0.2465461417322835
20
0.4456331102362205
11
0.246434094488189
21
0.4459035039370078
0
LINE
8
BLACK
6
CONTINUOUS
10
0.246434094488189
20
0.4459035039370078
11
0.246259842519685
21
0.4461387401574803
0
LINE
8
BLACK
6
CONTINUOUS
10
0.246259842519685
20
0.4461387401574803
11
0.2460001968503937
21
0.4468655511811023
0
LINE
8
BLACK
6
CONTINUOUS
10
0.2460001968503937
20
0.4468655511811023
11
0.2441254330708661
21
0.4543645669291339
0
LINE
8
BLACK
6
CONTINUOUS
10
0.2441254330708661
20
0.4543645669291339
11
0.2441057086614173
21
0.4544976771653543
0
LINE
8
BLACK
6
CONTINUOUS
10
0.2441057086614173
20
0.4544976771653543
11
0.2440835039370079
21
0.4545513779527559
0
LINE
8
BLACK
6
CONTINUOUS
10
0.2440835039370079
20
0.4545513779527559
11
0.244055
21
0.454840748031496
0
LINE
8
BLACK
6
CONTINUOUS
10
0.244055
20
0.454840748031496
11
0.2440125196850394
21
0.4551280708661417
0
LINE
8
BLACK
6
CONTINUOUS
10
0.2440125196850394
20
0.4551280708661417
11
0.244021062992126
21
0.4551854724409449
0
LINE
8
BLACK
6
CONTINUOUS
10
0.244021062992126
20
0.4551854724409449
11
0.244007874015748
21
0.4553194488188976
0
LINE
8
BLACK
6
CONTINUOUS
10
0.244007874015748
20
0.4553194488188976
11
0.244007874015748
21
0.4684427952755905
0
LINE
8
BLACK
6
CONTINUOUS
10
0.244007874015748
20
0.4684427952755905
11
0.244021062992126
21
0.4685767322834646
0
LINE
8
BLACK
6
CONTINUOUS
10
0.244021062992126
20
0.4685767322834646
11
0.2440125196850394
21
0.4686341732283464
0
LINE
8
BLACK
6
CONTINUOUS
10
0.2440125196850394
20
0.4686341732283464
11
0.244055
21
0.4689214566929134
0
LINE
8
BLACK
6
CONTINUOUS
10
0.244055
20
0.4689214566929134
11
0.2440835039370079
21
0.4692108661417323
0
LINE
8
BLACK
6
CONTINUOUS
10
0.2440835039370079
20
0.4692108661417323
11
0.2441057086614173
21
0.4692645275590551
0
LINE
8
BLACK
6
CONTINUOUS
10
0.2441057086614173
20
0.4692645275590551
11
0.2441254330708661
21
0.4693976771653543
0
LINE
8
BLACK
6
CONTINUOUS
10
0.2441254330708661
20
0.4693976771653543
11
0.2460001968503937
21
0.4768966929133858
0
LINE
8
BLACK
6
CONTINUOUS
10
0.2460001968503937
20
0.4768966929133858
11
0.246259842519685
21
0.4776235039370079
0
LINE
8
BLACK
6
CONTINUOUS
10
0.246259842519685
20
0.4776235039370079
11
0.246434094488189
21
0.4778587007874016
0
LINE
8
BLACK
6
CONTINUOUS
10
0.246434094488189
20
0.4778587007874016
11
0.2465461417322835
21
0.4781291338582677
0
LINE
8
BLACK
6
CONTINUOUS
10
0.2465461417322835
20
0.4781291338582677
11
0.2470357480314961
21
0.478725748031496
0
LINE
8
BLACK
6
CONTINUOUS
10
0.2470357480314961
20
0.478725748031496
11
0.2507852755905512
21
0.4824752755905511
0
LINE
8
BLACK
6
CONTINUOUS
10
0.2507852755905512
20
0.4824752755905511
11
0.2510870866141732
21
0.4827229527559055
0
LINE
8
BLACK
6
CONTINUOUS
10
0.2510870866141732
20
0.4827229527559055
11
0.2511553149606299
21
0.4828016141732283
0
LINE
8
BLACK
6
CONTINUOUS
10
0.2511553149606299
20
0.4828016141732283
11
0.2512738582677165
21
0.4828762204724409
0
LINE
8
BLACK
6
CONTINUOUS
10
0.2512738582677165
20
0.4828762204724409
11
0.2513818897637795
21
0.4829648818897638
0
LINE
8
BLACK
6
CONTINUOUS
10
0.2513818897637795
20
0.4829648818897638
11
0.2514778346456693
21
0.4830046062992126
0
LINE
8
BLACK
6
CONTINUOUS
10
0.2514778346456693
20
0.4830046062992126
11
0.2518085039370079
21
0.4832127559055118
0
LINE
8
BLACK
6
CONTINUOUS
10
0.2518085039370079
20
0.4832127559055118
11
0.2555579921259842
21
0.4850875196850394
0
LINE
8
BLACK
6
CONTINUOUS
10
0.2555579921259842
20
0.4850875196850394
11
0.2562788188976378
21
0.4853633464566929
0
LINE
8
BLACK
6
CONTINUOUS
10
0.2562788188976378
20
0.4853633464566929
11
0.2564198818897638
21
0.4853733464566929
0
LINE
8
BLACK
6
CONTINUOUS
10
0.2564198818897638
20
0.4853733464566929
11
0.2565506299212598
21
0.4854275196850393
0
LINE
8
BLACK
6
CONTINUOUS
10
0.2565506299212598
20
0.4854275196850393
11
0.2573187007874015
21
0.4855031496062992
0
LINE
8
BLACK
6
CONTINUOUS
10
0.2573187007874015
20
0.4855031496062992
11
0.2648177559055118
21
0.4855031496062992
0
LINE
8
BLACK
6
CONTINUOUS
10
0.2648177559055118
20
0.4855031496062992
11
0.2655858267716535
21
0.4854275196850393
0
LINE
8
BLACK
6
CONTINUOUS
10
0.2559013385826772
20
0.476455748031496
11
0.2533746062992126
21
0.4739290157480315
0
LINE
8
BLACK
6
CONTINUOUS
10
0.2533746062992126
20
0.4739290157480315
11
0.2518818897637795
21
0.4679581496062992
0
LINE
8
BLACK
6
CONTINUOUS
10
0.2518818897637795
20
0.4679581496062992
11
0.2518818897637795
21
0.455804094488189
0
LINE
8
BLACK
6
CONTINUOUS
10
0.2518818897637795
20
0.455804094488189
11
0.2533746062992126
21
0.4498332283464567
0
LINE
8
BLACK
6
CONTINUOUS
10
0.2533746062992126
20
0.4498332283464567
11
0.2559013779527559
21
0.4473064173228347
0
LINE
8
BLACK
6
CONTINUOUS
10
0.2559013779527559
20
0.4473064173228347
11
0.2582480708661417
21
0.4461330708661417
0
LINE
8
BLACK
6
CONTINUOUS
10
0.2582480708661417
20
0.4461330708661417
11
0.2638883858267717
21
0.4461330708661417
0
LINE
8
BLACK
6
CONTINUOUS
10
0.2638883858267717
20
0.4461330708661417
11
0.2662350393700788
21
0.4473064173228347
0
LINE
8
BLACK
6
CONTINUOUS
10
0.2662350393700788
20
0.4473064173228347
11
0.2687618503937008
21
0.4498332283464567
0
LINE
8
BLACK
6
CONTINUOUS
10
0.2687618503937008
20
0.4498332283464567
11
0.2702545669291339
21
0.4558040551181102
0
LINE
8
BLACK
6
CONTINUOUS
10
0.2702545669291339
20
0.4558040551181102
11
0.2702545669291339
21
0.4679581496062992
0
LINE
8
BLACK
6
CONTINUOUS
10
0.2702545669291339
20
0.4679581496062992
11
0.2687618503937008
21
0.4739289763779527
0
LINE
8
BLACK
6
CONTINUOUS
10
0.2687618503937008
20
0.4739289763779527
11
0.2662351181102362
21
0.4764557086614173
0
LINE
8
BLACK
6
CONTINUOUS
10
0.2662351181102362
20
0.4764557086614173
11
0.2638883464566929
21
0.4776291338582677
0
LINE
8
BLACK
6
CONTINUOUS
10
0.2638883464566929
20
0.4776291338582677
11
0.2582481102362205
21
0.4776291338582677
0
LINE
8
BLACK
6
CONTINUOUS
10
0.2582481102362205
20
0.4776291338582677
11
0.2559013385826772
21
0.476455748031496
0
LINE
8
BLACK
6
CONTINUOUS
10
0.3555745669291339
20
0.4854275196850393
11
0.3569937795275591
21
0.4848396456692913
0
LINE
8
BLACK
6
CONTINUOUS
10
0.3569937795275591
20
0.4848396456692913
11
0.35808
21
0.4837534251968504
0
LINE
8
BLACK
6
CONTINUOUS
10
0.35808
20
0.4837534251968504
11
0.358667874015748
21
0.4823342125984252
0
LINE
8
BLACK
6
CONTINUOUS
10
0.358667874015748
20
0.4823342125984252
11
0.358667874015748
21
0.4807980708661417
0
LINE
8
BLACK
6
CONTINUOUS
10
0.358667874015748
20
0.4807980708661417
11
0.35808
21
0.4793788582677165
0
LINE
8
BLACK
6
CONTINUOUS
10
0.35808
20
0.4793788582677165
11
0.3569937795275591
21
0.4782926377952756
0
LINE
8
BLACK
6
CONTINUOUS
10
0.3569937795275591
20
0.4782926377952756
11
0.3555745669291339
21
0.4777047637795275
0
LINE
8
BLACK
6
CONTINUOUS
10
0.3555745669291339
20
0.4777047637795275
11
0.3548064960629921
21
0.4776291338582677
0
LINE
8
BLACK
6
CONTINUOUS
10
0.3548064960629921
20
0.4776291338582677
11
0.3399958661417323
21
0.4776291338582677
0
LINE
8
BLACK
6
CONTINUOUS
10
0.3399958661417323
20
0.4776291338582677
11
0.3399958661417323
21
0.4667555118110236
0
LINE
8
BLACK
6
CONTINUOUS
10
0.3399958661417323
20
0.4667555118110236
11
0.3491822047244094
21
0.4667555118110236
0
LINE
8
BLACK
6
CONTINUOUS
10
0.3491822047244094
20
0.4667555118110236
11
0.3499502755905512
21
0.4666798818897638
0
LINE
8
BLACK
6
CONTINUOUS
10
0.3499502755905512
20
0.4666798818897638
11
0.3513694881889764
21
0.4660920078740157
0
LINE
8
BLACK
6
CONTINUOUS
10
0.3513694881889764
20
0.4660920078740157
11
0.3524557086614173
21
0.4650057874015748
0
LINE
8
BLACK
6
CONTINUOUS
10
0.3524557086614173
20
0.4650057874015748
11
0.3530435826771653
21
0.4635865748031496
0
LINE
8
BLACK
6
CONTINUOUS
10
0.3530435826771653
20
0.4635865748031496
11
0.3530435826771653
21
0.4620504330708661
0
LINE
8
BLACK
6
CONTINUOUS
10
0.3530435826771653
20
0.4620504330708661
11
0.3524557086614173
21
0.4606312204724409
0
LINE
8
BLACK
6
CONTINUOUS
10
0.3524557086614173
20
0.4606312204724409
11
0.3513694881889764
21
0.459545
0
LINE
8
BLACK
6
CONTINUOUS
10
0.3513694881889764
20
0.459545
11
0.3499502755905512
21
0.458957125984252
0
LINE
8
BLACK
6
CONTINUOUS
10
0.3499502755905512
20
0.458957125984252
11
0.3491822047244094
21
0.4588814960629921
0
LINE
8
BLACK
6
CONTINUOUS
10
0.3491822047244094
20
0.4588814960629921
11
0.3399958661417323
21
0.4588814960629921
0
LINE
8
BLACK
6
CONTINUOUS
10
0.3399958661417323
20
0.4588814960629921
11
0.3399958661417323
21
0.4461330708661417
0
LINE
8
BLACK
6
CONTINUOUS
10
0.3399958661417323
20
0.4461330708661417
11
0.3548064960629921
21
0.4461330708661417
0
LINE
8
BLACK
6
CONTINUOUS
10
0.3548064960629921
20
0.4461330708661417
11
0.3555745669291339
21
0.4460574409448819
0
LINE
8
BLACK
6
CONTINUOUS
10
0.3555745669291339
20
0.4460574409448819
11
0.3569937795275591
21
0.4454695669291339
0
LINE
8
BLACK
6
CONTINUOUS
10
0.3569937795275591
20
0.4454695669291339
11
0.35808
21
0.4443833464566929
0
LINE
8
BLACK
6
CONTINUOUS
10
0.35808
20
0.4443833464566929
11
0.358667874015748
21
0.4429641338582677
0
LINE
8
BLACK
6
CONTINUOUS
10
0.358667874015748
20
0.4429641338582677
11
0.358667874015748
21
0.4414279921259842
0
LINE
8
BLACK
6
CONTINUOUS
10
0.358667874015748
20
0.4414279921259842
11
0.35808
21
0.4400087795275591
0
LINE
8
BLACK
6
CONTINUOUS
10
0.35808
20
0.4400087795275591
11
0.3569937795275591
21
0.4389225590551181
0
LINE
8
BLACK
6
CONTINUOUS
10
0.3569937795275591
20
0.4389225590551181
11
0.3555745669291339
21
0.4383346850393701
0
LINE
8
BLACK
6
CONTINUOUS
10
0.3555745669291339
20
0.4383346850393701
11
0.3548064960629921
21
0.4382590551181103
0
LINE
8
BLACK
6
CONTINUOUS
10
0.3548064960629921
20
0.4382590551181103
11
0.3360588582677165
21
0.4382590551181103
0
LINE
8
BLACK
6
CONTINUOUS
10
0.3360588582677165
20
0.4382590551181103
11
0.3352907874015748
21
0.4383346850393701
0
LINE
8
BLACK
6
CONTINUOUS
10
0.3352907874015748
20
0.4383346850393701
11
0.3338715748031496
21
0.4389225590551181
0
LINE
8
BLACK
6
CONTINUOUS
10
0.3338715748031496
20
0.4389225590551181
11
0.3327853543307087
21
0.4400087795275591
0
LINE
8
BLACK
6
CONTINUOUS
10
0.3327853543307087
20
0.4400087795275591
11
0.3321974803149606
21
0.4414279921259842
0
LINE
8
BLACK
6
CONTINUOUS
10
0.3321974803149606
20
0.4414279921259842
11
0.3321218503937008
21
0.442196062992126
0
LINE
8
BLACK
6
CONTINUOUS
10
0.3321218503937008
20
0.442196062992126
11
0.3321218503937008
21
0.4815661417322835
0
LINE
8
BLACK
6
CONTINUOUS
10
0.3321218503937008
20
0.4815661417322835
11
0.3321974803149606
21
0.4823342125984252
0
LINE
8
BLACK
6
CONTINUOUS
10
0.3321974803149606
20
0.4823342125984252
11
0.3327853543307087
21
0.4837534251968504
0
LINE
8
BLACK
6
CONTINUOUS
10
0.3327853543307087
20
0.4837534251968504
11
0.3338715748031496
21
0.4848396456692913
0
LINE
8
BLACK
6
CONTINUOUS
10
0.3338715748031496
20
0.4848396456692913
11
0.3352907874015748
21
0.4854275196850393
0
LINE
8
BLACK
6
CONTINUOUS
10
0.3352907874015748
20
0.4854275196850393
11
0.3360588582677165
21
0.4855031496062992
0
LINE
8
BLACK
6
CONTINUOUS
10
0.3360588582677165
20
0.4855031496062992
11
0.3548064960629921
21
0.4855031496062992
0
LINE
8
BLACK
6
CONTINUOUS
10
0.3548064960629921
20
0.4855031496062992
11
0.3555745669291339
21
0.4854275196850393
0
LINE
8
BLACK
6
CONTINUOUS
10
0.4230661417322835
20
0.4854275196850393
11
0.4231968503937008
21
0.4853733464566929
0
LINE
8
BLACK
6
CONTINUOUS
10
0.4231968503937008
20
0.4853733464566929
11
0.4233379527559055
21
0.4853633464566929
0
LINE
8
BLACK
6
CONTINUOUS
10
0.4233379527559055
20
0.4853633464566929
11
0.4240587401574803
21
0.4850875196850394
0
LINE
8
BLACK
6
CONTINUOUS
10
0.4240587401574803
20
0.4850875196850394
11
0.4278082677165354
21
0.4832127559055118
0
LINE
8
BLACK
6
CONTINUOUS
10
0.4278082677165354
20
0.4832127559055118
11
0.4281388188976378
21
0.4830046456692914
0
LINE
8
BLACK
6
CONTINUOUS
10
0.4281388188976378
20
0.4830046456692914
11
0.4282348818897638
21
0.4829648818897638
0
LINE
8
BLACK
6
CONTINUOUS
10
0.4282348818897638
20
0.4829648818897638
11
0.4283429921259843
21
0.4828761417322834
0
LINE
8
BLACK
6
CONTINUOUS
10
0.4283429921259843
20
0.4828761417322834
11
0.4284614173228347
21
0.4828016141732283
0
LINE
8
BLACK
6
CONTINUOUS
10
0.4284614173228347
20
0.4828016141732283
11
0.4285294881889763
21
0.4827230708661417
0
LINE
8
BLACK
6
CONTINUOUS
10
0.4285294881889763
20
0.4827230708661417
11
0.4288314960629921
21
0.4824752755905511
0
LINE
8
BLACK
6
CONTINUOUS
10
0.4288314960629921
20
0.4824752755905511
11
0.4307062204724409
21
0.4806005118110236
0
LINE
8
BLACK
6
CONTINUOUS
10
0.4307062204724409
20
0.4806005118110236
11
0.430953937007874
21
0.4802986614173228
0
LINE
8
BLACK
6
CONTINUOUS
10
0.430953937007874
20
0.4802986614173228
11
0.4310325984251969
21
0.4802304724409449
0
LINE
8
BLACK
6
CONTINUOUS
10
0.4310325984251969
20
0.4802304724409449
11
0.4311071259842519
21
0.4801120078740158
0
LINE
8
BLACK
6
CONTINUOUS
10
0.4311071259842519
20
0.4801120078740158
11
0.4311958661417323
21
0.480003937007874
0
LINE
8
BLACK
6
CONTINUOUS
10
0.4311958661417323
20
0.480003937007874
11
0.4312356299212599
21
0.4799078346456693
0
LINE
8
BLACK
6
CONTINUOUS
10
0.4312356299212599
20
0.4799078346456693
11
0.4314437401574803
21
0.4795772834645669
0
LINE
8
BLACK
6
CONTINUOUS
10
0.4314437401574803
20
0.4795772834645669
11
0.4333185039370079
21
0.4758277952755905
0
LINE
8
BLACK
6
CONTINUOUS
10
0.4333185039370079
20
0.4758277952755905
11
0.43334
21
0.4757715354330709
0
LINE
8
BLACK
6
CONTINUOUS
10
0.43334
20
0.4757715354330709
11
0.4333569291338583
21
0.4757487401574803
0
LINE
8
BLACK
6
CONTINUOUS
10
0.4333569291338583
20
0.4757487401574803
11
0.4334719291338582
21
0.4754268110236221
0
LINE
8
BLACK
6
CONTINUOUS
10
0.4334719291338582
20
0.4754268110236221
11
0.4335943307086614
21
0.475106968503937
0
LINE
8
BLACK
6
CONTINUOUS
10
0.4335943307086614
20
0.475106968503937
11
0.4335963385826772
21
0.4750785826771654
0
LINE
8
BLACK
6
CONTINUOUS
10
0.4335963385826772
20
0.4750785826771654
11
0.4336165748031496
21
0.475021968503937
0
LINE
8
BLACK
6
CONTINUOUS
10
0.4336165748031496
20
0.475021968503937
11
0.4354913385826771
21
0.4675229133858267
0
LINE
8
BLACK
6
CONTINUOUS
10
0.4354913385826771
20
0.4675229133858267
11
0.4355110236220472
21
0.4673897637795276
0
LINE
8
BLACK
6
CONTINUOUS
10
0.4355110236220472
20
0.4673897637795276
11
0.4355332677165354
21
0.4673361023622047
0
LINE
8
BLACK
6
CONTINUOUS
10
0.4355332677165354
20
0.4673361023622047
11
0.4355617322834646
21
0.4670466929133858
0
LINE
8
BLACK
6
CONTINUOUS
10
0.4355617322834646
20
0.4670466929133858
11
0.4356042519685039
21
0.4667594094488189
0
LINE
8
BLACK
6
CONTINUOUS
10
0.4356042519685039
20
0.4667594094488189
11
0.4355956692913386
21
0.466701968503937
0
LINE
8
BLACK
6
CONTINUOUS
10
0.4355956692913386
20
0.466701968503937
11
0.4356088976377953
21
0.466568031496063
0
LINE
8
BLACK
6
CONTINUOUS
10
0.4356088976377953
20
0.466568031496063
11
0.4356088976377953
21
0.4571942125984252
0
LINE
8
BLACK
6
CONTINUOUS
10
0.4356088976377953
20
0.4571942125984252
11
0.4355956692913386
21
0.4570602362204724
0
LINE
8
BLACK
6
CONTINUOUS
10
0.4355956692913386
20
0.4570602362204724
11
0.4356042519685039
21
0.4570028346456693
0
LINE
8
BLACK
6
CONTINUOUS
10
0.4356042519685039
20
0.4570028346456693
11
0.4355617322834646
21
0.4567155118110236
0
LINE
8
BLACK
6
CONTINUOUS
10
0.4355617322834646
20
0.4567155118110236
11
0.4355332677165354
21
0.4564261417322835
0
LINE
8
BLACK
6
CONTINUOUS
10
0.4355332677165354
20
0.4564261417322835
11
0.4355110236220472
21
0.4563724409448819
0
LINE
8
BLACK
6
CONTINUOUS
10
0.4355110236220472
20
0.4563724409448819
11
0.4354913385826771
21
0.4562393307086614
0
LINE
8
BLACK
6
CONTINUOUS
10
0.4354913385826771
20
0.4562393307086614
11
0.4336165748031496
21
0.4487402755905512
0
LINE
8
BLACK
6
CONTINUOUS
10
0.4336165748031496
20
0.4487402755905512
11
0.4335963385826772
21
0.4486836220472441
0
LINE
8
BLACK
6
CONTINUOUS
10
0.4335963385826772
20
0.4486836220472441
11
0.4335943307086614
21
0.4486552755905512
0
LINE
8
BLACK
6
CONTINUOUS
10
0.4335943307086614
20
0.4486552755905512
11
0.4334719291338582
21
0.4483353937007874
0
LINE
8
BLACK
6
CONTINUOUS
10
0.4334719291338582
20
0.4483353937007874
11
0.4333569291338583
21
0.4480135039370078
0
LINE
8
BLACK
6
CONTINUOUS
10
0.4333569291338583
20
0.4480135039370078
11
0.43334
21
0.4479906692913386
0
LINE
8
BLACK
6
CONTINUOUS
10
0.43334
20
0.4479906692913386
11
0.4333185039370079
21
0.4479344488188976
0
LINE
8
BLACK
6
CONTINUOUS
10
0.4333185039370079
20
0.4479344488188976
11
0.4314437401574803
21
0.4441849606299212
0
LINE
8
BLACK
6
CONTINUOUS
10
0.4314437401574803
20
0.4441849606299212
11
0.4312356299212599
21
0.4438543700787401
0
LINE
8
BLACK
6
CONTINUOUS
10
0.4312356299212599
20
0.4438543700787401
11
0.4311958661417323
21
0.4437583070866142
0
LINE
8
BLACK
6
CONTINUOUS
10
0.4311958661417323
20
0.4437583070866142
11
0.4311071259842519
21
0.4436501968503937
0
LINE
8
BLACK
6
CONTINUOUS
10
0.4311071259842519
20
0.4436501968503937
11
0.4310325984251969
21
0.4435317716535433
0
LINE
8
BLACK
6
CONTINUOUS
10
0.4310325984251969
20
0.4435317716535433
11
0.430953937007874
21
0.4434635433070866
0
LINE
8
BLACK
6
CONTINUOUS
10
0.430953937007874
20
0.4434635433070866
11
0.4307062204724409
21
0.4431617322834646
0
LINE
8
BLACK
6
CONTINUOUS
10
0.4307062204724409
20
0.4431617322834646
11
0.4288314960629921
21
0.441286968503937
0
LINE
8
BLACK
6
CONTINUOUS
10
0.4288314960629921
20
0.441286968503937
11
0.4285296456692913
21
0.4410392519685039
0
LINE
8
BLACK
6
CONTINUOUS
10
0.4285296456692913
20
0.4410392519685039
11
0.4284614960629921
21
0.4409606692913386
0
LINE
8
BLACK
6
CONTINUOUS
10
0.4284614960629921
20
0.4409606692913386
11
0.4283429527559055
21
0.440886062992126
0
LINE
8
BLACK
6
CONTINUOUS
10
0.4283429527559055
20
0.440886062992126
11
0.4282348818897638
21
0.4407973622047244
0
LINE
8
BLACK
6
CONTINUOUS
10
0.4282348818897638
20
0.4407973622047244
11
0.4281388188976378
21
0.4407575590551181
0
LINE
8
BLACK
6
CONTINUOUS
10
0.4281388188976378
20
0.4407575590551181
11
0.4278083070866142
21
0.4405495275590551
0
LINE
8
BLACK
6
CONTINUOUS
10
0.4278083070866142
20
0.4405495275590551
11
0.424058779527559
21
0.4386747244094488
0
LINE
8
BLACK
6
CONTINUOUS
10
0.424058779527559
20
0.4386747244094488
11
0.4233379921259842
21
0.4383988582677165
0
LINE
8
BLACK
6
CONTINUOUS
10
0.4233379921259842
20
0.4383988582677165
11
0.4231968110236221
21
0.4383888188976378
0
LINE
8
BLACK
6
CONTINUOUS
10
0.4231968110236221
20
0.4383888188976378
11
0.4230661417322835
21
0.4383346850393701
0
LINE
8
BLACK
6
CONTINUOUS
10
0.4230661417322835
20
0.4383346850393701
11
0.4222980708661417
21
0.4382590551181103
0
LINE
8
BLACK
6
CONTINUOUS
10
0.4222980708661417
20
0.4382590551181103
11
0.4185485433070866
21
0.4382590551181103
0
LINE
8
BLACK
6
CONTINUOUS
10
0.4185485433070866
20
0.4382590551181103
11
0.4177804724409449
21
0.4383346850393701
0
LINE
8
BLACK
6
CONTINUOUS
10
0.4177804724409449
20
0.4383346850393701
11
0.4176497244094488
21
0.4383888188976378
0
LINE
8
BLACK
6
CONTINUOUS
10
0.4176497244094488
20
0.4383888188976378
11
0.4175086614173228
21
0.4383988582677165
0
LINE
8
BLACK
6
CONTINUOUS
10
0.4175086614173228
20
0.4383988582677165
11
0.4167878346456693
21
0.4386747244094488
0
LINE
8
BLACK
6
CONTINUOUS
10
0.4167878346456693
20
0.4386747244094488
11
0.4130383070866142
21
0.4405495275590551
0
LINE
8
BLACK
6
CONTINUOUS
10
0.4130383070866142
20
0.4405495275590551
11
0.412707874015748
21
0.4407575196850393
0
LINE
8
BLACK
6
CONTINUOUS
10
0.412707874015748
20
0.4407575196850393
11
0.4126116929133858
21
0.4407973622047244
0
LINE
8
BLACK
6
CONTINUOUS
10
0.4126116929133858
20
0.4407973622047244
11
0.4125034251968504
21
0.4408861811023622
0
LINE
8
BLACK
6
CONTINUOUS
10
0.4125034251968504
20
0.4408861811023622
11
0.412385157480315
21
0.4409606692913386
0
LINE
8
BLACK
6
CONTINUOUS
10
0.412385157480315
20
0.4409606692913386
11
0.4123170472440945
21
0.4410391732283465
0
LINE
8
BLACK
6
CONTINUOUS
10
0.4123170472440945
20
0.4410391732283465
11
0.4120151181102362
21
0.4412870078740158
0
LINE
8
BLACK
6
CONTINUOUS
10
0.4120151181102362
20
0.4412870078740158
11
0.4101403543307087
21
0.4431617322834646
0
LINE
8
BLACK
6
CONTINUOUS
10
0.4101403543307087
20
0.4431617322834646
11
0.4098925196850394
21
0.4434637007874015
0
LINE
8
BLACK
6
CONTINUOUS
10
0.4098925196850394
20
0.4434637007874015
11
0.4098140157480315
21
0.443531811023622
0
LINE
8
BLACK
6
CONTINUOUS
10
0.4098140157480315
20
0.443531811023622
11
0.4097394488188976
21
0.4436501968503937
0
LINE
8
BLACK
6
CONTINUOUS
10
0.4097394488188976
20
0.4436501968503937
11
0.409650748031496
21
0.4437583464566929
0
LINE
8
BLACK
6
CONTINUOUS
10
0.409650748031496
20
0.4437583464566929
11
0.4096109448818898
21
0.4438543700787401
0
LINE
8
BLACK
6
CONTINUOUS
10
0.4096109448818898
20
0.4438543700787401
11
0.409402874015748
21
0.4441849606299212
0
LINE
8
BLACK
6
CONTINUOUS
10
0.409402874015748
20
0.4441849606299212
11
0.4075281102362205
21
0.4479344881889764
0
LINE
8
BLACK
6
CONTINUOUS
10
0.4075281102362205
20
0.4479344881889764
11
0.4075066141732283
21
0.4479906299212598
0
LINE
8
BLACK
6
CONTINUOUS
10
0.4075066141732283
20
0.4479906299212598
11
0.4074896850393701
21
0.4480135039370078
0
LINE
8
BLACK
6
CONTINUOUS
10
0.4074896850393701
20
0.4480135039370078
11
0.4073746456692913
21
0.4483353937007874
0
LINE
8
BLACK
6
CONTINUOUS
10
0.4073746456692913
20
0.4483353937007874
11
0.4072522834645669
21
0.4486552755905512
0
LINE
8
BLACK
6
CONTINUOUS
10
0.4072522834645669
20
0.4486552755905512
11
0.4072502362204724
21
0.4486837007874016
0
LINE
8
BLACK
6
CONTINUOUS
10
0.4072502362204724
20
0.4486837007874016
11
0.4072300393700787
21
0.4487403149606299
0
LINE
8
BLACK
6
CONTINUOUS
10
0.4072300393700787
20
0.4487403149606299
11
0.4053552755905512
21
0.4562393307086614
0
LINE
8
BLACK
6
CONTINUOUS
10
0.4053552755905512
20
0.4562393307086614
11
0.4053355511811024
21
0.4563724409448819
0
LINE
8
BLACK
6
CONTINUOUS
10
0.4053355511811024
20
0.4563724409448819
11
0.4053133464566929
21
0.4564261417322835
0
LINE
8
BLACK
6
CONTINUOUS
10
0.4053133464566929
20
0.4564261417322835
11
0.4052848425196851
21
0.4567155118110236
0
LINE
8
BLACK
6
CONTINUOUS
10
0.4052848425196851
20
0.4567155118110236
11
0.4052423622047244
21
0.4570028346456693
0
LINE
8
BLACK
6
CONTINUOUS
10
0.4052423622047244
20
0.4570028346456693
11
0.405250905511811
21
0.4570602362204724
0
LINE
8
BLACK
6
CONTINUOUS
10
0.405250905511811
20
0.4570602362204724
11
0.4052377165354331
21
0.4571942125984252
0
LINE
8
BLACK
6
CONTINUOUS
10
0.4052377165354331
20
0.4571942125984252
11
0.4052377165354331
21
0.466568031496063
0
LINE
8
BLACK
6
CONTINUOUS
10
0.4052377165354331
20
0.466568031496063
11
0.405250905511811
21
0.466701968503937
0
LINE
8
BLACK
6
CONTINUOUS
10
0.405250905511811
20
0.466701968503937
11
0.4052423622047244
21
0.4667594094488189
0
LINE
8
BLACK
6
CONTINUOUS
10
0.4052423622047244
20
0.4667594094488189
11
0.4052848425196851
21
0.4670466929133858
0
LINE
8
BLACK
6
CONTINUOUS
10
0.4052848425196851
20
0.4670466929133858
11
0.4053133464566929
21
0.4673361023622047
0
LINE
8
BLACK
6
CONTINUOUS
10
0.4053133464566929
20
0.4673361023622047
11
0.4053355511811024
21
0.4673897637795276
0
LINE
8
BLACK
6
CONTINUOUS
10
0.4053355511811024
20
0.4673897637795276
11
0.4053552755905512
21
0.4675229133858267
0
LINE
8
BLACK
6
CONTINUOUS
10
0.4053552755905512
20
0.4675229133858267
11
0.4072300393700787
21
0.4750219291338583
0
LINE
8
BLACK
6
CONTINUOUS
10
0.4072300393700787
20
0.4750219291338583
11
0.4072502362204724
21
0.4750785039370078
0
LINE
8
BLACK
6
CONTINUOUS
10
0.4072502362204724
20
0.4750785039370078
11
0.4072522834645669
21
0.475106968503937
0
LINE
8
BLACK
6
CONTINUOUS
10
0.4072522834645669
20
0.475106968503937
11
0.4073746456692913
21
0.4754268110236221
0
LINE
8
BLACK
6
CONTINUOUS
10
0.4073746456692913
20
0.4754268110236221
11
0.4074896850393701
21
0.4757487401574803
0
LINE
8
BLACK
6
CONTINUOUS
10
0.4074896850393701
20
0.4757487401574803
11
0.4075066141732283
21
0.4757715748031496
0
LINE
8
BLACK
6
CONTINUOUS
10
0.4075066141732283
20
0.4757715748031496
11
0.4075281102362205
21
0.4758277559055118
0
LINE
8
BLACK
6
CONTINUOUS
10
0.4075281102362205
20
0.4758277559055118
11
0.409402874015748
21
0.4795772834645669
0
LINE
8
BLACK
6
CONTINUOUS
10
0.409402874015748
20
0.4795772834645669
11
0.4096109448818898
21
0.4799078346456693
0
LINE
8
BLACK
6
CONTINUOUS
10
0.4096109448818898
20
0.4799078346456693
11
0.409650748031496
21
0.4800038976377953
0
LINE
8
BLACK
6
CONTINUOUS
10
0.409650748031496
20
0.4800038976377953
11
0.4097394488188976
21
0.4801120078740158
0
LINE
8
BLACK
6
CONTINUOUS
10
0.4097394488188976
20
0.4801120078740158
11
0.4098140157480315
21
0.4802304330708662
0
LINE
8
BLACK
6
CONTINUOUS
10
0.4098140157480315
20
0.4802304330708662
11
0.4098925196850394
21
0.4802985039370078
0
LINE
8
BLACK
6
CONTINUOUS
10
0.4098925196850394
20
0.4802985039370078
11
0.4101403543307087
21
0.4806005118110236
0
LINE
8
BLACK
6
CONTINUOUS
10
0.4101403543307087
20
0.4806005118110236
11
0.4120151181102362
21
0.4824752362204724
0
LINE
8
BLACK
6
CONTINUOUS
10
0.4120151181102362
20
0.4824752362204724
11
0.4123169291338583
21
0.4827229527559055
0
LINE
8
BLACK
6
CONTINUOUS
10
0.4123169291338583
20
0.4827229527559055
11
0.412385157480315
21
0.4828016141732283
0
LINE
8
BLACK
6
CONTINUOUS
10
0.412385157480315
20
0.4828016141732283
11
0.4125035826771654
21
0.4828761417322834
0
LINE
8
BLACK
6
CONTINUOUS
10
0.4125035826771654
20
0.4828761417322834
11
0.4126116929133858
21
0.4829648818897638
0
LINE
8
BLACK
6
CONTINUOUS
10
0.4126116929133858
20
0.4829648818897638
11
0.4127077559055118
21
0.4830046456692914
0
LINE
8
BLACK
6
CONTINUOUS
10
0.4127077559055118
20
0.4830046456692914
11
0.4130383464566929
21
0.4832127559055118
0
LINE
8
BLACK
6
CONTINUOUS
10
0.4130383464566929
20
0.4832127559055118
11
0.4167878346456693
21
0.4850875196850394
0
LINE
8
BLACK
6
CONTINUOUS
10
0.4167878346456693
20
0.4850875196850394
11
0.4175086614173228
21
0.4853633464566929
0
LINE
8
BLACK
6
CONTINUOUS
10
0.4175086614173228
20
0.4853633464566929
11
0.4176497244094488
21
0.4853733464566929
0
LINE
8
BLACK
6
CONTINUOUS
10
0.4176497244094488
20
0.4853733464566929
11
0.4177804724409449
21
0.4854275196850393
0
LINE
8
BLACK
6
CONTINUOUS
10
0.4177804724409449
20
0.4854275196850393
11
0.4185485433070866
21
0.4855031496062992
0
LINE
8
BLACK
6
CONTINUOUS
10
0.4185485433070866
20
0.4855031496062992
11
0.4222980708661417
21
0.4855031496062992
0
LINE
8
BLACK
6
CONTINUOUS
10
0.4222980708661417
20
0.4855031496062992
11
0.4230661417322835
21
0.4854275196850393
0
LINE
8
BLACK
6
CONTINUOUS
10
0.4171311023622047
20
0.4764557086614173
11
0.4161599212598425
21
0.4754844881889764
0
LINE
8
BLACK
6
CONTINUOUS
10
0.4161599212598425
20
0.4754844881889764
11
0.414764094488189
21
0.472692874015748
0
LINE
8
BLACK
6
CONTINUOUS
10
0.414764094488189
20
0.472692874015748
11
0.4131117322834645
21
0.4660833858267717
0
LINE
8
BLACK
6
CONTINUOUS
10
0.4131117322834645
20
0.4660833858267717
11
0.4131117322834645
21
0.4576788582677165
0
LINE
8
BLACK
6
CONTINUOUS
10
0.4131117322834645
20
0.4576788582677165
11
0.414764094488189
21
0.4510693307086614
0
LINE
8
BLACK
6
CONTINUOUS
10
0.414764094488189
20
0.4510693307086614
11
0.4161599212598425
21
0.4482777165354331
0
LINE
8
BLACK
6
CONTINUOUS
10
0.4161599212598425
20
0.4482777165354331
11
0.4171311417322834
21
0.4473064566929134
0
LINE
8
BLACK
6
CONTINUOUS
10
0.4171311417322834
20
0.4473064566929134
11
0.4194779133858267
21
0.4461330708661417
0
LINE
8
BLACK
6
CONTINUOUS
10
0.4194779133858267
20
0.4461330708661417
11
0.4213687007874016
21
0.4461330708661417
0
LINE
8
BLACK
6
CONTINUOUS
10
0.4213687007874016
20
0.4461330708661417
11
0.4237153937007874
21
0.4473064173228347
0
LINE
8
BLACK
6
CONTINUOUS
10
0.4237153937007874
20
0.4473064173228347
11
0.4246866929133858
21
0.4482777165354331
0
LINE
8
BLACK
6
CONTINUOUS
10
0.4246866929133858
20
0.4482777165354331
11
0.4260824803149606
21
0.4510693307086614
0
LINE
8
BLACK
6
CONTINUOUS
10
0.4260824803149606
20
0.4510693307086614
11
0.4277348818897638
21
0.4576788188976378
0
LINE
8
BLACK
6
CONTINUOUS
10
0.4277348818897638
20
0.4576788188976378
11
0.4277348818897638
21
0.4660833858267717
0
LINE
8
BLACK
6
CONTINUOUS
10
0.4277348818897638
20
0.4660833858267717
11
0.4260824803149606
21
0.472692874015748
0
LINE
8
BLACK
6
CONTINUOUS
10
0.4260824803149606
20
0.472692874015748
11
0.4246866929133858
21
0.4754844881889764
0
LINE
8
BLACK
6
CONTINUOUS
10
0.4246866929133858
20
0.4754844881889764
11
0.4237154724409449
21
0.4764556692913386
0
LINE
8
BLACK
6
CONTINUOUS
10
0.4237154724409449
20
0.4764556692913386
11
0.4213686614173228
21
0.4776291338582677
0
LINE
8
BLACK
6
CONTINUOUS
10
0.4213686614173228
20
0.4776291338582677
11
0.4194779527559055
21
0.4776291338582677
0
LINE
8
BLACK
6
CONTINUOUS
10
0.4194779527559055
20
0.4776291338582677
11
0.4171311023622047
21
0.4764557086614173
0
LINE
8
BLACK
6
CONTINUOUS
10
0.5014269291338582
20
0.485464842519685
11
0.5015306299212599
21
0.4854722440944882
0
LINE
8
BLACK
6
CONTINUOUS
10
0.5015306299212599
20
0.4854722440944882
11
0.501666968503937
21
0.4854412204724409
0
LINE
8
BLACK
6
CONTINUOUS
10
0.501666968503937
20
0.4854412204724409
11
0.5018062992125985
21
0.4854275196850393
0
LINE
8
BLACK
6
CONTINUOUS
10
0.5018062992125985
20
0.4854275196850393
11
0.5019024409448819
21
0.4853876771653543
0
LINE
8
BLACK
6
CONTINUOUS
10
0.5019024409448819
20
0.4853876771653543
11
0.5022832283464567
21
0.4853011023622047
0
LINE
8
BLACK
6
CONTINUOUS
10
0.5022832283464567
20
0.4853011023622047
11
0.5079074803149606
21
0.4834263385826771
0
LINE
8
BLACK
6
CONTINUOUS
10
0.5079074803149606
20
0.4834263385826771
11
0.5086122440944881
21
0.4831117322834645
0
LINE
8
BLACK
6
CONTINUOUS
10
0.5086122440944881
20
0.4831117322834645
11
0.5087191338582677
21
0.4830189763779528
0
LINE
8
BLACK
6
CONTINUOUS
10
0.5087191338582677
20
0.4830189763779528
11
0.5088498031496063
21
0.4829648818897638
0
LINE
8
BLACK
6
CONTINUOUS
10
0.5088498031496063
20
0.4829648818897638
11
0.5094464173228347
21
0.4824752755905511
0
LINE
8
BLACK
6
CONTINUOUS
10
0.5094464173228347
20
0.4824752755905511
11
0.5113211417322835
21
0.4806005118110236
0
LINE
8
BLACK
6
CONTINUOUS
10
0.5113211417322835
20
0.4806005118110236
11
0.5118107874015748
21
0.480003937007874
0
LINE
8
BLACK
6
CONTINUOUS
10
0.5118107874015748
20
0.480003937007874
11
0.5123986220472441
21
0.4785846850393701
0
LINE
8
BLACK
6
CONTINUOUS
10
0.5123986220472441
20
0.4785846850393701
11
0.5123986220472441
21
0.4770485433070866
0
LINE
8
BLACK
6
CONTINUOUS
10
0.5123986220472441
20
0.4770485433070866
11
0.5118107874015748
21
0.4756293307086614
0
LINE
8
BLACK
6
CONTINUOUS
10
0.5118107874015748
20
0.4756293307086614
11
0.5107245669291338
21
0.4745431102362205
0
LINE
8
BLACK
6
CONTINUOUS
10
0.5107245669291338
20
0.4745431102362205
11
0.5093053543307087
21
0.4739552755905512
0
LINE
8
BLACK
6
CONTINUOUS
10
0.5093053543307087
20
0.4739552755905512
11
0.5077692125984252
21
0.4739552755905512
0
LINE
8
BLACK
6
CONTINUOUS
10
0.5077692125984252
20
0.4739552755905512
11
0.5063499606299212
21
0.4745431102362205
0
LINE
8
BLACK
6
CONTINUOUS
10
0.5063499606299212
20
0.4745431102362205
11
0.5057533858267717
21
0.4750327559055118
0
LINE
8
BLACK
6
CONTINUOUS
10
0.5057533858267717
20
0.4750327559055118
11
0.5045357874015748
21
0.4762503149606299
0
LINE
8
BLACK
6
CONTINUOUS
10
0.5045357874015748
20
0.4762503149606299
11
0.5003993700787401
21
0.4776291338582677
0
LINE
8
BLACK
6
CONTINUOUS
10
0.5003993700787401
20
0.4776291338582677
11
0.4979275196850393
21
0.4776291338582677
0
LINE
8
BLACK
6
CONTINUOUS
10
0.4979275196850393
20
0.4776291338582677
11
0.4937911417322834
21
0.4762503149606299
0
LINE
8
BLACK
6
CONTINUOUS
10
0.4937911417322834
20
0.4762503149606299
11
0.4911505118110236
21
0.4736096850393701
0
LINE
8
BLACK
6
CONTINUOUS
10
0.4911505118110236
20
0.4736096850393701
11
0.4897547244094488
21
0.4708181102362204
0
LINE
8
BLACK
6
CONTINUOUS
10
0.4897547244094488
20
0.4708181102362204
11
0.4881023622047244
21
0.4642086220472441
0
LINE
8
BLACK
6
CONTINUOUS
10
0.4881023622047244
20
0.4642086220472441
11
0.4881023622047244
21
0.4595536220472441
0
LINE
8
BLACK
6
CONTINUOUS
10
0.4881023622047244
20
0.4595536220472441
11
0.4897547244094488
21
0.452944094488189
0
LINE
8
BLACK
6
CONTINUOUS
10
0.4897547244094488
20
0.452944094488189
11
0.4911505118110236
21
0.4501525196850394
0
LINE
8
BLACK
6
CONTINUOUS
10
0.4911505118110236
20
0.4501525196850394
11
0.4937911417322834
21
0.4475118897637795
0
LINE
8
BLACK
6
CONTINUOUS
10
0.4937911417322834
20
0.4475118897637795
11
0.4979275984251968
21
0.4461330708661417
0
LINE
8
BLACK
6
CONTINUOUS
10
0.4979275984251968
20
0.4461330708661417
11
0.5003993700787401
21
0.4461330708661417
0
LINE
8
BLACK
6
CONTINUOUS
10
0.5003993700787401
20
0.4461330708661417
11
0.504535748031496
21
0.4475118897637795
0
LINE
8
BLACK
6
CONTINUOUS
10
0.504535748031496
20
0.4475118897637795
11
0.5057533858267717
21
0.4487294881889763
0
LINE
8
BLACK
6
CONTINUOUS
10
0.5057533858267717
20
0.4487294881889763
11
0.5063499606299212
21
0.4492191338582677
0
LINE
8
BLACK
6
CONTINUOUS
10
0.5063499606299212
20
0.4492191338582677
11
0.5077692125984252
21
0.449806968503937
0
LINE
8
BLACK
6
CONTINUOUS
10
0.5077692125984252
20
0.449806968503937
11
0.5093053543307087
21
0.449806968503937
0
LINE
8
BLACK
6
CONTINUOUS
10
0.5093053543307087
20
0.449806968503937
11
0.5107245669291338
21
0.4492191338582677
0
LINE
8
BLACK
6
CONTINUOUS
10
0.5107245669291338
20
0.4492191338582677
11
0.5118107874015748
21
0.4481329133858268
0
LINE
8
BLACK
6
CONTINUOUS
10
0.5118107874015748
20
0.4481329133858268
11
0.5123986220472441
21
0.4467137007874016
0
LINE
8
BLACK
6
CONTINUOUS
10
0.5123986220472441
20
0.4467137007874016
11
0.5123986220472441
21
0.4451775590551181
0
LINE
8
BLACK
6
CONTINUOUS
10
0.5123986220472441
20
0.4451775590551181
11
0.5118107874015748
21
0.4437583070866142
0
LINE
8
BLACK
6
CONTINUOUS
10
0.5118107874015748
20
0.4437583070866142
11
0.5113211417322835
21
0.4431617322834646
0
LINE
8
BLACK
6
CONTINUOUS
10
0.5113211417322835
20
0.4431617322834646
11
0.5094464173228347
21
0.441286968503937
0
LINE
8
BLACK
6
CONTINUOUS
10
0.5094464173228347
20
0.441286968503937
11
0.5088498031496063
21
0.4407973622047244
0
LINE
8
BLACK
6
CONTINUOUS
10
0.5088498031496063
20
0.4407973622047244
11
0.5087191338582677
21
0.4407432283464567
0
LINE
8
BLACK
6
CONTINUOUS
10
0.5087191338582677
20
0.4407432283464567
11
0.5086122834645669
21
0.4406505511811024
0
LINE
8
BLACK
6
CONTINUOUS
10
0.5086122834645669
20
0.4406505511811024
11
0.5079075590551181
21
0.440335905511811
0
LINE
8
BLACK
6
CONTINUOUS
10
0.5079075590551181
20
0.440335905511811
11
0.5022832283464567
21
0.4384611023622047
0
LINE
8
BLACK
6
CONTINUOUS
10
0.5022832283464567
20
0.4384611023622047
11
0.5019024015748031
21
0.4383744881889763
0
LINE
8
BLACK
6
CONTINUOUS
10
0.5019024015748031
20
0.4383744881889763
11
0.5018062992125985
21
0.4383346850393701
0
LINE
8
BLACK
6
CONTINUOUS
10
0.5018062992125985
20
0.4383346850393701
11
0.5016670078740157
21
0.4383209448818898
0
LINE
8
BLACK
6
CONTINUOUS
10
0.5016670078740157
20
0.4383209448818898
11
0.5015306692913386
21
0.4382899606299213
0
LINE
8
BLACK
6
CONTINUOUS
10
0.5015306692913386
20
0.4382899606299213
11
0.5014269291338582
21
0.4382973228346457
0
LINE
8
BLACK
6
CONTINUOUS
10
0.5014269291338582
20
0.4382973228346457
11
0.5010382283464567
21
0.4382590551181103
0
LINE
8
BLACK
6
CONTINUOUS
10
0.5010382283464567
20
0.4382590551181103
11
0.4972887007874016
21
0.4382590551181103
0
LINE
8
BLACK
6
CONTINUOUS
10
0.4972887007874016
20
0.4382590551181103
11
0.4968999606299213
21
0.4382973228346457
0
LINE
8
BLACK
6
CONTINUOUS
10
0.4968999606299213
20
0.4382973228346457
11
0.4967962598425197
21
0.4382899606299213
0
LINE
8
BLACK
6
CONTINUOUS
10
0.4967962598425197
20
0.4382899606299213
11
0.4966598818897638
21
0.4383209448818898
0
LINE
8
BLACK
6
CONTINUOUS
10
0.4966598818897638
20
0.4383209448818898
11
0.4965206299212598
21
0.4383346850393701
0
LINE
8
BLACK
6
CONTINUOUS
10
0.4965206299212598
20
0.4383346850393701
11
0.4964244881889764
21
0.4383744881889763
0
LINE
8
BLACK
6
CONTINUOUS
10
0.4964244881889764
20
0.4383744881889763
11
0.4960437007874016
21
0.4384611023622047
0
LINE
8
BLACK
6
CONTINUOUS
10
0.4960437007874016
20
0.4384611023622047
11
0.4904194094488189
21
0.440335905511811
0
LINE
8
BLACK
6
CONTINUOUS
10
0.4904194094488189
20
0.440335905511811
11
0.4897146456692913
21
0.4406505511811024
0
LINE
8
BLACK
6
CONTINUOUS
10
0.4897146456692913
20
0.4406505511811024
11
0.4896077559055118
21
0.4407432283464567
0
LINE
8
BLACK
6
CONTINUOUS
10
0.4896077559055118
20
0.4407432283464567
11
0.489477125984252
21
0.4407973622047244
0
LINE
8
BLACK
6
CONTINUOUS
10
0.489477125984252
20
0.4407973622047244
11
0.4888805118110236
21
0.441286968503937
0
LINE
8
BLACK
6
CONTINUOUS
10
0.4888805118110236
20
0.441286968503937
11
0.4851309842519685
21
0.4450364960629921
0
LINE
8
BLACK
6
CONTINUOUS
10
0.4851309842519685
20
0.4450364960629921
11
0.4848831496062992
21
0.4453384645669291
0
LINE
8
BLACK
6
CONTINUOUS
10
0.4848831496062992
20
0.4453384645669291
11
0.4848046456692913
21
0.4454065748031496
0
LINE
8
BLACK
6
CONTINUOUS
10
0.4848046456692913
20
0.4454065748031496
11
0.4847300787401574
21
0.4455249606299213
0
LINE
8
BLACK
6
CONTINUOUS
10
0.4847300787401574
20
0.4455249606299213
11
0.4846413779527559
21
0.4456331102362205
0
LINE
8
BLACK
6
CONTINUOUS
10
0.4846413779527559
20
0.4456331102362205
11
0.4846015748031496
21
0.4457291338582677
0
LINE
8
BLACK
6
CONTINUOUS
10
0.4846015748031496
20
0.4457291338582677
11
0.4843935039370079
21
0.4460597244094488
0
LINE
8
BLACK
6
CONTINUOUS
10
0.4843935039370079
20
0.4460597244094488
11
0.4825187401574803
21
0.4498092519685039
0
LINE
8
BLACK
6
CONTINUOUS
10
0.4825187401574803
20
0.4498092519685039
11
0.4824972440944882
21
0.4498653937007874
0
LINE
8
BLACK
6
CONTINUOUS
10
0.4824972440944882
20
0.4498653937007874
11
0.4824803149606299
21
0.4498882677165355
0
LINE
8
BLACK
6
CONTINUOUS
10
0.4824803149606299
20
0.4498882677165355
11
0.4823652755905511
21
0.450210157480315
0
LINE
8
BLACK
6
CONTINUOUS
10
0.4823652755905511
20
0.450210157480315
11
0.4822429133858268
21
0.4505300393700787
0
LINE
8
BLACK
6
CONTINUOUS
10
0.4822429133858268
20
0.4505300393700787
11
0.4822408661417323
21
0.4505584645669291
0
LINE
8
BLACK
6
CONTINUOUS
10
0.4822408661417323
20
0.4505584645669291
11
0.4822206692913386
21
0.4506150787401575
0
LINE
8
BLACK
6
CONTINUOUS
10
0.4822206692913386
20
0.4506150787401575
11
0.480345905511811
21
0.458114094488189
0
LINE
8
BLACK
6
CONTINUOUS
10
0.480345905511811
20
0.458114094488189
11
0.4803261811023622
21
0.4582472047244094
0
LINE
8
BLACK
6
CONTINUOUS
10
0.4803261811023622
20
0.4582472047244094
11
0.4803039763779527
21
0.458300905511811
0
LINE
8
BLACK
6
CONTINUOUS
10
0.4803039763779527
20
0.458300905511811
11
0.4802754724409449
21
0.4585902755905512
0
LINE
8
BLACK
6
CONTINUOUS
10
0.4802754724409449
20
0.4585902755905512
11
0.4802329921259842
21
0.4588775984251968
0
LINE
8
BLACK
6
CONTINUOUS
10
0.4802329921259842
20
0.4588775984251968
11
0.4802415354330709
21
0.458935
0
LINE
8
BLACK
6
CONTINUOUS
10
0.4802415354330709
20
0.458935
11
0.4802283464566929
21
0.4590689763779527
0
LINE
8
BLACK
6
CONTINUOUS
10
0.4802283464566929
20
0.4590689763779527
11
0.4802283464566929
21
0.4646932677165354
0
LINE
8
BLACK
6
CONTINUOUS
10
0.4802283464566929
20
0.4646932677165354
11
0.4802415354330709
21
0.4648272047244094
0
LINE
8
BLACK
6
CONTINUOUS
10
0.4802415354330709
20
0.4648272047244094
11
0.4802329921259842
21
0.4648846456692913
0
LINE
8
BLACK
6
CONTINUOUS
10
0.4802329921259842
20
0.4648846456692913
11
0.4802754724409449
21
0.4651719291338582
0
LINE
8
BLACK
6
CONTINUOUS
10
0.4802754724409449
20
0.4651719291338582
11
0.4803039763779527
21
0.4654613385826771
0
LINE
8
BLACK
6
CONTINUOUS
10
0.4803039763779527
20
0.4654613385826771
11
0.4803261811023622
21
0.465515
0
LINE
8
BLACK
6
CONTINUOUS
10
0.4803261811023622
20
0.465515
11
0.480345905511811
21
0.4656481496062992
0
LINE
8
BLACK
6
CONTINUOUS
10
0.480345905511811
20
0.4656481496062992
11
0.4822206692913386
21
0.4731471653543307
0
LINE
8
BLACK
6
CONTINUOUS
10
0.4822206692913386
20
0.4731471653543307
11
0.4822408661417323
21
0.4732037401574803
0
LINE
8
BLACK
6
CONTINUOUS
10
0.4822408661417323
20
0.4732037401574803
11
0.4822429133858268
21
0.4732322047244094
0
LINE
8
BLACK
6
CONTINUOUS
10
0.4822429133858268
20
0.4732322047244094
11
0.4823652755905511
21
0.4735520472440945
0
LINE
8
BLACK
6
CONTINUOUS
10
0.4823652755905511
20
0.4735520472440945
11
0.4824803149606299
21
0.4738739763779528
0
LINE
8
BLACK
6
CONTINUOUS
10
0.4824803149606299
20
0.4738739763779528
11
0.4824972440944882
21
0.473896811023622
0
LINE
8
BLACK
6
CONTINUOUS
10
0.4824972440944882
20
0.473896811023622
11
0.4825187401574803
21
0.4739529921259842
0
LINE
8
BLACK
6
CONTINUOUS
10
0.4825187401574803
20
0.4739529921259842
11
0.4843935039370079
21
0.4777025196850394
0
LINE
8
BLACK
6
CONTINUOUS
10
0.4843935039370079
20
0.4777025196850394
11
0.4846015748031496
21
0.4780330708661417
0
LINE
8
BLACK
6
CONTINUOUS
10
0.4846015748031496
20
0.4780330708661417
11
0.4846413779527559
21
0.4781291338582677
0
LINE
8
BLACK
6
CONTINUOUS
10
0.4846413779527559
20
0.4781291338582677
11
0.4847300787401574
21
0.4782372440944882
0
LINE
8
BLACK
6
CONTINUOUS
10
0.4847300787401574
20
0.4782372440944882
11
0.4848046456692913
21
0.4783556692913385
0
LINE
8
BLACK
6
CONTINUOUS
10
0.4848046456692913
20
0.4783556692913385
11
0.4848831496062992
21
0.4784237401574803
0
LINE
8
BLACK
6
CONTINUOUS
10
0.4848831496062992
20
0.4784237401574803
11
0.4851309842519685
21
0.478725748031496
0
LINE
8
BLACK
6
CONTINUOUS
10
0.4851309842519685
20
0.478725748031496
11
0.4888805118110236
21
0.4824752755905511
0
LINE
8
BLACK
6
CONTINUOUS
10
0.4888805118110236
20
0.4824752755905511
11
0.489477125984252
21
0.4829648818897638
0
LINE
8
BLACK
6
CONTINUOUS
10
0.489477125984252
20
0.4829648818897638
11
0.4896077559055118
21
0.4830189763779528
0
LINE
8
BLACK
6
CONTINUOUS
10
0.4896077559055118
20
0.4830189763779528
11
0.48971468503937
21
0.4831117322834645
0
LINE
8
BLACK
6
CONTINUOUS
10
0.48971468503937
20
0.4831117322834645
11
0.4904194094488189
21
0.4834263385826771
0
LINE
8
BLACK
6
CONTINUOUS
10
0.4904194094488189
20
0.4834263385826771
11
0.4960437007874016
21
0.4853011023622047
0
LINE
8
BLACK
6
CONTINUOUS
10
0.4960437007874016
20
0.4853011023622047
11
0.4964244881889764
21
0.4853876771653543
0
LINE
8
BLACK
6
CONTINUOUS
10
0.4964244881889764
20
0.4853876771653543
11
0.4965206299212598
21
0.4854275196850393
0
LINE
8
BLACK
6
CONTINUOUS
10
0.4965206299212598
20
0.4854275196850393
11
0.4966598818897638
21
0.4854412204724409
0
LINE
8
BLACK
6
CONTINUOUS
10
0.4966598818897638
20
0.4854412204724409
11
0.4967962598425197
21
0.4854722440944882
0
LINE
8
BLACK
6
CONTINUOUS
10
0.4967962598425197
20
0.4854722440944882
11
0.4968999606299213
21
0.485464842519685
0
LINE
8
BLACK
6
CONTINUOUS
10
0.4968999606299213
20
0.485464842519685
11
0.4972887007874016
21
0.4855031496062992
0
LINE
8
BLACK
6
CONTINUOUS
10
0.4972887007874016
20
0.4855031496062992
11
0.5010382283464567
21
0.4855031496062992
0
LINE
8
BLACK
6
CONTINUOUS
10
0.5010382283464567
20
0.4855031496062992
11
0.5014269291338582
21
0.485464842519685
0
LINE
8
BLACK
6
CONTINUOUS
10
0.3874455905511811
20
0.4854275196850393
11
0.3875762992125984
21
0.4853733464566929
0
LINE
8
BLACK
6
CONTINUOUS
10
0.3875762992125984
20
0.4853733464566929
11
0.3877174015748032
21
0.4853633464566929
0
LINE
8
BLACK
6
CONTINUOUS
10
0.3877174015748032
20
0.4853633464566929
11
0.3884381889763779
21
0.4850875196850394
0
LINE
8
BLACK
6
CONTINUOUS
10
0.3884381889763779
20
0.4850875196850394
11
0.3921877165354331
21
0.4832127559055118
0
LINE
8
BLACK
6
CONTINUOUS
10
0.3921877165354331
20
0.4832127559055118
11
0.3925182677165354
21
0.4830046456692914
0
LINE
8
BLACK
6
CONTINUOUS
10
0.3925182677165354
20
0.4830046456692914
11
0.3926143307086614
21
0.4829648818897638
0
LINE
8
BLACK
6
CONTINUOUS
10
0.3926143307086614
20
0.4829648818897638
11
0.3927224409448819
21
0.4828761417322834
0
LINE
8
BLACK
6
CONTINUOUS
10
0.3927224409448819
20
0.4828761417322834
11
0.3928408661417322
21
0.4828016141732283
0
LINE
8
BLACK
6
CONTINUOUS
10
0.3928408661417322
20
0.4828016141732283
11
0.392908937007874
21
0.4827230708661417
0
LINE
8
BLACK
6
CONTINUOUS
10
0.392908937007874
20
0.4827230708661417
11
0.3932109448818897
21
0.4824752755905511
0
LINE
8
BLACK
6
CONTINUOUS
10
0.3932109448818897
20
0.4824752755905511
11
0.3950856692913386
21
0.4806005118110236
0
LINE
8
BLACK
6
CONTINUOUS
10
0.3950856692913386
20
0.4806005118110236
11
0.3953333858267716
21
0.4802986614173228
0
LINE
8
BLACK
6
CONTINUOUS
10
0.3953333858267716
20
0.4802986614173228
11
0.3954120472440945
21
0.4802304724409449
0
LINE
8
BLACK
6
CONTINUOUS
10
0.3954120472440945
20
0.4802304724409449
11
0.3954865748031496
21
0.4801120078740158
0
LINE
8
BLACK
6
CONTINUOUS
10
0.3954865748031496
20
0.4801120078740158
11
0.3955753149606299
21
0.480003937007874
0
LINE
8
BLACK
6
CONTINUOUS
10
0.3955753149606299
20
0.480003937007874
11
0.3956150787401574
21
0.4799078346456693
0
LINE
8
BLACK
6
CONTINUOUS
10
0.3956150787401574
20
0.4799078346456693
11
0.395823188976378
21
0.4795772834645669
0
LINE
8
BLACK
6
CONTINUOUS
10
0.395823188976378
20
0.4795772834645669
11
0.3976979527559055
21
0.4758277952755905
0
LINE
8
BLACK
6
CONTINUOUS
10
0.3976979527559055
20
0.4758277952755905
11
0.397973779527559
21
0.475106968503937
0
LINE
8
BLACK
6
CONTINUOUS
10
0.397973779527559
20
0.475106968503937
11
0.397983779527559
21
0.4749658661417323
0
LINE
8
BLACK
6
CONTINUOUS
10
0.397983779527559
20
0.4749658661417323
11
0.3980379527559055
21
0.474835157480315
0
LINE
8
BLACK
6
CONTINUOUS
10
0.3980379527559055
20
0.474835157480315
11
0.3981135826771653
21
0.4740670866141732
0
LINE
8
BLACK
6
CONTINUOUS
10
0.3981135826771653
20
0.4740670866141732
11
0.3981135826771653
21
0.4684427952755905
0
LINE
8
BLACK
6
CONTINUOUS
10
0.3981135826771653
20
0.4684427952755905
11
0.3980379527559055
21
0.4676747244094488
0
LINE
8
BLACK
6
CONTINUOUS
10
0.3980379527559055
20
0.4676747244094488
11
0.397983779527559
21
0.4675439763779528
0
LINE
8
BLACK
6
CONTINUOUS
10
0.397983779527559
20
0.4675439763779528
11
0.397973779527559
21
0.4674029133858267
0
LINE
8
BLACK
6
CONTINUOUS
10
0.397973779527559
20
0.4674029133858267
11
0.3976979527559055
21
0.4666820866141732
0
LINE
8
BLACK
6
CONTINUOUS
10
0.3976979527559055
20
0.4666820866141732
11
0.395823188976378
21
0.4629325984251969
0
LINE
8
BLACK
6
CONTINUOUS
10
0.395823188976378
20
0.4629325984251969
11
0.3956150787401574
21
0.4626020078740157
0
LINE
8
BLACK
6
CONTINUOUS
10
0.3956150787401574
20
0.4626020078740157
11
0.3955753149606299
21
0.4625059448818897
0
LINE
8
BLACK
6
CONTINUOUS
10
0.3955753149606299
20
0.4625059448818897
11
0.3954865748031496
21
0.4623978346456693
0
LINE
8
BLACK
6
CONTINUOUS
10
0.3954865748031496
20
0.4623978346456693
11
0.3954120472440945
21
0.4622794094488189
0
LINE
8
BLACK
6
CONTINUOUS
10
0.3954120472440945
20
0.4622794094488189
11
0.3953333858267716
21
0.4622111811023622
0
LINE
8
BLACK
6
CONTINUOUS
10
0.3953333858267716
20
0.4622111811023622
11
0.3950856692913386
21
0.4619093700787402
0
LINE
8
BLACK
6
CONTINUOUS
10
0.3950856692913386
20
0.4619093700787402
11
0.3932109448818897
21
0.4600346062992126
0
LINE
8
BLACK
6
CONTINUOUS
10
0.3932109448818897
20
0.4600346062992126
11
0.392908937007874
21
0.4597867716535433
0
LINE
8
BLACK
6
CONTINUOUS
10
0.392908937007874
20
0.4597867716535433
11
0.3928408661417322
21
0.4597082677165354
0
LINE
8
BLACK
6
CONTINUOUS
10
0.3928408661417322
20
0.4597082677165354
11
0.3927224409448819
21
0.4596337007874016
0
LINE
8
BLACK
6
CONTINUOUS
10
0.3927224409448819
20
0.4596337007874016
11
0.3926143307086614
21
0.459545
0
LINE
8
BLACK
6
CONTINUOUS
10
0.3926143307086614
20
0.459545
11
0.3925182677165354
21
0.4595051968503937
0
LINE
8
BLACK
6
CONTINUOUS
10
0.3925182677165354
20
0.4595051968503937
11
0.3921877165354331
21
0.4592971259842519
0
LINE
8
BLACK
6
CONTINUOUS
10
0.3921877165354331
20
0.4592971259842519
11
0.3884381889763779
21
0.4574223622047244
0
LINE
8
BLACK
6
CONTINUOUS
10
0.3884381889763779
20
0.4574223622047244
11
0.388348031496063
21
0.4573878346456693
0
LINE
8
BLACK
6
CONTINUOUS
10
0.388348031496063
20
0.4573878346456693
11
0.3974018897637795
21
0.444453779527559
0
LINE
8
BLACK
6
CONTINUOUS
10
0.3974018897637795
20
0.444453779527559
11
0.3977803937007874
21
0.4437811811023622
0
LINE
8
BLACK
6
CONTINUOUS
10
0.3977803937007874
20
0.4437811811023622
11
0.3981126771653543
21
0.4422813779527559
0
LINE
8
BLACK
6
CONTINUOUS
10
0.3981126771653543
20
0.4422813779527559
11
0.3978457086614173
21
0.4407686220472441
0
LINE
8
BLACK
6
CONTINUOUS
10
0.3978457086614173
20
0.4407686220472441
11
0.3970201574803149
21
0.4394731496062992
0
LINE
8
BLACK
6
CONTINUOUS
10
0.3970201574803149
20
0.4394731496062992
11
0.3957616929133858
21
0.4385922440944882
0
LINE
8
BLACK
6
CONTINUOUS
10
0.3957616929133858
20
0.4385922440944882
11
0.3942619291338583
21
0.4382599606299212
0
LINE
8
BLACK
6
CONTINUOUS
10
0.3942619291338583
20
0.4382599606299212
11
0.3927491338582677
21
0.4385269291338583
0
LINE
8
BLACK
6
CONTINUOUS
10
0.3927491338582677
20
0.4385269291338583
11
0.3914536614173229
21
0.4393524803149606
0
LINE
8
BLACK
6
CONTINUOUS
10
0.3914536614173229
20
0.4393524803149606
11
0.3909512598425197
21
0.4399383464566929
0
LINE
8
BLACK
6
CONTINUOUS
10
0.3909512598425197
20
0.4399383464566929
11
0.3790034251968504
21
0.4570067322834646
0
LINE
8
BLACK
6
CONTINUOUS
10
0.3790034251968504
20
0.4570067322834646
11
0.3756164173228346
21
0.4570067322834646
0
LINE
8
BLACK
6
CONTINUOUS
10
0.3756164173228346
20
0.4570067322834646
11
0.3756164173228346
21
0.442196062992126
0
LINE
8
BLACK
6
CONTINUOUS
10
0.3756164173228346
20
0.442196062992126
11
0.3755407874015748
21
0.4414279921259842
0
LINE
8
BLACK
6
CONTINUOUS
10
0.3755407874015748
20
0.4414279921259842
11
0.3749529133858268
21
0.4400087795275591
0
LINE
8
BLACK
6
CONTINUOUS
10
0.3749529133858268
20
0.4400087795275591
11
0.3738666929133858
21
0.4389225590551181
0
LINE
8
BLACK
6
CONTINUOUS
10
0.3738666929133858
20
0.4389225590551181
11
0.3724474803149606
21
0.4383346850393701
0
LINE
8
BLACK
6
CONTINUOUS
10
0.3724474803149606
20
0.4383346850393701
11
0.3709113385826772
21
0.4383346850393701
0
LINE
8
BLACK
6
CONTINUOUS
10
0.3709113385826772
20
0.4383346850393701
11
0.369492125984252
21
0.4389225590551181
0
LINE
8
BLACK
6
CONTINUOUS
10
0.369492125984252
20
0.4389225590551181
11
0.368405905511811
21
0.4400087795275591
0
LINE
8
BLACK
6
CONTINUOUS
10
0.368405905511811
20
0.4400087795275591
11
0.367818031496063
21
0.4414279921259842
0
LINE
8
BLACK
6
CONTINUOUS
10
0.367818031496063
20
0.4414279921259842
11
0.3677424015748031
21
0.442196062992126
0
LINE
8
BLACK
6
CONTINUOUS
10
0.3677424015748031
20
0.442196062992126
11
0.3677424015748031
21
0.4815661417322835
0
LINE
8
BLACK
6
CONTINUOUS
10
0.3677424015748031
20
0.4815661417322835
11
0.367818031496063
21
0.4823342125984252
0
LINE
8
BLACK
6
CONTINUOUS
10
0.367818031496063
20
0.4823342125984252
11
0.368405905511811
21
0.4837534251968504
0
LINE
8
BLACK
6
CONTINUOUS
10
0.368405905511811
20
0.4837534251968504
11
0.369492125984252
21
0.4848396456692913
0
LINE
8
BLACK
6
CONTINUOUS
10
0.369492125984252
20
0.4848396456692913
11
0.3709113385826772
21
0.4854275196850393
0
LINE
8
BLACK
6
CONTINUOUS
10
0.3709113385826772
20
0.4854275196850393
11
0.3716794094488189
21
0.4855031496062992
0
LINE
8
BLACK
6
CONTINUOUS
10
0.3716794094488189
20
0.4855031496062992
11
0.3866775196850394
21
0.4855031496062992
0
LINE
8
BLACK
6
CONTINUOUS
10
0.3866775196850394
20
0.4855031496062992
11
0.3874455905511811
21
0.4854275196850393
0
LINE
8
BLACK
6
CONTINUOUS
10
0.3756164173228346
20
0.464880748031496
11
0.3857481102362205
21
0.464880748031496
0
LINE
8
BLACK
6
CONTINUOUS
10
0.3857481102362205
20
0.464880748031496
11
0.3880949212598425
21
0.4660541732283465
0
LINE
8
BLACK
6
CONTINUOUS
10
0.3880949212598425
20
0.4660541732283465
11
0.3890661417322834
21
0.4670253543307086
0
LINE
8
BLACK
6
CONTINUOUS
10
0.3890661417322834
20
0.4670253543307086
11
0.3902395669291339
21
0.4693722047244094
0
LINE
8
BLACK
6
CONTINUOUS
10
0.3902395669291339
20
0.4693722047244094
11
0.3902395669291339
21
0.4731376771653543
0
LINE
8
BLACK
6
CONTINUOUS
10
0.3902395669291339
20
0.4731376771653543
11
0.3890661417322834
21
0.4754844881889764
0
LINE
8
BLACK
6
CONTINUOUS
10
0.3890661417322834
20
0.4754844881889764
11
0.3880949212598425
21
0.4764556692913386
0
LINE
8
BLACK
6
CONTINUOUS
10
0.3880949212598425
20
0.4764556692913386
11
0.3857481102362205
21
0.4776291338582677
0
LINE
8
BLACK
6
CONTINUOUS
10
0.3857481102362205
20
0.4776291338582677
11
0.3756164173228346
21
0.4776291338582677
0
LINE
8
BLACK
6
CONTINUOUS
10
0.3756164173228346
20
0.4776291338582677
11
0.3756164173228346
21
0.464880748031496
0
LINE
8
BLACK
6
CONTINUOUS
10
0.2886845669291339
20
0.4852572440944882
11
0.2899928346456693
21
0.4844521653543307
0
LINE
8
BLACK
6
CONTINUOUS
10
0.2899928346456693
20
0.4844521653543307
11
0.2908934251968504
21
0.483207716535433
0
LINE
8
BLACK
6
CONTINUOUS
10
0.2908934251968504
20
0.483207716535433
11
0.2911449212598425
21
0.482478031496063
0
LINE
8
BLACK
6
CONTINUOUS
10
0.2911449212598425
20
0.482478031496063
11
0.296904842519685
21
0.4582861417322834
0
LINE
8
BLACK
6
CONTINUOUS
10
0.296904842519685
20
0.4582861417322834
11
0.3003837795275591
21
0.4713320078740157
0
LINE
8
BLACK
6
CONTINUOUS
10
0.3003837795275591
20
0.4713320078740157
11
0.3004512598425197
21
0.471511968503937
0
LINE
8
BLACK
6
CONTINUOUS
10
0.3004512598425197
20
0.471511968503937
11
0.3004612992125984
21
0.4715875196850394
0
LINE
8
BLACK
6
CONTINUOUS
10
0.3004612992125984
20
0.4715875196850394
11
0.3005131496062992
21
0.4716771259842519
0
LINE
8
BLACK
6
CONTINUOUS
10
0.3005131496062992
20
0.4716771259842519
11
0.3006547244094488
21
0.4720546456692913
0
LINE
8
BLACK
6
CONTINUOUS
10
0.3006547244094488
20
0.4720546456692913
11
0.3009707086614173
21
0.4724674409448819
0
LINE
8
BLACK
6
CONTINUOUS
10
0.3009707086614173
20
0.4724674409448819
11
0.3012309448818898
21
0.472916968503937
0
LINE
8
BLACK
6
CONTINUOUS
10
0.3012309448818898
20
0.472916968503937
11
0.3014334251968504
21
0.4730719291338583
0
LINE
8
BLACK
6
CONTINUOUS
10
0.3014334251968504
20
0.4730719291338583
11
0.3015884251968504
21
0.4732744488188976
0
LINE
8
BLACK
6
CONTINUOUS
10
0.3015884251968504
20
0.4732744488188976
11
0.3020379921259843
21
0.4735347244094488
0
LINE
8
BLACK
6
CONTINUOUS
10
0.3020379921259843
20
0.4735347244094488
11
0.3024507480314961
21
0.4738506692913386
0
LINE
8
BLACK
6
CONTINUOUS
10
0.3024507480314961
20
0.4738506692913386
11
0.3026972047244094
21
0.4739163779527559
0
LINE
8
BLACK
6
CONTINUOUS
10
0.3026972047244094
20
0.4739163779527559
11
0.302917874015748
21
0.4740441338582677
0
LINE
8
BLACK
6
CONTINUOUS
10
0.302917874015748
20
0.4740441338582677
11
0.3034329133858268
21
0.4741125590551181
0
LINE
8
BLACK
6
CONTINUOUS
10
0.3034329133858268
20
0.4741125590551181
11
0.3039350393700787
21
0.4742464566929134
0
LINE
8
BLACK
6
CONTINUOUS
10
0.3039350393700787
20
0.4742464566929134
11
0.3041877952755905
21
0.4742128346456693
0
LINE
8
BLACK
6
CONTINUOUS
10
0.3041877952755905
20
0.4742128346456693
11
0.3044406299212598
21
0.4742464566929134
0
LINE
8
BLACK
6
CONTINUOUS
10
0.3044406299212598
20
0.4742464566929134
11
0.3049429133858267
21
0.4741124803149606
0
LINE
8
BLACK
6
CONTINUOUS
10
0.3049429133858267
20
0.4741124803149606
11
0.3054577952755905
21
0.474044094488189
0
LINE
8
BLACK
6
CONTINUOUS
10
0.3054577952755905
20
0.474044094488189
11
0.3056783070866141
21
0.4739164173228346
0
LINE
8
BLACK
6
CONTINUOUS
10
0.3056783070866141
20
0.4739164173228346
11
0.3059249212598425
21
0.4738506692913386
0
LINE
8
BLACK
6
CONTINUOUS
10
0.3059249212598425
20
0.4738506692913386
11
0.3063377165354331
21
0.4735346456692913
0
LINE
8
BLACK
6
CONTINUOUS
10
0.3063377165354331
20
0.4735346456692913
11
0.3067872440944882
21
0.4732744488188976
0
LINE
8
BLACK
6
CONTINUOUS
10
0.3067872440944882
20
0.4732744488188976
11
0.3069422047244094
21
0.4730719291338583
0
LINE
8
BLACK
6
CONTINUOUS
10
0.3069422047244094
20
0.4730719291338583
11
0.3071447244094488
21
0.472916968503937
0
LINE
8
BLACK
6
CONTINUOUS
10
0.3071447244094488
20
0.472916968503937
11
0.307405
21
0.4724673228346457
0
LINE
8
BLACK
6
CONTINUOUS
10
0.307405
20
0.4724673228346457
11
0.3077209448818898
21
0.4720546456692913
0
LINE
8
BLACK
6
CONTINUOUS
10
0.3077209448818898
20
0.4720546456692913
11
0.3078624015748032
21
0.4716773622047244
0
LINE
8
BLACK
6
CONTINUOUS
10
0.3078624015748032
20
0.4716773622047244
11
0.3079144094488189
21
0.4715875590551181
0
LINE
8
BLACK
6
CONTINUOUS
10
0.3079144094488189
20
0.4715875590551181
11
0.3079244488188976
21
0.4715118897637795
0
LINE
8
BLACK
6
CONTINUOUS
10
0.3079244488188976
20
0.4715118897637795
11
0.3079919291338583
21
0.471331968503937
0
LINE
8
BLACK
6
CONTINUOUS
10
0.3079919291338583
20
0.471331968503937
11
0.3114707874015748
21
0.4582861417322834
0
LINE
8
BLACK
6
CONTINUOUS
10
0.3114707874015748
20
0.4582861417322834
11
0.3172307874015748
21
0.482478031496063
0
LINE
8
BLACK
6
CONTINUOUS
10
0.3172307874015748
20
0.482478031496063
11
0.3174822834645669
21
0.483207716535433
0
LINE
8
BLACK
6
CONTINUOUS
10
0.3174822834645669
20
0.483207716535433
11
0.3183828740157481
21
0.4844521653543307
0
LINE
8
BLACK
6
CONTINUOUS
10
0.3183828740157481
20
0.4844521653543307
11
0.3196911417322835
21
0.4852572440944882
0
LINE
8
BLACK
6
CONTINUOUS
10
0.3196911417322835
20
0.4852572440944882
11
0.3212079527559055
21
0.4855003937007874
0
LINE
8
BLACK
6
CONTINUOUS
10
0.3212079527559055
20
0.4855003937007874
11
0.3227023228346457
21
0.4851446062992126
0
LINE
8
BLACK
6
CONTINUOUS
10
0.3227023228346457
20
0.4851446062992126
11
0.3239467716535433
21
0.4842440157480315
0
LINE
8
BLACK
6
CONTINUOUS
10
0.3239467716535433
20
0.4842440157480315
11
0.3247518503937008
21
0.4829357086614173
0
LINE
8
BLACK
6
CONTINUOUS
10
0.3247518503937008
20
0.4829357086614173
11
0.3249950393700787
21
0.481418937007874
0
LINE
8
BLACK
6
CONTINUOUS
10
0.3249950393700787
20
0.481418937007874
11
0.3248907086614173
21
0.4806542519685039
0
LINE
8
BLACK
6
CONTINUOUS
10
0.3248907086614173
20
0.4806542519685039
11
0.3155168503937008
21
0.4412841732283465
0
LINE
8
BLACK
6
CONTINUOUS
10
0.3155168503937008
20
0.4412841732283465
11
0.3154260236220472
21
0.4410206692913386
0
LINE
8
BLACK
6
CONTINUOUS
10
0.3154260236220472
20
0.4410206692913386
11
0.3154134645669291
21
0.440926062992126
0
LINE
8
BLACK
6
CONTINUOUS
10
0.3154134645669291
20
0.440926062992126
11
0.315363937007874
21
0.4408405118110236
0
LINE
8
BLACK
6
CONTINUOUS
10
0.315363937007874
20
0.4408405118110236
11
0.3152653543307087
21
0.4405544881889764
0
LINE
8
BLACK
6
CONTINUOUS
10
0.3152653543307087
20
0.4405544881889764
11
0.3149301968503937
21
0.4400913779527559
0
LINE
8
BLACK
6
CONTINUOUS
10
0.3149301968503937
20
0.4400913779527559
11
0.3146437795275591
21
0.4395966535433071
0
LINE
8
BLACK
6
CONTINUOUS
10
0.3146437795275591
20
0.4395966535433071
11
0.3144832283464567
21
0.4394737795275591
0
LINE
8
BLACK
6
CONTINUOUS
10
0.3144832283464567
20
0.4394737795275591
11
0.3143647637795275
21
0.4393100393700787
0
LINE
8
BLACK
6
CONTINUOUS
10
0.3143647637795275
20
0.4393100393700787
11
0.313878031496063
21
0.4390105118110236
0
LINE
8
BLACK
6
CONTINUOUS
10
0.313878031496063
20
0.4390105118110236
11
0.3134239763779528
21
0.4386629527559055
0
LINE
8
BLACK
6
CONTINUOUS
10
0.3134239763779528
20
0.4386629527559055
11
0.3132285433070866
21
0.4386108267716535
0
LINE
8
BLACK
6
CONTINUOUS
10
0.3132285433070866
20
0.4386108267716535
11
0.3130564960629921
21
0.4385049606299212
0
LINE
8
BLACK
6
CONTINUOUS
10
0.3130564960629921
20
0.4385049606299212
11
0.312492125984252
21
0.4384144488188976
0
LINE
8
BLACK
6
CONTINUOUS
10
0.312492125984252
20
0.4384144488188976
11
0.3119396850393701
21
0.4382671653543307
0
LINE
8
BLACK
6
CONTINUOUS
10
0.3119396850393701
20
0.4382671653543307
11
0.3117393307086614
21
0.438293779527559
0
LINE
8
BLACK
6
CONTINUOUS
10
0.3117393307086614
20
0.438293779527559
11
0.3115396850393701
21
0.4382617716535433
0
LINE
8
BLACK
6
CONTINUOUS
10
0.3115396850393701
20
0.4382617716535433
11
0.3109834251968504
21
0.4383942125984252
0
LINE
8
BLACK
6
CONTINUOUS
10
0.3109834251968504
20
0.4383942125984252
11
0.3104169291338583
21
0.4384694881889764
0
LINE
8
BLACK
6
CONTINUOUS
10
0.3104169291338583
20
0.4384694881889764
11
0.310241968503937
21
0.438570748031496
0
LINE
8
BLACK
6
CONTINUOUS
10
0.310241968503937
20
0.438570748031496
11
0.3100453149606299
21
0.4386175984251968
0
LINE
8
BLACK
6
CONTINUOUS
10
0.3100453149606299
20
0.4386175984251968
11
0.3095821259842519
21
0.4389527559055118
0
LINE
8
BLACK
6
CONTINUOUS
10
0.3095821259842519
20
0.4389527559055118
11
0.3090874803149606
21
0.4392391732283464
0
LINE
8
BLACK
6
CONTINUOUS
10
0.3090874803149606
20
0.4392391732283464
11
0.3089646062992126
21
0.43939968503937
0
LINE
8
BLACK
6
CONTINUOUS
10
0.3089646062992126
20
0.43939968503937
11
0.3088008661417323
21
0.439518188976378
0
LINE
8
BLACK
6
CONTINUOUS
10
0.3088008661417323
20
0.439518188976378
11
0.3085013385826771
21
0.4400048818897638
0
LINE
8
BLACK
6
CONTINUOUS
10
0.3085013385826771
20
0.4400048818897638
11
0.3081537795275591
21
0.4404589763779527
0
LINE
8
BLACK
6
CONTINUOUS
10
0.3081537795275591
20
0.4404589763779527
11
0.3080474803149606
21
0.4407424015748032
0
LINE
8
BLACK
6
CONTINUOUS
10
0.3080474803149606
20
0.4407424015748032
11
0.3079957874015748
21
0.4408264566929134
0
LINE
8
BLACK
6
CONTINUOUS
10
0.3079957874015748
20
0.4408264566929134
11
0.3079806692913385
21
0.4409205905511811
0
LINE
8
BLACK
6
CONTINUOUS
10
0.3079806692913385
20
0.4409205905511811
11
0.3078828346456693
21
0.4411816141732283
0
LINE
8
BLACK
6
CONTINUOUS
10
0.3078828346456693
20
0.4411816141732283
11
0.3041878346456693
21
0.4550377952755905
0
LINE
8
BLACK
6
CONTINUOUS
10
0.3041878346456693
20
0.4550377952755905
11
0.300492874015748
21
0.4411816535433071
0
LINE
8
BLACK
6
CONTINUOUS
10
0.300492874015748
20
0.4411816535433071
11
0.3003949606299213
21
0.4409205511811023
0
LINE
8
BLACK
6
CONTINUOUS
10
0.3003949606299213
20
0.4409205511811023
11
0.3003798818897638
21
0.4408264566929134
0
LINE
8
BLACK
6
CONTINUOUS
10
0.3003798818897638
20
0.4408264566929134
11
0.3003281496062992
21
0.4407424409448819
0
LINE
8
BLACK
6
CONTINUOUS
10
0.3003281496062992
20
0.4407424409448819
11
0.3002218897637795
21
0.4404589763779527
0
LINE
8
BLACK
6
CONTINUOUS
10
0.3002218897637795
20
0.4404589763779527
11
0.2998742913385827
21
0.4400048818897638
0
LINE
8
BLACK
6
CONTINUOUS
10
0.2998742913385827
20
0.4400048818897638
11
0.2995748031496063
21
0.439518188976378
0
LINE
8
BLACK
6
CONTINUOUS
10
0.2995748031496063
20
0.439518188976378
11
0.2994110236220472
21
0.43939968503937
0
LINE
8
BLACK
6
CONTINUOUS
10
0.2994110236220472
20
0.43939968503937
11
0.2992881889763779
21
0.4392391732283464
0
LINE
8
BLACK
6
CONTINUOUS
10
0.2992881889763779
20
0.4392391732283464
11
0.2987935826771653
21
0.4389528346456693
0
LINE
8
BLACK
6
CONTINUOUS
10
0.2987935826771653
20
0.4389528346456693
11
0.2983303543307086
21
0.4386175984251968
0
LINE
8
BLACK
6
CONTINUOUS
10
0.2983303543307086
20
0.4386175984251968
11
0.2981335433070866
21
0.4385707086614173
0
LINE
8
BLACK
6
CONTINUOUS
10
0.2981335433070866
20
0.4385707086614173
11
0.2979587401574803
21
0.4384695275590551
0
LINE
8
BLACK
6
CONTINUOUS
10
0.2979587401574803
20
0.4384695275590551
11
0.2973924409448819
21
0.4383942519685039
0
LINE
8
BLACK
6
CONTINUOUS
10
0.2973924409448819
20
0.4383942519685039
11
0.2968359842519685
21
0.4382617716535433
0
LINE
8
BLACK
6
CONTINUOUS
10
0.2968359842519685
20
0.4382617716535433
11
0.2966362992125984
21
0.438293779527559
0
LINE
8
BLACK
6
CONTINUOUS
10
0.2966362992125984
20
0.438293779527559
11
0.2964359842519685
21
0.4382671653543307
0
LINE
8
BLACK
6
CONTINUOUS
10
0.2964359842519685
20
0.4382671653543307
11
0.2958835039370079
21
0.4384144488188976
0
LINE
8
BLACK
6
CONTINUOUS
10
0.2958835039370079
20
0.4384144488188976
11
0.2953191732283464
21
0.4385049606299212
0
LINE
8
BLACK
6
CONTINUOUS
10
0.2953191732283464
20
0.4385049606299212
11
0.2951470866141732
21
0.4386108267716535
0
LINE
8
BLACK
6
CONTINUOUS
10
0.2951470866141732
20
0.4386108267716535
11
0.2949516929133858
21
0.4386629527559055
0
LINE
8
BLACK
6
CONTINUOUS
10
0.2949516929133858
20
0.4386629527559055
11
0.2944975984251968
21
0.4390105118110236
0
LINE
8
BLACK
6
CONTINUOUS
10
0.2944975984251968
20
0.4390105118110236
11
0.294010905511811
21
0.4393100393700787
0
LINE
8
BLACK
6
CONTINUOUS
10
0.294010905511811
20
0.4393100393700787
11
0.2938924015748031
21
0.4394737795275591
0
LINE
8
BLACK
6
CONTINUOUS
10
0.2938924015748031
20
0.4394737795275591
11
0.2937318897637795
21
0.4395966535433071
0
LINE
8
BLACK
6
CONTINUOUS
10
0.2937318897637795
20
0.4395966535433071
11
0.2934455511811024
21
0.4400912204724409
0
LINE
8
BLACK
6
CONTINUOUS
10
0.2934455511811024
20
0.4400912204724409
11
0.2931103149606299
21
0.4405544881889764
0
LINE
8
BLACK
6
CONTINUOUS
10
0.2931103149606299
20
0.4405544881889764
11
0.2930116141732284
21
0.440840748031496
0
LINE
8
BLACK
6
CONTINUOUS
10
0.2930116141732284
20
0.440840748031496
11
0.2929622440944882
21
0.4409261023622047
0
LINE
8
BLACK
6
CONTINUOUS
10
0.2929622440944882
20
0.4409261023622047
11
0.2929496850393701
21
0.4410204724409449
0
LINE
8
BLACK
6
CONTINUOUS
10
0.2929496850393701
20
0.4410204724409449
11
0.2928588188976378
21
0.4412841732283465
0
LINE
8
BLACK
6
CONTINUOUS
10
0.2928588188976378
20
0.4412841732283465
11
0.283485
21
0.4806542519685039
0
LINE
8
BLACK
6
CONTINUOUS
10
0.283485
20
0.4806542519685039
11
0.2833806692913386
21
0.481418937007874
0
LINE
8
BLACK
6
CONTINUOUS
10
0.2833806692913386
20
0.481418937007874
11
0.2836238582677165
21
0.482935748031496
0
LINE
8
BLACK
6
CONTINUOUS
10
0.2836238582677165
20
0.482935748031496
11
0.284428937007874
21
0.4842440157480315
0
LINE
8
BLACK
6
CONTINUOUS
10
0.284428937007874
20
0.4842440157480315
11
0.2856733858267717
21
0.4851446062992126
0
LINE
8
BLACK
6
CONTINUOUS
10
0.2856733858267717
20
0.4851446062992126
11
0.2871677559055118
21
0.4855004330708662
0
LINE
8
BLACK
6
CONTINUOUS
10
0.2871677559055118
20
0.4855004330708662
11
0.2886845669291339
21
0.4852572440944882
0
LINE
8
BLACK
6
CONTINUOUS
10
0.1549658267716535
20
0.4853832677165354
11
0.1552464566929134
21
0.4853633464566929
0
LINE
8
BLACK
6
CONTINUOUS
10
0.1552464566929134
20
0.4853633464566929
11
0.155688031496063
21
0.4851425196850394
0
LINE
8
BLACK
6
CONTINUOUS
10
0.155688031496063
20
0.4851425196850394
11
0.1561562992125984
21
0.4849864566929133
0
LINE
8
BLACK
6
CONTINUOUS
10
0.1561562992125984
20
0.4849864566929133
11
0.1563687795275591
21
0.4848021653543307
0
LINE
8
BLACK
6
CONTINUOUS
10
0.1563687795275591
20
0.4848021653543307
11
0.1566204330708661
21
0.4846763385826772
0
LINE
8
BLACK
6
CONTINUOUS
10
0.1566204330708661
20
0.4846763385826772
11
0.1569439763779528
21
0.4843032677165354
0
LINE
8
BLACK
6
CONTINUOUS
10
0.1569439763779528
20
0.4843032677165354
11
0.1573167716535433
21
0.4839799606299213
0
LINE
8
BLACK
6
CONTINUOUS
10
0.1573167716535433
20
0.4839799606299213
11
0.1574424803149606
21
0.4837285039370078
0
LINE
8
BLACK
6
CONTINUOUS
10
0.1574424803149606
20
0.4837285039370078
11
0.1576269291338583
21
0.4835158661417323
0
LINE
8
BLACK
6
CONTINUOUS
10
0.1576269291338583
20
0.4835158661417323
11
0.1579415354330709
21
0.4828111417322835
0
LINE
8
BLACK
6
CONTINUOUS
10
0.1579415354330709
20
0.4828111417322835
11
0.1710648818897638
21
0.443441062992126
0
LINE
8
BLACK
6
CONTINUOUS
10
0.1710648818897638
20
0.443441062992126
11
0.1712360236220472
21
0.4426885039370079
0
LINE
8
BLACK
6
CONTINUOUS
10
0.1712360236220472
20
0.4426885039370079
11
0.171127125984252
21
0.4411562204724409
0
LINE
8
BLACK
6
CONTINUOUS
10
0.171127125984252
20
0.4411562204724409
11
0.1704401181102362
21
0.4397822440944882
0
LINE
8
BLACK
6
CONTINUOUS
10
0.1704401181102362
20
0.4397822440944882
11
0.1692796456692913
21
0.438775748031496
0
LINE
8
BLACK
6
CONTINUOUS
10
0.1692796456692913
20
0.438775748031496
11
0.1678223228346457
21
0.4382899606299213
0
LINE
8
BLACK
6
CONTINUOUS
10
0.1678223228346457
20
0.4382899606299213
11
0.1662900393700787
21
0.4383988976377953
0
LINE
8
BLACK
6
CONTINUOUS
10
0.1662900393700787
20
0.4383988976377953
11
0.164916062992126
21
0.4390858661417323
0
LINE
8
BLACK
6
CONTINUOUS
10
0.164916062992126
20
0.4390858661417323
11
0.1639095669291339
21
0.4402463385826771
0
LINE
8
BLACK
6
CONTINUOUS
10
0.1639095669291339
20
0.4402463385826771
11
0.1635949606299213
21
0.4409511023622047
0
LINE
8
BLACK
6
CONTINUOUS
10
0.1635949606299213
20
0.4409511023622047
11
0.1607427559055118
21
0.4495076771653543
0
LINE
8
BLACK
6
CONTINUOUS
10
0.1607427559055118
20
0.4495076771653543
11
0.1476703937007874
21
0.4495076771653543
0
LINE
8
BLACK
6
CONTINUOUS
10
0.1476703937007874
20
0.4495076771653543
11
0.1448181889763779
21
0.440951062992126
0
LINE
8
BLACK
6
CONTINUOUS
10
0.1448181889763779
20
0.440951062992126
11
0.1445035826771653
21
0.4402463385826771
0
LINE
8
BLACK
6
CONTINUOUS
10
0.1445035826771653
20
0.4402463385826771
11
0.1434970866141732
21
0.4390858661417323
0
LINE
8
BLACK
6
CONTINUOUS
10
0.1434970866141732
20
0.4390858661417323
11
0.1421231102362205
21
0.4383988582677165
0
LINE
8
BLACK
6
CONTINUOUS
10
0.1421231102362205
20
0.4383988582677165
11
0.1405908267716535
21
0.4382899606299213
0
LINE
8
BLACK
6
CONTINUOUS
10
0.1405908267716535
20
0.4382899606299213
11
0.1391335039370079
21
0.4387757086614173
0
LINE
8
BLACK
6
CONTINUOUS
10
0.1391335039370079
20
0.4387757086614173
11
0.137973031496063
21
0.4397822047244094
0
LINE
8
BLACK
6
CONTINUOUS
10
0.137973031496063
20
0.4397822047244094
11
0.1372860236220473
21
0.4411561811023622
0
LINE
8
BLACK
6
CONTINUOUS
10
0.1372860236220473
20
0.4411561811023622
11
0.137177125984252
21
0.4426884645669291
0
LINE
8
BLACK
6
CONTINUOUS
10
0.137177125984252
20
0.4426884645669291
11
0.1373482677165354
21
0.443441062992126
0
LINE
8
BLACK
6
CONTINUOUS
10
0.1373482677165354
20
0.443441062992126
11
0.1504716141732284
21
0.4828111023622047
0
LINE
8
BLACK
6
CONTINUOUS
10
0.1504716141732284
20
0.4828111023622047
11
0.1507862204724409
21
0.4835158661417323
0
LINE
8
BLACK
6
CONTINUOUS
10
0.1507862204724409
20
0.4835158661417323
11
0.1509705905511811
21
0.4837284251968504
0
LINE
8
BLACK
6
CONTINUOUS
10
0.1509705905511811
20
0.4837284251968504
11
0.1510963779527559
21
0.48398
0
LINE
8
BLACK
6
CONTINUOUS
10
0.1510963779527559
20
0.48398
11
0.1514692519685039
21
0.4843034251968504
0
LINE
8
BLACK
6
CONTINUOUS
10
0.1514692519685039
20
0.4843034251968504
11
0.1517927165354331
21
0.4846763385826772
0
LINE
8
BLACK
6
CONTINUOUS
10
0.1517927165354331
20
0.4846763385826772
11
0.1520442125984252
21
0.4848020866141732
0
LINE
8
BLACK
6
CONTINUOUS
10
0.1520442125984252
20
0.4848020866141732
11
0.1522568503937008
21
0.4849864960629921
0
LINE
8
BLACK
6
CONTINUOUS
10
0.1522568503937008
20
0.4849864960629921
11
0.1527253937007874
21
0.4851426771653543
0
LINE
8
BLACK
6
CONTINUOUS
10
0.1527253937007874
20
0.4851426771653543
11
0.1531666929133858
21
0.4853633070866142
0
LINE
8
BLACK
6
CONTINUOUS
10
0.1531666929133858
20
0.4853633070866142
11
0.1534471653543307
21
0.4853832283464567
0
LINE
8
BLACK
6
CONTINUOUS
10
0.1534471653543307
20
0.4853832283464567
11
0.1537141732283465
21
0.4854722440944882
0
LINE
8
BLACK
6
CONTINUOUS
10
0.1537141732283465
20
0.4854722440944882
11
0.1542066535433071
21
0.4854372047244094
0
LINE
8
BLACK
6
CONTINUOUS
10
0.1542066535433071
20
0.4854372047244094
11
0.1546989763779527
21
0.4854722440944882
0
LINE
8
BLACK
6
CONTINUOUS
10
0.1546989763779527
20
0.4854722440944882
11
0.1549658267716535
21
0.4853832677165354
0
LINE
8
BLACK
6
CONTINUOUS
10
0.1502950787401575
20
0.4573816929133858
11
0.1581181102362205
21
0.4573816929133858
0
LINE
8
BLACK
6
CONTINUOUS
10
0.1581181102362205
20
0.4573816929133858
11
0.1542065748031496
21
0.4691162204724409
0
LINE
8
BLACK
6
CONTINUOUS
10
0.1542065748031496
20
0.4691162204724409
11
0.1502950787401575
21
0.4573816929133858
0
LINE
8
BLACK
6
CONTINUOUS
10
0.1980942519685039
20
0.4854275196850393
11
0.1995134645669291
21
0.4848396456692913
0
LINE
8
BLACK
6
CONTINUOUS
10
0.1995134645669291
20
0.4848396456692913
11
0.2005996850393701
21
0.4837534251968504
0
LINE
8
BLACK
6
CONTINUOUS
10
0.2005996850393701
20
0.4837534251968504
11
0.2011875590551181
21
0.4823342125984252
0
LINE
8
BLACK
6
CONTINUOUS
10
0.2011875590551181
20
0.4823342125984252
11
0.2011875590551181
21
0.4807980708661417
0
LINE
8
BLACK
6
CONTINUOUS
10
0.2011875590551181
20
0.4807980708661417
11
0.2005996850393701
21
0.4793788582677165
0
LINE
8
BLACK
6
CONTINUOUS
10
0.2005996850393701
20
0.4793788582677165
11
0.1995134645669291
21
0.4782926377952756
0
LINE
8
BLACK
6
CONTINUOUS
10
0.1995134645669291
20
0.4782926377952756
11
0.1980942519685039
21
0.4777047637795275
0
LINE
8
BLACK
6
CONTINUOUS
10
0.1980942519685039
20
0.4777047637795275
11
0.1973261811023622
21
0.4776291338582677
0
LINE
8
BLACK
6
CONTINUOUS
10
0.1973261811023622
20
0.4776291338582677
11
0.1900146062992126
21
0.4776291338582677
0
LINE
8
BLACK
6
CONTINUOUS
10
0.1900146062992126
20
0.4776291338582677
11
0.1900146062992126
21
0.442196062992126
0
LINE
8
BLACK
6
CONTINUOUS
10
0.1900146062992126
20
0.442196062992126
11
0.1899389763779528
21
0.4414279921259842
0
LINE
8
BLACK
6
CONTINUOUS
10
0.1899389763779528
20
0.4414279921259842
11
0.1893511023622047
21
0.4400087795275591
0
LINE
8
BLACK
6
CONTINUOUS
10
0.1893511023622047
20
0.4400087795275591
11
0.1882648818897638
21
0.4389225590551181
0
LINE
8
BLACK
6
CONTINUOUS
10
0.1882648818897638
20
0.4389225590551181
11
0.1868456692913386
21
0.4383346850393701
0
LINE
8
BLACK
6
CONTINUOUS
10
0.1868456692913386
20
0.4383346850393701
11
0.1853095275590551
21
0.4383346850393701
0
LINE
8
BLACK
6
CONTINUOUS
10
0.1853095275590551
20
0.4383346850393701
11
0.1838903149606299
21
0.4389225590551181
0
LINE
8
BLACK
6
CONTINUOUS
10
0.1838903149606299
20
0.4389225590551181
11
0.182804094488189
21
0.4400087795275591
0
LINE
8
BLACK
6
CONTINUOUS
10
0.182804094488189
20
0.4400087795275591
11
0.1822162204724409
21
0.4414279921259842
0
LINE
8
BLACK
6
CONTINUOUS
10
0.1822162204724409
20
0.4414279921259842
11
0.1821405905511811
21
0.442196062992126
0
LINE
8
BLACK
6
CONTINUOUS
10
0.1821405905511811
20
0.442196062992126
11
0.1821405905511811
21
0.4776291338582677
0
LINE
8
BLACK
6
CONTINUOUS
10
0.1821405905511811
20
0.4776291338582677
11
0.1748290157480315
21
0.4776291338582677
0
LINE
8
BLACK
6
CONTINUOUS
10
0.1748290157480315
20
0.4776291338582677
11
0.1740609448818898
21
0.4777047637795275
0
LINE
8
BLACK
6
CONTINUOUS
10
0.1740609448818898
20
0.4777047637795275
11
0.1726417322834645
21
0.4782926377952756
0
LINE
8
BLACK
6
CONTINUOUS
10
0.1726417322834645
20
0.4782926377952756
11
0.1715555118110236
21
0.4793788582677165
0
LINE
8
BLACK
6
CONTINUOUS
10
0.1715555118110236
20
0.4793788582677165
11
0.1709676377952756
21
0.4807980708661417
0
LINE
8
BLACK
6
CONTINUOUS
10
0.1709676377952756
20
0.4807980708661417
11
0.1709676377952756
21
0.4823342125984252
0
LINE
8
BLACK
6
CONTINUOUS
10
0.1709676377952756
20
0.4823342125984252
11
0.1715555118110236
21
0.4837534251968504
0
LINE
8
BLACK
6
CONTINUOUS
10
0.1715555118110236
20
0.4837534251968504
11
0.1726417322834645
21
0.4848396456692913
0
LINE
8
BLACK
6
CONTINUOUS
10
0.1726417322834645
20
0.4848396456692913
11
0.1740609448818898
21
0.4854275196850393
0
LINE
8
BLACK
6
CONTINUOUS
10
0.1740609448818898
20
0.4854275196850393
11
0.1748290157480315
21
0.4855031496062992
0
LINE
8
BLACK
6
CONTINUOUS
10
0.1748290157480315
20
0.4855031496062992
11
0.1973261811023622
21
0.4855031496062992
0
LINE
8
BLACK
6
CONTINUOUS
10
0.1973261811023622
20
0.4855031496062992
11
0.1980942519685039
21
0.4854275196850393
0
LINE
8
BLACK
6
CONTINUOUS
10
0.2262157480314961
20
0.4854275196850393
11
0.2263464566929134
21
0.4853733464566929
0
LINE
8
BLACK
6
CONTINUOUS
10
0.2263464566929134
20
0.4853733464566929
11
0.2264875590551181
21
0.4853633464566929
0
LINE
8
BLACK
6
CONTINUOUS
10
0.2264875590551181
20
0.4853633464566929
11
0.2272083464566929
21
0.4850875196850394
0
LINE
8
BLACK
6
CONTINUOUS
10
0.2272083464566929
20
0.4850875196850394
11
0.230957874015748
21
0.4832127559055118
0
LINE
8
BLACK
6
CONTINUOUS
10
0.230957874015748
20
0.4832127559055118
11
0.2312884251968504
21
0.4830046456692914
0
LINE
8
BLACK
6
CONTINUOUS
10
0.2312884251968504
20
0.4830046456692914
11
0.2313844881889764
21
0.4829648818897638
0
LINE
8
BLACK
6
CONTINUOUS
10
0.2313844881889764
20
0.4829648818897638
11
0.2314925984251968
21
0.4828761417322834
0
LINE
8
BLACK
6
CONTINUOUS
10
0.2314925984251968
20
0.4828761417322834
11
0.2316110236220472
21
0.4828016141732283
0
LINE
8
BLACK
6
CONTINUOUS
10
0.2316110236220472
20
0.4828016141732283
11
0.231679094488189
21
0.4827230708661417
0
LINE
8
BLACK
6
CONTINUOUS
10
0.231679094488189
20
0.4827230708661417
11
0.2319811023622047
21
0.4824752755905511
0
LINE
8
BLACK
6
CONTINUOUS
10
0.2319811023622047
20
0.4824752755905511
11
0.2338558267716535
21
0.4806005118110236
0
LINE
8
BLACK
6
CONTINUOUS
10
0.2338558267716535
20
0.4806005118110236
11
0.2341035433070866
21
0.4802986614173228
0
LINE
8
BLACK
6
CONTINUOUS
10
0.2341035433070866
20
0.4802986614173228
11
0.2341822047244095
21
0.4802304724409449
0
LINE
8
BLACK
6
CONTINUOUS
10
0.2341822047244095
20
0.4802304724409449
11
0.2342567322834646
21
0.4801120078740158
0
LINE
8
BLACK
6
CONTINUOUS
10
0.2342567322834646
20
0.4801120078740158
11
0.2343454724409449
21
0.480003937007874
0
LINE
8
BLACK
6
CONTINUOUS
10
0.2343454724409449
20
0.480003937007874
11
0.2343852362204724
21
0.4799078346456693
0
LINE
8
BLACK
6
CONTINUOUS
10
0.2343852362204724
20
0.4799078346456693
11
0.2345933464566929
21
0.4795772834645669
0
LINE
8
BLACK
6
CONTINUOUS
10
0.2345933464566929
20
0.4795772834645669
11
0.2364681102362205
21
0.4758277952755905
0
LINE
8
BLACK
6
CONTINUOUS
10
0.2364681102362205
20
0.4758277952755905
11
0.236743937007874
21
0.475106968503937
0
LINE
8
BLACK
6
CONTINUOUS
10
0.236743937007874
20
0.475106968503937
11
0.236753937007874
21
0.4749658661417323
0
LINE
8
BLACK
6
CONTINUOUS
10
0.236753937007874
20
0.4749658661417323
11
0.2368081102362205
21
0.474835157480315
0
LINE
8
BLACK
6
CONTINUOUS
10
0.2368081102362205
20
0.474835157480315
11
0.2368837401574803
21
0.4740670866141732
0
LINE
8
BLACK
6
CONTINUOUS
10
0.2368837401574803
20
0.4740670866141732
11
0.2368837401574803
21
0.4684427952755905
0
LINE
8
BLACK
6
CONTINUOUS
10
0.2368837401574803
20
0.4684427952755905
11
0.2368081102362205
21
0.4676747244094488
0
LINE
8
BLACK
6
CONTINUOUS
10
0.2368081102362205
20
0.4676747244094488
11
0.236753937007874
21
0.4675439763779528
0
LINE
8
BLACK
6
CONTINUOUS
10
0.236753937007874
20
0.4675439763779528
11
0.236743937007874
21
0.4674029133858267
0
LINE
8
BLACK
6
CONTINUOUS
10
0.236743937007874
20
0.4674029133858267
11
0.2364681102362205
21
0.4666820866141732
0
LINE
8
BLACK
6
CONTINUOUS
10
0.2364681102362205
20
0.4666820866141732
11
0.2345933464566929
21
0.4629325984251969
0
LINE
8
BLACK
6
CONTINUOUS
10
0.2345933464566929
20
0.4629325984251969
11
0.2343852362204724
21
0.4626020078740157
0
LINE
8
BLACK
6
CONTINUOUS
10
0.2343852362204724
20
0.4626020078740157
11
0.2343454724409449
21
0.4625059448818897
0
LINE
8
BLACK
6
CONTINUOUS
10
0.2343454724409449
20
0.4625059448818897
11
0.2342567322834646
21
0.4623978346456693
0
LINE
8
BLACK
6
CONTINUOUS
10
0.2342567322834646
20
0.4623978346456693
11
0.2341822047244095
21
0.4622794094488189
0
LINE
8
BLACK
6
CONTINUOUS
10
0.2341822047244095
20
0.4622794094488189
11
0.2341035433070866
21
0.4622111811023622
0
LINE
8
BLACK
6
CONTINUOUS
10
0.2341035433070866
20
0.4622111811023622
11
0.2338558267716535
21
0.4619093700787402
0
LINE
8
BLACK
6
CONTINUOUS
10
0.2338558267716535
20
0.4619093700787402
11
0.2319811023622047
21
0.4600346062992126
0
LINE
8
BLACK
6
CONTINUOUS
10
0.2319811023622047
20
0.4600346062992126
11
0.231679094488189
21
0.4597867716535433
0
LINE
8
BLACK
6
CONTINUOUS
10
0.231679094488189
20
0.4597867716535433
11
0.2316110236220472
21
0.4597082677165354
0
LINE
8
BLACK
6
CONTINUOUS
10
0.2316110236220472
20
0.4597082677165354
11
0.2314925984251968
21
0.4596337007874016
0
LINE
8
BLACK
6
CONTINUOUS
10
0.2314925984251968
20
0.4596337007874016
11
0.2313844881889764
21
0.459545
0
LINE
8
BLACK
6
CONTINUOUS
10
0.2313844881889764
20
0.459545
11
0.2312884251968504
21
0.4595051968503937
0
LINE
8
BLACK
6
CONTINUOUS
10
0.2312884251968504
20
0.4595051968503937
11
0.230957874015748
21
0.4592971259842519
0
LINE
8
BLACK
6
CONTINUOUS
10
0.230957874015748
20
0.4592971259842519
11
0.2272083464566929
21
0.4574223622047244
0
LINE
8
BLACK
6
CONTINUOUS
10
0.2272083464566929
20
0.4574223622047244
11
0.2264875590551181
21
0.4571465354330709
0
LINE
8
BLACK
6
CONTINUOUS
10
0.2264875590551181
20
0.4571465354330709
11
0.2263464566929134
21
0.4571364960629921
0
LINE
8
BLACK
6
CONTINUOUS
10
0.2263464566929134
20
0.4571364960629921
11
0.2262157480314961
21
0.4570823622047244
0
LINE
8
BLACK
6
CONTINUOUS
10
0.2262157480314961
20
0.4570823622047244
11
0.2254476771653543
21
0.4570067322834646
0
LINE
8
BLACK
6
CONTINUOUS
10
0.2254476771653543
20
0.4570067322834646
11
0.2143865748031496
21
0.4570067322834646
0
LINE
8
BLACK
6
CONTINUOUS
10
0.2143865748031496
20
0.4570067322834646
11
0.2143865748031496
21
0.442196062992126
0
LINE
8
BLACK
6
CONTINUOUS
10
0.2143865748031496
20
0.442196062992126
11
0.2143109448818898
21
0.4414279921259842
0
LINE
8
BLACK
6
CONTINUOUS
10
0.2143109448818898
20
0.4414279921259842
11
0.2137230708661417
21
0.4400087795275591
0
LINE
8
BLACK
6
CONTINUOUS
10
0.2137230708661417
20
0.4400087795275591
11
0.2126368503937008
21
0.4389225590551181
0
LINE
8
BLACK
6
CONTINUOUS
10
0.2126368503937008
20
0.4389225590551181
11
0.2112176377952756
21
0.4383346850393701
0
LINE
8
BLACK
6
CONTINUOUS
10
0.2112176377952756
20
0.4383346850393701
11
0.2096814960629921
21
0.4383346850393701
0
LINE
8
BLACK
6
CONTINUOUS
10
0.2096814960629921
20
0.4383346850393701
11
0.2082622834645669
21
0.4389225590551181
0
LINE
8
BLACK
6
CONTINUOUS
10
0.2082622834645669
20
0.4389225590551181
11
0.207176062992126
21
0.4400087795275591
0
LINE
8
BLACK
6
CONTINUOUS
10
0.207176062992126
20
0.4400087795275591
11
0.206588188976378
21
0.4414279921259842
0
LINE
8
BLACK
6
CONTINUOUS
10
0.206588188976378
20
0.4414279921259842
11
0.2065125590551181
21
0.442196062992126
0
LINE
8
BLACK
6
CONTINUOUS
10
0.2065125590551181
20
0.442196062992126
11
0.2065125590551181
21
0.4815661417322835
0
LINE
8
BLACK
6
CONTINUOUS
10
0.2065125590551181
20
0.4815661417322835
11
0.206588188976378
21
0.4823342125984252
0
LINE
8
BLACK
6
CONTINUOUS
10
0.206588188976378
20
0.4823342125984252
11
0.207176062992126
21
0.4837534251968504
0
LINE
8
BLACK
6
CONTINUOUS
10
0.207176062992126
20
0.4837534251968504
11
0.2082622834645669
21
0.4848396456692913
0
LINE
8
BLACK
6
CONTINUOUS
10
0.2082622834645669
20
0.4848396456692913
11
0.2096814960629921
21
0.4854275196850393
0
LINE
8
BLACK
6
CONTINUOUS
10
0.2096814960629921
20
0.4854275196850393
11
0.2104495669291339
21
0.4855031496062992
0
LINE
8
BLACK
6
CONTINUOUS
10
0.2104495669291339
20
0.4855031496062992
11
0.2254476771653543
21
0.4855031496062992
0
LINE
8
BLACK
6
CONTINUOUS
10
0.2254476771653543
20
0.4855031496062992
11
0.2262157480314961
21
0.4854275196850393
0
LINE
8
BLACK
6
CONTINUOUS
10
0.2143865748031496
20
0.464880748031496
11
0.2245182677165354
21
0.464880748031496
0
LINE
8
BLACK
6
CONTINUOUS
10
0.2245182677165354
20
0.464880748031496
11
0.2268650787401575
21
0.4660541732283465
0
LINE
8
BLACK
6
CONTINUOUS
10
0.2268650787401575
20
0.4660541732283465
11
0.2278362992125984
21
0.4670253543307086
0
LINE
8
BLACK
6
CONTINUOUS
10
0.2278362992125984
20
0.4670253543307086
11
0.2290097244094488
21
0.4693722047244094
0
LINE
8
BLACK
6
CONTINUOUS
10
0.2290097244094488
20
0.4693722047244094
11
0.2290097244094488
21
0.4731376771653543
0
LINE
8
BLACK
6
CONTINUOUS
10
0.2290097244094488
20
0.4731376771653543
11
0.2278362992125984
21
0.4754844881889764
0
LINE
8
BLACK
6
CONTINUOUS
10
0.2278362992125984
20
0.4754844881889764
11
0.2268650787401575
21
0.4764556692913386
0
LINE
8
BLACK
6
CONTINUOUS
10
0.2268650787401575
20
0.4764556692913386
11
0.2245182677165354
21
0.4776291338582677
0
LINE
8
BLACK
6
CONTINUOUS
10
0.2245182677165354
20
0.4776291338582677
11
0.2143865748031496
21
0.4776291338582677
0
LINE
8
BLACK
6
CONTINUOUS
10
0.2143865748031496
20
0.4776291338582677
11
0.2143865748031496
21
0.464880748031496
0
LINE
8
BLACK
6
CONTINUOUS
10
0.4579935826771653
20
0.4868612598425197
11
0.4591540551181102
21
0.4858547637795275
0
LINE
8
BLACK
6
CONTINUOUS
10
0.4591540551181102
20
0.4858547637795275
11
0.459841062992126
21
0.4844807874015748
0
LINE
8
BLACK
6
CONTINUOUS
10
0.459841062992126
20
0.4844807874015748
11
0.4599499606299213
21
0.4829485039370079
0
LINE
8
BLACK
6
CONTINUOUS
10
0.4599499606299213
20
0.4829485039370079
11
0.4597788188976378
21
0.4821959448818898
0
LINE
8
BLACK
6
CONTINUOUS
10
0.4597788188976378
20
0.4821959448818898
11
0.4521323228346457
21
0.4592564566929134
0
LINE
8
BLACK
6
CONTINUOUS
10
0.4521323228346457
20
0.4592564566929134
11
0.4614806692913386
21
0.4592564566929134
0
LINE
8
BLACK
6
CONTINUOUS
10
0.4614806692913386
20
0.4592564566929134
11
0.4614806692913386
21
0.4684427952755905
0
LINE
8
BLACK
6
CONTINUOUS
10
0.4614806692913386
20
0.4684427952755905
11
0.4615562992125984
21
0.4692108661417323
0
LINE
8
BLACK
6
CONTINUOUS
10
0.4615562992125984
20
0.4692108661417323
11
0.4621441732283464
21
0.4706300787401574
0
LINE
8
BLACK
6
CONTINUOUS
10
0.4621441732283464
20
0.4706300787401574
11
0.4632303937007874
21
0.4717162992125984
0
LINE
8
BLACK
6
CONTINUOUS
10
0.4632303937007874
20
0.4717162992125984
11
0.4646496062992126
21
0.4723041732283464
0
LINE
8
BLACK
6
CONTINUOUS
10
0.4646496062992126
20
0.4723041732283464
11
0.466185748031496
21
0.4723041732283464
0
LINE
8
BLACK
6
CONTINUOUS
10
0.466185748031496
20
0.4723041732283464
11
0.4676049606299212
21
0.4717162992125984
0
LINE
8
BLACK
6
CONTINUOUS
10
0.4676049606299212
20
0.4717162992125984
11
0.4686911811023622
21
0.4706300787401574
0
LINE
8
BLACK
6
CONTINUOUS
10
0.4686911811023622
20
0.4706300787401574
11
0.4692790551181102
21
0.4692108661417323
0
LINE
8
BLACK
6
CONTINUOUS
10
0.4692790551181102
20
0.4692108661417323
11
0.4693546850393701
21
0.4684427952755905
0
LINE
8
BLACK
6
CONTINUOUS
10
0.4693546850393701
20
0.4684427952755905
11
0.4693546850393701
21
0.4592564566929134
0
LINE
8
BLACK
6
CONTINUOUS
10
0.4693546850393701
20
0.4592564566929134
11
0.471041968503937
21
0.4592564566929134
0
LINE
8
BLACK
6
CONTINUOUS
10
0.471041968503937
20
0.4592564566929134
11
0.4718100393700787
21
0.4591808267716535
0
LINE
8
BLACK
6
CONTINUOUS
10
0.4718100393700787
20
0.4591808267716535
11
0.4732292519685039
21
0.4585929527559055
0
LINE
8
BLACK
6
CONTINUOUS
10
0.4732292519685039
20
0.4585929527559055
11
0.4743154724409449
21
0.4575067322834646
0
LINE
8
BLACK
6
CONTINUOUS
10
0.4743154724409449
20
0.4575067322834646
11
0.4749033464566929
21
0.4560875196850394
0
LINE
8
BLACK
6
CONTINUOUS
10
0.4749033464566929
20
0.4560875196850394
11
0.4749033464566929
21
0.4545513779527559
0
LINE
8
BLACK
6
CONTINUOUS
10
0.4749033464566929
20
0.4545513779527559
11
0.4743154724409449
21
0.4531321653543307
0
LINE
8
BLACK
6
CONTINUOUS
10
0.4743154724409449
20
0.4531321653543307
11
0.4732292519685039
21
0.4520459448818898
0
LINE
8
BLACK
6
CONTINUOUS
10
0.4732292519685039
20
0.4520459448818898
11
0.4718100393700787
21
0.4514580708661417
0
LINE
8
BLACK
6
CONTINUOUS
10
0.4718100393700787
20
0.4514580708661417
11
0.471041968503937
21
0.4513824409448819
0
LINE
8
BLACK
6
CONTINUOUS
10
0.471041968503937
20
0.4513824409448819
11
0.4693546850393701
21
0.4513824409448819
0
LINE
8
BLACK
6
CONTINUOUS
10
0.4693546850393701
20
0.4513824409448819
11
0.4693546850393701
21
0.442196062992126
0
LINE
8
BLACK
6
CONTINUOUS
10
0.4693546850393701
20
0.442196062992126
11
0.4692790551181102
21
0.4414279921259842
0
LINE
8
BLACK
6
CONTINUOUS
10
0.4692790551181102
20
0.4414279921259842
11
0.4686911811023622
21
0.4400087795275591
0
LINE
8
BLACK
6
CONTINUOUS
10
0.4686911811023622
20
0.4400087795275591
11
0.4676049606299212
21
0.4389225590551181
0
LINE
8
BLACK
6
CONTINUOUS
10
0.4676049606299212
20
0.4389225590551181
11
0.466185748031496
21
0.4383346850393701
0
LINE
8
BLACK
6
CONTINUOUS
10
0.466185748031496
20
0.4383346850393701
11
0.4646496062992126
21
0.4383346850393701
0
LINE
8
BLACK
6
CONTINUOUS
10
0.4646496062992126
20
0.4383346850393701
11
0.4632303937007874
21
0.4389225590551181
0
LINE
8
BLACK
6
CONTINUOUS
10
0.4632303937007874
20
0.4389225590551181
11
0.4621441732283464
21
0.4400087795275591
0
LINE
8
BLACK
6
CONTINUOUS
10
0.4621441732283464
20
0.4400087795275591
11
0.4615562992125984
21
0.4414279921259842
0
LINE
8
BLACK
6
CONTINUOUS
10
0.4615562992125984
20
0.4414279921259842
11
0.4614806692913386
21
0.442196062992126
0
LINE
8
BLACK
6
CONTINUOUS
10
0.4614806692913386
20
0.442196062992126
11
0.4614806692913386
21
0.4513824409448819
0
LINE
8
BLACK
6
CONTINUOUS
10
0.4614806692913386
20
0.4513824409448819
11
0.4466700393700787
21
0.4513824409448819
0
LINE
8
BLACK
6
CONTINUOUS
10
0.4466700393700787
20
0.4513824409448819
11
0.4462812992125984
21
0.4514207086614173
0
LINE
8
BLACK
6
CONTINUOUS
10
0.4462812992125984
20
0.4514207086614173
11
0.4461776377952756
21
0.4514133464566929
0
LINE
8
BLACK
6
CONTINUOUS
10
0.4461776377952756
20
0.4514133464566929
11
0.4461027559055118
21
0.4514382677165354
0
LINE
8
BLACK
6
CONTINUOUS
10
0.4461027559055118
20
0.4514382677165354
11
0.445901968503937
21
0.4514580708661417
0
LINE
8
BLACK
6
CONTINUOUS
10
0.445901968503937
20
0.4514580708661417
11
0.445319094488189
21
0.4516994881889764
0
LINE
8
BLACK
6
CONTINUOUS
10
0.445319094488189
20
0.4516994881889764
11
0.4447203149606299
21
0.451899094488189
0
LINE
8
BLACK
6
CONTINUOUS
10
0.4447203149606299
20
0.451899094488189
11
0.4446133858267716
21
0.451991811023622
0
LINE
8
BLACK
6
CONTINUOUS
10
0.4446133858267716
20
0.451991811023622
11
0.4444827559055118
21
0.4520459448818898
0
LINE
8
BLACK
6
CONTINUOUS
10
0.4444827559055118
20
0.4520459448818898
11
0.4440366535433071
21
0.4524920078740157
0
LINE
8
BLACK
6
CONTINUOUS
10
0.4440366535433071
20
0.4524920078740157
11
0.4435598425196851
21
0.4529055905511811
0
LINE
8
BLACK
6
CONTINUOUS
10
0.4435598425196851
20
0.4529055905511811
11
0.4434965354330709
21
0.453032125984252
0
LINE
8
BLACK
6
CONTINUOUS
10
0.4434965354330709
20
0.453032125984252
11
0.4433965354330708
21
0.4531321653543307
0
LINE
8
BLACK
6
CONTINUOUS
10
0.4433965354330708
20
0.4531321653543307
11
0.443155
21
0.4537151574803149
0
LINE
8
BLACK
6
CONTINUOUS
10
0.443155
20
0.4537151574803149
11
0.4428728346456693
21
0.4542795669291338
0
LINE
8
BLACK
6
CONTINUOUS
10
0.4428728346456693
20
0.4542795669291338
11
0.4428627952755905
21
0.4544206299212598
0
LINE
8
BLACK
6
CONTINUOUS
10
0.4428627952755905
20
0.4544206299212598
11
0.4428086614173228
21
0.4545513779527559
0
LINE
8
BLACK
6
CONTINUOUS
10
0.4428086614173228
20
0.4545513779527559
11
0.4428086614173228
21
0.4551825196850394
0
LINE
8
BLACK
6
CONTINUOUS
10
0.4428086614173228
20
0.4551825196850394
11
0.442763937007874
21
0.4558118503937008
0
LINE
8
BLACK
6
CONTINUOUS
10
0.442763937007874
20
0.4558118503937008
11
0.4428086614173228
21
0.4560085039370079
0
LINE
8
BLACK
6
CONTINUOUS
10
0.4428086614173228
20
0.4560085039370079
11
0.4428086614173228
21
0.4560875196850394
0
LINE
8
BLACK
6
CONTINUOUS
10
0.4428086614173228
20
0.4560875196850394
11
0.4428484645669291
21
0.4561836614173228
0
LINE
8
BLACK
6
CONTINUOUS
10
0.4428484645669291
20
0.4561836614173228
11
0.4429350787401575
21
0.4565644488188976
0
LINE
8
BLACK
6
CONTINUOUS
10
0.4429350787401575
20
0.4565644488188976
11
0.4523088976377952
21
0.484685905511811
0
LINE
8
BLACK
6
CONTINUOUS
10
0.4523088976377952
20
0.484685905511811
11
0.4526235039370078
21
0.4853906692913386
0
LINE
8
BLACK
6
CONTINUOUS
10
0.4526235039370078
20
0.4853906692913386
11
0.45363
21
0.4865511417322835
0
LINE
8
BLACK
6
CONTINUOUS
10
0.45363
20
0.4865511417322835
11
0.4550039763779528
21
0.4872381102362204
0
LINE
8
BLACK
6
CONTINUOUS
10
0.4550039763779528
20
0.4872381102362204
11
0.4565362598425197
21
0.4873470472440945
0
LINE
8
BLACK
6
CONTINUOUS
10
0.4565362598425197
20
0.4873470472440945
11
0.4579935826771653
21
0.4868612598425197
0
LINE
8
BLACK
6
CONTINUOUS
10
1.339058622047244
20
0.4795586220472441
11
1.3396351968503937
21
0.4781666929133858
0
LINE
8
BLACK
6
CONTINUOUS
10
1.3396351968503937
20
0.4781666929133858
11
1.3396351968503937
21
0.4656666929133858
0
LINE
8
BLACK
6
CONTINUOUS
10
1.3396351968503937
20
0.4656666929133858
11
1.339058622047244
21
0.4642747637795275
0
LINE
8
BLACK
6
CONTINUOUS
10
1.339058622047244
20
0.4642747637795275
11
1.3376666929133858
21
0.4636981889763779
0
LINE
8
BLACK
6
CONTINUOUS
10
1.3376666929133858
20
0.4636981889763779
11
1.3251666929133858
21
0.4636981889763779
0
LINE
8
BLACK
6
CONTINUOUS
10
1.3251666929133858
20
0.4636981889763779
11
1.3237747637795276
21
0.4642747637795275
0
LINE
8
BLACK
6
CONTINUOUS
10
1.3237747637795276
20
0.4642747637795275
11
1.323198188976378
21
0.4656666929133858
0
LINE
8
BLACK
6
CONTINUOUS
10
1.323198188976378
20
0.4656666929133858
11
1.323198188976378
21
0.4781666929133858
0
LINE
8
BLACK
6
CONTINUOUS
10
1.323198188976378
20
0.4781666929133858
11
1.3237747637795276
21
0.4795586220472441
0
LINE
8
BLACK
6
CONTINUOUS
10
1.3237747637795276
20
0.4795586220472441
11
1.3251666929133858
21
0.4801351968503937
0
LINE
8
BLACK
6
CONTINUOUS
10
1.3251666929133858
20
0.4801351968503937
11
1.3376666929133858
21
0.4801351968503937
0
LINE
8
BLACK
6
CONTINUOUS
10
1.3376666929133858
20
0.4801351968503937
11
1.339058622047244
21
0.4795586220472441
0
LINE
8
BLACK
6
CONTINUOUS
10
0.2689871653543307
20
0.5840749212598425
11
0.2694079921259843
21
0.5840450393700787
0
LINE
8
BLACK
6
CONTINUOUS
10
0.2694079921259843
20
0.5840450393700787
11
0.2700702362204724
21
0.5837138976377952
0
LINE
8
BLACK
6
CONTINUOUS
10
0.2700702362204724
20
0.5837138976377952
11
0.2707727559055118
21
0.5834797244094488
0
LINE
8
BLACK
6
CONTINUOUS
10
0.2707727559055118
20
0.5834797244094488
11
0.2710914960629921
21
0.5832032283464567
0
LINE
8
BLACK
6
CONTINUOUS
10
0.2710914960629921
20
0.5832032283464567
11
0.2714688976377952
21
0.5830145669291339
0
LINE
8
BLACK
6
CONTINUOUS
10
0.2714688976377952
20
0.5830145669291339
11
0.2719540551181102
21
0.582455157480315
0
LINE
8
BLACK
6
CONTINUOUS
10
0.2719540551181102
20
0.582455157480315
11
0.2725134645669292
21
0.58197
0
LINE
8
BLACK
6
CONTINUOUS
10
0.2725134645669292
20
0.58197
11
0.272702125984252
21
0.5815925984251968
0
LINE
8
BLACK
6
CONTINUOUS
10
0.272702125984252
20
0.5815925984251968
11
0.2729786220472441
21
0.5812738582677165
0
LINE
8
BLACK
6
CONTINUOUS
10
0.2729786220472441
20
0.5812738582677165
11
0.2734505905511811
21
0.5802167322834646
0
LINE
8
BLACK
6
CONTINUOUS
10
0.2734505905511811
20
0.5802167322834646
11
0.2931356692913386
21
0.5211616141732284
0
LINE
8
BLACK
6
CONTINUOUS
10
0.2931356692913386
20
0.5211616141732284
11
0.2933923622047244
21
0.520032716535433
0
LINE
8
BLACK
6
CONTINUOUS
10
0.2933923622047244
20
0.520032716535433
11
0.2932289763779528
21
0.5177342913385826
0
LINE
8
BLACK
6
CONTINUOUS
10
0.2932289763779528
20
0.5177342913385826
11
0.2921985039370079
21
0.5156733858267717
0
LINE
8
BLACK
6
CONTINUOUS
10
0.2921985039370079
20
0.5156733858267717
11
0.2904577952755906
21
0.5141636614173228
0
LINE
8
BLACK
6
CONTINUOUS
10
0.2904577952755906
20
0.5141636614173228
11
0.288271811023622
21
0.5134349606299212
0
LINE
8
BLACK
6
CONTINUOUS
10
0.288271811023622
20
0.5134349606299212
11
0.2859733858267716
21
0.5135983464566929
0
LINE
8
BLACK
6
CONTINUOUS
10
0.2859733858267716
20
0.5135983464566929
11
0.2839124409448819
21
0.514628779527559
0
LINE
8
BLACK
6
CONTINUOUS
10
0.2839124409448819
20
0.514628779527559
11
0.2824027165354331
21
0.5163695275590551
0
LINE
8
BLACK
6
CONTINUOUS
10
0.2824027165354331
20
0.5163695275590551
11
0.281930748031496
21
0.5174266535433071
0
LINE
8
BLACK
6
CONTINUOUS
10
0.281930748031496
20
0.5174266535433071
11
0.2776524803149606
21
0.5302614960629921
0
LINE
8
BLACK
6
CONTINUOUS
10
0.2776524803149606
20
0.5302614960629921
11
0.2580438582677165
21
0.5302614960629921
0
LINE
8
BLACK
6
CONTINUOUS
10
0.2580438582677165
20
0.5302614960629921
11
0.2537655511811023
21
0.5174266535433071
0
LINE
8
BLACK
6
CONTINUOUS
10
0.2537655511811023
20
0.5174266535433071
11
0.2532935826771653
21
0.5163695275590551
0
LINE
8
BLACK
6
CONTINUOUS
10
0.2532935826771653
20
0.5163695275590551
11
0.2517838582677165
21
0.5146288188976378
0
LINE
8
BLACK
6
CONTINUOUS
10
0.2517838582677165
20
0.5146288188976378
11
0.2497229527559055
21
0.5135983464566929
0
LINE
8
BLACK
6
CONTINUOUS
10
0.2497229527559055
20
0.5135983464566929
11
0.2474244881889764
21
0.513435
0
LINE
8
BLACK
6
CONTINUOUS
10
0.2474244881889764
20
0.513435
11
0.2452385039370079
21
0.5141636614173228
0
LINE
8
BLACK
6
CONTINUOUS
10
0.2452385039370079
20
0.5141636614173228
11
0.2434977952755905
21
0.5156733858267717
0
LINE
8
BLACK
6
CONTINUOUS
10
0.2434977952755905
20
0.5156733858267717
11
0.242505748031496
21
0.5176573622047244
0
LINE
8
BLACK
6
CONTINUOUS
10
0.242505748031496
20
0.5176573622047244
11
0.2418247244094488
21
0.5160131889763779
0
LINE
8
BLACK
6
CONTINUOUS
10
0.2418247244094488
20
0.5160131889763779
11
0.2401954330708661
21
0.5143838976377952
0
LINE
8
BLACK
6
CONTINUOUS
10
0.2401954330708661
20
0.5143838976377952
11
0.2380666141732283
21
0.5135020866141732
0
LINE
8
BLACK
6
CONTINUOUS
10
0.2380666141732283
20
0.5135020866141732
11
0.2369144881889764
21
0.5133886220472441
0
LINE
8
BLACK
6
CONTINUOUS
10
0.2369144881889764
20
0.5133886220472441
11
0.2087929921259842
21
0.5133886220472441
0
LINE
8
BLACK
6
CONTINUOUS
10
0.2087929921259842
20
0.5133886220472441
11
0.2076408661417323
21
0.5135020866141732
0
LINE
8
BLACK
6
CONTINUOUS
10
0.2076408661417323
20
0.5135020866141732
11
0.2055120472440945
21
0.5143838976377952
0
LINE
8
BLACK
6
CONTINUOUS
10
0.2055120472440945
20
0.5143838976377952
11
0.2038827559055118
21
0.5160131889763779
0
LINE
8
BLACK
6
CONTINUOUS
10
0.2038827559055118
20
0.5160131889763779
11
0.2030009448818898
21
0.5181420078740158
0
LINE
8
BLACK
6
CONTINUOUS
10
0.2030009448818898
20
0.5181420078740158
11
0.2030009448818898
21
0.5181420472440945
0
LINE
8
BLACK
6
CONTINUOUS
10
0.2030009448818898
20
0.5181420472440945
11
0.2028874803149606
21
0.5192941338582677
0
LINE
8
BLACK
6
CONTINUOUS
10
0.2028874803149606
20
0.5192941338582677
11
0.2028874803149606
21
0.578349251968504
0
LINE
8
BLACK
6
CONTINUOUS
10
0.2028874803149606
20
0.578349251968504
11
0.2030009448818898
21
0.5795013779527559
0
LINE
8
BLACK
6
CONTINUOUS
10
0.2030009448818898
20
0.5795013779527559
11
0.2038827559055118
21
0.5816301968503936
0
LINE
8
BLACK
6
CONTINUOUS
10
0.2038827559055118
20
0.5816301968503936
11
0.2055120472440945
21
0.5832594881889763
0
LINE
8
BLACK
6
CONTINUOUS
10
0.2055120472440945
20
0.5832594881889763
11
0.2076408661417323
21
0.5841412992125984
0
LINE
8
BLACK
6
CONTINUOUS
10
0.2076408661417323
20
0.5841412992125984
11
0.2099451181102362
21
0.5841412992125984
0
LINE
8
BLACK
6
CONTINUOUS
10
0.2099451181102362
20
0.5841412992125984
11
0.212073937007874
21
0.5832594881889763
0
LINE
8
BLACK
6
CONTINUOUS
10
0.212073937007874
20
0.5832594881889763
11
0.2137032283464567
21
0.5816301968503936
0
LINE
8
BLACK
6
CONTINUOUS
10
0.2137032283464567
20
0.5816301968503936
11
0.2145850393700787
21
0.5795013779527559
0
LINE
8
BLACK
6
CONTINUOUS
10
0.2145850393700787
20
0.5795013779527559
11
0.2146985039370079
21
0.578349251968504
0
LINE
8
BLACK
6
CONTINUOUS
10
0.2146985039370079
20
0.578349251968504
11
0.2146985039370079
21
0.5251996456692913
0
LINE
8
BLACK
6
CONTINUOUS
10
0.2146985039370079
20
0.5251996456692913
11
0.2369144881889764
21
0.5251996456692913
0
LINE
8
BLACK
6
CONTINUOUS
10
0.2369144881889764
20
0.5251996456692913
11
0.2380666141732283
21
0.5250861811023622
0
LINE
8
BLACK
6
CONTINUOUS
10
0.2380666141732283
20
0.5250861811023622
11
0.2401954330708661
21
0.5242043700787401
0
LINE
8
BLACK
6
CONTINUOUS
10
0.2401954330708661
20
0.5242043700787401
11
0.2418247244094488
21
0.5225750787401575
0
LINE
8
BLACK
6
CONTINUOUS
10
0.2418247244094488
20
0.5225750787401575
11
0.2425073228346457
21
0.5209270866141732
0
LINE
8
BLACK
6
CONTINUOUS
10
0.2425073228346457
20
0.5209270866141732
11
0.2425606692913386
21
0.5211616141732284
0
LINE
8
BLACK
6
CONTINUOUS
10
0.2425606692913386
20
0.5211616141732284
11
0.2622457086614173
21
0.5802167322834646
0
LINE
8
BLACK
6
CONTINUOUS
10
0.2622457086614173
20
0.5802167322834646
11
0.2627176771653543
21
0.5812738582677165
0
LINE
8
BLACK
6
CONTINUOUS
10
0.2627176771653543
20
0.5812738582677165
11
0.2629941338582677
21
0.5815926377952756
0
LINE
8
BLACK
6
CONTINUOUS
10
0.2629941338582677
20
0.5815926377952756
11
0.2631828346456693
21
0.58197
0
LINE
8
BLACK
6
CONTINUOUS
10
0.2631828346456693
20
0.58197
11
0.263742125984252
21
0.5824550787401575
0
LINE
8
BLACK
6
CONTINUOUS
10
0.263742125984252
20
0.5824550787401575
11
0.2642274015748031
21
0.5830146062992125
0
LINE
8
BLACK
6
CONTINUOUS
10
0.2642274015748031
20
0.5830146062992125
11
0.264604842519685
21
0.5832033070866142
0
LINE
8
BLACK
6
CONTINUOUS
10
0.264604842519685
20
0.5832033070866142
11
0.2649235433070866
21
0.5834797244094488
0
LINE
8
BLACK
6
CONTINUOUS
10
0.2649235433070866
20
0.5834797244094488
11
0.2656259842519685
21
0.5837138582677165
0
LINE
8
BLACK
6
CONTINUOUS
10
0.2656259842519685
20
0.5837138582677165
11
0.2662883464566929
21
0.5840450393700787
0
LINE
8
BLACK
6
CONTINUOUS
10
0.2662883464566929
20
0.5840450393700787
11
0.2667092125984252
21
0.5840749212598425
0
LINE
8
BLACK
6
CONTINUOUS
10
0.2667092125984252
20
0.5840749212598425
11
0.2671095275590551
21
0.5842083858267716
0
LINE
8
BLACK
6
CONTINUOUS
10
0.2671095275590551
20
0.5842083858267716
11
0.2678479527559055
21
0.584155905511811
0
LINE
8
BLACK
6
CONTINUOUS
10
0.2678479527559055
20
0.584155905511811
11
0.2685867716535433
21
0.5842084251968503
0
LINE
8
BLACK
6
CONTINUOUS
10
0.2685867716535433
20
0.5842084251968503
11
0.2689871653543307
21
0.5840749212598425
0
LINE
8
BLACK
6
CONTINUOUS
10
0.2619808661417323
20
0.5420725196850393
11
0.2737154724409449
21
0.5420725196850393
0
LINE
8
BLACK
6
CONTINUOUS
10
0.2737154724409449
20
0.5420725196850393
11
0.2678481496062992
21
0.5596743700787401
0
LINE
8
BLACK
6
CONTINUOUS
10
0.2678481496062992
20
0.5596743700787401
11
0.2619808661417323
21
0.5420725196850393
0
LINE
8
BLACK
6
CONTINUOUS
10
0.3280553543307086
20
0.5841412992125984
11
0.3282512992125984
21
0.5840601181102362
0
LINE
8
BLACK
6
CONTINUOUS
10
0.3282512992125984
20
0.5840601181102362
11
0.328463031496063
21
0.5840450787401574
0
LINE
8
BLACK
6
CONTINUOUS
10
0.328463031496063
20
0.5840450787401574
11
0.329544251968504
21
0.5836312992125984
0
LINE
8
BLACK
6
CONTINUOUS
10
0.329544251968504
20
0.5836312992125984
11
0.3351685826771654
21
0.5808191338582677
0
LINE
8
BLACK
6
CONTINUOUS
10
0.3351685826771654
20
0.5808191338582677
11
0.3356643700787402
21
0.5805070078740158
0
LINE
8
BLACK
6
CONTINUOUS
10
0.3356643700787402
20
0.5805070078740158
11
0.3358084645669291
21
0.5804473622047244
0
LINE
8
BLACK
6
CONTINUOUS
10
0.3358084645669291
20
0.5804473622047244
11
0.3359706299212598
21
0.5803142125984252
0
LINE
8
BLACK
6
CONTINUOUS
10
0.3359706299212598
20
0.5803142125984252
11
0.3361483464566929
21
0.5802024015748032
0
LINE
8
BLACK
6
CONTINUOUS
10
0.3361483464566929
20
0.5802024015748032
11
0.3362505511811024
21
0.5800845275590552
0
LINE
8
BLACK
6
CONTINUOUS
10
0.3362505511811024
20
0.5800845275590552
11
0.3367033858267717
21
0.5797129133858268
0
LINE
8
BLACK
6
CONTINUOUS
10
0.3367033858267717
20
0.5797129133858268
11
0.3395155118110236
21
0.5769007874015748
0
LINE
8
BLACK
6
CONTINUOUS
10
0.3395155118110236
20
0.5769007874015748
11
0.3398871653543307
21
0.5764479133858268
0
LINE
8
BLACK
6
CONTINUOUS
10
0.3398871653543307
20
0.5764479133858268
11
0.340005
21
0.5763457480314961
0
LINE
8
BLACK
6
CONTINUOUS
10
0.340005
20
0.5763457480314961
11
0.3401167322834646
21
0.5761681889763779
0
LINE
8
BLACK
6
CONTINUOUS
10
0.3401167322834646
20
0.5761681889763779
11
0.3402499606299212
21
0.576005905511811
0
LINE
8
BLACK
6
CONTINUOUS
10
0.3402499606299212
20
0.576005905511811
11
0.3403096456692913
21
0.5758616929133858
0
LINE
8
BLACK
6
CONTINUOUS
10
0.3403096456692913
20
0.5758616929133858
11
0.3406217322834645
21
0.5753659842519685
0
LINE
8
BLACK
6
CONTINUOUS
10
0.3406217322834645
20
0.5753659842519685
11
0.3434338976377952
21
0.5697417322834646
0
LINE
8
BLACK
6
CONTINUOUS
10
0.3434338976377952
20
0.5697417322834646
11
0.3438476377952756
21
0.5686604724409449
0
LINE
8
BLACK
6
CONTINUOUS
10
0.3438476377952756
20
0.5686604724409449
11
0.3438626377952756
21
0.5684488582677165
0
LINE
8
BLACK
6
CONTINUOUS
10
0.3438626377952756
20
0.5684488582677165
11
0.3439438976377953
21
0.5682527952755906
0
LINE
8
BLACK
6
CONTINUOUS
10
0.3439438976377953
20
0.5682527952755906
11
0.3440573622047244
21
0.5671006692913386
0
LINE
8
BLACK
6
CONTINUOUS
10
0.3440573622047244
20
0.5671006692913386
11
0.3440573622047244
21
0.5614763779527558
0
LINE
8
BLACK
6
CONTINUOUS
10
0.3440573622047244
20
0.5614763779527558
11
0.3439438976377953
21
0.5603242519685039
0
LINE
8
BLACK
6
CONTINUOUS
10
0.3439438976377953
20
0.5603242519685039
11
0.343862716535433
21
0.5601282677165355
0
LINE
8
BLACK
6
CONTINUOUS
10
0.343862716535433
20
0.5601282677165355
11
0.3438476771653543
21
0.5599165748031496
0
LINE
8
BLACK
6
CONTINUOUS
10
0.3438476771653543
20
0.5599165748031496
11
0.3434338976377952
21
0.5588353543307086
0
LINE
8
BLACK
6
CONTINUOUS
10
0.3434338976377952
20
0.5588353543307086
11
0.3406217322834645
21
0.5532110236220472
0
LINE
8
BLACK
6
CONTINUOUS
10
0.3406217322834645
20
0.5532110236220472
11
0.3403096456692913
21
0.5527152755905511
0
LINE
8
BLACK
6
CONTINUOUS
10
0.3403096456692913
20
0.5527152755905511
11
0.3402499606299212
21
0.5525711023622047
0
LINE
8
BLACK
6
CONTINUOUS
10
0.3402499606299212
20
0.5525711023622047
11
0.3401167322834646
21
0.5524087795275591
0
LINE
8
BLACK
6
CONTINUOUS
10
0.3401167322834646
20
0.5524087795275591
11
0.340005
21
0.5522312598425196
0
LINE
8
BLACK
6
CONTINUOUS
10
0.340005
20
0.5522312598425196
11
0.3398871653543307
21
0.5521290551181103
0
LINE
8
BLACK
6
CONTINUOUS
10
0.3398871653543307
20
0.5521290551181103
11
0.3395155118110236
21
0.5516762204724409
0
LINE
8
BLACK
6
CONTINUOUS
10
0.3395155118110236
20
0.5516762204724409
11
0.339468937007874
21
0.5516296456692913
0
LINE
8
BLACK
6
CONTINUOUS
10
0.339468937007874
20
0.5516296456692913
11
0.3395155118110236
21
0.5515914566929133
0
LINE
8
BLACK
6
CONTINUOUS
10
0.3395155118110236
20
0.5515914566929133
11
0.3423276771653543
21
0.5487792913385827
0
LINE
8
BLACK
6
CONTINUOUS
10
0.3423276771653543
20
0.5487792913385827
11
0.3426993700787401
21
0.5483263385826771
0
LINE
8
BLACK
6
CONTINUOUS
10
0.3426993700787401
20
0.5483263385826771
11
0.3428171653543307
21
0.5482242125984251
0
LINE
8
BLACK
6
CONTINUOUS
10
0.3428171653543307
20
0.5482242125984251
11
0.3429288976377953
21
0.5480466535433071
0
LINE
8
BLACK
6
CONTINUOUS
10
0.3429288976377953
20
0.5480466535433071
11
0.343062125984252
21
0.5478843700787401
0
LINE
8
BLACK
6
CONTINUOUS
10
0.343062125984252
20
0.5478843700787401
11
0.343121811023622
21
0.5477401968503937
0
LINE
8
BLACK
6
CONTINUOUS
10
0.343121811023622
20
0.5477401968503937
11
0.3434338976377952
21
0.5472444881889764
0
LINE
8
BLACK
6
CONTINUOUS
10
0.3434338976377952
20
0.5472444881889764
11
0.3462460236220473
21
0.541620157480315
0
LINE
8
BLACK
6
CONTINUOUS
10
0.3462460236220473
20
0.541620157480315
11
0.3466598031496063
21
0.540538937007874
0
LINE
8
BLACK
6
CONTINUOUS
10
0.3466598031496063
20
0.540538937007874
11
0.3466748031496063
21
0.5403272834645669
0
LINE
8
BLACK
6
CONTINUOUS
10
0.3466748031496063
20
0.5403272834645669
11
0.3467560236220472
21
0.5401312992125984
0
LINE
8
BLACK
6
CONTINUOUS
10
0.3467560236220472
20
0.5401312992125984
11
0.3468694881889764
21
0.5389791732283464
0
LINE
8
BLACK
6
CONTINUOUS
10
0.3468694881889764
20
0.5389791732283464
11
0.3468694881889764
21
0.5305427165354331
0
LINE
8
BLACK
6
CONTINUOUS
10
0.3468694881889764
20
0.5305427165354331
11
0.3467560236220472
21
0.5293905905511811
0
LINE
8
BLACK
6
CONTINUOUS
10
0.3467560236220472
20
0.5293905905511811
11
0.3466748031496063
21
0.5291945669291338
0
LINE
8
BLACK
6
CONTINUOUS
10
0.3466748031496063
20
0.5291945669291338
11
0.3466598031496063
21
0.5289829527559055
0
LINE
8
BLACK
6
CONTINUOUS
10
0.3466598031496063
20
0.5289829527559055
11
0.3462460236220473
21
0.5279017322834646
0
LINE
8
BLACK
6
CONTINUOUS
10
0.3462460236220473
20
0.5279017322834646
11
0.3434338976377952
21
0.5222774015748032
0
LINE
8
BLACK
6
CONTINUOUS
10
0.3434338976377952
20
0.5222774015748032
11
0.3431217322834645
21
0.5217815354330708
0
LINE
8
BLACK
6
CONTINUOUS
10
0.3431217322834645
20
0.5217815354330708
11
0.3430620866141732
21
0.5216374803149606
0
LINE
8
BLACK
6
CONTINUOUS
10
0.3430620866141732
20
0.5216374803149606
11
0.342928937007874
21
0.5214752362204724
0
LINE
8
BLACK
6
CONTINUOUS
10
0.342928937007874
20
0.5214752362204724
11
0.3428171653543307
21
0.5212976771653544
0
LINE
8
BLACK
6
CONTINUOUS
10
0.3428171653543307
20
0.5212976771653544
11
0.3426993700787401
21
0.5211955118110236
0
LINE
8
BLACK
6
CONTINUOUS
10
0.3426993700787401
20
0.5211955118110236
11
0.3423276377952756
21
0.5207425590551181
0
LINE
8
BLACK
6
CONTINUOUS
10
0.3423276377952756
20
0.5207425590551181
11
0.3395154724409449
21
0.5179304330708662
0
LINE
8
BLACK
6
CONTINUOUS
10
0.3395154724409449
20
0.5179304330708662
11
0.3390627165354331
21
0.5175588582677165
0
LINE
8
BLACK
6
CONTINUOUS
10
0.3390627165354331
20
0.5175588582677165
11
0.3389604724409448
21
0.5174409842519685
0
LINE
8
BLACK
6
CONTINUOUS
10
0.3389604724409448
20
0.5174409842519685
11
0.3387826377952756
21
0.5173290551181102
0
LINE
8
BLACK
6
CONTINUOUS
10
0.3387826377952756
20
0.5173290551181102
11
0.3386205511811023
21
0.5171960236220472
0
LINE
8
BLACK
6
CONTINUOUS
10
0.3386205511811023
20
0.5171960236220472
11
0.3384765748031496
21
0.5171363779527559
0
LINE
8
BLACK
6
CONTINUOUS
10
0.3384765748031496
20
0.5171363779527559
11
0.3379807086614173
21
0.5168242519685039
0
LINE
8
BLACK
6
CONTINUOUS
10
0.3379807086614173
20
0.5168242519685039
11
0.3323564173228347
21
0.5140120866141732
0
LINE
8
BLACK
6
CONTINUOUS
10
0.3323564173228347
20
0.5140120866141732
11
0.3312751968503937
21
0.5135983464566929
0
LINE
8
BLACK
6
CONTINUOUS
10
0.3312751968503937
20
0.5135983464566929
11
0.3310635826771653
21
0.5135833070866141
0
LINE
8
BLACK
6
CONTINUOUS
10
0.3310635826771653
20
0.5135833070866141
11
0.3308675196850394
21
0.5135020866141732
0
LINE
8
BLACK
6
CONTINUOUS
10
0.3308675196850394
20
0.5135020866141732
11
0.3297153937007874
21
0.5133886220472441
0
LINE
8
BLACK
6
CONTINUOUS
10
0.3297153937007874
20
0.5133886220472441
11
0.3072181889763779
21
0.5133886220472441
0
LINE
8
BLACK
6
CONTINUOUS
10
0.3072181889763779
20
0.5133886220472441
11
0.306066062992126
21
0.5135020866141732
0
LINE
8
BLACK
6
CONTINUOUS
10
0.306066062992126
20
0.5135020866141732
11
0.3039372440944882
21
0.5143838976377952
0
LINE
8
BLACK
6
CONTINUOUS
10
0.3039372440944882
20
0.5143838976377952
11
0.3023079527559055
21
0.5160131889763779
0
LINE
8
BLACK
6
CONTINUOUS
10
0.3023079527559055
20
0.5160131889763779
11
0.3014261417322834
21
0.5181420078740158
0
LINE
8
BLACK
6
CONTINUOUS
10
0.3014261417322834
20
0.5181420078740158
11
0.3014261417322834
21
0.5181420472440945
0
LINE
8
BLACK
6
CONTINUOUS
10
0.3014261417322834
20
0.5181420472440945
11
0.3013126771653543
21
0.5192941338582677
0
LINE
8
BLACK
6
CONTINUOUS
10
0.3013126771653543
20
0.5192941338582677
11
0.3013126771653543
21
0.578349251968504
0
LINE
8
BLACK
6
CONTINUOUS
10
0.3013126771653543
20
0.578349251968504
11
0.3014261417322834
21
0.5795013779527559
0
LINE
8
BLACK
6
CONTINUOUS
10
0.3014261417322834
20
0.5795013779527559
11
0.3023079527559055
21
0.5816301968503936
0
LINE
8
BLACK
6
CONTINUOUS
10
0.3023079527559055
20
0.5816301968503936
11
0.3039372440944882
21
0.5832594881889763
0
LINE
8
BLACK
6
CONTINUOUS
10
0.3039372440944882
20
0.5832594881889763
11
0.306066062992126
21
0.5841412992125984
0
LINE
8
BLACK
6
CONTINUOUS
10
0.306066062992126
20
0.5841412992125984
11
0.3072181889763779
21
0.5842547637795276
0
LINE
8
BLACK
6
CONTINUOUS
10
0.3072181889763779
20
0.5842547637795276
11
0.3269032283464567
21
0.5842547637795276
0
LINE
8
BLACK
6
CONTINUOUS
10
0.3269032283464567
20
0.5842547637795276
11
0.3280553543307086
21
0.5841412992125984
0
LINE
8
BLACK
6
CONTINUOUS
10
0.3131237007874016
20
0.5251996456692913
11
0.3283212992125984
21
0.5251996456692913
0
LINE
8
BLACK
6
CONTINUOUS
10
0.3283212992125984
20
0.5251996456692913
11
0.3318415354330709
21
0.5269597637795276
0
LINE
8
BLACK
6
CONTINUOUS
10
0.3318415354330709
20
0.5269597637795276
11
0.3332983858267716
21
0.5284166141732284
0
LINE
8
BLACK
6
CONTINUOUS
10
0.3332983858267716
20
0.5284166141732284
11
0.3350584645669291
21
0.5319367716535432
0
LINE
8
BLACK
6
CONTINUOUS
10
0.3350584645669291
20
0.5319367716535432
11
0.3350584645669291
21
0.5375850787401575
0
LINE
8
BLACK
6
CONTINUOUS
10
0.3350584645669291
20
0.5375850787401575
11
0.3332983464566929
21
0.5411052755905512
0
LINE
8
BLACK
6
CONTINUOUS
10
0.3332983464566929
20
0.5411052755905512
11
0.3321496456692913
21
0.5422539763779527
0
LINE
8
BLACK
6
CONTINUOUS
10
0.3321496456692913
20
0.5422539763779527
11
0.325944842519685
21
0.5443222440944882
0
LINE
8
BLACK
6
CONTINUOUS
10
0.325944842519685
20
0.5443222440944882
11
0.3131237007874016
21
0.5443222440944882
0
LINE
8
BLACK
6
CONTINUOUS
10
0.3131237007874016
20
0.5443222440944882
11
0.3131237007874016
21
0.5251996456692913
0
LINE
8
BLACK
6
CONTINUOUS
10
0.3131237007874016
20
0.5561332677165354
11
0.3255091338582677
21
0.5561332677165354
0
LINE
8
BLACK
6
CONTINUOUS
10
0.3255091338582677
20
0.5561332677165354
11
0.3290293700787402
21
0.5578933858267716
0
LINE
8
BLACK
6
CONTINUOUS
10
0.3290293700787402
20
0.5578933858267716
11
0.3304862204724409
21
0.5593502362204724
0
LINE
8
BLACK
6
CONTINUOUS
10
0.3304862204724409
20
0.5593502362204724
11
0.3322463385826772
21
0.5628704724409449
0
LINE
8
BLACK
6
CONTINUOUS
10
0.3322463385826772
20
0.5628704724409449
11
0.3322463385826772
21
0.5657065354330708
0
LINE
8
BLACK
6
CONTINUOUS
10
0.3322463385826772
20
0.5657065354330708
11
0.3304862204724409
21
0.5692267322834645
0
LINE
8
BLACK
6
CONTINUOUS
10
0.3304862204724409
20
0.5692267322834645
11
0.3290293700787402
21
0.5706836220472441
0
LINE
8
BLACK
6
CONTINUOUS
10
0.3290293700787402
20
0.5706836220472441
11
0.3255091338582677
21
0.5724437401574803
0
LINE
8
BLACK
6
CONTINUOUS
10
0.3255091338582677
20
0.5724437401574803
11
0.3131237007874016
21
0.5724437401574803
0
LINE
8
BLACK
6
CONTINUOUS
10
0.3131237007874016
20
0.5724437401574803
11
0.3131237007874016
21
0.5561332677165354
0
LINE
8
BLACK
6
CONTINUOUS
10
0.415231968503937
20
0.5644562598425197
11
0.4154279133858267
21
0.5643750787401575
0
LINE
8
BLACK
6
CONTINUOUS
10
0.4154279133858267
20
0.5643750787401575
11
0.4156396456692913
21
0.5643600393700787
0
LINE
8
BLACK
6
CONTINUOUS
10
0.4156396456692913
20
0.5643600393700787
11
0.4167208661417323
21
0.5639462598425197
0
LINE
8
BLACK
6
CONTINUOUS
10
0.4167208661417323
20
0.5639462598425197
11
0.4223451968503937
21
0.561134094488189
0
LINE
8
BLACK
6
CONTINUOUS
10
0.4223451968503937
20
0.561134094488189
11
0.4233249606299213
21
0.5605173622047244
0
LINE
8
BLACK
6
CONTINUOUS
10
0.4233249606299213
20
0.5605173622047244
11
0.4248346456692914
21
0.5587766141732283
0
LINE
8
BLACK
6
CONTINUOUS
10
0.4248346456692914
20
0.5587766141732283
11
0.4255633070866142
21
0.5565907086614174
0
LINE
8
BLACK
6
CONTINUOUS
10
0.4255633070866142
20
0.5565907086614174
11
0.4254
21
0.5542922440944882
0
LINE
8
BLACK
6
CONTINUOUS
10
0.4254
20
0.5542922440944882
11
0.4243694881889764
21
0.5522312598425196
0
LINE
8
BLACK
6
CONTINUOUS
10
0.4243694881889764
20
0.5522312598425196
11
0.4226287401574803
21
0.5507215748031495
0
LINE
8
BLACK
6
CONTINUOUS
10
0.4226287401574803
20
0.5507215748031495
11
0.4204427952755905
21
0.5499929133858268
0
LINE
8
BLACK
6
CONTINUOUS
10
0.4204427952755905
20
0.5499929133858268
11
0.4181443700787402
21
0.5501562204724409
0
LINE
8
BLACK
6
CONTINUOUS
10
0.4181443700787402
20
0.5501562204724409
11
0.4170631496062992
21
0.55057
0
LINE
8
BLACK
6
CONTINUOUS
10
0.4170631496062992
20
0.55057
11
0.412685748031496
21
0.5527587007874015
0
LINE
8
BLACK
6
CONTINUOUS
10
0.412685748031496
20
0.5527587007874015
11
0.4042253543307087
21
0.5527587007874015
0
LINE
8
BLACK
6
CONTINUOUS
10
0.4042253543307087
20
0.5527587007874015
11
0.4007051181102362
21
0.5509985433070866
0
LINE
8
BLACK
6
CONTINUOUS
10
0.4007051181102362
20
0.5509985433070866
11
0.3992482283464567
21
0.5495416535433071
0
LINE
8
BLACK
6
CONTINUOUS
10
0.3992482283464567
20
0.5495416535433071
11
0.3974881889763779
21
0.5460215354330709
0
LINE
8
BLACK
6
CONTINUOUS
10
0.3974881889763779
20
0.5460215354330709
11
0.3974881889763779
21
0.5319367716535432
0
LINE
8
BLACK
6
CONTINUOUS
10
0.3974881889763779
20
0.5319367716535432
11
0.3992482283464567
21
0.528416653543307
0
LINE
8
BLACK
6
CONTINUOUS
10
0.3992482283464567
20
0.528416653543307
11
0.4007051181102362
21
0.5269597637795276
0
LINE
8
BLACK
6
CONTINUOUS
10
0.4007051181102362
20
0.5269597637795276
11
0.4042253543307087
21
0.5251996456692913
0
LINE
8
BLACK
6
CONTINUOUS
10
0.4042253543307087
20
0.5251996456692913
11
0.412685748031496
21
0.5251996456692913
0
LINE
8
BLACK
6
CONTINUOUS
10
0.412685748031496
20
0.5251996456692913
11
0.4170631496062992
21
0.5273883464566929
0
LINE
8
BLACK
6
CONTINUOUS
10
0.4170631496062992
20
0.5273883464566929
11
0.4181443700787402
21
0.5278021259842519
0
LINE
8
BLACK
6
CONTINUOUS
10
0.4181443700787402
20
0.5278021259842519
11
0.4204427952755905
21
0.5279654330708661
0
LINE
8
BLACK
6
CONTINUOUS
10
0.4204427952755905
20
0.5279654330708661
11
0.4226287401574803
21
0.5272367716535433
0
LINE
8
BLACK
6
CONTINUOUS
10
0.4226287401574803
20
0.5272367716535433
11
0.4243694881889764
21
0.5257270866141732
0
LINE
8
BLACK
6
CONTINUOUS
10
0.4243694881889764
20
0.5257270866141732
11
0.4254
21
0.5236661023622047
0
LINE
8
BLACK
6
CONTINUOUS
10
0.4254
20
0.5236661023622047
11
0.4255633070866142
21
0.5213676377952756
0
LINE
8
BLACK
6
CONTINUOUS
10
0.4255633070866142
20
0.5213676377952756
11
0.4248346456692914
21
0.5191817322834645
0
LINE
8
BLACK
6
CONTINUOUS
10
0.4248346456692914
20
0.5191817322834645
11
0.4233249606299213
21
0.5174409842519685
0
LINE
8
BLACK
6
CONTINUOUS
10
0.4233249606299213
20
0.5174409842519685
11
0.4223451968503937
21
0.5168242519685039
0
LINE
8
BLACK
6
CONTINUOUS
10
0.4223451968503937
20
0.5168242519685039
11
0.4167208661417323
21
0.5140120866141732
0
LINE
8
BLACK
6
CONTINUOUS
10
0.4167208661417323
20
0.5140120866141732
11
0.4156396456692913
21
0.5135983070866141
0
LINE
8
BLACK
6
CONTINUOUS
10
0.4156396456692913
20
0.5135983070866141
11
0.4154279133858267
21
0.5135832283464566
0
LINE
8
BLACK
6
CONTINUOUS
10
0.4154279133858267
20
0.5135832283464566
11
0.415231968503937
21
0.5135020866141732
0
LINE
8
BLACK
6
CONTINUOUS
10
0.415231968503937
20
0.5135020866141732
11
0.414079842519685
21
0.5133886220472441
0
LINE
8
BLACK
6
CONTINUOUS
10
0.414079842519685
20
0.5133886220472441
11
0.4028312598425197
21
0.5133886220472441
0
LINE
8
BLACK
6
CONTINUOUS
10
0.4028312598425197
20
0.5133886220472441
11
0.4016791338582677
21
0.5135020866141732
0
LINE
8
BLACK
6
CONTINUOUS
10
0.4016791338582677
20
0.5135020866141732
11
0.401483031496063
21
0.5135833070866141
0
LINE
8
BLACK
6
CONTINUOUS
10
0.401483031496063
20
0.5135833070866141
11
0.4012714566929134
21
0.5135983464566929
0
LINE
8
BLACK
6
CONTINUOUS
10
0.4012714566929134
20
0.5135983464566929
11
0.4001901968503937
21
0.5140120866141732
0
LINE
8
BLACK
6
CONTINUOUS
10
0.4001901968503937
20
0.5140120866141732
11
0.3945659448818897
21
0.5168242519685039
0
LINE
8
BLACK
6
CONTINUOUS
10
0.3945659448818897
20
0.5168242519685039
11
0.3940701181102362
21
0.5171363385826772
0
LINE
8
BLACK
6
CONTINUOUS
10
0.3940701181102362
20
0.5171363385826772
11
0.393926062992126
21
0.5171960236220472
0
LINE
8
BLACK
6
CONTINUOUS
10
0.393926062992126
20
0.5171960236220472
11
0.3937638188976378
21
0.5173291338582677
0
LINE
8
BLACK
6
CONTINUOUS
10
0.3937638188976378
20
0.5173291338582677
11
0.3935861811023622
21
0.5174409842519685
0
LINE
8
BLACK
6
CONTINUOUS
10
0.3935861811023622
20
0.5174409842519685
11
0.393483937007874
21
0.5175588188976378
0
LINE
8
BLACK
6
CONTINUOUS
10
0.393483937007874
20
0.5175588188976378
11
0.3930311811023622
21
0.5179304330708662
0
LINE
8
BLACK
6
CONTINUOUS
10
0.3930311811023622
20
0.5179304330708662
11
0.3902190157480315
21
0.5207425590551181
0
LINE
8
BLACK
6
CONTINUOUS
10
0.3902190157480315
20
0.5207425590551181
11
0.3898473622047244
21
0.5211953937007874
0
LINE
8
BLACK
6
CONTINUOUS
10
0.3898473622047244
20
0.5211953937007874
11
0.3897294881889763
21
0.5212976377952756
0
LINE
8
BLACK
6
CONTINUOUS
10
0.3897294881889763
20
0.5212976377952756
11
0.3896175984251968
21
0.5214753543307087
0
LINE
8
BLACK
6
CONTINUOUS
10
0.3896175984251968
20
0.5214753543307087
11
0.3894845669291339
21
0.5216374803149606
0
LINE
8
BLACK
6
CONTINUOUS
10
0.3894845669291339
20
0.5216374803149606
11
0.3894248818897638
21
0.5217814960629921
0
LINE
8
BLACK
6
CONTINUOUS
10
0.3894248818897638
20
0.5217814960629921
11
0.3891127559055118
21
0.5222774015748032
0
LINE
8
BLACK
6
CONTINUOUS
10
0.3891127559055118
20
0.5222774015748032
11
0.3863006299212599
21
0.5279016929133858
0
LINE
8
BLACK
6
CONTINUOUS
10
0.3863006299212599
20
0.5279016929133858
11
0.3858868503937008
21
0.5289829527559055
0
LINE
8
BLACK
6
CONTINUOUS
10
0.3858868503937008
20
0.5289829527559055
11
0.3858718110236221
21
0.5291945669291338
0
LINE
8
BLACK
6
CONTINUOUS
10
0.3858718110236221
20
0.5291945669291338
11
0.3857906299212598
21
0.5293905905511811
0
LINE
8
BLACK
6
CONTINUOUS
10
0.3857906299212598
20
0.5293905905511811
11
0.3856771653543307
21
0.5305427165354331
0
LINE
8
BLACK
6
CONTINUOUS
10
0.3856771653543307
20
0.5305427165354331
11
0.3856771653543307
21
0.5474156299212598
0
LINE
8
BLACK
6
CONTINUOUS
10
0.3856771653543307
20
0.5474156299212598
11
0.3857906299212598
21
0.5485677559055118
0
LINE
8
BLACK
6
CONTINUOUS
10
0.3857906299212598
20
0.5485677559055118
11
0.3858718110236221
21
0.5487637401574803
0
LINE
8
BLACK
6
CONTINUOUS
10
0.3858718110236221
20
0.5487637401574803
11
0.3858868503937008
21
0.5489753937007874
0
LINE
8
BLACK
6
CONTINUOUS
10
0.3858868503937008
20
0.5489753937007874
11
0.3863006299212599
21
0.5500566535433071
0
LINE
8
BLACK
6
CONTINUOUS
10
0.3863006299212599
20
0.5500566535433071
11
0.3891127559055118
21
0.5556809448818898
0
LINE
8
BLACK
6
CONTINUOUS
10
0.3891127559055118
20
0.5556809448818898
11
0.3894248818897638
21
0.556176811023622
0
LINE
8
BLACK
6
CONTINUOUS
10
0.3894248818897638
20
0.556176811023622
11
0.3894845669291339
21
0.5563208661417323
0
LINE
8
BLACK
6
CONTINUOUS
10
0.3894845669291339
20
0.5563208661417323
11
0.3896175984251968
21
0.5564829527559055
0
LINE
8
BLACK
6
CONTINUOUS
10
0.3896175984251968
20
0.5564829527559055
11
0.3897294881889763
21
0.5566607086614173
0
LINE
8
BLACK
6
CONTINUOUS
10
0.3897294881889763
20
0.5566607086614173
11
0.3898473622047244
21
0.5567629133858267
0
LINE
8
BLACK
6
CONTINUOUS
10
0.3898473622047244
20
0.5567629133858267
11
0.3902190157480315
21
0.5572157874015747
0
LINE
8
BLACK
6
CONTINUOUS
10
0.3902190157480315
20
0.5572157874015747
11
0.3930311811023622
21
0.5600279133858268
0
LINE
8
BLACK
6
CONTINUOUS
10
0.3930311811023622
20
0.5600279133858268
11
0.393483937007874
21
0.5603994881889763
0
LINE
8
BLACK
6
CONTINUOUS
10
0.393483937007874
20
0.5603994881889763
11
0.3935861811023622
21
0.5605173622047244
0
LINE
8
BLACK
6
CONTINUOUS
10
0.3935861811023622
20
0.5605173622047244
11
0.3937638188976378
21
0.5606291732283465
0
LINE
8
BLACK
6
CONTINUOUS
10
0.3937638188976378
20
0.5606291732283465
11
0.393926062992126
21
0.5607623228346457
0
LINE
8
BLACK
6
CONTINUOUS
10
0.393926062992126
20
0.5607623228346457
11
0.3940701181102362
21
0.560821968503937
0
LINE
8
BLACK
6
CONTINUOUS
10
0.3940701181102362
20
0.560821968503937
11
0.3945659448818897
21
0.561134094488189
0
LINE
8
BLACK
6
CONTINUOUS
10
0.3945659448818897
20
0.561134094488189
11
0.4001901968503937
21
0.5639462598425197
0
LINE
8
BLACK
6
CONTINUOUS
10
0.4001901968503937
20
0.5639462598425197
11
0.4012714566929134
21
0.56436
0
LINE
8
BLACK
6
CONTINUOUS
10
0.4012714566929134
20
0.56436
11
0.401483031496063
21
0.564375
0
LINE
8
BLACK
6
CONTINUOUS
10
0.401483031496063
20
0.564375
11
0.4016791338582677
21
0.5644562598425197
0
LINE
8
BLACK
6
CONTINUOUS
10
0.4016791338582677
20
0.5644562598425197
11
0.4028312598425197
21
0.5645697244094489
0
LINE
8
BLACK
6
CONTINUOUS
10
0.4028312598425197
20
0.5645697244094489
11
0.414079842519685
21
0.5645697244094489
0
LINE
8
BLACK
6
CONTINUOUS
10
0.414079842519685
20
0.5645697244094489
11
0.415231968503937
21
0.5644562598425197
0
LINE
8
BLACK
6
CONTINUOUS
10
0.4706520472440945
20
0.5645372834645669
11
0.4707766141732284
21
0.5645522440944882
0
LINE
8
BLACK
6
CONTINUOUS
10
0.4707766141732284
20
0.5645522440944882
11
0.4709262598425197
21
0.5645102755905511
0
LINE
8
BLACK
6
CONTINUOUS
10
0.4709262598425197
20
0.5645102755905511
11
0.4714749606299212
21
0.5644562598425197
0
LINE
8
BLACK
6
CONTINUOUS
10
0.4714749606299212
20
0.5644562598425197
11
0.4722195275590551
21
0.5641477952755906
0
LINE
8
BLACK
6
CONTINUOUS
10
0.4722195275590551
20
0.5641477952755906
11
0.4729953543307087
21
0.5639303937007873
0
LINE
8
BLACK
6
CONTINUOUS
10
0.4729953543307087
20
0.5639303937007873
11
0.4732750787401575
21
0.5637105905511811
0
LINE
8
BLACK
6
CONTINUOUS
10
0.4732750787401575
20
0.5637105905511811
11
0.4736037795275591
21
0.5635744488188976
0
LINE
8
BLACK
6
CONTINUOUS
10
0.4736037795275591
20
0.5635744488188976
11
0.4741734251968504
21
0.5630047637795276
0
LINE
8
BLACK
6
CONTINUOUS
10
0.4741734251968504
20
0.5630047637795276
11
0.4748072440944882
21
0.562506811023622
0
LINE
8
BLACK
6
CONTINUOUS
10
0.4748072440944882
20
0.562506811023622
11
0.4749815748031496
21
0.5621966141732283
0
LINE
8
BLACK
6
CONTINUOUS
10
0.4749815748031496
20
0.5621966141732283
11
0.4752330708661417
21
0.5619451574803149
0
LINE
8
BLACK
6
CONTINUOUS
10
0.4752330708661417
20
0.5619451574803149
11
0.4755414173228346
21
0.5612006692913386
0
LINE
8
BLACK
6
CONTINUOUS
10
0.4755414173228346
20
0.5612006692913386
11
0.4759363385826771
21
0.5604981889763779
0
LINE
8
BLACK
6
CONTINUOUS
10
0.4759363385826771
20
0.5604981889763779
11
0.4759787007874016
21
0.5601450393700788
0
LINE
8
BLACK
6
CONTINUOUS
10
0.4759787007874016
20
0.5601450393700788
11
0.4761148818897638
21
0.5598163385826771
0
LINE
8
BLACK
6
CONTINUOUS
10
0.4761148818897638
20
0.5598163385826771
11
0.4761148818897638
21
0.5590102755905512
0
LINE
8
BLACK
6
CONTINUOUS
10
0.4761148818897638
20
0.5590102755905512
11
0.4762108661417322
21
0.5582104330708662
0
LINE
8
BLACK
6
CONTINUOUS
10
0.4762108661417322
20
0.5582104330708662
11
0.4761148818897638
21
0.5578679527559055
0
LINE
8
BLACK
6
CONTINUOUS
10
0.4761148818897638
20
0.5578679527559055
11
0.4761148818897638
21
0.5575120866141732
0
LINE
8
BLACK
6
CONTINUOUS
10
0.4761148818897638
20
0.5575120866141732
11
0.4758064173228346
21
0.5567674803149606
0
LINE
8
BLACK
6
CONTINUOUS
10
0.4758064173228346
20
0.5567674803149606
11
0.4755890157480315
21
0.5559916929133858
0
LINE
8
BLACK
6
CONTINUOUS
10
0.4755890157480315
20
0.5559916929133858
11
0.4752925984251968
21
0.555526968503937
0
LINE
8
BLACK
6
CONTINUOUS
10
0.4752925984251968
20
0.555526968503937
11
0.4752330708661417
21
0.5553832677165355
0
LINE
8
BLACK
6
CONTINUOUS
10
0.4752330708661417
20
0.5553832677165355
11
0.4751442913385827
21
0.5552944881889764
0
LINE
8
BLACK
6
CONTINUOUS
10
0.4751442913385827
20
0.5552944881889764
11
0.4749664566929134
21
0.5550156692913386
0
LINE
8
BLACK
6
CONTINUOUS
10
0.4749664566929134
20
0.5550156692913386
11
0.4515395669291338
21
0.5251996456692913
0
LINE
8
BLACK
6
CONTINUOUS
10
0.4515395669291338
20
0.5251996456692913
11
0.4703228346456693
21
0.5251996456692913
0
LINE
8
BLACK
6
CONTINUOUS
10
0.4703228346456693
20
0.5251996456692913
11
0.4714749606299212
21
0.5250861811023622
0
LINE
8
BLACK
6
CONTINUOUS
10
0.4714749606299212
20
0.5250861811023622
11
0.4736037795275591
21
0.5242043700787401
0
LINE
8
BLACK
6
CONTINUOUS
10
0.4736037795275591
20
0.5242043700787401
11
0.4752330708661417
21
0.5225750787401575
0
LINE
8
BLACK
6
CONTINUOUS
10
0.4752330708661417
20
0.5225750787401575
11
0.4761148818897638
21
0.5204462598425197
0
LINE
8
BLACK
6
CONTINUOUS
10
0.4761148818897638
20
0.5204462598425197
11
0.4761148818897638
21
0.5181420078740158
0
LINE
8
BLACK
6
CONTINUOUS
10
0.4761148818897638
20
0.5181420078740158
11
0.4752330708661417
21
0.5160131889763779
0
LINE
8
BLACK
6
CONTINUOUS
10
0.4752330708661417
20
0.5160131889763779
11
0.4736037795275591
21
0.5143838976377952
0
LINE
8
BLACK
6
CONTINUOUS
10
0.4736037795275591
20
0.5143838976377952
11
0.4714749606299212
21
0.5135020866141732
0
LINE
8
BLACK
6
CONTINUOUS
10
0.4714749606299212
20
0.5135020866141732
11
0.4703228346456693
21
0.5133886220472441
0
LINE
8
BLACK
6
CONTINUOUS
10
0.4703228346456693
20
0.5133886220472441
11
0.4393891732283464
21
0.5133886220472441
0
LINE
8
BLACK
6
CONTINUOUS
10
0.4393891732283464
20
0.5133886220472441
11
0.4390599212598425
21
0.5134210236220472
0
LINE
8
BLACK
6
CONTINUOUS
10
0.4390599212598425
20
0.5134210236220472
11
0.4389353937007874
21
0.5134061023622047
0
LINE
8
BLACK
6
CONTINUOUS
10
0.4389353937007874
20
0.5134061023622047
11
0.4387857086614173
21
0.513448031496063
0
LINE
8
BLACK
6
CONTINUOUS
10
0.4387857086614173
20
0.513448031496063
11
0.4382370472440945
21
0.5135020866141732
0
LINE
8
BLACK
6
CONTINUOUS
10
0.4382370472440945
20
0.5135020866141732
11
0.4374924409448819
21
0.5138105118110237
0
LINE
8
BLACK
6
CONTINUOUS
10
0.4374924409448819
20
0.5138105118110237
11
0.4367166535433071
21
0.5140279527559055
0
LINE
8
BLACK
6
CONTINUOUS
10
0.4367166535433071
20
0.5140279527559055
11
0.4364368897637795
21
0.5142477165354331
0
LINE
8
BLACK
6
CONTINUOUS
10
0.4364368897637795
20
0.5142477165354331
11
0.4361082283464567
21
0.5143838976377952
0
LINE
8
BLACK
6
CONTINUOUS
10
0.4361082283464567
20
0.5143838976377952
11
0.4355385433070866
21
0.5149535433070866
0
LINE
8
BLACK
6
CONTINUOUS
10
0.4355385433070866
20
0.5149535433070866
11
0.4349047637795275
21
0.5154515354330709
0
LINE
8
BLACK
6
CONTINUOUS
10
0.4349047637795275
20
0.5154515354330709
11
0.4347303937007874
21
0.5157616929133858
0
LINE
8
BLACK
6
CONTINUOUS
10
0.4347303937007874
20
0.5157616929133858
11
0.434478937007874
21
0.5160131889763779
0
LINE
8
BLACK
6
CONTINUOUS
10
0.434478937007874
20
0.5160131889763779
11
0.4341705511811024
21
0.5167576377952756
0
LINE
8
BLACK
6
CONTINUOUS
10
0.4341705511811024
20
0.5167576377952756
11
0.4337756692913386
21
0.5174601574803149
0
LINE
8
BLACK
6
CONTINUOUS
10
0.4337756692913386
20
0.5174601574803149
11
0.4337332677165354
21
0.5178132677165355
0
LINE
8
BLACK
6
CONTINUOUS
10
0.4337332677165354
20
0.5178132677165355
11
0.433597125984252
21
0.5181420078740158
0
LINE
8
BLACK
6
CONTINUOUS
10
0.433597125984252
20
0.5181420078740158
11
0.433597125984252
21
0.5189480314960629
0
LINE
8
BLACK
6
CONTINUOUS
10
0.433597125984252
20
0.5189480314960629
11
0.4335011417322834
21
0.5197479133858267
0
LINE
8
BLACK
6
CONTINUOUS
10
0.4335011417322834
20
0.5197479133858267
11
0.433597125984252
21
0.5200903543307086
0
LINE
8
BLACK
6
CONTINUOUS
10
0.433597125984252
20
0.5200903543307086
11
0.433597125984252
21
0.5204462598425197
0
LINE
8
BLACK
6
CONTINUOUS
10
0.433597125984252
20
0.5204462598425197
11
0.4339055511811024
21
0.5211908267716535
0
LINE
8
BLACK
6
CONTINUOUS
10
0.4339055511811024
20
0.5211908267716535
11
0.4341229921259843
21
0.5219666535433071
0
LINE
8
BLACK
6
CONTINUOUS
10
0.4341229921259843
20
0.5219666535433071
11
0.4344193700787402
21
0.5224313385826772
0
LINE
8
BLACK
6
CONTINUOUS
10
0.4344193700787402
20
0.5224313385826772
11
0.434478937007874
21
0.5225750787401575
0
LINE
8
BLACK
6
CONTINUOUS
10
0.434478937007874
20
0.5225750787401575
11
0.4345676771653543
21
0.5226638188976378
0
LINE
8
BLACK
6
CONTINUOUS
10
0.4345676771653543
20
0.5226638188976378
11
0.4347455511811024
21
0.5229426771653544
0
LINE
8
BLACK
6
CONTINUOUS
10
0.4347455511811024
20
0.5229426771653544
11
0.4581724409448819
21
0.5527587007874015
0
LINE
8
BLACK
6
CONTINUOUS
10
0.4581724409448819
20
0.5527587007874015
11
0.4393891732283464
21
0.5527587007874015
0
LINE
8
BLACK
6
CONTINUOUS
10
0.4393891732283464
20
0.5527587007874015
11
0.4382370472440945
21
0.5528721653543307
0
LINE
8
BLACK
6
CONTINUOUS
10
0.4382370472440945
20
0.5528721653543307
11
0.4361082283464567
21
0.5537539763779528
0
LINE
8
BLACK
6
CONTINUOUS
10
0.4361082283464567
20
0.5537539763779528
11
0.434478937007874
21
0.5553832677165355
0
LINE
8
BLACK
6
CONTINUOUS
10
0.434478937007874
20
0.5553832677165355
11
0.433597125984252
21
0.5575120866141732
0
LINE
8
BLACK
6
CONTINUOUS
10
0.433597125984252
20
0.5575120866141732
11
0.433597125984252
21
0.5598163385826771
0
LINE
8
BLACK
6
CONTINUOUS
10
0.433597125984252
20
0.5598163385826771
11
0.434478937007874
21
0.5619451574803149
0
LINE
8
BLACK
6
CONTINUOUS
10
0.434478937007874
20
0.5619451574803149
11
0.4361082283464567
21
0.5635744488188976
0
LINE
8
BLACK
6
CONTINUOUS
10
0.4361082283464567
20
0.5635744488188976
11
0.4382370472440945
21
0.5644562598425197
0
LINE
8
BLACK
6
CONTINUOUS
10
0.4382370472440945
20
0.5644562598425197
11
0.4393891732283464
21
0.5645697244094489
0
LINE
8
BLACK
6
CONTINUOUS
10
0.4393891732283464
20
0.5645697244094489
11
0.4703228346456693
21
0.5645697244094489
0
LINE
8
BLACK
6
CONTINUOUS
10
0.4703228346456693
20
0.5645697244094489
11
0.4706520472440945
21
0.5645372834645669
0
LINE
8
BLACK
6
CONTINUOUS
10
0.1807990551181102
20
0.5841412992125984
11
0.1818236220472441
21
0.5841412992125984
0
LINE
8
BLACK
6
CONTINUOUS
10
0.1818236220472441
20
0.5841412992125984
11
0.181945157480315
21
0.584090905511811
0
LINE
8
BLACK
6
CONTINUOUS
10
0.181945157480315
20
0.584090905511811
11
0.1820768503937008
21
0.584085157480315
0
LINE
8
BLACK
6
CONTINUOUS
10
0.1820768503937008
20
0.584085157480315
11
0.1830063385826772
21
0.5836513385826771
0
LINE
8
BLACK
6
CONTINUOUS
10
0.1830063385826772
20
0.5836513385826771
11
0.1839524409448819
21
0.5832594881889763
0
LINE
8
BLACK
6
CONTINUOUS
10
0.1839524409448819
20
0.5832594881889763
11
0.1840454724409449
21
0.5831664173228346
0
LINE
8
BLACK
6
CONTINUOUS
10
0.1840454724409449
20
0.5831664173228346
11
0.1841649212598425
21
0.5831107086614173
0
LINE
8
BLACK
6
CONTINUOUS
10
0.1841649212598425
20
0.5831107086614173
11
0.1848574015748032
21
0.5823544881889764
0
LINE
8
BLACK
6
CONTINUOUS
10
0.1848574015748032
20
0.5823544881889764
11
0.1855817322834646
21
0.5816301968503936
0
LINE
8
BLACK
6
CONTINUOUS
10
0.1855817322834646
20
0.5816301968503936
11
0.185632125984252
21
0.5815085039370078
0
LINE
8
BLACK
6
CONTINUOUS
10
0.185632125984252
20
0.5815085039370078
11
0.1857211023622047
21
0.5814113779527559
0
LINE
8
BLACK
6
CONTINUOUS
10
0.1857211023622047
20
0.5814113779527559
11
0.1860713779527559
21
0.5804480314960629
0
LINE
8
BLACK
6
CONTINUOUS
10
0.1860713779527559
20
0.5804480314960629
11
0.1864635433070866
21
0.5795013779527559
0
LINE
8
BLACK
6
CONTINUOUS
10
0.1864635433070866
20
0.5795013779527559
11
0.1864812992125984
21
0.579320748031496
0
LINE
8
BLACK
6
CONTINUOUS
10
0.1864812992125984
20
0.579320748031496
11
0.1865085433070866
21
0.5792459448818897
0
LINE
8
BLACK
6
CONTINUOUS
10
0.1865085433070866
20
0.5792459448818897
11
0.1865024015748031
21
0.5791066141732283
0
LINE
8
BLACK
6
CONTINUOUS
10
0.1865024015748031
20
0.5791066141732283
11
0.1865770078740157
21
0.578349251968504
0
LINE
8
BLACK
6
CONTINUOUS
10
0.1865770078740157
20
0.578349251968504
11
0.1865770078740157
21
0.5192941338582677
0
LINE
8
BLACK
6
CONTINUOUS
10
0.1865770078740157
20
0.5192941338582677
11
0.1864635433070866
21
0.5181420078740158
0
LINE
8
BLACK
6
CONTINUOUS
10
0.1864635433070866
20
0.5181420078740158
11
0.1855817322834646
21
0.5160131889763779
0
LINE
8
BLACK
6
CONTINUOUS
10
0.1855817322834646
20
0.5160131889763779
11
0.1839524409448819
21
0.5143838976377952
0
LINE
8
BLACK
6
CONTINUOUS
10
0.1839524409448819
20
0.5143838976377952
11
0.1818236220472441
21
0.5135020866141732
0
LINE
8
BLACK
6
CONTINUOUS
10
0.1818236220472441
20
0.5135020866141732
11
0.1795193700787402
21
0.5135020866141732
0
LINE
8
BLACK
6
CONTINUOUS
10
0.1795193700787402
20
0.5135020866141732
11
0.1773905511811024
21
0.5143838976377952
0
LINE
8
BLACK
6
CONTINUOUS
10
0.1773905511811024
20
0.5143838976377952
11
0.1757612598425197
21
0.5160131889763779
0
LINE
8
BLACK
6
CONTINUOUS
10
0.1757612598425197
20
0.5160131889763779
11
0.1748794488188976
21
0.5181420078740158
0
LINE
8
BLACK
6
CONTINUOUS
10
0.1748794488188976
20
0.5181420078740158
11
0.1747659842519685
21
0.5192941338582677
0
LINE
8
BLACK
6
CONTINUOUS
10
0.1747659842519685
20
0.5192941338582677
11
0.1747659842519685
21
0.5517297637795275
0
LINE
8
BLACK
6
CONTINUOUS
10
0.1747659842519685
20
0.5517297637795275
11
0.1663379133858268
21
0.5336696456692913
0
LINE
8
BLACK
6
CONTINUOUS
10
0.1663379133858268
20
0.5336696456692913
11
0.1660879921259842
21
0.5332477559055118
0
LINE
8
BLACK
6
CONTINUOUS
10
0.1660879921259842
20
0.5332477559055118
11
0.166036062992126
21
0.5331048818897638
0
LINE
8
BLACK
6
CONTINUOUS
10
0.166036062992126
20
0.5331048818897638
11
0.1659435039370079
21
0.5330038188976378
0
LINE
8
BLACK
6
CONTINUOUS
10
0.1659435039370079
20
0.5330038188976378
11
0.1657479133858268
21
0.5326735826771654
0
LINE
8
BLACK
6
CONTINUOUS
10
0.1657479133858268
20
0.5326735826771654
11
0.1650859842519685
21
0.5320674409448819
0
LINE
8
BLACK
6
CONTINUOUS
10
0.1650859842519685
20
0.5320674409448819
11
0.1644798818897638
21
0.5314055511811023
0
LINE
8
BLACK
6
CONTINUOUS
10
0.1644798818897638
20
0.5314055511811023
11
0.1642420078740157
21
0.5312945275590552
0
LINE
8
BLACK
6
CONTINUOUS
10
0.1642420078740157
20
0.5312945275590552
11
0.1640485826771653
21
0.5311174015748031
0
LINE
8
BLACK
6
CONTINUOUS
10
0.1640485826771653
20
0.5311174015748031
11
0.1632054724409449
21
0.5308107874015748
0
LINE
8
BLACK
6
CONTINUOUS
10
0.1632054724409449
20
0.5308107874015748
11
0.162391811023622
21
0.5304311023622047
0
LINE
8
BLACK
6
CONTINUOUS
10
0.162391811023622
20
0.5304311023622047
11
0.1621295275590551
21
0.5304195669291338
0
LINE
8
BLACK
6
CONTINUOUS
10
0.1621295275590551
20
0.5304195669291338
11
0.1618831102362205
21
0.5303299606299212
0
LINE
8
BLACK
6
CONTINUOUS
10
0.1618831102362205
20
0.5303299606299212
11
0.1609866141732283
21
0.5303693307086614
0
LINE
8
BLACK
6
CONTINUOUS
10
0.1609866141732283
20
0.5303693307086614
11
0.1600898031496063
21
0.5303299606299212
0
LINE
8
BLACK
6
CONTINUOUS
10
0.1600898031496063
20
0.5303299606299212
11
0.1598432283464567
21
0.5304196062992126
0
LINE
8
BLACK
6
CONTINUOUS
10
0.1598432283464567
20
0.5304196062992126
11
0.1595811417322835
21
0.5304311417322835
0
LINE
8
BLACK
6
CONTINUOUS
10
0.1595811417322835
20
0.5304311417322835
11
0.1587676771653543
21
0.5308107086614173
0
LINE
8
BLACK
6
CONTINUOUS
10
0.1587676771653543
20
0.5308107086614173
11
0.1579243700787402
21
0.5311174015748031
0
LINE
8
BLACK
6
CONTINUOUS
10
0.1579243700787402
20
0.5311174015748031
11
0.1577309448818898
21
0.5312944881889764
0
LINE
8
BLACK
6
CONTINUOUS
10
0.1577309448818898
20
0.5312944881889764
11
0.157493031496063
21
0.5314055511811023
0
LINE
8
BLACK
6
CONTINUOUS
10
0.157493031496063
20
0.5314055511811023
11
0.1568866535433071
21
0.5320676377952755
0
LINE
8
BLACK
6
CONTINUOUS
10
0.1568866535433071
20
0.5320676377952755
11
0.1562250393700787
21
0.5326735826771654
0
LINE
8
BLACK
6
CONTINUOUS
10
0.1562250393700787
20
0.5326735826771654
11
0.1560294094488189
21
0.5330037401574803
0
LINE
8
BLACK
6
CONTINUOUS
10
0.1560294094488189
20
0.5330037401574803
11
0.1559368503937008
21
0.5331048818897638
0
LINE
8
BLACK
6
CONTINUOUS
10
0.1559368503937008
20
0.5331048818897638
11
0.155884842519685
21
0.5332478346456693
0
LINE
8
BLACK
6
CONTINUOUS
10
0.155884842519685
20
0.5332478346456693
11
0.155635
21
0.5336696456692913
0
LINE
8
BLACK
6
CONTINUOUS
10
0.155635
20
0.5336696456692913
11
0.1472069291338583
21
0.5517298031496063
0
LINE
8
BLACK
6
CONTINUOUS
10
0.1472069291338583
20
0.5517298031496063
11
0.1472069291338583
21
0.5192941338582677
0
LINE
8
BLACK
6
CONTINUOUS
10
0.1472069291338583
20
0.5192941338582677
11
0.1470934645669291
21
0.5181420078740158
0
LINE
8
BLACK
6
CONTINUOUS
10
0.1470934645669291
20
0.5181420078740158
11
0.1462116535433071
21
0.5160131889763779
0
LINE
8
BLACK
6
CONTINUOUS
10
0.1462116535433071
20
0.5160131889763779
11
0.1445823622047244
21
0.5143838976377952
0
LINE
8
BLACK
6
CONTINUOUS
10
0.1445823622047244
20
0.5143838976377952
11
0.1424535433070866
21
0.5135020866141732
0
LINE
8
BLACK
6
CONTINUOUS
10
0.1424535433070866
20
0.5135020866141732
11
0.1401492913385827
21
0.5135020866141732
0
LINE
8
BLACK
6
CONTINUOUS
10
0.1401492913385827
20
0.5135020866141732
11
0.1380204724409449
21
0.5143838976377952
0
LINE
8
BLACK
6
CONTINUOUS
10
0.1380204724409449
20
0.5143838976377952
11
0.1363911811023622
21
0.5160131889763779
0
LINE
8
BLACK
6
CONTINUOUS
10
0.1363911811023622
20
0.5160131889763779
11
0.1355093700787401
21
0.5181420078740158
0
LINE
8
BLACK
6
CONTINUOUS
10
0.1355093700787401
20
0.5181420078740158
11
0.135395905511811
21
0.5192941338582677
0
LINE
8
BLACK
6
CONTINUOUS
10
0.135395905511811
20
0.5192941338582677
11
0.135395905511811
21
0.578349251968504
0
LINE
8
BLACK
6
CONTINUOUS
10
0.135395905511811
20
0.578349251968504
11
0.1354704724409449
21
0.5791065748031496
0
LINE
8
BLACK
6
CONTINUOUS
10
0.1354704724409449
20
0.5791065748031496
11
0.1354643700787402
21
0.579245905511811
0
LINE
8
BLACK
6
CONTINUOUS
10
0.1354643700787402
20
0.579245905511811
11
0.1354915748031496
21
0.5793207086614173
0
LINE
8
BLACK
6
CONTINUOUS
10
0.1354915748031496
20
0.5793207086614173
11
0.1355093700787401
21
0.5795013779527559
0
LINE
8
BLACK
6
CONTINUOUS
10
0.1355093700787401
20
0.5795013779527559
11
0.1359015354330709
21
0.5804481496062992
0
LINE
8
BLACK
6
CONTINUOUS
10
0.1359015354330709
20
0.5804481496062992
11
0.136251811023622
21
0.5814113779527559
0
LINE
8
BLACK
6
CONTINUOUS
10
0.136251811023622
20
0.5814113779527559
11
0.1363407480314961
21
0.5815085039370078
0
LINE
8
BLACK
6
CONTINUOUS
10
0.1363407480314961
20
0.5815085039370078
11
0.1363911811023622
21
0.5816301968503936
0
LINE
8
BLACK
6
CONTINUOUS
10
0.1363911811023622
20
0.5816301968503936
11
0.1371154724409449
21
0.5823544881889764
0
LINE
8
BLACK
6
CONTINUOUS
10
0.1371154724409449
20
0.5823544881889764
11
0.1378079921259842
21
0.5831107086614173
0
LINE
8
BLACK
6
CONTINUOUS
10
0.1378079921259842
20
0.5831107086614173
11
0.1379274015748032
21
0.5831664173228346
0
LINE
8
BLACK
6
CONTINUOUS
10
0.1379274015748032
20
0.5831664173228346
11
0.1380204724409449
21
0.5832594881889763
0
LINE
8
BLACK
6
CONTINUOUS
10
0.1380204724409449
20
0.5832594881889763
11
0.138967125984252
21
0.5836516141732283
0
LINE
8
BLACK
6
CONTINUOUS
10
0.138967125984252
20
0.5836516141732283
11
0.1398961023622047
21
0.5840851181102362
0
LINE
8
BLACK
6
CONTINUOUS
10
0.1398961023622047
20
0.5840851181102362
11
0.1400275984251969
21
0.5840908661417322
0
LINE
8
BLACK
6
CONTINUOUS
10
0.1400275984251969
20
0.5840908661417322
11
0.1401492913385827
21
0.5841412992125984
0
LINE
8
BLACK
6
CONTINUOUS
10
0.1401492913385827
20
0.5841412992125984
11
0.1411742913385827
21
0.5841412992125984
0
LINE
8
BLACK
6
CONTINUOUS
10
0.1411742913385827
20
0.5841412992125984
11
0.1421980708661417
21
0.5841862992125985
0
LINE
8
BLACK
6
CONTINUOUS
10
0.1421980708661417
20
0.5841862992125985
11
0.142321811023622
21
0.5841412992125984
0
LINE
8
BLACK
6
CONTINUOUS
10
0.142321811023622
20
0.5841412992125984
11
0.1424535433070866
21
0.5841412992125984
0
LINE
8
BLACK
6
CONTINUOUS
10
0.1424535433070866
20
0.5841412992125984
11
0.1434003149606299
21
0.583749094488189
0
LINE
8
BLACK
6
CONTINUOUS
10
0.1434003149606299
20
0.583749094488189
11
0.1443635433070866
21
0.5833988582677165
0
LINE
8
BLACK
6
CONTINUOUS
10
0.1443635433070866
20
0.5833988582677165
11
0.1444606692913386
21
0.5833098818897637
0
LINE
8
BLACK
6
CONTINUOUS
10
0.1444606692913386
20
0.5833098818897637
11
0.1445823622047244
21
0.5832594881889763
0
LINE
8
BLACK
6
CONTINUOUS
10
0.1445823622047244
20
0.5832594881889763
11
0.1453066535433071
21
0.5825351574803149
0
LINE
8
BLACK
6
CONTINUOUS
10
0.1453066535433071
20
0.5825351574803149
11
0.146062874015748
21
0.5818426771653543
0
LINE
8
BLACK
6
CONTINUOUS
10
0.146062874015748
20
0.5818426771653543
11
0.1461553937007874
21
0.5816864173228347
0
LINE
8
BLACK
6
CONTINUOUS
10
0.1461553937007874
20
0.5816864173228347
11
0.1462116535433071
21
0.5816301968503936
0
LINE
8
BLACK
6
CONTINUOUS
10
0.1462116535433071
20
0.5816301968503936
11
0.1462649212598425
21
0.5815014960629921
0
LINE
8
BLACK
6
CONTINUOUS
10
0.1462649212598425
20
0.5815014960629921
11
0.146652874015748
21
0.5808466141732284
0
LINE
8
BLACK
6
CONTINUOUS
10
0.146652874015748
20
0.5808466141732284
11
0.1609864566929134
21
0.5501317716535433
0
LINE
8
BLACK
6
CONTINUOUS
10
0.1609864566929134
20
0.5501317716535433
11
0.1753200393700787
21
0.5808466141732284
0
LINE
8
BLACK
6
CONTINUOUS
10
0.1753200393700787
20
0.5808466141732284
11
0.175707874015748
21
0.5815013385826772
0
LINE
8
BLACK
6
CONTINUOUS
10
0.175707874015748
20
0.5815013385826772
11
0.1757612598425197
21
0.5816301968503936
0
LINE
8
BLACK
6
CONTINUOUS
10
0.1757612598425197
20
0.5816301968503936
11
0.1758175590551181
21
0.5816864960629922
0
LINE
8
BLACK
6
CONTINUOUS
10
0.1758175590551181
20
0.5816864960629922
11
0.1759100787401575
21
0.5818426771653543
0
LINE
8
BLACK
6
CONTINUOUS
10
0.1759100787401575
20
0.5818426771653543
11
0.1766657874015748
21
0.5825347244094488
0
LINE
8
BLACK
6
CONTINUOUS
10
0.1766657874015748
20
0.5825347244094488
11
0.1773905511811024
21
0.5832594881889763
0
LINE
8
BLACK
6
CONTINUOUS
10
0.1773905511811024
20
0.5832594881889763
11
0.1775122440944882
21
0.5833098818897637
0
LINE
8
BLACK
6
CONTINUOUS
10
0.1775122440944882
20
0.5833098818897637
11
0.1776094094488189
21
0.5833988582677165
0
LINE
8
BLACK
6
CONTINUOUS
10
0.1776094094488189
20
0.5833988582677165
11
0.1785724015748031
21
0.5837490157480315
0
LINE
8
BLACK
6
CONTINUOUS
10
0.1785724015748031
20
0.5837490157480315
11
0.1795193700787402
21
0.5841412992125984
0
LINE
8
BLACK
6
CONTINUOUS
10
0.1795193700787402
20
0.5841412992125984
11
0.1796511023622047
21
0.5841412992125984
0
LINE
8
BLACK
6
CONTINUOUS
10
0.1796511023622047
20
0.5841412992125984
11
0.179774842519685
21
0.5841862992125985
0
LINE
8
BLACK
6
CONTINUOUS
10
0.179774842519685
20
0.5841862992125985
11
0.1807990551181102
21
0.5841412992125984
0
LINE
8
BLACK
6
CONTINUOUS
10
0.3689307086614173
20
0.5300869291338582
11
0.3695542125984252
21
0.5298287007874015
0
LINE
8
BLACK
6
CONTINUOUS
10
0.3695542125984252
20
0.5298287007874015
11
0.3695543700787401
21
0.5298285039370079
0
LINE
8
BLACK
6
CONTINUOUS
10
0.3695543700787401
20
0.5298285039370079
11
0.370449094488189
21
0.5290942913385827
0
LINE
8
BLACK
6
CONTINUOUS
10
0.370449094488189
20
0.5290942913385827
11
0.3732612598425197
21
0.5262821653543307
0
LINE
8
BLACK
6
CONTINUOUS
10
0.3732612598425197
20
0.5262821653543307
11
0.3739957086614173
21
0.5253872440944882
0
LINE
8
BLACK
6
CONTINUOUS
10
0.3739957086614173
20
0.5253872440944882
11
0.373995748031496
21
0.5253872047244095
0
LINE
8
BLACK
6
CONTINUOUS
10
0.373995748031496
20
0.5253872047244095
11
0.3748775196850394
21
0.5232583858267716
0
LINE
8
BLACK
6
CONTINUOUS
10
0.3748775196850394
20
0.5232583858267716
11
0.3748775196850394
21
0.5209542125984252
0
LINE
8
BLACK
6
CONTINUOUS
10
0.3748775196850394
20
0.5209542125984252
11
0.373995748031496
21
0.5188253937007874
0
LINE
8
BLACK
6
CONTINUOUS
10
0.373995748031496
20
0.5188253937007874
11
0.3732612992125984
21
0.5179304724409449
0
LINE
8
BLACK
6
CONTINUOUS
10
0.3732612992125984
20
0.5179304724409449
11
0.3704491338582677
21
0.5151183070866142
0
LINE
8
BLACK
6
CONTINUOUS
10
0.3704491338582677
20
0.5151183070866142
11
0.3695542125984252
21
0.5143838582677165
0
LINE
8
BLACK
6
CONTINUOUS
10
0.3695542125984252
20
0.5143838582677165
11
0.3686949606299212
21
0.5140279527559055
0
LINE
8
BLACK
6
CONTINUOUS
10
0.3686949606299212
20
0.5140279527559055
11
0.3674254330708661
21
0.5135020866141732
0
LINE
8
BLACK
6
CONTINUOUS
10
0.3674254330708661
20
0.5135020866141732
11
0.3674253937007874
21
0.5135020866141732
0
LINE
8
BLACK
6
CONTINUOUS
10
0.3674253937007874
20
0.5135020866141732
11
0.3674253543307087
21
0.5135020866141732
0
LINE
8
BLACK
6
CONTINUOUS
10
0.3674253543307087
20
0.5135020866141732
11
0.3651212204724409
21
0.5135020866141732
0
LINE
8
BLACK
6
CONTINUOUS
10
0.3651212204724409
20
0.5135020866141732
11
0.3651211811023622
21
0.5135020866141732
0
LINE
8
BLACK
6
CONTINUOUS
10
0.3651211811023622
20
0.5135020866141732
11
0.3638516535433071
21
0.5140279527559055
0
LINE
8
BLACK
6
CONTINUOUS
10
0.3638516535433071
20
0.5140279527559055
11
0.3629924015748031
21
0.5143838582677165
0
LINE
8
BLACK
6
CONTINUOUS
10
0.3629924015748031
20
0.5143838582677165
11
0.3629923622047244
21
0.5143838976377952
0
LINE
8
BLACK
6
CONTINUOUS
10
0.3629923622047244
20
0.5143838976377952
11
0.3620974409448819
21
0.5151183464566929
0
LINE
8
BLACK
6
CONTINUOUS
10
0.3620974409448819
20
0.5151183464566929
11
0.3592853149606299
21
0.5179305118110236
0
LINE
8
BLACK
6
CONTINUOUS
10
0.3592853149606299
20
0.5179305118110236
11
0.358551062992126
21
0.5188251968503937
0
LINE
8
BLACK
6
CONTINUOUS
10
0.358551062992126
20
0.5188251968503937
11
0.358550905511811
21
0.5188253937007874
0
LINE
8
BLACK
6
CONTINUOUS
10
0.358550905511811
20
0.5188253937007874
11
0.3576691338582677
21
0.5209542125984252
0
LINE
8
BLACK
6
CONTINUOUS
10
0.3576691338582677
20
0.5209542125984252
11
0.3576691338582677
21
0.5232583858267716
0
LINE
8
BLACK
6
CONTINUOUS
10
0.3576691338582677
20
0.5232583858267716
11
0.3577567716535433
21
0.5234699212598425
0
LINE
8
BLACK
6
CONTINUOUS
10
0.3577567716535433
20
0.5234699212598425
11
0.3580609842519685
21
0.5242043700787401
0
LINE
8
BLACK
6
CONTINUOUS
10
0.3580609842519685
20
0.5242043700787401
11
0.358550905511811
21
0.5253872047244095
0
LINE
8
BLACK
6
CONTINUOUS
10
0.358550905511811
20
0.5253872047244095
11
0.3592853543307086
21
0.5262821259842519
0
LINE
8
BLACK
6
CONTINUOUS
10
0.3592853543307086
20
0.5262821259842519
11
0.3620974803149606
21
0.5290942519685039
0
LINE
8
BLACK
6
CONTINUOUS
10
0.3620974803149606
20
0.5290942519685039
11
0.3629923622047244
21
0.5298287007874015
0
LINE
8
BLACK
6
CONTINUOUS
10
0.3629923622047244
20
0.5298287007874015
11
0.3638741338582677
21
0.5301938976377952
0
LINE
8
BLACK
6
CONTINUOUS
10
0.3638741338582677
20
0.5301938976377952
11
0.3651211811023622
21
0.5307104724409448
0
LINE
8
BLACK
6
CONTINUOUS
10
0.3651211811023622
20
0.5307104724409448
11
0.3674254330708661
21
0.5307104724409448
0
LINE
8
BLACK
6
CONTINUOUS
10
0.3674254330708661
20
0.5307104724409448
11
0.3689307086614173
21
0.5300869291338582
0
LINE
8
BLACK
6
CONTINUOUS
10
1.4390586220472441
20
0.5420586220472441
11
1.4396351968503938
21
0.5406666929133858
0
LINE
8
BLACK
6
CONTINUOUS
10
1.4396351968503938
20
0.5406666929133858
11
1.4396351968503938
21
0.5281666929133858
0
LINE
8
BLACK
6
CONTINUOUS
10
1.4396351968503938
20
0.5281666929133858
11
1.4390586220472441
21
0.5267747637795276
0
LINE
8
BLACK
6
CONTINUOUS
10
1.4390586220472441
20
0.5267747637795276
11
1.4376666929133859
21
0.5261981889763779
0
LINE
8
BLACK
6
CONTINUOUS
10
1.4376666929133859
20
0.5261981889763779
11
1.4001666929133858
21
0.5261981889763779
0
LINE
8
BLACK
6
CONTINUOUS
10
1.4001666929133858
20
0.5261981889763779
11
1.3987747637795276
21
0.5267747637795276
0
LINE
8
BLACK
6
CONTINUOUS
10
1.3987747637795276
20
0.5267747637795276
11
1.3981981889763779
21
0.5281666929133858
0
LINE
8
BLACK
6
CONTINUOUS
10
1.3981981889763779
20
0.5281666929133858
11
1.3981981889763779
21
0.5406666929133858
0
LINE
8
BLACK
6
CONTINUOUS
10
1.3981981889763779
20
0.5406666929133858
11
1.3987747637795276
21
0.5420586220472441
0
LINE
8
BLACK
6
CONTINUOUS
10
1.3987747637795276
20
0.5420586220472441
11
1.4001666929133858
21
0.5426351968503937
0
LINE
8
BLACK
6
CONTINUOUS
10
1.4001666929133858
20
0.5426351968503937
11
1.4376666929133859
21
0.5426351968503937
0
LINE
8
BLACK
6
CONTINUOUS
10
1.4376666929133859
20
0.5426351968503937
11
1.4390586220472441
21
0.5420586220472441
0
LINE
8
BLACK
6
CONTINUOUS
10
1.1390586220472441
20
0.7670586220472441
11
1.1396351968503937
21
0.7656666929133858
0
LINE
8
BLACK
6
CONTINUOUS
10
1.1396351968503937
20
0.7656666929133858
11
1.1396351968503937
21
0.7281666929133858
0
LINE
8
BLACK
6
CONTINUOUS
10
1.1396351968503937
20
0.7281666929133858
11
1.1390586220472441
21
0.7267747637795275
0
LINE
8
BLACK
6
CONTINUOUS
10
1.1390586220472441
20
0.7267747637795275
11
1.1376666929133858
21
0.7261981889763779
0
LINE
8
BLACK
6
CONTINUOUS
10
1.1376666929133858
20
0.7261981889763779
11
1.1001666929133858
21
0.7261981889763779
0
LINE
8
BLACK
6
CONTINUOUS
10
1.1001666929133858
20
0.7261981889763779
11
1.0987747637795275
21
0.7267747637795275
0
LINE
8
BLACK
6
CONTINUOUS
10
1.0987747637795275
20
0.7267747637795275
11
1.0981981889763779
21
0.7281666929133858
0
LINE
8
BLACK
6
CONTINUOUS
10
1.0981981889763779
20
0.7281666929133858
11
1.0981981889763779
21
0.7656666929133858
0
LINE
8
BLACK
6
CONTINUOUS
10
1.0981981889763779
20
0.7656666929133858
11
1.0987747637795275
21
0.7670586220472441
0
LINE
8
BLACK
6
CONTINUOUS
10
1.0987747637795275
20
0.7670586220472441
11
1.1001666929133858
21
0.7676351968503937
0
LINE
8
BLACK
6
CONTINUOUS
10
1.1001666929133858
20
0.7676351968503937
11
1.1376666929133858
21
0.7676351968503937
0
LINE
8
BLACK
6
CONTINUOUS
10
1.1376666929133858
20
0.7676351968503937
11
1.1390586220472441
21
0.7670586220472441
0
LINE
8
BLACK
6
CONTINUOUS
10
1.164058622047244
20
0.7920586220472441
11
1.1646351968503936
21
0.7906666929133858
0
LINE
8
BLACK
6
CONTINUOUS
10
1.1646351968503936
20
0.7906666929133858
11
1.1646351968503936
21
0.7031666929133858
0
LINE
8
BLACK
6
CONTINUOUS
10
1.1646351968503936
20
0.7031666929133858
11
1.164058622047244
21
0.7017747637795275
0
LINE
8
BLACK
6
CONTINUOUS
10
1.164058622047244
20
0.7017747637795275
11
1.1626666929133858
21
0.701198188976378
0
LINE
8
BLACK
6
CONTINUOUS
10
1.1626666929133858
20
0.701198188976378
11
1.0751666929133858
21
0.701198188976378
0
LINE
8
BLACK
6
CONTINUOUS
10
1.0751666929133858
20
0.701198188976378
11
1.0737747637795276
21
0.7017747637795275
0
LINE
8
BLACK
6
CONTINUOUS
10
1.0737747637795276
20
0.7017747637795275
11
1.073198188976378
21
0.7031666929133858
0
LINE
8
BLACK
6
CONTINUOUS
10
1.073198188976378
20
0.7031666929133858
11
1.073198188976378
21
0.7906666929133858
0
LINE
8
BLACK
6
CONTINUOUS
10
1.073198188976378
20
0.7906666929133858
11
1.0737747637795276
21
0.7920586220472441
0
LINE
8
BLACK
6
CONTINUOUS
10
1.0737747637795276
20
0.7920586220472441
11
1.0751666929133858
21
0.7926351968503936
0
LINE
8
BLACK
6
CONTINUOUS
10
1.0751666929133858
20
0.7926351968503936
11
1.1626666929133858
21
0.7926351968503936
0
LINE
8
BLACK
6
CONTINUOUS
10
1.1626666929133858
20
0.7926351968503936
11
1.164058622047244
21
0.7920586220472441
0
LINE
8
BLACK
6
CONTINUOUS
10
1.0896351968503937
20
0.7176351968503937
11
1.1481981889763779
21
0.7176351968503937
0
LINE
8
BLACK
6
CONTINUOUS
10
1.1481981889763779
20
0.7176351968503937
11
1.1481981889763779
21
0.7761981889763779
0
LINE
8
BLACK
6
CONTINUOUS
10
1.1481981889763779
20
0.7761981889763779
11
1.0896351968503937
21
0.7761981889763779
0
LINE
8
BLACK
6
CONTINUOUS
10
1.0896351968503937
20
0.7761981889763779
11
1.0896351968503937
21
0.7176351968503937
0
LINE
8
BLACK
6
CONTINUOUS
10
0.0694896062992126
20
0.7784074409448819
11
0.0711188976377953
21
0.7767781496062992
0
LINE
8
BLACK
6
CONTINUOUS
10
0.0711188976377953
20
0.7767781496062992
11
0.0720007086614173
21
0.7746493307086614
0
LINE
8
BLACK
6
CONTINUOUS
10
0.0720007086614173
20
0.7746493307086614
11
0.0721141732283465
21
0.7734972047244094
0
LINE
8
BLACK
6
CONTINUOUS
10
0.0721141732283465
20
0.7734972047244094
11
0.0721141732283465
21
0.7285027952755906
0
LINE
8
BLACK
6
CONTINUOUS
10
0.0721141732283465
20
0.7285027952755906
11
0.0720007086614173
21
0.7273506692913385
0
LINE
8
BLACK
6
CONTINUOUS
10
0.0720007086614173
20
0.7273506692913385
11
0.0711188976377953
21
0.7252218503937008
0
LINE
8
BLACK
6
CONTINUOUS
10
0.0711188976377953
20
0.7252218503937008
11
0.0694896062992126
21
0.7235925590551181
0
LINE
8
BLACK
6
CONTINUOUS
10
0.0694896062992126
20
0.7235925590551181
11
0.0673607874015748
21
0.722710748031496
0
LINE
8
BLACK
6
CONTINUOUS
10
0.0673607874015748
20
0.722710748031496
11
0.0650565354330709
21
0.722710748031496
0
LINE
8
BLACK
6
CONTINUOUS
10
0.0650565354330709
20
0.722710748031496
11
0.0629277165354331
21
0.7235925590551181
0
LINE
8
BLACK
6
CONTINUOUS
10
0.0629277165354331
20
0.7235925590551181
11
0.0612984251968504
21
0.7252218503937008
0
LINE
8
BLACK
6
CONTINUOUS
10
0.0612984251968504
20
0.7252218503937008
11
0.0604166141732283
21
0.7273506692913385
0
LINE
8
BLACK
6
CONTINUOUS
10
0.0604166141732283
20
0.7273506692913385
11
0.0603031496062992
21
0.7285027952755906
0
LINE
8
BLACK
6
CONTINUOUS
10
0.0603031496062992
20
0.7285027952755906
11
0.0603031496062992
21
0.7734972047244094
0
LINE
8
BLACK
6
CONTINUOUS
10
0.0603031496062992
20
0.7734972047244094
11
0.0604166141732283
21
0.7746493307086614
0
LINE
8
BLACK
6
CONTINUOUS
10
0.0604166141732283
20
0.7746493307086614
11
0.0612984251968504
21
0.7767781496062992
0
LINE
8
BLACK
6
CONTINUOUS
10
0.0612984251968504
20
0.7767781496062992
11
0.0629277165354331
21
0.7784074409448819
0
LINE
8
BLACK
6
CONTINUOUS
10
0.0629277165354331
20
0.7784074409448819
11
0.0650565354330709
21
0.779289251968504
0
LINE
8
BLACK
6
CONTINUOUS
10
0.0650565354330709
20
0.779289251968504
11
0.0673607874015748
21
0.779289251968504
0
LINE
8
BLACK
6
CONTINUOUS
10
0.0673607874015748
20
0.779289251968504
11
0.0694896062992126
21
0.7784074409448819
0
LINE
8
BLACK
6
CONTINUOUS
10
1.414058622047244
20
0.7920586220472441
11
1.4146351968503936
21
0.7906666929133858
0
LINE
8
BLACK
6
CONTINUOUS
10
1.4146351968503936
20
0.7906666929133858
11
1.4146351968503936
21
0.7801351968503937
0
LINE
8
BLACK
6
CONTINUOUS
10
1.4146351968503936
20
0.7801351968503937
11
1.4231981889763778
21
0.7801351968503937
0
LINE
8
BLACK
6
CONTINUOUS
10
1.4231981889763778
20
0.7801351968503937
11
1.4231981889763778
21
0.7906666929133858
0
LINE
8
BLACK
6
CONTINUOUS
10
1.4231981889763778
20
0.7906666929133858
11
1.4237747637795275
21
0.7920586220472441
0
LINE
8
BLACK
6
CONTINUOUS
10
1.4237747637795275
20
0.7920586220472441
11
1.4251666929133857
21
0.7926351968503936
0
LINE
8
BLACK
6
CONTINUOUS
10
1.4251666929133857
20
0.7926351968503936
11
1.4376666929133859
21
0.7926351968503936
0
LINE
8
BLACK
6
CONTINUOUS
10
1.4376666929133859
20
0.7926351968503936
11
1.4390586220472441
21
0.7920586220472441
0
LINE
8
BLACK
6
CONTINUOUS
10
1.4390586220472441
20
0.7920586220472441
11
1.4396351968503938
21
0.7906666929133858
0
LINE
8
BLACK
6
CONTINUOUS
10
1.4396351968503938
20
0.7906666929133858
11
1.4396351968503938
21
0.7656666929133858
0
LINE
8
BLACK
6
CONTINUOUS
10
1.4396351968503938
20
0.7656666929133858
11
1.4390586220472441
21
0.7642747637795275
0
LINE
8
BLACK
6
CONTINUOUS
10
1.4390586220472441
20
0.7642747637795275
11
1.4376666929133859
21
0.763698188976378
0
LINE
8
BLACK
6
CONTINUOUS
10
1.4376666929133859
20
0.763698188976378
11
1.4126666929133858
21
0.763698188976378
0
LINE
8
BLACK
6
CONTINUOUS
10
1.4126666929133858
20
0.763698188976378
11
1.4112747637795275
21
0.7642747637795275
0
LINE
8
BLACK
6
CONTINUOUS
10
1.4112747637795275
20
0.7642747637795275
11
1.4106981889763779
21
0.7656666929133858
0
LINE
8
BLACK
6
CONTINUOUS
10
1.4106981889763779
20
0.7656666929133858
11
1.4106981889763779
21
0.7761981889763779
0
LINE
8
BLACK
6
CONTINUOUS
10
1.4106981889763779
20
0.7761981889763779
11
1.4001666929133858
21
0.7761981889763779
0
LINE
8
BLACK
6
CONTINUOUS
10
1.4001666929133858
20
0.7761981889763779
11
1.3987747637795276
21
0.7767747637795276
0
LINE
8
BLACK
6
CONTINUOUS
10
1.3987747637795276
20
0.7767747637795276
11
1.3981981889763779
21
0.7781666929133858
0
LINE
8
BLACK
6
CONTINUOUS
10
1.3981981889763779
20
0.7781666929133858
11
1.3981981889763779
21
0.7906666929133858
0
LINE
8
BLACK
6
CONTINUOUS
10
1.3981981889763779
20
0.7906666929133858
11
1.3987747637795276
21
0.7920586220472441
0
LINE
8
BLACK
6
CONTINUOUS
10
1.3987747637795276
20
0.7920586220472441
11
1.4001666929133858
21
0.7926351968503936
0
LINE
8
BLACK
6
CONTINUOUS
10
1.4001666929133858
20
0.7926351968503936
11
1.4126666929133858
21
0.7926351968503936
0
LINE
8
BLACK
6
CONTINUOUS
10
1.4126666929133858
20
0.7926351968503936
11
1.414058622047244
21
0.7920586220472441
0
LINE
8
BLACK
6
CONTINUOUS
10
1.5312809448818898
20
0.8501987401574803
11
1.5329102362204725
21
0.8485694488188976
0
LINE
8
BLACK
6
CONTINUOUS
10
1.5329102362204725
20
0.8485694488188976
11
1.5337920472440945
21
0.8464406299212598
0
LINE
8
BLACK
6
CONTINUOUS
10
1.5337920472440945
20
0.8464406299212598
11
1.5339055118110236
21
0.8452885039370078
0
LINE
8
BLACK
6
CONTINUOUS
10
1.5339055118110236
20
0.8452885039370078
11
1.5339055118110236
21
0.8286968503937008
0
LINE
8
BLACK
6
CONTINUOUS
10
1.5339055118110236
20
0.8286968503937008
11
1.5504972047244094
21
0.8286968503937008
0
LINE
8
BLACK
6
CONTINUOUS
10
1.5504972047244094
20
0.8286968503937008
11
1.5516493307086614
21
0.8285833858267716
0
LINE
8
BLACK
6
CONTINUOUS
10
1.5516493307086614
20
0.8285833858267716
11
1.5537781496062992
21
0.8277015748031495
0
LINE
8
BLACK
6
CONTINUOUS
10
1.5537781496062992
20
0.8277015748031495
11
1.5554074409448819
21
0.826072283464567
0
LINE
8
BLACK
6
CONTINUOUS
10
1.5554074409448819
20
0.826072283464567
11
1.5562892519685039
21
0.8239434645669291
0
LINE
8
BLACK
6
CONTINUOUS
10
1.5562892519685039
20
0.8239434645669291
11
1.5562892519685039
21
0.8216392125984252
0
LINE
8
BLACK
6
CONTINUOUS
10
1.5562892519685039
20
0.8216392125984252
11
1.5554074409448819
21
0.8195103937007874
0
LINE
8
BLACK
6
CONTINUOUS
10
1.5554074409448819
20
0.8195103937007874
11
1.5537781496062992
21
0.8178811023622047
0
LINE
8
BLACK
6
CONTINUOUS
10
1.5537781496062992
20
0.8178811023622047
11
1.5516493307086614
21
0.8169992913385826
0
LINE
8
BLACK
6
CONTINUOUS
10
1.5516493307086614
20
0.8169992913385826
11
1.5504972047244094
21
0.8168858267716536
0
LINE
8
BLACK
6
CONTINUOUS
10
1.5504972047244094
20
0.8168858267716536
11
1.5339055118110236
21
0.8168858267716536
0
LINE
8
BLACK
6
CONTINUOUS
10
1.5339055118110236
20
0.8168858267716536
11
1.5339055118110236
21
0.8002941338582678
0
LINE
8
BLACK
6
CONTINUOUS
10
1.5339055118110236
20
0.8002941338582678
11
1.5337920472440945
21
0.7991420078740157
0
LINE
8
BLACK
6
CONTINUOUS
10
1.5337920472440945
20
0.7991420078740157
11
1.5329102362204725
21
0.797013188976378
0
LINE
8
BLACK
6
CONTINUOUS
10
1.5329102362204725
20
0.797013188976378
11
1.5312809448818898
21
0.7953838976377953
0
LINE
8
BLACK
6
CONTINUOUS
10
1.5312809448818898
20
0.7953838976377953
11
1.529152125984252
21
0.7945020866141732
0
LINE
8
BLACK
6
CONTINUOUS
10
1.529152125984252
20
0.7945020866141732
11
1.5268478740157481
21
0.7945020866141732
0
LINE
8
BLACK
6
CONTINUOUS
10
1.5268478740157481
20
0.7945020866141732
11
1.5247190551181102
21
0.7953838976377953
0
LINE
8
BLACK
6
CONTINUOUS
10
1.5247190551181102
20
0.7953838976377953
11
1.5230897637795275
21
0.797013188976378
0
LINE
8
BLACK
6
CONTINUOUS
10
1.5230897637795275
20
0.797013188976378
11
1.5222079527559054
21
0.7991420078740157
0
LINE
8
BLACK
6
CONTINUOUS
10
1.5222079527559054
20
0.7991420078740157
11
1.5220944881889764
21
0.8002941338582678
0
LINE
8
BLACK
6
CONTINUOUS
10
1.5220944881889764
20
0.8002941338582678
11
1.5220944881889764
21
0.8168858267716536
0
LINE
8
BLACK
6
CONTINUOUS
10
1.5220944881889764
20
0.8168858267716536
11
1.5055027952755906
21
0.8168858267716536
0
LINE
8
BLACK
6
CONTINUOUS
10
1.5055027952755906
20
0.8168858267716536
11
1.5043506692913386
21
0.8169992913385826
0
LINE
8
BLACK
6
CONTINUOUS
10
1.5043506692913386
20
0.8169992913385826
11
1.5022218503937008
21
0.8178811023622047
0
LINE
8
BLACK
6
CONTINUOUS
10
1.5022218503937008
20
0.8178811023622047
11
1.5005925590551181
21
0.8195103937007874
0
LINE
8
BLACK
6
CONTINUOUS
10
1.5005925590551181
20
0.8195103937007874
11
1.499710748031496
21
0.8216392125984252
0
LINE
8
BLACK
6
CONTINUOUS
10
1.499710748031496
20
0.8216392125984252
11
1.499710748031496
21
0.8239434645669291
0
LINE
8
BLACK
6
CONTINUOUS
10
1.499710748031496
20
0.8239434645669291
11
1.5005925590551181
21
0.826072283464567
0
LINE
8
BLACK
6
CONTINUOUS
10
1.5005925590551181
20
0.826072283464567
11
1.5022218503937008
21
0.8277015748031495
0
LINE
8
BLACK
6
CONTINUOUS
10
1.5022218503937008
20
0.8277015748031495
11
1.5043506692913386
21
0.8285833858267716
0
LINE
8
BLACK
6
CONTINUOUS
10
1.5043506692913386
20
0.8285833858267716
11
1.5055027952755906
21
0.8286968503937008
0
LINE
8
BLACK
6
CONTINUOUS
10
1.5055027952755906
20
0.8286968503937008
11
1.5220944881889764
21
0.8286968503937008
0
LINE
8
BLACK
6
CONTINUOUS
10
1.5220944881889764
20
0.8286968503937008
11
1.5220944881889764
21
0.8452885039370078
0
LINE
8
BLACK
6
CONTINUOUS
10
1.5220944881889764
20
0.8452885039370078
11
1.5222079527559054
21
0.8464406299212598
0
LINE
8
BLACK
6
CONTINUOUS
10
1.5222079527559054
20
0.8464406299212598
11
1.5230897637795275
21
0.8485694488188976
0
LINE
8
BLACK
6
CONTINUOUS
10
1.5230897637795275
20
0.8485694488188976
11
1.5247190551181102
21
0.8501987401574803
0
LINE
8
BLACK
6
CONTINUOUS
10
1.5247190551181102
20
0.8501987401574803
11
1.5268478740157481
21
0.8510805511811024
0
LINE
8
BLACK
6
CONTINUOUS
10
1.5268478740157481
20
0.8510805511811024
11
1.529152125984252
21
0.8510805511811024
0
LINE
8
BLACK
6
CONTINUOUS
10
1.529152125984252
20
0.8510805511811024
11
1.5312809448818898
21
0.8501987401574803
0
LINE
8
BLACK
6
CONTINUOUS
10
0.6832668503937007
20
0.9669905118110236
11
0.6836666141732284
21
0.9669905118110236
0
LINE
8
BLACK
6
CONTINUOUS
10
0.6836666141732284
20
0.9669905118110236
11
0.6847310236220472
21
0.9665496062992126
0
LINE
8
BLACK
6
CONTINUOUS
10
0.6847310236220472
20
0.9665496062992126
11
0.6855456692913385
21
0.9657349606299213
0
LINE
8
BLACK
6
CONTINUOUS
10
0.6855456692913385
20
0.9657349606299213
11
0.6859865748031496
21
0.9646705511811023
0
LINE
8
BLACK
6
CONTINUOUS
10
0.6859865748031496
20
0.9646705511811023
11
0.6860433070866142
21
0.9640944881889764
0
LINE
8
BLACK
6
CONTINUOUS
10
0.6860433070866142
20
0.9640944881889764
11
0.6860433070866142
21
0.8459055118110236
0
LINE
8
BLACK
6
CONTINUOUS
10
0.6860433070866142
20
0.8459055118110236
11
0.6859865748031496
21
0.8453294488188976
0
LINE
8
BLACK
6
CONTINUOUS
10
0.6859865748031496
20
0.8453294488188976
11
0.6855456692913385
21
0.8442650393700787
0
LINE
8
BLACK
6
CONTINUOUS
10
0.6855456692913385
20
0.8442650393700787
11
0.6847310236220472
21
0.8434503937007873
0
LINE
8
BLACK
6
CONTINUOUS
10
0.6847310236220472
20
0.8434503937007873
11
0.6836666141732284
21
0.8430094881889764
0
LINE
8
BLACK
6
CONTINUOUS
10
0.6836666141732284
20
0.8430094881889764
11
0.6832668503937007
21
0.8430094881889764
0
LINE
8
BLACK
6
CONTINUOUS
10
0.6832668503937007
20
0.8430094881889764
11
0.6830905511811024
21
0.842992125984252
0
LINE
8
BLACK
6
CONTINUOUS
10
0.6830905511811024
20
0.842992125984252
11
0.5846692913385827
21
0.842992125984252
0
LINE
8
BLACK
6
CONTINUOUS
10
0.5846692913385827
20
0.842992125984252
11
0.5844929921259843
21
0.8430094881889764
0
LINE
8
BLACK
6
CONTINUOUS
10
0.5844929921259843
20
0.8430094881889764
11
0.5840932283464567
21
0.8430094881889764
0
LINE
8
BLACK
6
CONTINUOUS
10
0.5840932283464567
20
0.8430094881889764
11
0.5830288188976378
21
0.8434503937007873
0
LINE
8
BLACK
6
CONTINUOUS
10
0.5830288188976378
20
0.8434503937007873
11
0.5822141732283465
21
0.8442650393700787
0
LINE
8
BLACK
6
CONTINUOUS
10
0.5822141732283465
20
0.8442650393700787
11
0.5817732677165354
21
0.8453294488188976
0
LINE
8
BLACK
6
CONTINUOUS
10
0.5817732677165354
20
0.8453294488188976
11
0.5817165354330709
21
0.8459055118110236
0
LINE
8
BLACK
6
CONTINUOUS
10
0.5817165354330709
20
0.8459055118110236
11
0.5817165354330709
21
0.9640944881889764
0
LINE
8
BLACK
6
CONTINUOUS
10
0.5817165354330709
20
0.9640944881889764
11
0.5817732677165354
21
0.9646705511811023
0
LINE
8
BLACK
6
CONTINUOUS
10
0.5817732677165354
20
0.9646705511811023
11
0.5822141732283465
21
0.9657349606299213
0
LINE
8
BLACK
6
CONTINUOUS
10
0.5822141732283465
20
0.9657349606299213
11
0.5830288188976378
21
0.9665496062992126
0
LINE
8
BLACK
6
CONTINUOUS
10
0.5830288188976378
20
0.9665496062992126
11
0.5840932283464567
21
0.9669905118110236
0
LINE
8
BLACK
6
CONTINUOUS
10
0.5840932283464567
20
0.9669905118110236
11
0.5844929921259843
21
0.9669905118110236
0
LINE
8
BLACK
6
CONTINUOUS
10
0.5844929921259843
20
0.9669905118110236
11
0.5846692913385827
21
0.9670078740157481
0
LINE
8
BLACK
6
CONTINUOUS
10
0.5846692913385827
20
0.9670078740157481
11
0.6830905511811024
21
0.9670078740157481
0
LINE
8
BLACK
6
CONTINUOUS
10
0.6830905511811024
20
0.9670078740157481
11
0.6832668503937007
21
0.9669905118110236
0
LINE
8
BLACK
6
CONTINUOUS
10
0.5876220472440945
20
0.9611023622047243
11
0.5876220472440945
21
0.8488976377952756
0
LINE
8
BLACK
6
CONTINUOUS
10
0.5876220472440945
20
0.8488976377952756
11
0.6801377952755905
21
0.8488976377952756
0
LINE
8
BLACK
6
CONTINUOUS
10
0.6801377952755905
20
0.8488976377952756
11
0.6801377952755905
21
0.9611023622047243
0
LINE
8
BLACK
6
CONTINUOUS
10
0.6801377952755905
20
0.9611023622047243
11
0.5876220472440945
21
0.9611023622047243
0
LINE
8
BLACK
6
CONTINUOUS
10
0.2856496062992126
20
0.83
11
0.1356496062992126
21
0.83
0
LINE
8
BLACK
6
CONTINUOUS
10
0.1356496062992126
20
0.83
11
0.1356496062992126
21
0.98
0
LINE
8
BLACK
6
CONTINUOUS
10
0.1356496062992126
20
0.98
11
0.2856496062992126
21
0.98
0
LINE
8
BLACK
6
CONTINUOUS
10
0.2856496062992126
20
0.98
11
0.2856496062992126
21
0.83
0
LINE
8
BLACK
6
CONTINUOUS
10
0.6832668503937007
20
1.1644905118110236
11
0.6836666141732284
21
1.1644905118110236
0
LINE
8
BLACK
6
CONTINUOUS
10
0.6836666141732284
20
1.1644905118110236
11
0.6847310236220472
21
1.1640496062992125
0
LINE
8
BLACK
6
CONTINUOUS
10
0.6847310236220472
20
1.1640496062992125
11
0.6855456692913385
21
1.1632349606299213
0
LINE
8
BLACK
6
CONTINUOUS
10
0.6855456692913385
20
1.1632349606299213
11
0.6859865748031496
21
1.1621705511811022
0
LINE
8
BLACK
6
CONTINUOUS
10
0.6859865748031496
20
1.1621705511811022
11
0.6860433070866142
21
1.1615944881889764
0
LINE
8
BLACK
6
CONTINUOUS
10
0.6860433070866142
20
1.1615944881889764
11
0.6860433070866142
21
1.0434055118110237
0
LINE
8
BLACK
6
CONTINUOUS
10
0.6860433070866142
20
1.0434055118110237
11
0.6859865748031496
21
1.0428294488188976
0
LINE
8
BLACK
6
CONTINUOUS
10
0.6859865748031496
20
1.0428294488188976
11
0.6855456692913385
21
1.0417650393700788
0
LINE
8
BLACK
6
CONTINUOUS
10
0.6855456692913385
20
1.0417650393700788
11
0.6847310236220472
21
1.0409503937007873
0
LINE
8
BLACK
6
CONTINUOUS
10
0.6847310236220472
20
1.0409503937007873
11
0.6836666141732284
21
1.0405094881889763
0
LINE
8
BLACK
6
CONTINUOUS
10
0.6836666141732284
20
1.0405094881889763
11
0.6832668503937007
21
1.0405094881889763
0
LINE
8
BLACK
6
CONTINUOUS
10
0.6832668503937007
20
1.0405094881889763
11
0.6830905511811024
21
1.0404921259842519
0
LINE
8
BLACK
6
CONTINUOUS
10
0.6830905511811024
20
1.0404921259842519
11
0.5846692913385827
21
1.0404921259842519
0
LINE
8
BLACK
6
CONTINUOUS
10
0.5846692913385827
20
1.0404921259842519
11
0.5844929921259843
21
1.0405094881889763
0
LINE
8
BLACK
6
CONTINUOUS
10
0.5844929921259843
20
1.0405094881889763
11
0.5840932283464567
21
1.0405094881889763
0
LINE
8
BLACK
6
CONTINUOUS
10
0.5840932283464567
20
1.0405094881889763
11
0.5830288188976378
21
1.0409503937007873
0
LINE
8
BLACK
6
CONTINUOUS
10
0.5830288188976378
20
1.0409503937007873
11
0.5822141732283465
21
1.0417650393700788
0
LINE
8
BLACK
6
CONTINUOUS
10
0.5822141732283465
20
1.0417650393700788
11
0.5817732677165354
21
1.0428294488188976
0
LINE
8
BLACK
6
CONTINUOUS
10
0.5817732677165354
20
1.0428294488188976
11
0.5817165354330709
21
1.0434055118110237
0
LINE
8
BLACK
6
CONTINUOUS
10
0.5817165354330709
20
1.0434055118110237
11
0.5817165354330709
21
1.1615944881889764
0
LINE
8
BLACK
6
CONTINUOUS
10
0.5817165354330709
20
1.1615944881889764
11
0.5817732677165354
21
1.1621705511811022
0
LINE
8
BLACK
6
CONTINUOUS
10
0.5817732677165354
20
1.1621705511811022
11
0.5822141732283465
21
1.1632349606299213
0
LINE
8
BLACK
6
CONTINUOUS
10
0.5822141732283465
20
1.1632349606299213
11
0.5830288188976378
21
1.1640496062992125
0
LINE
8
BLACK
6
CONTINUOUS
10
0.5830288188976378
20
1.1640496062992125
11
0.5840932283464567
21
1.1644905118110236
0
LINE
8
BLACK
6
CONTINUOUS
10
0.5840932283464567
20
1.1644905118110236
11
0.5844929921259843
21
1.1644905118110236
0
LINE
8
BLACK
6
CONTINUOUS
10
0.5844929921259843
20
1.1644905118110236
11
0.5846692913385827
21
1.164507874015748
0
LINE
8
BLACK
6
CONTINUOUS
10
0.5846692913385827
20
1.164507874015748
11
0.6830905511811024
21
1.164507874015748
0
LINE
8
BLACK
6
CONTINUOUS
10
0.6830905511811024
20
1.164507874015748
11
0.6832668503937007
21
1.1644905118110236
0
LINE
8
BLACK
6
CONTINUOUS
10
0.5876220472440945
20
1.1586023622047243
11
0.5876220472440945
21
1.0463976377952755
0
LINE
8
BLACK
6
CONTINUOUS
10
0.5876220472440945
20
1.0463976377952755
11
0.6801377952755905
21
1.0463976377952755
0
LINE
8
BLACK
6
CONTINUOUS
10
0.6801377952755905
20
1.0463976377952755
11
0.6801377952755905
21
1.1586023622047243
0
LINE
8
BLACK
6
CONTINUOUS
10
0.6801377952755905
20
1.1586023622047243
11
0.5876220472440945
21
1.1586023622047243
0
LINE
8
BLACK
6
CONTINUOUS
10
0.2856496062992126
20
1.0275000000000001
11
0.1356496062992126
21
1.0275000000000001
0
LINE
8
BLACK
6
CONTINUOUS
10
0.1356496062992126
20
1.0275000000000001
11
0.1356496062992126
21
1.1775
0
LINE
8
BLACK
6
CONTINUOUS
10
0.1356496062992126
20
1.1775
11
0.2856496062992126
21
1.1775
0
LINE
8
BLACK
6
CONTINUOUS
10
0.2856496062992126
20
1.1775
11
0.2856496062992126
21
1.0275000000000001
0
LINE
8
BLACK
6
CONTINUOUS
10
0.3681299212598425
20
1.2038779527559056
11
0.6043503937007874
21
1.2038779527559056
0
LINE
8
BLACK
6
CONTINUOUS
10
0.6043503937007874
20
1.2038779527559056
11
0.6049264566929133
21
1.203821220472441
0
LINE
8
BLACK
6
CONTINUOUS
10
0.6049264566929133
20
1.203821220472441
11
0.6059908661417323
21
1.2033803149606299
0
LINE
8
BLACK
6
CONTINUOUS
10
0.6059908661417323
20
1.2033803149606299
11
0.6068055118110236
21
1.2025656692913385
0
LINE
8
BLACK
6
CONTINUOUS
10
0.6068055118110236
20
1.2025656692913385
11
0.6072464173228347
21
1.2015012598425197
0
LINE
8
BLACK
6
CONTINUOUS
10
0.6072464173228347
20
1.2015012598425197
11
0.6073031496062992
21
1.2009251968503938
0
LINE
8
BLACK
6
CONTINUOUS
10
0.6073031496062992
20
1.2009251968503938
11
0.6073031496062992
21
1.1841929133858267
0
LINE
8
BLACK
6
CONTINUOUS
10
0.6073031496062992
20
1.1841929133858267
11
0.7028149606299212
21
1.1841929133858267
0
LINE
8
BLACK
6
CONTINUOUS
10
0.7028149606299212
20
1.1841929133858267
11
0.7033910236220472
21
1.1841361811023621
0
LINE
8
BLACK
6
CONTINUOUS
10
0.7033910236220472
20
1.1841361811023621
11
0.7044554330708661
21
1.1836952755905512
0
LINE
8
BLACK
6
CONTINUOUS
10
0.7044554330708661
20
1.1836952755905512
11
0.7052700787401575
21
1.1828806299212598
0
LINE
8
BLACK
6
CONTINUOUS
10
0.7052700787401575
20
1.1828806299212598
11
0.7057109842519685
21
1.1818162204724409
0
LINE
8
BLACK
6
CONTINUOUS
10
0.7057109842519685
20
1.1818162204724409
11
0.7057109842519685
21
1.1814564173228346
0
LINE
8
BLACK
6
CONTINUOUS
10
0.7057109842519685
20
1.1814564173228346
11
0.705732283464567
21
1.1812401574803149
0
LINE
8
BLACK
6
CONTINUOUS
10
0.705732283464567
20
1.1812401574803149
11
0.705732283464567
21
1.023759842519685
0
LINE
8
BLACK
6
CONTINUOUS
10
0.705732283464567
20
1.023759842519685
11
0.7056755511811024
21
1.0231837795275591
0
LINE
8
BLACK
6
CONTINUOUS
10
0.7056755511811024
20
1.0231837795275591
11
0.7052346456692913
21
1.0221193700787401
0
LINE
8
BLACK
6
CONTINUOUS
10
0.7052346456692913
20
1.0221193700787401
11
0.7044199999999999
21
1.0213047244094489
0
LINE
8
BLACK
6
CONTINUOUS
10
0.7044199999999999
20
1.0213047244094489
11
0.7033555905511811
21
1.0208638188976378
0
LINE
8
BLACK
6
CONTINUOUS
10
0.7033555905511811
20
1.0208638188976378
11
0.7027795275590552
21
1.0208070866141732
0
LINE
8
BLACK
6
CONTINUOUS
10
0.7027795275590552
20
1.0208070866141732
11
0.6073031496062992
21
1.0208070866141732
0
LINE
8
BLACK
6
CONTINUOUS
10
0.6073031496062992
20
1.0208070866141732
11
0.6073031496062992
21
1.0040748031496063
0
LINE
8
BLACK
6
CONTINUOUS
10
0.6073031496062992
20
1.0040748031496063
11
0.6072711417322835
21
1.0037499999999999
0
LINE
8
BLACK
6
CONTINUOUS
10
0.6072711417322835
20
1.0037499999999999
11
0.6073031496062992
21
1.0034251968503938
0
LINE
8
BLACK
6
CONTINUOUS
10
0.6073031496062992
20
1.0034251968503938
11
0.6073031496062992
21
0.9866929133858268
0
LINE
8
BLACK
6
CONTINUOUS
10
0.6073031496062992
20
0.9866929133858268
11
0.7028149606299212
21
0.9866929133858268
0
LINE
8
BLACK
6
CONTINUOUS
10
0.7028149606299212
20
0.9866929133858268
11
0.7033910236220472
21
0.9866361811023622
0
LINE
8
BLACK
6
CONTINUOUS
10
0.7033910236220472
20
0.9866361811023622
11
0.7044554330708661
21
0.9861952755905512
0
LINE
8
BLACK
6
CONTINUOUS
10
0.7044554330708661
20
0.9861952755905512
11
0.7052700787401575
21
0.9853806299212599
0
LINE
8
BLACK
6
CONTINUOUS
10
0.7052700787401575
20
0.9853806299212599
11
0.7057109842519685
21
0.9843162204724409
0
LINE
8
BLACK
6
CONTINUOUS
10
0.7057109842519685
20
0.9843162204724409
11
0.7057109842519685
21
0.9839564173228347
0
LINE
8
BLACK
6
CONTINUOUS
10
0.7057109842519685
20
0.9839564173228347
11
0.705732283464567
21
0.983740157480315
0
LINE
8
BLACK
6
CONTINUOUS
10
0.705732283464567
20
0.983740157480315
11
0.705732283464567
21
0.826259842519685
0
LINE
8
BLACK
6
CONTINUOUS
10
0.705732283464567
20
0.826259842519685
11
0.7056755511811024
21
0.825683779527559
0
LINE
8
BLACK
6
CONTINUOUS
10
0.7056755511811024
20
0.825683779527559
11
0.7052346456692913
21
0.8246193700787401
0
LINE
8
BLACK
6
CONTINUOUS
10
0.7052346456692913
20
0.8246193700787401
11
0.7044199999999999
21
0.8238047244094489
0
LINE
8
BLACK
6
CONTINUOUS
10
0.7044199999999999
20
0.8238047244094489
11
0.7033555905511811
21
0.8233638188976378
0
LINE
8
BLACK
6
CONTINUOUS
10
0.7033555905511811
20
0.8233638188976378
11
0.7027795275590552
21
0.8233070866141732
0
LINE
8
BLACK
6
CONTINUOUS
10
0.7027795275590552
20
0.8233070866141732
11
0.6073031496062992
21
0.8233070866141732
0
LINE
8
BLACK
6
CONTINUOUS
10
0.6073031496062992
20
0.8233070866141732
11
0.6073031496062992
21
0.8065748031496063
0
LINE
8
BLACK
6
CONTINUOUS
10
0.6073031496062992
20
0.8065748031496063
11
0.6072464173228347
21
0.8059987401574803
0
LINE
8
BLACK
6
CONTINUOUS
10
0.6072464173228347
20
0.8059987401574803
11
0.6068055118110236
21
0.8049343307086614
0
LINE
8
BLACK
6
CONTINUOUS
10
0.6068055118110236
20
0.8049343307086614
11
0.6059908661417323
21
0.80411968503937
0
LINE
8
BLACK
6
CONTINUOUS
10
0.6059908661417323
20
0.80411968503937
11
0.6049264566929133
21
0.8036787795275591
0
LINE
8
BLACK
6
CONTINUOUS
10
0.6049264566929133
20
0.8036787795275591
11
0.6043503937007874
21
0.8036220472440945
0
LINE
8
BLACK
6
CONTINUOUS
10
0.6043503937007874
20
0.8036220472440945
11
0.3681299212598425
21
0.8036220472440945
0
LINE
8
BLACK
6
CONTINUOUS
10
0.3681299212598425
20
0.8036220472440945
11
0.0137992125984252
21
0.8036220472440945
0
LINE
8
BLACK
6
CONTINUOUS
10
0.0137992125984252
20
0.8036220472440945
11
0.0132631102362205
21
0.803674842519685
0
LINE
8
BLACK
6
CONTINUOUS
10
0.0132631102362205
20
0.803674842519685
11
0.0132231496062992
21
0.803674842519685
0
LINE
8
BLACK
6
CONTINUOUS
10
0.0132231496062992
20
0.803674842519685
11
0.0121587401574803
21
0.804115748031496
0
LINE
8
BLACK
6
CONTINUOUS
10
0.0121587401574803
20
0.804115748031496
11
0.011344094488189
21
0.8049303937007873
0
LINE
8
BLACK
6
CONTINUOUS
10
0.011344094488189
20
0.8049303937007873
11
0.010903188976378
21
0.8059948031496063
0
LINE
8
BLACK
6
CONTINUOUS
10
0.010903188976378
20
0.8059948031496063
11
0.0108464566929134
21
0.8065708661417322
0
LINE
8
BLACK
6
CONTINUOUS
10
0.0108464566929134
20
0.8065708661417322
11
0.0108464566929134
21
1.0034291338582677
0
LINE
8
BLACK
6
CONTINUOUS
10
0.0108464566929134
20
1.0034291338582677
11
0.010878031496063
21
1.0037499999999999
0
LINE
8
BLACK
6
CONTINUOUS
10
0.010878031496063
20
1.0037499999999999
11
0.0108464566929134
21
1.0040708661417324
0
LINE
8
BLACK
6
CONTINUOUS
10
0.0108464566929134
20
1.0040708661417324
11
0.0108464566929134
21
1.2009291338582677
0
LINE
8
BLACK
6
CONTINUOUS
10
0.0108464566929134
20
1.2009291338582677
11
0.010903188976378
21
1.2015051968503936
0
LINE
8
BLACK
6
CONTINUOUS
10
0.010903188976378
20
1.2015051968503936
11
0.011344094488189
21
1.2025696062992126
0
LINE
8
BLACK
6
CONTINUOUS
10
0.011344094488189
20
1.2025696062992126
11
0.0121587401574803
21
1.2033842519685038
0
LINE
8
BLACK
6
CONTINUOUS
10
0.0121587401574803
20
1.2033842519685038
11
0.0132231496062992
21
1.2038251574803149
0
LINE
8
BLACK
6
CONTINUOUS
10
0.0132231496062992
20
1.2038251574803149
11
0.0132631102362205
21
1.2038251574803149
0
LINE
8
BLACK
6
CONTINUOUS
10
0.0132631102362205
20
1.2038251574803149
11
0.0137992125984252
21
1.2038779527559056
0
LINE
8
BLACK
6
CONTINUOUS
10
0.0137992125984252
20
1.2038779527559056
11
0.3681299212598425
21
1.2038779527559056
0
LINE
8
BLACK
6
CONTINUOUS
10
0.4825
20
0.842992125984252
11
0.4825
21
0.83
0
LINE
8
BLACK
6
CONTINUOUS
10
0.4825
20
0.83
11
0.3710826771653543
21
0.83
0
LINE
8
BLACK
6
CONTINUOUS
10
0.3710826771653543
20
0.83
11
0.3710826771653543
21
0.8095275590551181
0
LINE
8
BLACK
6
CONTINUOUS
10
0.3710826771653543
20
0.8095275590551181
11
0.6013976377952756
21
0.8095275590551181
0
LINE
8
BLACK
6
CONTINUOUS
10
0.6013976377952756
20
0.8095275590551181
11
0.6013976377952756
21
0.8233070866141732
0
LINE
8
BLACK
6
CONTINUOUS
10
0.6013976377952756
20
0.8233070866141732
11
0.5649803149606299
21
0.8233070866141732
0
LINE
8
BLACK
6
CONTINUOUS
10
0.5649803149606299
20
0.8233070866141732
11
0.564404251968504
21
0.8233638188976378
0
LINE
8
BLACK
6
CONTINUOUS
10
0.564404251968504
20
0.8233638188976378
11
0.5633398425196851
21
0.8238047244094489
0
LINE
8
BLACK
6
CONTINUOUS
10
0.5633398425196851
20
0.8238047244094489
11
0.5625251968503937
21
0.8246193700787401
0
LINE
8
BLACK
6
CONTINUOUS
10
0.5625251968503937
20
0.8246193700787401
11
0.5620842913385826
21
0.825683779527559
0
LINE
8
BLACK
6
CONTINUOUS
10
0.5620842913385826
20
0.825683779527559
11
0.5620275590551181
21
0.826259842519685
0
LINE
8
BLACK
6
CONTINUOUS
10
0.5620275590551181
20
0.826259842519685
11
0.5620275590551181
21
0.842992125984252
0
LINE
8
BLACK
6
CONTINUOUS
10
0.5620275590551181
20
0.842992125984252
11
0.4825
21
0.842992125984252
0
LINE
8
BLACK
6
CONTINUOUS
10
0.016751968503937
20
1.000472440944882
11
0.016751968503937
21
0.8095275590551181
0
LINE
8
BLACK
6
CONTINUOUS
10
0.016751968503937
20
0.8095275590551181
11
0.3651771653543307
21
0.8095275590551181
0
LINE
8
BLACK
6
CONTINUOUS
10
0.3651771653543307
20
0.8095275590551181
11
0.3651771653543307
21
0.83
0
LINE
8
BLACK
6
CONTINUOUS
10
0.3651771653543307
20
0.83
11
0.3513937007874016
21
0.83
0
LINE
8
BLACK
6
CONTINUOUS
10
0.3513937007874016
20
0.83
11
0.3513937007874016
21
0.826259842519685
0
LINE
8
BLACK
6
CONTINUOUS
10
0.3513937007874016
20
0.826259842519685
11
0.351336968503937
21
0.825683779527559
0
LINE
8
BLACK
6
CONTINUOUS
10
0.351336968503937
20
0.825683779527559
11
0.350896062992126
21
0.8246193700787401
0
LINE
8
BLACK
6
CONTINUOUS
10
0.350896062992126
20
0.8246193700787401
11
0.3500814173228347
21
0.8238047244094489
0
LINE
8
BLACK
6
CONTINUOUS
10
0.3500814173228347
20
0.8238047244094489
11
0.3490170078740157
21
0.8233638188976378
0
LINE
8
BLACK
6
CONTINUOUS
10
0.3490170078740157
20
0.8233638188976378
11
0.3484409448818898
21
0.8233070866141732
0
LINE
8
BLACK
6
CONTINUOUS
10
0.3484409448818898
20
0.8233070866141732
11
0.0334803149606299
21
0.8233070866141732
0
LINE
8
BLACK
6
CONTINUOUS
10
0.0334803149606299
20
0.8233070866141732
11
0.0329042519685039
21
0.8233638188976378
0
LINE
8
BLACK
6
CONTINUOUS
10
0.0329042519685039
20
0.8233638188976378
11
0.031839842519685
21
0.8238047244094489
0
LINE
8
BLACK
6
CONTINUOUS
10
0.031839842519685
20
0.8238047244094489
11
0.0310251968503937
21
0.8246193700787401
0
LINE
8
BLACK
6
CONTINUOUS
10
0.0310251968503937
20
0.8246193700787401
11
0.0305842913385827
21
0.825683779527559
0
LINE
8
BLACK
6
CONTINUOUS
10
0.0305842913385827
20
0.825683779527559
11
0.0305275590551181
21
0.826259842519685
0
LINE
8
BLACK
6
CONTINUOUS
10
0.0305275590551181
20
0.826259842519685
11
0.0305275590551181
21
0.983740157480315
0
LINE
8
BLACK
6
CONTINUOUS
10
0.0305275590551181
20
0.983740157480315
11
0.0305842913385827
21
0.9843162204724409
0
LINE
8
BLACK
6
CONTINUOUS
10
0.0305842913385827
20
0.9843162204724409
11
0.0310251968503937
21
0.9853806299212599
0
LINE
8
BLACK
6
CONTINUOUS
10
0.0310251968503937
20
0.9853806299212599
11
0.031839842519685
21
0.9861952755905512
0
LINE
8
BLACK
6
CONTINUOUS
10
0.031839842519685
20
0.9861952755905512
11
0.0329042519685039
21
0.9866361811023622
0
LINE
8
BLACK
6
CONTINUOUS
10
0.0329042519685039
20
0.9866361811023622
11
0.0334803149606299
21
0.9866929133858268
0
LINE
8
BLACK
6
CONTINUOUS
10
0.0334803149606299
20
0.9866929133858268
11
0.3484409448818898
21
0.9866929133858268
0
LINE
8
BLACK
6
CONTINUOUS
10
0.3484409448818898
20
0.9866929133858268
11
0.3490170078740157
21
0.9866361811023622
0
LINE
8
BLACK
6
CONTINUOUS
10
0.3490170078740157
20
0.9866361811023622
11
0.3500814173228347
21
0.9861952755905512
0
LINE
8
BLACK
6
CONTINUOUS
10
0.3500814173228347
20
0.9861952755905512
11
0.350896062992126
21
0.9853806299212599
0
LINE
8
BLACK
6
CONTINUOUS
10
0.350896062992126
20
0.9853806299212599
11
0.351336968503937
21
0.9843162204724409
0
LINE
8
BLACK
6
CONTINUOUS
10
0.351336968503937
20
0.9843162204724409
11
0.3513937007874016
21
0.983740157480315
0
LINE
8
BLACK
6
CONTINUOUS
10
0.3513937007874016
20
0.983740157480315
11
0.3513937007874016
21
0.98
0
LINE
8
BLACK
6
CONTINUOUS
10
0.3513937007874016
20
0.98
11
0.3651771653543307
21
0.98
0
LINE
8
BLACK
6
CONTINUOUS
10
0.3651771653543307
20
0.98
11
0.3651771653543307
21
1.000472440944882
0
LINE
8
BLACK
6
CONTINUOUS
10
0.3651771653543307
20
1.000472440944882
11
0.016751968503937
21
1.000472440944882
0
LINE
8
BLACK
6
CONTINUOUS
10
0.5679330708661418
20
0.9807874015748032
11
0.5679330708661418
21
0.8292125984251968
0
LINE
8
BLACK
6
CONTINUOUS
10
0.5679330708661418
20
0.8292125984251968
11
0.6998267716535433
21
0.8292125984251968
0
LINE
8
BLACK
6
CONTINUOUS
10
0.6998267716535433
20
0.8292125984251968
11
0.6998267716535433
21
0.9807874015748032
0
LINE
8
BLACK
6
CONTINUOUS
10
0.6998267716535433
20
0.9807874015748032
11
0.5679330708661418
21
0.9807874015748032
0
LINE
8
BLACK
6
CONTINUOUS
10
0.0364330708661417
20
0.9807874015748032
11
0.0364330708661417
21
0.8292125984251968
0
LINE
8
BLACK
6
CONTINUOUS
10
0.0364330708661417
20
0.8292125984251968
11
0.345488188976378
21
0.8292125984251968
0
LINE
8
BLACK
6
CONTINUOUS
10
0.345488188976378
20
0.8292125984251968
11
0.345488188976378
21
0.83
0
LINE
8
BLACK
6
CONTINUOUS
10
0.345488188976378
20
0.83
11
0.3325
21
0.83
0
LINE
8
BLACK
6
CONTINUOUS
10
0.3325
20
0.83
11
0.3325
21
0.98
0
LINE
8
BLACK
6
CONTINUOUS
10
0.3325
20
0.98
11
0.345488188976378
21
0.98
0
LINE
8
BLACK
6
CONTINUOUS
10
0.345488188976378
20
0.98
11
0.345488188976378
21
0.9807874015748032
0
LINE
8
BLACK
6
CONTINUOUS
10
0.345488188976378
20
0.9807874015748032
11
0.0364330708661417
21
0.9807874015748032
0
LINE
8
BLACK
6
CONTINUOUS
10
0.4825
20
0.9611023622047243
11
0.4825
21
0.8488976377952756
0
LINE
8
BLACK
6
CONTINUOUS
10
0.4825
20
0.8488976377952756
11
0.5620275590551181
21
0.8488976377952756
0
LINE
8
BLACK
6
CONTINUOUS
10
0.5620275590551181
20
0.8488976377952756
11
0.5620275590551181
21
0.9611023622047243
0
LINE
8
BLACK
6
CONTINUOUS
10
0.5620275590551181
20
0.9611023622047243
11
0.4825
21
0.9611023622047243
0
LINE
8
BLACK
6
CONTINUOUS
10
0.3710826771653543
20
1.000472440944882
11
0.3710826771653543
21
0.98
0
LINE
8
BLACK
6
CONTINUOUS
10
0.3710826771653543
20
0.98
11
0.4825
21
0.98
0
LINE
8
BLACK
6
CONTINUOUS
10
0.4825
20
0.98
11
0.4825
21
0.9670078740157481
0
LINE
8
BLACK
6
CONTINUOUS
10
0.4825
20
0.9670078740157481
11
0.5620275590551181
21
0.9670078740157481
0
LINE
8
BLACK
6
CONTINUOUS
10
0.5620275590551181
20
0.9670078740157481
11
0.5620275590551181
21
0.983740157480315
0
LINE
8
BLACK
6
CONTINUOUS
10
0.5620275590551181
20
0.983740157480315
11
0.5620842913385826
21
0.9843162204724409
0
LINE
8
BLACK
6
CONTINUOUS
10
0.5620842913385826
20
0.9843162204724409
11
0.5625251968503937
21
0.9853806299212599
0
LINE
8
BLACK
6
CONTINUOUS
10
0.5625251968503937
20
0.9853806299212599
11
0.5633398425196851
21
0.9861952755905512
0
LINE
8
BLACK
6
CONTINUOUS
10
0.5633398425196851
20
0.9861952755905512
11
0.564404251968504
21
0.9866361811023622
0
LINE
8
BLACK
6
CONTINUOUS
10
0.564404251968504
20
0.9866361811023622
11
0.5649803149606299
21
0.9866929133858268
0
LINE
8
BLACK
6
CONTINUOUS
10
0.5649803149606299
20
0.9866929133858268
11
0.6013976377952756
21
0.9866929133858268
0
LINE
8
BLACK
6
CONTINUOUS
10
0.6013976377952756
20
0.9866929133858268
11
0.6013976377952756
21
1.000472440944882
0
LINE
8
BLACK
6
CONTINUOUS
10
0.6013976377952756
20
1.000472440944882
11
0.3710826771653543
21
1.000472440944882
0
LINE
8
BLACK
6
CONTINUOUS
10
0.4825
20
1.0404921259842519
11
0.4825
21
1.0275000000000001
0
LINE
8
BLACK
6
CONTINUOUS
10
0.4825
20
1.0275000000000001
11
0.3710826771653543
21
1.0275000000000001
0
LINE
8
BLACK
6
CONTINUOUS
10
0.3710826771653543
20
1.0275000000000001
11
0.3710826771653543
21
1.0070275590551181
0
LINE
8
BLACK
6
CONTINUOUS
10
0.3710826771653543
20
1.0070275590551181
11
0.6013976377952756
21
1.0070275590551181
0
LINE
8
BLACK
6
CONTINUOUS
10
0.6013976377952756
20
1.0070275590551181
11
0.6013976377952756
21
1.0208070866141732
0
LINE
8
BLACK
6
CONTINUOUS
10
0.6013976377952756
20
1.0208070866141732
11
0.5649803149606299
21
1.0208070866141732
0
LINE
8
BLACK
6
CONTINUOUS
10
0.5649803149606299
20
1.0208070866141732
11
0.564404251968504
21
1.0208638188976378
0
LINE
8
BLACK
6
CONTINUOUS
10
0.564404251968504
20
1.0208638188976378
11
0.5633398425196851
21
1.0213047244094489
0
LINE
8
BLACK
6
CONTINUOUS
10
0.5633398425196851
20
1.0213047244094489
11
0.5625251968503937
21
1.0221193700787401
0
LINE
8
BLACK
6
CONTINUOUS
10
0.5625251968503937
20
1.0221193700787401
11
0.5620842913385826
21
1.0231837795275591
0
LINE
8
BLACK
6
CONTINUOUS
10
0.5620842913385826
20
1.0231837795275591
11
0.5620275590551181
21
1.023759842519685
0
LINE
8
BLACK
6
CONTINUOUS
10
0.5620275590551181
20
1.023759842519685
11
0.5620275590551181
21
1.0404921259842519
0
LINE
8
BLACK
6
CONTINUOUS
10
0.5620275590551181
20
1.0404921259842519
11
0.4825
21
1.0404921259842519
0
LINE
8
BLACK
6
CONTINUOUS
10
0.016751968503937
20
1.1979724409448818
11
0.016751968503937
21
1.0070275590551181
0
LINE
8
BLACK
6
CONTINUOUS
10
0.016751968503937
20
1.0070275590551181
11
0.3651771653543307
21
1.0070275590551181
0
LINE
8
BLACK
6
CONTINUOUS
10
0.3651771653543307
20
1.0070275590551181
11
0.3651771653543307
21
1.0275000000000001
0
LINE
8
BLACK
6
CONTINUOUS
10
0.3651771653543307
20
1.0275000000000001
11
0.3513937007874016
21
1.0275000000000001
0
LINE
8
BLACK
6
CONTINUOUS
10
0.3513937007874016
20
1.0275000000000001
11
0.3513937007874016
21
1.023759842519685
0
LINE
8
BLACK
6
CONTINUOUS
10
0.3513937007874016
20
1.023759842519685
11
0.351336968503937
21
1.0231837795275591
0
LINE
8
BLACK
6
CONTINUOUS
10
0.351336968503937
20
1.0231837795275591
11
0.350896062992126
21
1.0221193700787401
0
LINE
8
BLACK
6
CONTINUOUS
10
0.350896062992126
20
1.0221193700787401
11
0.3500814173228347
21
1.0213047244094489
0
LINE
8
BLACK
6
CONTINUOUS
10
0.3500814173228347
20
1.0213047244094489
11
0.3490170078740157
21
1.0208638188976378
0
LINE
8
BLACK
6
CONTINUOUS
10
0.3490170078740157
20
1.0208638188976378
11
0.3484409448818898
21
1.0208070866141732
0
LINE
8
BLACK
6
CONTINUOUS
10
0.3484409448818898
20
1.0208070866141732
11
0.0334803149606299
21
1.0208070866141732
0
LINE
8
BLACK
6
CONTINUOUS
10
0.0334803149606299
20
1.0208070866141732
11
0.0329042519685039
21
1.0208638188976378
0
LINE
8
BLACK
6
CONTINUOUS
10
0.0329042519685039
20
1.0208638188976378
11
0.031839842519685
21
1.0213047244094489
0
LINE
8
BLACK
6
CONTINUOUS
10
0.031839842519685
20
1.0213047244094489
11
0.0310251968503937
21
1.0221193700787401
0
LINE
8
BLACK
6
CONTINUOUS
10
0.0310251968503937
20
1.0221193700787401
11
0.0305842913385827
21
1.0231837795275591
0
LINE
8
BLACK
6
CONTINUOUS
10
0.0305842913385827
20
1.0231837795275591
11
0.0305275590551181
21
1.023759842519685
0
LINE
8
BLACK
6
CONTINUOUS
10
0.0305275590551181
20
1.023759842519685
11
0.0305275590551181
21
1.1812401574803149
0
LINE
8
BLACK
6
CONTINUOUS
10
0.0305275590551181
20
1.1812401574803149
11
0.0305842913385827
21
1.1818162204724409
0
LINE
8
BLACK
6
CONTINUOUS
10
0.0305842913385827
20
1.1818162204724409
11
0.0310251968503937
21
1.1828806299212598
0
LINE
8
BLACK
6
CONTINUOUS
10
0.0310251968503937
20
1.1828806299212598
11
0.031839842519685
21
1.1836952755905512
0
LINE
8
BLACK
6
CONTINUOUS
10
0.031839842519685
20
1.1836952755905512
11
0.0329042519685039
21
1.1841361811023621
0
LINE
8
BLACK
6
CONTINUOUS
10
0.0329042519685039
20
1.1841361811023621
11
0.0334803149606299
21
1.1841929133858267
0
LINE
8
BLACK
6
CONTINUOUS
10
0.0334803149606299
20
1.1841929133858267
11
0.3484409448818898
21
1.1841929133858267
0
LINE
8
BLACK
6
CONTINUOUS
10
0.3484409448818898
20
1.1841929133858267
11
0.3490170078740157
21
1.1841361811023621
0
LINE
8
BLACK
6
CONTINUOUS
10
0.3490170078740157
20
1.1841361811023621
11
0.3500814173228347
21
1.1836952755905512
0
LINE
8
BLACK
6
CONTINUOUS
10
0.3500814173228347
20
1.1836952755905512
11
0.350896062992126
21
1.1828806299212598
0
LINE
8
BLACK
6
CONTINUOUS
10
0.350896062992126
20
1.1828806299212598
11
0.351336968503937
21
1.1818162204724409
0
LINE
8
BLACK
6
CONTINUOUS
10
0.351336968503937
20
1.1818162204724409
11
0.3513937007874016
21
1.1812401574803149
0
LINE
8
BLACK
6
CONTINUOUS
10
0.3513937007874016
20
1.1812401574803149
11
0.3513937007874016
21
1.1775
0
LINE
8
BLACK
6
CONTINUOUS
10
0.3513937007874016
20
1.1775
11
0.3651771653543307
21
1.1775
0
LINE
8
BLACK
6
CONTINUOUS
10
0.3651771653543307
20
1.1775
11
0.3651771653543307
21
1.1979724409448818
0
LINE
8
BLACK
6
CONTINUOUS
10
0.3651771653543307
20
1.1979724409448818
11
0.016751968503937
21
1.1979724409448818
0
LINE
8
BLACK
6
CONTINUOUS
10
0.5679330708661418
20
1.1782874015748031
11
0.5679330708661418
21
1.0267125984251968
0
LINE
8
BLACK
6
CONTINUOUS
10
0.5679330708661418
20
1.0267125984251968
11
0.6998267716535433
21
1.0267125984251968
0
LINE
8
BLACK
6
CONTINUOUS
10
0.6998267716535433
20
1.0267125984251968
11
0.6998267716535433
21
1.1782874015748031
0
LINE
8
BLACK
6
CONTINUOUS
10
0.6998267716535433
20
1.1782874015748031
11
0.5679330708661418
21
1.1782874015748031
0
LINE
8
BLACK
6
CONTINUOUS
10
0.0364330708661417
20
1.1782874015748031
11
0.0364330708661417
21
1.0267125984251968
0
LINE
8
BLACK
6
CONTINUOUS
10
0.0364330708661417
20
1.0267125984251968
11
0.345488188976378
21
1.0267125984251968
0
LINE
8
BLACK
6
CONTINUOUS
10
0.345488188976378
20
1.0267125984251968
11
0.345488188976378
21
1.0275000000000001
0
LINE
8
BLACK
6
CONTINUOUS
10
0.345488188976378
20
1.0275000000000001
11
0.3325
21
1.0275000000000001
0
LINE
8
BLACK
6
CONTINUOUS
10
0.3325
20
1.0275000000000001
11
0.3325
21
1.1775
0
LINE
8
BLACK
6
CONTINUOUS
10
0.3325
20
1.1775
11
0.345488188976378
21
1.1775
0
LINE
8
BLACK
6
CONTINUOUS
10
0.345488188976378
20
1.1775
11
0.345488188976378
21
1.1782874015748031
0
LINE
8
BLACK
6
CONTINUOUS
10
0.345488188976378
20
1.1782874015748031
11
0.0364330708661417
21
1.1782874015748031
0
LINE
8
BLACK
6
CONTINUOUS
10
0.4825
20
1.1586023622047243
11
0.4825
21
1.0463976377952755
0
LINE
8
BLACK
6
CONTINUOUS
10
0.4825
20
1.0463976377952755
11
0.5620275590551181
21
1.0463976377952755
0
LINE
8
BLACK
6
CONTINUOUS
10
0.5620275590551181
20
1.0463976377952755
11
0.5620275590551181
21
1.1586023622047243
0
LINE
8
BLACK
6
CONTINUOUS
10
0.5620275590551181
20
1.1586023622047243
11
0.4825
21
1.1586023622047243
0
LINE
8
BLACK
6
CONTINUOUS
10
0.3710826771653543
20
1.1979724409448818
11
0.3710826771653543
21
1.1775
0
LINE
8
BLACK
6
CONTINUOUS
10
0.3710826771653543
20
1.1775
11
0.4825
21
1.1775
0
LINE
8
BLACK
6
CONTINUOUS
10
0.4825
20
1.1775
11
0.4825
21
1.164507874015748
0
LINE
8
BLACK
6
CONTINUOUS
10
0.4825
20
1.164507874015748
11
0.5620275590551181
21
1.164507874015748
0
LINE
8
BLACK
6
CONTINUOUS
10
0.5620275590551181
20
1.164507874015748
11
0.5620275590551181
21
1.1812401574803149
0
LINE
8
BLACK
6
CONTINUOUS
10
0.5620275590551181
20
1.1812401574803149
11
0.5620842913385826
21
1.1818162204724409
0
LINE
8
BLACK
6
CONTINUOUS
10
0.5620842913385826
20
1.1818162204724409
11
0.5625251968503937
21
1.1828806299212598
0
LINE
8
BLACK
6
CONTINUOUS
10
0.5625251968503937
20
1.1828806299212598
11
0.5633398425196851
21
1.1836952755905512
0
LINE
8
BLACK
6
CONTINUOUS
10
0.5633398425196851
20
1.1836952755905512
11
0.564404251968504
21
1.1841361811023621
0
LINE
8
BLACK
6
CONTINUOUS
10
0.564404251968504
20
1.1841361811023621
11
0.5649803149606299
21
1.1841929133858267
0
LINE
8
BLACK
6
CONTINUOUS
10
0.5649803149606299
20
1.1841929133858267
11
0.6013976377952756
21
1.1841929133858267
0
LINE
8
BLACK
6
CONTINUOUS
10
0.6013976377952756
20
1.1841929133858267
11
0.6013976377952756
21
1.1979724409448818
0
LINE
8
BLACK
6
CONTINUOUS
10
0.6013976377952756
20
1.1979724409448818
11
0.3710826771653543
21
1.1979724409448818
0
LINE
8
BLACK
6
CONTINUOUS
10
1.4618503937007874
20
0.8925
11
1.3118503937007873
21
0.8925
0
LINE
8
BLACK
6
CONTINUOUS
10
1.3118503937007873
20
0.8925
11
1.3118503937007873
21
1.0425
0
LINE
8
BLACK
6
CONTINUOUS
10
1.3118503937007873
20
1.0425
11
1.4618503937007874
21
1.0425
0
LINE
8
BLACK
6
CONTINUOUS
10
1.4618503937007874
20
1.0425
11
1.4618503937007874
21
0.8925
0
LINE
8
BLACK
6
CONTINUOUS
10
1.0130070078740157
20
1.0294905118110236
11
1.0134067716535433
21
1.0294905118110236
0
LINE
8
BLACK
6
CONTINUOUS
10
1.0134067716535433
20
1.0294905118110236
11
1.0144711811023621
21
1.0290496062992125
0
LINE
8
BLACK
6
CONTINUOUS
10
1.0144711811023621
20
1.0290496062992125
11
1.0152858267716536
21
1.0282349606299213
0
LINE
8
BLACK
6
CONTINUOUS
10
1.0152858267716536
20
1.0282349606299213
11
1.0157267322834644
21
1.0271705511811022
0
LINE
8
BLACK
6
CONTINUOUS
10
1.0157267322834644
20
1.0271705511811022
11
1.015783464566929
21
1.0265944881889764
0
LINE
8
BLACK
6
CONTINUOUS
10
1.015783464566929
20
1.0265944881889764
11
1.015783464566929
21
0.9084055118110236
0
LINE
8
BLACK
6
CONTINUOUS
10
1.015783464566929
20
0.9084055118110236
11
1.0157267322834644
21
0.9078294488188976
0
LINE
8
BLACK
6
CONTINUOUS
10
1.0157267322834644
20
0.9078294488188976
11
1.0152858267716536
21
0.9067650393700787
0
LINE
8
BLACK
6
CONTINUOUS
10
1.0152858267716536
20
0.9067650393700787
11
1.0144711811023621
21
0.9059503937007873
0
LINE
8
BLACK
6
CONTINUOUS
10
1.0144711811023621
20
0.9059503937007873
11
1.0134067716535433
21
0.9055094881889764
0
LINE
8
BLACK
6
CONTINUOUS
10
1.0134067716535433
20
0.9055094881889764
11
1.0130070078740157
21
0.9055094881889764
0
LINE
8
BLACK
6
CONTINUOUS
10
1.0130070078740157
20
0.9055094881889764
11
1.0128307086614172
21
0.905492125984252
0
LINE
8
BLACK
6
CONTINUOUS
10
1.0128307086614172
20
0.905492125984252
11
0.9144094488188976
21
0.905492125984252
0
LINE
8
BLACK
6
CONTINUOUS
10
0.9144094488188976
20
0.905492125984252
11
0.9142331496062992
21
0.9055094881889764
0
LINE
8
BLACK
6
CONTINUOUS
10
0.9142331496062992
20
0.9055094881889764
11
0.9138333858267716
21
0.9055094881889764
0
LINE
8
BLACK
6
CONTINUOUS
10
0.9138333858267716
20
0.9055094881889764
11
0.9127689763779527
21
0.9059503937007873
0
LINE
8
BLACK
6
CONTINUOUS
10
0.9127689763779527
20
0.9059503937007873
11
0.9119543307086614
21
0.9067650393700787
0
LINE
8
BLACK
6
CONTINUOUS
10
0.9119543307086614
20
0.9067650393700787
11
0.9115134251968504
21
0.9078294488188976
0
LINE
8
BLACK
6
CONTINUOUS
10
0.9115134251968504
20
0.9078294488188976
11
0.9114566929133858
21
0.9084055118110236
0
LINE
8
BLACK
6
CONTINUOUS
10
0.9114566929133858
20
0.9084055118110236
11
0.9114566929133858
21
1.0265944881889764
0
LINE
8
BLACK
6
CONTINUOUS
10
0.9114566929133858
20
1.0265944881889764
11
0.9115134251968504
21
1.0271705511811022
0
LINE
8
BLACK
6
CONTINUOUS
10
0.9115134251968504
20
1.0271705511811022
11
0.9119543307086614
21
1.0282349606299213
0
LINE
8
BLACK
6
CONTINUOUS
10
0.9119543307086614
20
1.0282349606299213
11
0.9127689763779527
21
1.0290496062992125
0
LINE
8
BLACK
6
CONTINUOUS
10
0.9127689763779527
20
1.0290496062992125
11
0.9138333858267716
21
1.0294905118110236
0
LINE
8
BLACK
6
CONTINUOUS
10
0.9138333858267716
20
1.0294905118110236
11
0.9142331496062992
21
1.0294905118110236
0
LINE
8
BLACK
6
CONTINUOUS
10
0.9142331496062992
20
1.0294905118110236
11
0.9144094488188976
21
1.0295078740157479
0
LINE
8
BLACK
6
CONTINUOUS
10
0.9144094488188976
20
1.0295078740157479
11
1.0128307086614172
21
1.0295078740157479
0
LINE
8
BLACK
6
CONTINUOUS
10
1.0128307086614172
20
1.0295078740157479
11
1.0130070078740157
21
1.0294905118110236
0
LINE
8
BLACK
6
CONTINUOUS
10
0.9173622047244094
20
1.0236023622047243
11
0.9173622047244094
21
0.9113976377952756
0
LINE
8
BLACK
6
CONTINUOUS
10
0.9173622047244094
20
0.9113976377952756
11
1.0098779527559054
21
0.9113976377952756
0
LINE
8
BLACK
6
CONTINUOUS
10
1.0098779527559054
20
0.9113976377952756
11
1.0098779527559054
21
1.0236023622047243
0
LINE
8
BLACK
6
CONTINUOUS
10
1.0098779527559054
20
1.0236023622047243
11
0.9173622047244094
21
1.0236023622047243
0
LINE
8
BLACK
6
CONTINUOUS
10
1.4618503937007874
20
1.0900000000000001
11
1.3118503937007873
21
1.0900000000000001
0
LINE
8
BLACK
6
CONTINUOUS
10
1.3118503937007873
20
1.0900000000000001
11
1.3118503937007873
21
1.24
0
LINE
8
BLACK
6
CONTINUOUS
10
1.3118503937007873
20
1.24
11
1.4618503937007874
21
1.24
0
LINE
8
BLACK
6
CONTINUOUS
10
1.4618503937007874
20
1.24
11
1.4618503937007874
21
1.0900000000000001
0
LINE
8
BLACK
6
CONTINUOUS
10
1.0130070078740157
20
1.2269905118110236
11
1.0134067716535433
21
1.2269905118110236
0
LINE
8
BLACK
6
CONTINUOUS
10
1.0134067716535433
20
1.2269905118110236
11
1.0144711811023621
21
1.2265496062992125
0
LINE
8
BLACK
6
CONTINUOUS
10
1.0144711811023621
20
1.2265496062992125
11
1.0152858267716536
21
1.2257349606299213
0
LINE
8
BLACK
6
CONTINUOUS
10
1.0152858267716536
20
1.2257349606299213
11
1.0157267322834644
21
1.2246705511811022
0
LINE
8
BLACK
6
CONTINUOUS
10
1.0157267322834644
20
1.2246705511811022
11
1.015783464566929
21
1.2240944881889764
0
LINE
8
BLACK
6
CONTINUOUS
10
1.015783464566929
20
1.2240944881889764
11
1.015783464566929
21
1.1059055118110237
0
LINE
8
BLACK
6
CONTINUOUS
10
1.015783464566929
20
1.1059055118110237
11
1.0157267322834644
21
1.1053294488188976
0
LINE
8
BLACK
6
CONTINUOUS
10
1.0157267322834644
20
1.1053294488188976
11
1.0152858267716536
21
1.1042650393700788
0
LINE
8
BLACK
6
CONTINUOUS
10
1.0152858267716536
20
1.1042650393700788
11
1.0144711811023621
21
1.1034503937007873
0
LINE
8
BLACK
6
CONTINUOUS
10
1.0144711811023621
20
1.1034503937007873
11
1.0134067716535433
21
1.1030094881889763
0
LINE
8
BLACK
6
CONTINUOUS
10
1.0134067716535433
20
1.1030094881889763
11
1.0130070078740157
21
1.1030094881889763
0
LINE
8
BLACK
6
CONTINUOUS
10
1.0130070078740157
20
1.1030094881889763
11
1.0128307086614172
21
1.1029921259842519
0
LINE
8
BLACK
6
CONTINUOUS
10
1.0128307086614172
20
1.1029921259842519
11
0.9144094488188976
21
1.1029921259842519
0
LINE
8
BLACK
6
CONTINUOUS
10
0.9144094488188976
20
1.1029921259842519
11
0.9142331496062992
21
1.1030094881889763
0
LINE
8
BLACK
6
CONTINUOUS
10
0.9142331496062992
20
1.1030094881889763
11
0.9138333858267716
21
1.1030094881889763
0
LINE
8
BLACK
6
CONTINUOUS
10
0.9138333858267716
20
1.1030094881889763
11
0.9127689763779527
21
1.1034503937007873
0
LINE
8
BLACK
6
CONTINUOUS
10
0.9127689763779527
20
1.1034503937007873
11
0.9119543307086614
21
1.1042650393700788
0
LINE
8
BLACK
6
CONTINUOUS
10
0.9119543307086614
20
1.1042650393700788
11
0.9115134251968504
21
1.1053294488188976
0
LINE
8
BLACK
6
CONTINUOUS
10
0.9115134251968504
20
1.1053294488188976
11
0.9114566929133858
21
1.1059055118110237
0
LINE
8
BLACK
6
CONTINUOUS
10
0.9114566929133858
20
1.1059055118110237
11
0.9114566929133858
21
1.2240944881889764
0
LINE
8
BLACK
6
CONTINUOUS
10
0.9114566929133858
20
1.2240944881889764
11
0.9115134251968504
21
1.2246705511811022
0
LINE
8
BLACK
6
CONTINUOUS
10
0.9115134251968504
20
1.2246705511811022
11
0.9119543307086614
21
1.2257349606299213
0
LINE
8
BLACK
6
CONTINUOUS
10
0.9119543307086614
20
1.2257349606299213
11
0.9127689763779527
21
1.2265496062992125
0
LINE
8
BLACK
6
CONTINUOUS
10
0.9127689763779527
20
1.2265496062992125
11
0.9138333858267716
21
1.2269905118110236
0
LINE
8
BLACK
6
CONTINUOUS
10
0.9138333858267716
20
1.2269905118110236
11
0.9142331496062992
21
1.2269905118110236
0
LINE
8
BLACK
6
CONTINUOUS
10
0.9142331496062992
20
1.2269905118110236
11
0.9144094488188976
21
1.227007874015748
0
LINE
8
BLACK
6
CONTINUOUS
10
0.9144094488188976
20
1.227007874015748
11
1.0128307086614172
21
1.227007874015748
0
LINE
8
BLACK
6
CONTINUOUS
10
1.0128307086614172
20
1.227007874015748
11
1.0130070078740157
21
1.2269905118110236
0
LINE
8
BLACK
6
CONTINUOUS
10
0.9173622047244094
20
1.2211023622047243
11
0.9173622047244094
21
1.1088976377952755
0
LINE
8
BLACK
6
CONTINUOUS
10
0.9173622047244094
20
1.1088976377952755
11
1.0098779527559054
21
1.1088976377952755
0
LINE
8
BLACK
6
CONTINUOUS
10
1.0098779527559054
20
1.1088976377952755
11
1.0098779527559054
21
1.2211023622047243
0
LINE
8
BLACK
6
CONTINUOUS
10
1.0098779527559054
20
1.2211023622047243
11
0.9173622047244094
21
1.2211023622047243
0
LINE
8
BLACK
6
CONTINUOUS
10
1.2293700787401574
20
1.2663779527559056
11
1.5837007874015747
21
1.2663779527559056
0
LINE
8
BLACK
6
CONTINUOUS
10
1.5837007874015747
20
1.2663779527559056
11
1.5842368897637795
21
1.2663251574803149
0
LINE
8
BLACK
6
CONTINUOUS
10
1.5842368897637795
20
1.2663251574803149
11
1.5842768503937008
21
1.2663251574803149
0
LINE
8
BLACK
6
CONTINUOUS
10
1.5842768503937008
20
1.2663251574803149
11
1.5853412598425196
21
1.2658842519685038
0
LINE
8
BLACK
6
CONTINUOUS
10
1.5853412598425196
20
1.2658842519685038
11
1.5861559055118111
21
1.2650696062992126
0
LINE
8
BLACK
6
CONTINUOUS
10
1.5861559055118111
20
1.2650696062992126
11
1.5865968110236219
21
1.2640051968503936
0
LINE
8
BLACK
6
CONTINUOUS
10
1.5865968110236219
20
1.2640051968503936
11
1.5866535433070865
21
1.2634291338582677
0
LINE
8
BLACK
6
CONTINUOUS
10
1.5866535433070865
20
1.2634291338582677
11
1.5866535433070865
21
1.0665708661417324
0
LINE
8
BLACK
6
CONTINUOUS
10
1.5866535433070865
20
1.0665708661417324
11
1.5866219291338581
21
1.0662499999999999
0
LINE
8
BLACK
6
CONTINUOUS
10
1.5866219291338581
20
1.0662499999999999
11
1.5866535433070865
21
1.0659291338582677
0
LINE
8
BLACK
6
CONTINUOUS
10
1.5866535433070865
20
1.0659291338582677
11
1.5866535433070865
21
0.8690708661417322
0
LINE
8
BLACK
6
CONTINUOUS
10
1.5866535433070865
20
0.8690708661417322
11
1.5865968110236219
21
0.8684948031496063
0
LINE
8
BLACK
6
CONTINUOUS
10
1.5865968110236219
20
0.8684948031496063
11
1.5861559055118111
21
0.8674303937007873
0
LINE
8
BLACK
6
CONTINUOUS
10
1.5861559055118111
20
0.8674303937007873
11
1.5853412598425196
21
0.866615748031496
0
LINE
8
BLACK
6
CONTINUOUS
10
1.5853412598425196
20
0.866615748031496
11
1.5842768503937008
21
0.866174842519685
0
LINE
8
BLACK
6
CONTINUOUS
10
1.5842768503937008
20
0.866174842519685
11
1.5842368897637795
21
0.866174842519685
0
LINE
8
BLACK
6
CONTINUOUS
10
1.5842368897637795
20
0.866174842519685
11
1.5837007874015747
21
0.8661220472440945
0
LINE
8
BLACK
6
CONTINUOUS
10
1.5837007874015747
20
0.8661220472440945
11
1.2293700787401574
21
0.8661220472440945
0
LINE
8
BLACK
6
CONTINUOUS
10
1.2293700787401574
20
0.8661220472440945
11
0.9931496062992126
21
0.8661220472440945
0
LINE
8
BLACK
6
CONTINUOUS
10
0.9931496062992126
20
0.8661220472440945
11
0.9925735433070866
21
0.8661787795275591
0
LINE
8
BLACK
6
CONTINUOUS
10
0.9925735433070866
20
0.8661787795275591
11
0.9915091338582677
21
0.86661968503937
0
LINE
8
BLACK
6
CONTINUOUS
10
0.9915091338582677
20
0.86661968503937
11
0.9906944881889763
21
0.8674343307086614
0
LINE
8
BLACK
6
CONTINUOUS
10
0.9906944881889763
20
0.8674343307086614
11
0.9902535826771653
21
0.8684987401574803
0
LINE
8
BLACK
6
CONTINUOUS
10
0.9902535826771653
20
0.8684987401574803
11
0.9901968503937008
21
0.8690748031496063
0
LINE
8
BLACK
6
CONTINUOUS
10
0.9901968503937008
20
0.8690748031496063
11
0.9901968503937008
21
0.8858070866141732
0
LINE
8
BLACK
6
CONTINUOUS
10
0.9901968503937008
20
0.8858070866141732
11
0.8946850393700787
21
0.8858070866141732
0
LINE
8
BLACK
6
CONTINUOUS
10
0.8946850393700787
20
0.8858070866141732
11
0.8941089763779527
21
0.8858638188976378
0
LINE
8
BLACK
6
CONTINUOUS
10
0.8941089763779527
20
0.8858638188976378
11
0.8930445669291338
21
0.8863047244094489
0
LINE
8
BLACK
6
CONTINUOUS
10
0.8930445669291338
20
0.8863047244094489
11
0.8922299212598425
21
0.8871193700787401
0
LINE
8
BLACK
6
CONTINUOUS
10
0.8922299212598425
20
0.8871193700787401
11
0.8917890157480315
21
0.888183779527559
0
LINE
8
BLACK
6
CONTINUOUS
10
0.8917890157480315
20
0.888183779527559
11
0.8917890157480315
21
0.8885435433070866
0
LINE
8
BLACK
6
CONTINUOUS
10
0.8917890157480315
20
0.8885435433070866
11
0.8917677165354331
21
0.888759842519685
0
LINE
8
BLACK
6
CONTINUOUS
10
0.8917677165354331
20
0.888759842519685
11
0.8917677165354331
21
1.0462401574803148
0
LINE
8
BLACK
6
CONTINUOUS
10
0.8917677165354331
20
1.0462401574803148
11
0.8918244488188977
21
1.0468162204724409
0
LINE
8
BLACK
6
CONTINUOUS
10
0.8918244488188977
20
1.0468162204724409
11
0.8922653543307086
21
1.0478806299212597
0
LINE
8
BLACK
6
CONTINUOUS
10
0.8922653543307086
20
1.0478806299212597
11
0.89308
21
1.0486952755905512
0
LINE
8
BLACK
6
CONTINUOUS
10
0.89308
20
1.0486952755905512
11
0.8941444094488189
21
1.0491361811023623
0
LINE
8
BLACK
6
CONTINUOUS
10
0.8941444094488189
20
1.0491361811023623
11
0.8947204724409449
21
1.0491929133858267
0
LINE
8
BLACK
6
CONTINUOUS
10
0.8947204724409449
20
1.0491929133858267
11
0.9901968503937008
21
1.0491929133858267
0
LINE
8
BLACK
6
CONTINUOUS
10
0.9901968503937008
20
1.0491929133858267
11
0.9901968503937008
21
1.0659251968503938
0
LINE
8
BLACK
6
CONTINUOUS
10
0.9901968503937008
20
1.0659251968503938
11
0.9902288188976378
21
1.0662499999999999
0
LINE
8
BLACK
6
CONTINUOUS
10
0.9902288188976378
20
1.0662499999999999
11
0.9901968503937008
21
1.0665748031496063
0
LINE
8
BLACK
6
CONTINUOUS
10
0.9901968503937008
20
1.0665748031496063
11
0.9901968503937008
21
1.0833070866141732
0
LINE
8
BLACK
6
CONTINUOUS
10
0.9901968503937008
20
1.0833070866141732
11
0.8946850393700787
21
1.0833070866141732
0
LINE
8
BLACK
6
CONTINUOUS
10
0.8946850393700787
20
1.0833070866141732
11
0.8941089763779527
21
1.0833638188976378
0
LINE
8
BLACK
6
CONTINUOUS
10
0.8941089763779527
20
1.0833638188976378
11
0.8930445669291338
21
1.0838047244094489
0
LINE
8
BLACK
6
CONTINUOUS
10
0.8930445669291338
20
1.0838047244094489
11
0.8922299212598425
21
1.0846193700787401
0
LINE
8
BLACK
6
CONTINUOUS
10
0.8922299212598425
20
1.0846193700787401
11
0.8917890157480315
21
1.0856837795275591
0
LINE
8
BLACK
6
CONTINUOUS
10
0.8917890157480315
20
1.0856837795275591
11
0.8917890157480315
21
1.0860435433070865
0
LINE
8
BLACK
6
CONTINUOUS
10
0.8917890157480315
20
1.0860435433070865
11
0.8917677165354331
21
1.086259842519685
0
LINE
8
BLACK
6
CONTINUOUS
10
0.8917677165354331
20
1.086259842519685
11
0.8917677165354331
21
1.2437401574803149
0
LINE
8
BLACK
6
CONTINUOUS
10
0.8917677165354331
20
1.2437401574803149
11
0.8918244488188977
21
1.2443162204724409
0
LINE
8
BLACK
6
CONTINUOUS
10
0.8918244488188977
20
1.2443162204724409
11
0.8922653543307086
21
1.2453806299212598
0
LINE
8
BLACK
6
CONTINUOUS
10
0.8922653543307086
20
1.2453806299212598
11
0.89308
21
1.2461952755905512
0
LINE
8
BLACK
6
CONTINUOUS
10
0.89308
20
1.2461952755905512
11
0.8941444094488189
21
1.2466361811023621
0
LINE
8
BLACK
6
CONTINUOUS
10
0.8941444094488189
20
1.2466361811023621
11
0.8947204724409449
21
1.2466929133858267
0
LINE
8
BLACK
6
CONTINUOUS
10
0.8947204724409449
20
1.2466929133858267
11
0.9901968503937008
21
1.2466929133858267
0
LINE
8
BLACK
6
CONTINUOUS
10
0.9901968503937008
20
1.2466929133858267
11
0.9901968503937008
21
1.2634251968503936
0
LINE
8
BLACK
6
CONTINUOUS
10
0.9901968503937008
20
1.2634251968503936
11
0.9902535826771653
21
1.2640012598425197
0
LINE
8
BLACK
6
CONTINUOUS
10
0.9902535826771653
20
1.2640012598425197
11
0.9906944881889763
21
1.2650656692913385
0
LINE
8
BLACK
6
CONTINUOUS
10
0.9906944881889763
20
1.2650656692913385
11
0.9915091338582677
21
1.2658803149606299
0
LINE
8
BLACK
6
CONTINUOUS
10
0.9915091338582677
20
1.2658803149606299
11
0.9925735433070866
21
1.266321220472441
0
LINE
8
BLACK
6
CONTINUOUS
10
0.9925735433070866
20
1.266321220472441
11
0.9931496062992126
21
1.2663779527559056
0
LINE
8
BLACK
6
CONTINUOUS
10
0.9931496062992126
20
1.2663779527559056
11
1.2293700787401574
21
1.2663779527559056
0
LINE
8
BLACK
6
CONTINUOUS
10
1.2323228346456692
20
1.062972440944882
11
1.2323228346456692
21
1.0425
0
LINE
8
BLACK
6
CONTINUOUS
10
1.2323228346456692
20
1.0425
11
1.2461062992125984
21
1.0425
0
LINE
8
BLACK
6
CONTINUOUS
10
1.2461062992125984
20
1.0425
11
1.2461062992125984
21
1.0462401574803148
0
LINE
8
BLACK
6
CONTINUOUS
10
1.2461062992125984
20
1.0462401574803148
11
1.246163031496063
21
1.0468162204724409
0
LINE
8
BLACK
6
CONTINUOUS
10
1.246163031496063
20
1.0468162204724409
11
1.2466039370078741
21
1.0478806299212597
0
LINE
8
BLACK
6
CONTINUOUS
10
1.2466039370078741
20
1.0478806299212597
11
1.2474185826771653
21
1.0486952755905512
0
LINE
8
BLACK
6
CONTINUOUS
10
1.2474185826771653
20
1.0486952755905512
11
1.2484829921259841
21
1.0491361811023623
0
LINE
8
BLACK
6
CONTINUOUS
10
1.2484829921259841
20
1.0491361811023623
11
1.2490590551181102
21
1.0491929133858267
0
LINE
8
BLACK
6
CONTINUOUS
10
1.2490590551181102
20
1.0491929133858267
11
1.5640196850393699
21
1.0491929133858267
0
LINE
8
BLACK
6
CONTINUOUS
10
1.5640196850393699
20
1.0491929133858267
11
1.564595748031496
21
1.0491361811023623
0
LINE
8
BLACK
6
CONTINUOUS
10
1.564595748031496
20
1.0491361811023623
11
1.5656601574803148
21
1.0486952755905512
0
LINE
8
BLACK
6
CONTINUOUS
10
1.5656601574803148
20
1.0486952755905512
11
1.5664748031496063
21
1.0478806299212597
0
LINE
8
BLACK
6
CONTINUOUS
10
1.5664748031496063
20
1.0478806299212597
11
1.5669157086614174
21
1.0468162204724409
0
LINE
8
BLACK
6
CONTINUOUS
10
1.5669157086614174
20
1.0468162204724409
11
1.5669724409448818
21
1.0462401574803148
0
LINE
8
BLACK
6
CONTINUOUS
10
1.5669724409448818
20
1.0462401574803148
11
1.5669724409448818
21
0.888759842519685
0
LINE
8
BLACK
6
CONTINUOUS
10
1.5669724409448818
20
0.888759842519685
11
1.5669157086614174
21
0.888183779527559
0
LINE
8
BLACK
6
CONTINUOUS
10
1.5669157086614174
20
0.888183779527559
11
1.5664748031496063
21
0.8871193700787401
0
LINE
8
BLACK
6
CONTINUOUS
10
1.5664748031496063
20
0.8871193700787401
11
1.5656601574803148
21
0.8863047244094489
0
LINE
8
BLACK
6
CONTINUOUS
10
1.5656601574803148
20
0.8863047244094489
11
1.564595748031496
21
0.8858638188976378
0
LINE
8
BLACK
6
CONTINUOUS
10
1.564595748031496
20
0.8858638188976378
11
1.5640196850393699
21
0.8858070866141732
0
LINE
8
BLACK
6
CONTINUOUS
10
1.5640196850393699
20
0.8858070866141732
11
1.2490590551181102
21
0.8858070866141732
0
LINE
8
BLACK
6
CONTINUOUS
10
1.2490590551181102
20
0.8858070866141732
11
1.2484829921259841
21
0.8858638188976378
0
LINE
8
BLACK
6
CONTINUOUS
10
1.2484829921259841
20
0.8858638188976378
11
1.2474185826771653
21
0.8863047244094489
0
LINE
8
BLACK
6
CONTINUOUS
10
1.2474185826771653
20
0.8863047244094489
11
1.2466039370078741
21
0.8871193700787401
0
LINE
8
BLACK
6
CONTINUOUS
10
1.2466039370078741
20
0.8871193700787401
11
1.246163031496063
21
0.888183779527559
0
LINE
8
BLACK
6
CONTINUOUS
10
1.246163031496063
20
0.888183779527559
11
1.2461062992125984
21
0.888759842519685
0
LINE
8
BLACK
6
CONTINUOUS
10
1.2461062992125984
20
0.888759842519685
11
1.2461062992125984
21
0.8925
0
LINE
8
BLACK
6
CONTINUOUS
10
1.2461062992125984
20
0.8925
11
1.2323228346456692
21
0.8925
0
LINE
8
BLACK
6
CONTINUOUS
10
1.2323228346456692
20
0.8925
11
1.2323228346456692
21
0.8720275590551181
0
LINE
8
BLACK
6
CONTINUOUS
10
1.2323228346456692
20
0.8720275590551181
11
1.5807480314960629
21
0.8720275590551181
0
LINE
8
BLACK
6
CONTINUOUS
10
1.5807480314960629
20
0.8720275590551181
11
1.5807480314960629
21
1.062972440944882
0
LINE
8
BLACK
6
CONTINUOUS
10
1.5807480314960629
20
1.062972440944882
11
1.2323228346456692
21
1.062972440944882
0
LINE
8
BLACK
6
CONTINUOUS
10
1.0354724409448819
20
0.905492125984252
11
1.0354724409448819
21
0.888759842519685
0
LINE
8
BLACK
6
CONTINUOUS
10
1.0354724409448819
20
0.888759842519685
11
1.0354157086614173
21
0.888183779527559
0
LINE
8
BLACK
6
CONTINUOUS
10
1.0354157086614173
20
0.888183779527559
11
1.0349748031496062
21
0.8871193700787401
0
LINE
8
BLACK
6
CONTINUOUS
10
1.0349748031496062
20
0.8871193700787401
11
1.034160157480315
21
0.8863047244094489
0
LINE
8
BLACK
6
CONTINUOUS
10
1.034160157480315
20
0.8863047244094489
11
1.033095748031496
21
0.8858638188976378
0
LINE
8
BLACK
6
CONTINUOUS
10
1.033095748031496
20
0.8858638188976378
11
1.0325196850393701
21
0.8858070866141732
0
LINE
8
BLACK
6
CONTINUOUS
10
1.0325196850393701
20
0.8858070866141732
11
0.9961023622047244
21
0.8858070866141732
0
LINE
8
BLACK
6
CONTINUOUS
10
0.9961023622047244
20
0.8858070866141732
11
0.9961023622047244
21
0.8720275590551181
0
LINE
8
BLACK
6
CONTINUOUS
10
0.9961023622047244
20
0.8720275590551181
11
1.2264173228346456
21
0.8720275590551181
0
LINE
8
BLACK
6
CONTINUOUS
10
1.2264173228346456
20
0.8720275590551181
11
1.2264173228346456
21
0.8925
0
LINE
8
BLACK
6
CONTINUOUS
10
1.2264173228346456
20
0.8925
11
1.115
21
0.8925
0
LINE
8
BLACK
6
CONTINUOUS
10
1.115
20
0.8925
11
1.115
21
0.905492125984252
0
LINE
8
BLACK
6
CONTINUOUS
10
1.115
20
0.905492125984252
11
1.0354724409448819
21
0.905492125984252
0
LINE
8
BLACK
6
CONTINUOUS
10
1.252011811023622
20
1.043287401574803
11
1.252011811023622
21
1.0425
0
LINE
8
BLACK
6
CONTINUOUS
10
1.252011811023622
20
1.0425
11
1.2649999999999999
21
1.0425
0
LINE
8
BLACK
6
CONTINUOUS
10
1.2649999999999999
20
1.0425
11
1.2649999999999999
21
0.8925
0
LINE
8
BLACK
6
CONTINUOUS
10
1.2649999999999999
20
0.8925
11
1.252011811023622
21
0.8925
0
LINE
8
BLACK
6
CONTINUOUS
10
1.252011811023622
20
0.8925
11
1.252011811023622
21
0.8917125984251968
0
LINE
8
BLACK
6
CONTINUOUS
10
1.252011811023622
20
0.8917125984251968
11
1.5610669291338581
21
0.8917125984251968
0
LINE
8
BLACK
6
CONTINUOUS
10
1.5610669291338581
20
0.8917125984251968
11
1.5610669291338581
21
1.043287401574803
0
LINE
8
BLACK
6
CONTINUOUS
10
1.5610669291338581
20
1.043287401574803
11
1.252011811023622
21
1.043287401574803
0
LINE
8
BLACK
6
CONTINUOUS
10
0.8976732283464567
20
1.043287401574803
11
0.8976732283464567
21
0.8917125984251968
0
LINE
8
BLACK
6
CONTINUOUS
10
0.8976732283464567
20
0.8917125984251968
11
1.0295669291338583
21
0.8917125984251968
0
LINE
8
BLACK
6
CONTINUOUS
10
1.0295669291338583
20
0.8917125984251968
11
1.0295669291338583
21
1.043287401574803
0
LINE
8
BLACK
6
CONTINUOUS
10
1.0295669291338583
20
1.043287401574803
11
0.8976732283464567
21
1.043287401574803
0
LINE
8
BLACK
6
CONTINUOUS
10
1.0354724409448819
20
1.0236023622047243
11
1.0354724409448819
21
0.9113976377952756
0
LINE
8
BLACK
6
CONTINUOUS
10
1.0354724409448819
20
0.9113976377952756
11
1.115
21
0.9113976377952756
0
LINE
8
BLACK
6
CONTINUOUS
10
1.115
20
0.9113976377952756
11
1.115
21
1.0236023622047243
0
LINE
8
BLACK
6
CONTINUOUS
10
1.115
20
1.0236023622047243
11
1.0354724409448819
21
1.0236023622047243
0
LINE
8
BLACK
6
CONTINUOUS
10
0.9961023622047244
20
1.062972440944882
11
0.9961023622047244
21
1.0491929133858267
0
LINE
8
BLACK
6
CONTINUOUS
10
0.9961023622047244
20
1.0491929133858267
11
1.0325196850393701
21
1.0491929133858267
0
LINE
8
BLACK
6
CONTINUOUS
10
1.0325196850393701
20
1.0491929133858267
11
1.033095748031496
21
1.0491361811023623
0
LINE
8
BLACK
6
CONTINUOUS
10
1.033095748031496
20
1.0491361811023623
11
1.034160157480315
21
1.0486952755905512
0
LINE
8
BLACK
6
CONTINUOUS
10
1.034160157480315
20
1.0486952755905512
11
1.0349748031496062
21
1.0478806299212597
0
LINE
8
BLACK
6
CONTINUOUS
10
1.0349748031496062
20
1.0478806299212597
11
1.0354157086614173
21
1.0468162204724409
0
LINE
8
BLACK
6
CONTINUOUS
10
1.0354157086614173
20
1.0468162204724409
11
1.0354724409448819
21
1.0462401574803148
0
LINE
8
BLACK
6
CONTINUOUS
10
1.0354724409448819
20
1.0462401574803148
11
1.0354724409448819
21
1.0295078740157479
0
LINE
8
BLACK
6
CONTINUOUS
10
1.0354724409448819
20
1.0295078740157479
11
1.115
21
1.0295078740157479
0
LINE
8
BLACK
6
CONTINUOUS
10
1.115
20
1.0295078740157479
11
1.115
21
1.0425
0
LINE
8
BLACK
6
CONTINUOUS
10
1.115
20
1.0425
11
1.2264173228346456
21
1.0425
0
LINE
8
BLACK
6
CONTINUOUS
10
1.2264173228346456
20
1.0425
11
1.2264173228346456
21
1.062972440944882
0
LINE
8
BLACK
6
CONTINUOUS
10
1.2264173228346456
20
1.062972440944882
11
0.9961023622047244
21
1.062972440944882
0
LINE
8
BLACK
6
CONTINUOUS
10
1.2323228346456692
20
1.2604724409448818
11
1.2323228346456692
21
1.24
0
LINE
8
BLACK
6
CONTINUOUS
10
1.2323228346456692
20
1.24
11
1.2461062992125984
21
1.24
0
LINE
8
BLACK
6
CONTINUOUS
10
1.2461062992125984
20
1.24
11
1.2461062992125984
21
1.2437401574803149
0
LINE
8
BLACK
6
CONTINUOUS
10
1.2461062992125984
20
1.2437401574803149
11
1.246163031496063
21
1.2443162204724409
0
LINE
8
BLACK
6
CONTINUOUS
10
1.246163031496063
20
1.2443162204724409
11
1.2466039370078741
21
1.2453806299212598
0
LINE
8
BLACK
6
CONTINUOUS
10
1.2466039370078741
20
1.2453806299212598
11
1.2474185826771653
21
1.2461952755905512
0
LINE
8
BLACK
6
CONTINUOUS
10
1.2474185826771653
20
1.2461952755905512
11
1.2484829921259841
21
1.2466361811023621
0
LINE
8
BLACK
6
CONTINUOUS
10
1.2484829921259841
20
1.2466361811023621
11
1.2490590551181102
21
1.2466929133858267
0
LINE
8
BLACK
6
CONTINUOUS
10
1.2490590551181102
20
1.2466929133858267
11
1.5640196850393699
21
1.2466929133858267
0
LINE
8
BLACK
6
CONTINUOUS
10
1.5640196850393699
20
1.2466929133858267
11
1.564595748031496
21
1.2466361811023621
0
LINE
8
BLACK
6
CONTINUOUS
10
1.564595748031496
20
1.2466361811023621
11
1.5656601574803148
21
1.2461952755905512
0
LINE
8
BLACK
6
CONTINUOUS
10
1.5656601574803148
20
1.2461952755905512
11
1.5664748031496063
21
1.2453806299212598
0
LINE
8
BLACK
6
CONTINUOUS
10
1.5664748031496063
20
1.2453806299212598
11
1.5669157086614174
21
1.2443162204724409
0
LINE
8
BLACK
6
CONTINUOUS
10
1.5669157086614174
20
1.2443162204724409
11
1.5669724409448818
21
1.2437401574803149
0
LINE
8
BLACK
6
CONTINUOUS
10
1.5669724409448818
20
1.2437401574803149
11
1.5669724409448818
21
1.086259842519685
0
LINE
8
BLACK
6
CONTINUOUS
10
1.5669724409448818
20
1.086259842519685
11
1.5669157086614174
21
1.0856837795275591
0
LINE
8
BLACK
6
CONTINUOUS
10
1.5669157086614174
20
1.0856837795275591
11
1.5664748031496063
21
1.0846193700787401
0
LINE
8
BLACK
6
CONTINUOUS
10
1.5664748031496063
20
1.0846193700787401
11
1.5656601574803148
21
1.0838047244094489
0
LINE
8
BLACK
6
CONTINUOUS
10
1.5656601574803148
20
1.0838047244094489
11
1.564595748031496
21
1.0833638188976378
0
LINE
8
BLACK
6
CONTINUOUS
10
1.564595748031496
20
1.0833638188976378
11
1.5640196850393699
21
1.0833070866141732
0
LINE
8
BLACK
6
CONTINUOUS
10
1.5640196850393699
20
1.0833070866141732
11
1.2490590551181102
21
1.0833070866141732
0
LINE
8
BLACK
6
CONTINUOUS
10
1.2490590551181102
20
1.0833070866141732
11
1.2484829921259841
21
1.0833638188976378
0
LINE
8
BLACK
6
CONTINUOUS
10
1.2484829921259841
20
1.0833638188976378
11
1.2474185826771653
21
1.0838047244094489
0
LINE
8
BLACK
6
CONTINUOUS
10
1.2474185826771653
20
1.0838047244094489
11
1.2466039370078741
21
1.0846193700787401
0
LINE
8
BLACK
6
CONTINUOUS
10
1.2466039370078741
20
1.0846193700787401
11
1.246163031496063
21
1.0856837795275591
0
LINE
8
BLACK
6
CONTINUOUS
10
1.246163031496063
20
1.0856837795275591
11
1.2461062992125984
21
1.086259842519685
0
LINE
8
BLACK
6
CONTINUOUS
10
1.2461062992125984
20
1.086259842519685
11
1.2461062992125984
21
1.0900000000000001
0
LINE
8
BLACK
6
CONTINUOUS
10
1.2461062992125984
20
1.0900000000000001
11
1.2323228346456692
21
1.0900000000000001
0
LINE
8
BLACK
6
CONTINUOUS
10
1.2323228346456692
20
1.0900000000000001
11
1.2323228346456692
21
1.0695275590551181
0
LINE
8
BLACK
6
CONTINUOUS
10
1.2323228346456692
20
1.0695275590551181
11
1.5807480314960629
21
1.0695275590551181
0
LINE
8
BLACK
6
CONTINUOUS
10
1.5807480314960629
20
1.0695275590551181
11
1.5807480314960629
21
1.2604724409448818
0
LINE
8
BLACK
6
CONTINUOUS
10
1.5807480314960629
20
1.2604724409448818
11
1.2323228346456692
21
1.2604724409448818
0
LINE
8
BLACK
6
CONTINUOUS
10
1.0354724409448819
20
1.1029921259842519
11
1.0354724409448819
21
1.086259842519685
0
LINE
8
BLACK
6
CONTINUOUS
10
1.0354724409448819
20
1.086259842519685
11
1.0354157086614173
21
1.0856837795275591
0
LINE
8
BLACK
6
CONTINUOUS
10
1.0354157086614173
20
1.0856837795275591
11
1.0349748031496062
21
1.0846193700787401
0
LINE
8
BLACK
6
CONTINUOUS
10
1.0349748031496062
20
1.0846193700787401
11
1.034160157480315
21
1.0838047244094489
0
LINE
8
BLACK
6
CONTINUOUS
10
1.034160157480315
20
1.0838047244094489
11
1.033095748031496
21
1.0833638188976378
0
LINE
8
BLACK
6
CONTINUOUS
10
1.033095748031496
20
1.0833638188976378
11
1.0325196850393701
21
1.0833070866141732
0
LINE
8
BLACK
6
CONTINUOUS
10
1.0325196850393701
20
1.0833070866141732
11
0.9961023622047244
21
1.0833070866141732
0
LINE
8
BLACK
6
CONTINUOUS
10
0.9961023622047244
20
1.0833070866141732
11
0.9961023622047244
21
1.0695275590551181
0
LINE
8
BLACK
6
CONTINUOUS
10
0.9961023622047244
20
1.0695275590551181
11
1.2264173228346456
21
1.0695275590551181
0
LINE
8
BLACK
6
CONTINUOUS
10
1.2264173228346456
20
1.0695275590551181
11
1.2264173228346456
21
1.0900000000000001
0
LINE
8
BLACK
6
CONTINUOUS
10
1.2264173228346456
20
1.0900000000000001
11
1.115
21
1.0900000000000001
0
LINE
8
BLACK
6
CONTINUOUS
10
1.115
20
1.0900000000000001
11
1.115
21
1.1029921259842519
0
LINE
8
BLACK
6
CONTINUOUS
10
1.115
20
1.1029921259842519
11
1.0354724409448819
21
1.1029921259842519
0
LINE
8
BLACK
6
CONTINUOUS
10
1.252011811023622
20
1.2407874015748031
11
1.252011811023622
21
1.24
0
LINE
8
BLACK
6
CONTINUOUS
10
1.252011811023622
20
1.24
11
1.2649999999999999
21
1.24
0
LINE
8
BLACK
6
CONTINUOUS
10
1.2649999999999999
20
1.24
11
1.2649999999999999
21
1.0900000000000001
0
LINE
8
BLACK
6
CONTINUOUS
10
1.2649999999999999
20
1.0900000000000001
11
1.252011811023622
21
1.0900000000000001
0
LINE
8
BLACK
6
CONTINUOUS
10
1.252011811023622
20
1.0900000000000001
11
1.252011811023622
21
1.0892125984251968
0
LINE
8
BLACK
6
CONTINUOUS
10
1.252011811023622
20
1.0892125984251968
11
1.5610669291338581
21
1.0892125984251968
0
LINE
8
BLACK
6
CONTINUOUS
10
1.5610669291338581
20
1.0892125984251968
11
1.5610669291338581
21
1.2407874015748031
0
LINE
8
BLACK
6
CONTINUOUS
10
1.5610669291338581
20
1.2407874015748031
11
1.252011811023622
21
1.2407874015748031
0
LINE
8
BLACK
6
CONTINUOUS
10
0.8976732283464567
20
1.2407874015748031
11
0.8976732283464567
21
1.0892125984251968
0
LINE
8
BLACK
6
CONTINUOUS
10
0.8976732283464567
20
1.0892125984251968
11
1.0295669291338583
21
1.0892125984251968
0
LINE
8
BLACK
6
CONTINUOUS
10
1.0295669291338583
20
1.0892125984251968
11
1.0295669291338583
21
1.2407874015748031
0
LINE
8
BLACK
6
CONTINUOUS
10
1.0295669291338583
20
1.2407874015748031
11
0.8976732283464567
21
1.2407874015748031
0
LINE
8
BLACK
6
CONTINUOUS
10
1.0354724409448819
20
1.2211023622047243
11
1.0354724409448819
21
1.1088976377952755
0
LINE
8
BLACK
6
CONTINUOUS
10
1.0354724409448819
20
1.1088976377952755
11
1.115
21
1.1088976377952755
0
LINE
8
BLACK
6
CONTINUOUS
10
1.115
20
1.1088976377952755
11
1.115
21
1.2211023622047243
0
LINE
8
BLACK
6
CONTINUOUS
10
1.115
20
1.2211023622047243
11
1.0354724409448819
21
1.2211023622047243
0
LINE
8
BLACK
6
CONTINUOUS
10
0.9961023622047244
20
1.2604724409448818
11
0.9961023622047244
21
1.2466929133858267
0
LINE
8
BLACK
6
CONTINUOUS
10
0.9961023622047244
20
1.2466929133858267
11
1.0325196850393701
21
1.2466929133858267
0
LINE
8
BLACK
6
CONTINUOUS
10
1.0325196850393701
20
1.2466929133858267
11
1.033095748031496
21
1.2466361811023621
0
LINE
8
BLACK
6
CONTINUOUS
10
1.033095748031496
20
1.2466361811023621
11
1.034160157480315
21
1.2461952755905512
0
LINE
8
BLACK
6
CONTINUOUS
10
1.034160157480315
20
1.2461952755905512
11
1.0349748031496062
21
1.2453806299212598
0
LINE
8
BLACK
6
CONTINUOUS
10
1.0349748031496062
20
1.2453806299212598
11
1.0354157086614173
21
1.2443162204724409
0
LINE
8
BLACK
6
CONTINUOUS
10
1.0354157086614173
20
1.2443162204724409
11
1.0354724409448819
21
1.2437401574803149
0
LINE
8
BLACK
6
CONTINUOUS
10
1.0354724409448819
20
1.2437401574803149
11
1.0354724409448819
21
1.227007874015748
0
LINE
8
BLACK
6
CONTINUOUS
10
1.0354724409448819
20
1.227007874015748
11
1.115
21
1.227007874015748
0
LINE
8
BLACK
6
CONTINUOUS
10
1.115
20
1.227007874015748
11
1.115
21
1.24
0
LINE
8
BLACK
6
CONTINUOUS
10
1.115
20
1.24
11
1.2264173228346456
21
1.24
0
LINE
8
BLACK
6
CONTINUOUS
10
1.2264173228346456
20
1.24
11
1.2264173228346456
21
1.2604724409448818
0
LINE
8
BLACK
6
CONTINUOUS
10
1.2264173228346456
20
1.2604724409448818
11
0.9961023622047244
21
1.2604724409448818
0
LINE
8
BLACK
6
CONTINUOUS
10
0.0702809448818898
20
1.2701987401574804
11
0.0719102362204724
21
1.2685694488188977
0
LINE
8
BLACK
6
CONTINUOUS
10
0.0719102362204724
20
1.2685694488188977
11
0.0727920472440945
21
1.2664406299212598
0
LINE
8
BLACK
6
CONTINUOUS
10
0.0727920472440945
20
1.2664406299212598
11
0.0729055118110236
21
1.2652885039370079
0
LINE
8
BLACK
6
CONTINUOUS
10
0.0729055118110236
20
1.2652885039370079
11
0.0729055118110236
21
1.2486968503937008
0
LINE
8
BLACK
6
CONTINUOUS
10
0.0729055118110236
20
1.2486968503937008
11
0.0894972047244094
21
1.2486968503937008
0
LINE
8
BLACK
6
CONTINUOUS
10
0.0894972047244094
20
1.2486968503937008
11
0.0906493307086614
21
1.2485833858267716
0
LINE
8
BLACK
6
CONTINUOUS
10
0.0906493307086614
20
1.2485833858267716
11
0.0927781496062992
21
1.2477015748031495
0
LINE
8
BLACK
6
CONTINUOUS
10
0.0927781496062992
20
1.2477015748031495
11
0.0944074409448819
21
1.246072283464567
0
LINE
8
BLACK
6
CONTINUOUS
10
0.0944074409448819
20
1.246072283464567
11
0.0952892519685039
21
1.2439434645669292
0
LINE
8
BLACK
6
CONTINUOUS
10
0.0952892519685039
20
1.2439434645669292
11
0.0952892519685039
21
1.2416392125984252
0
LINE
8
BLACK
6
CONTINUOUS
10
0.0952892519685039
20
1.2416392125984252
11
0.0944074409448819
21
1.2395103937007874
0
LINE
8
BLACK
6
CONTINUOUS
10
0.0944074409448819
20
1.2395103937007874
11
0.0927781496062992
21
1.2378811023622047
0
LINE
8
BLACK
6
CONTINUOUS
10
0.0927781496062992
20
1.2378811023622047
11
0.0906493307086614
21
1.2369992913385826
0
LINE
8
BLACK
6
CONTINUOUS
10
0.0906493307086614
20
1.2369992913385826
11
0.0894972047244094
21
1.2368858267716536
0
LINE
8
BLACK
6
CONTINUOUS
10
0.0894972047244094
20
1.2368858267716536
11
0.0729055118110236
21
1.2368858267716536
0
LINE
8
BLACK
6
CONTINUOUS
10
0.0729055118110236
20
1.2368858267716536
11
0.0729055118110236
21
1.2202941338582678
0
LINE
8
BLACK
6
CONTINUOUS
10
0.0729055118110236
20
1.2202941338582678
11
0.0727920472440945
21
1.2191420078740156
0
LINE
8
BLACK
6
CONTINUOUS
10
0.0727920472440945
20
1.2191420078740156
11
0.0719102362204724
21
1.217013188976378
0
LINE
8
BLACK
6
CONTINUOUS
10
0.0719102362204724
20
1.217013188976378
11
0.0702809448818898
21
1.2153838976377953
0
LINE
8
BLACK
6
CONTINUOUS
10
0.0702809448818898
20
1.2153838976377953
11
0.068152125984252
21
1.2145020866141731
0
LINE
8
BLACK
6
CONTINUOUS
10
0.068152125984252
20
1.2145020866141731
11
0.065847874015748
21
1.2145020866141731
0
LINE
8
BLACK
6
CONTINUOUS
10
0.065847874015748
20
1.2145020866141731
11
0.0637190551181102
21
1.2153838976377953
0
LINE
8
BLACK
6
CONTINUOUS
10
0.0637190551181102
20
1.2153838976377953
11
0.0620897637795276
21
1.217013188976378
0
LINE
8
BLACK
6
CONTINUOUS
10
0.0620897637795276
20
1.217013188976378
11
0.0612079527559055
21
1.2191420078740156
0
LINE
8
BLACK
6
CONTINUOUS
10
0.0612079527559055
20
1.2191420078740156
11
0.0610944881889764
21
1.2202941338582678
0
LINE
8
BLACK
6
CONTINUOUS
10
0.0610944881889764
20
1.2202941338582678
11
0.0610944881889764
21
1.2368858267716536
0
LINE
8
BLACK
6
CONTINUOUS
10
0.0610944881889764
20
1.2368858267716536
11
0.0445027952755905
21
1.2368858267716536
0
LINE
8
BLACK
6
CONTINUOUS
10
0.0445027952755905
20
1.2368858267716536
11
0.0433506692913386
21
1.2369992913385826
0
LINE
8
BLACK
6
CONTINUOUS
10
0.0433506692913386
20
1.2369992913385826
11
0.0412218503937008
21
1.2378811023622047
0
LINE
8
BLACK
6
CONTINUOUS
10
0.0412218503937008
20
1.2378811023622047
11
0.0395925590551181
21
1.2395103937007874
0
LINE
8
BLACK
6
CONTINUOUS
10
0.0395925590551181
20
1.2395103937007874
11
0.0387107480314961
21
1.2416392125984252
0
LINE
8
BLACK
6
CONTINUOUS
10
0.0387107480314961
20
1.2416392125984252
11
0.0387107480314961
21
1.2439434645669292
0
LINE
8
BLACK
6
CONTINUOUS
10
0.0387107480314961
20
1.2439434645669292
11
0.0395925590551181
21
1.246072283464567
0
LINE
8
BLACK
6
CONTINUOUS
10
0.0395925590551181
20
1.246072283464567
11
0.0412218503937008
21
1.2477015748031495
0
LINE
8
BLACK
6
CONTINUOUS
10
0.0412218503937008
20
1.2477015748031495
11
0.0433506692913386
21
1.2485833858267716
0
LINE
8
BLACK
6
CONTINUOUS
10
0.0433506692913386
20
1.2485833858267716
11
0.0445027952755905
21
1.2486968503937008
0
LINE
8
BLACK
6
CONTINUOUS
10
0.0445027952755905
20
1.2486968503937008
11
0.0610944881889764
21
1.2486968503937008
0
LINE
8
BLACK
6
CONTINUOUS
10
0.0610944881889764
20
1.2486968503937008
11
0.0610944881889764
21
1.2652885039370079
0
LINE
8
BLACK
6
CONTINUOUS
10
0.0610944881889764
20
1.2652885039370079
11
0.0612079527559055
21
1.2664406299212598
0
LINE
8
BLACK
6
CONTINUOUS
10
0.0612079527559055
20
1.2664406299212598
11
0.0620897637795276
21
1.2685694488188977
0
LINE
8
BLACK
6
CONTINUOUS
10
0.0620897637795276
20
1.2685694488188977
11
0.0637190551181102
21
1.2701987401574804
0
LINE
8
BLACK
6
CONTINUOUS
10
0.0637190551181102
20
1.2701987401574804
11
0.065847874015748
21
1.2710805511811023
0
LINE
8
BLACK
6
CONTINUOUS
10
0.065847874015748
20
1.2710805511811023
11
0.068152125984252
21
1.2710805511811023
0
LINE
8
BLACK
6
CONTINUOUS
10
0.068152125984252
20
1.2710805511811023
11
0.0702809448818898
21
1.2701987401574804
0
LINE
8
BLACK
6
CONTINUOUS
10
0.3745288188976378
20
1.2754275196850393
11
0.375948031496063
21
1.2748396456692912
0
LINE
8
BLACK
6
CONTINUOUS
10
0.375948031496063
20
1.2748396456692912
11
0.3770342519685039
21
1.2737534251968503
0
LINE
8
BLACK
6
CONTINUOUS
10
0.3770342519685039
20
1.2737534251968503
11
0.3776221259842519
21
1.2723342125984252
0
LINE
8
BLACK
6
CONTINUOUS
10
0.3776221259842519
20
1.2723342125984252
11
0.3776221259842519
21
1.2707980708661417
0
LINE
8
BLACK
6
CONTINUOUS
10
0.3776221259842519
20
1.2707980708661417
11
0.3770342519685039
21
1.2693788582677166
0
LINE
8
BLACK
6
CONTINUOUS
10
0.3770342519685039
20
1.2693788582677166
11
0.375948031496063
21
1.2682926377952755
0
LINE
8
BLACK
6
CONTINUOUS
10
0.375948031496063
20
1.2682926377952755
11
0.3745288188976378
21
1.2677047637795276
0
LINE
8
BLACK
6
CONTINUOUS
10
0.3745288188976378
20
1.2677047637795276
11
0.3737607480314961
21
1.2676291338582677
0
LINE
8
BLACK
6
CONTINUOUS
10
0.3737607480314961
20
1.2676291338582677
11
0.358576062992126
21
1.2676291338582677
0
LINE
8
BLACK
6
CONTINUOUS
10
0.358576062992126
20
1.2676291338582677
11
0.3578505511811024
21
1.2603742913385827
0
LINE
8
BLACK
6
CONTINUOUS
10
0.3578505511811024
20
1.2603742913385827
11
0.3578638188976378
21
1.2603752362204723
0
LINE
8
BLACK
6
CONTINUOUS
10
0.3578638188976378
20
1.2603752362204723
11
0.3579945669291338
21
1.2604294094488189
0
LINE
8
BLACK
6
CONTINUOUS
10
0.3579945669291338
20
1.2604294094488189
11
0.3587626377952756
21
1.2605050393700787
0
LINE
8
BLACK
6
CONTINUOUS
10
0.3587626377952756
20
1.2605050393700787
11
0.3681364566929134
21
1.2605050393700787
0
LINE
8
BLACK
6
CONTINUOUS
10
0.3681364566929134
20
1.2605050393700787
11
0.3689045275590551
21
1.2604294094488189
0
LINE
8
BLACK
6
CONTINUOUS
10
0.3689045275590551
20
1.2604294094488189
11
0.3690352362204724
21
1.2603752362204723
0
LINE
8
BLACK
6
CONTINUOUS
10
0.3690352362204724
20
1.2603752362204723
11
0.3691763385826772
21
1.2603652362204725
0
LINE
8
BLACK
6
CONTINUOUS
10
0.3691763385826772
20
1.2603652362204725
11
0.369897125984252
21
1.2600894094488189
0
LINE
8
BLACK
6
CONTINUOUS
10
0.369897125984252
20
1.2600894094488189
11
0.3736466535433071
21
1.2582146456692913
0
LINE
8
BLACK
6
CONTINUOUS
10
0.3736466535433071
20
1.2582146456692913
11
0.3739772047244094
21
1.2580065354330707
0
LINE
8
BLACK
6
CONTINUOUS
10
0.3739772047244094
20
1.2580065354330707
11
0.3740732677165354
21
1.2579667716535432
0
LINE
8
BLACK
6
CONTINUOUS
10
0.3740732677165354
20
1.2579667716535432
11
0.3741813779527559
21
1.2578780314960629
0
LINE
8
BLACK
6
CONTINUOUS
10
0.3741813779527559
20
1.2578780314960629
11
0.3742998031496063
21
1.2578035039370079
0
LINE
8
BLACK
6
CONTINUOUS
10
0.3742998031496063
20
1.2578035039370079
11
0.374367874015748
21
1.2577249606299212
0
LINE
8
BLACK
6
CONTINUOUS
10
0.374367874015748
20
1.2577249606299212
11
0.3746698818897637
21
1.2574771653543306
0
LINE
8
BLACK
6
CONTINUOUS
10
0.3746698818897637
20
1.2574771653543306
11
0.3765446062992126
21
1.2556024015748031
0
LINE
8
BLACK
6
CONTINUOUS
10
0.3765446062992126
20
1.2556024015748031
11
0.3767923228346456
21
1.2553005511811024
0
LINE
8
BLACK
6
CONTINUOUS
10
0.3767923228346456
20
1.2553005511811024
11
0.3768709842519685
21
1.2552323622047243
0
LINE
8
BLACK
6
CONTINUOUS
10
0.3768709842519685
20
1.2552323622047243
11
0.3769455118110236
21
1.2551138976377954
0
LINE
8
BLACK
6
CONTINUOUS
10
0.3769455118110236
20
1.2551138976377954
11
0.3770342519685039
21
1.2550058267716535
0
LINE
8
BLACK
6
CONTINUOUS
10
0.3770342519685039
20
1.2550058267716535
11
0.3770740157480315
21
1.2549097244094487
0
LINE
8
BLACK
6
CONTINUOUS
10
0.3770740157480315
20
1.2549097244094487
11
0.377282125984252
21
1.2545791732283464
0
LINE
8
BLACK
6
CONTINUOUS
10
0.377282125984252
20
1.2545791732283464
11
0.3791568897637795
21
1.2508296850393701
0
LINE
8
BLACK
6
CONTINUOUS
10
0.3791568897637795
20
1.2508296850393701
11
0.3794327165354331
21
1.2501088582677164
0
LINE
8
BLACK
6
CONTINUOUS
10
0.3794327165354331
20
1.2501088582677164
11
0.379442716535433
21
1.2499677559055118
0
LINE
8
BLACK
6
CONTINUOUS
10
0.379442716535433
20
1.2499677559055118
11
0.3794968897637795
21
1.2498370472440945
0
LINE
8
BLACK
6
CONTINUOUS
10
0.3794968897637795
20
1.2498370472440945
11
0.3795725196850394
21
1.2490689763779528
0
LINE
8
BLACK
6
CONTINUOUS
10
0.3795725196850394
20
1.2490689763779528
11
0.3795725196850394
21
1.239695157480315
0
LINE
8
BLACK
6
CONTINUOUS
10
0.3795725196850394
20
1.239695157480315
11
0.3794968897637795
21
1.2389270866141733
0
LINE
8
BLACK
6
CONTINUOUS
10
0.3794968897637795
20
1.2389270866141733
11
0.379442716535433
21
1.2387963385826772
0
LINE
8
BLACK
6
CONTINUOUS
10
0.379442716535433
20
1.2387963385826772
11
0.3794327165354331
21
1.2386552755905511
0
LINE
8
BLACK
6
CONTINUOUS
10
0.3794327165354331
20
1.2386552755905511
11
0.3791568897637795
21
1.2379344488188977
0
LINE
8
BLACK
6
CONTINUOUS
10
0.3791568897637795
20
1.2379344488188977
11
0.377282125984252
21
1.2341849606299213
0
LINE
8
BLACK
6
CONTINUOUS
10
0.377282125984252
20
1.2341849606299213
11
0.3770740157480315
21
1.2338543700787401
0
LINE
8
BLACK
6
CONTINUOUS
10
0.3770740157480315
20
1.2338543700787401
11
0.3770342519685039
21
1.233758307086614
0
LINE
8
BLACK
6
CONTINUOUS
10
0.3770342519685039
20
1.233758307086614
11
0.3769455118110236
21
1.2336501968503937
0
LINE
8
BLACK
6
CONTINUOUS
10
0.3769455118110236
20
1.2336501968503937
11
0.3768709842519685
21
1.2335317716535432
0
LINE
8
BLACK
6
CONTINUOUS
10
0.3768709842519685
20
1.2335317716535432
11
0.3767923228346456
21
1.2334635433070866
0
LINE
8
BLACK
6
CONTINUOUS
10
0.3767923228346456
20
1.2334635433070866
11
0.3765446062992126
21
1.2331617322834645
0
LINE
8
BLACK
6
CONTINUOUS
10
0.3765446062992126
20
1.2331617322834645
11
0.3746698818897637
21
1.2312869685039369
0
LINE
8
BLACK
6
CONTINUOUS
10
0.3746698818897637
20
1.2312869685039369
11
0.374368031496063
21
1.2310392519685038
0
LINE
8
BLACK
6
CONTINUOUS
10
0.374368031496063
20
1.2310392519685038
11
0.3742998818897638
21
1.2309606692913386
0
LINE
8
BLACK
6
CONTINUOUS
10
0.3742998818897638
20
1.2309606692913386
11
0.3741813385826772
21
1.2308860629921259
0
LINE
8
BLACK
6
CONTINUOUS
10
0.3741813385826772
20
1.2308860629921259
11
0.3740732677165354
21
1.2307973622047244
0
LINE
8
BLACK
6
CONTINUOUS
10
0.3740732677165354
20
1.2307973622047244
11
0.3739772047244094
21
1.2307575590551181
0
LINE
8
BLACK
6
CONTINUOUS
10
0.3739772047244094
20
1.2307575590551181
11
0.3736466929133858
21
1.230549527559055
0
LINE
8
BLACK
6
CONTINUOUS
10
0.3736466929133858
20
1.230549527559055
11
0.3698971653543307
21
1.2286747244094487
0
LINE
8
BLACK
6
CONTINUOUS
10
0.3698971653543307
20
1.2286747244094487
11
0.3691763779527559
21
1.2283988582677166
0
LINE
8
BLACK
6
CONTINUOUS
10
0.3691763779527559
20
1.2283988582677166
11
0.3690351968503937
21
1.2283888188976377
0
LINE
8
BLACK
6
CONTINUOUS
10
0.3690351968503937
20
1.2283888188976377
11
0.3689045275590551
21
1.2283346850393702
0
LINE
8
BLACK
6
CONTINUOUS
10
0.3689045275590551
20
1.2283346850393702
11
0.3681364566929134
21
1.2282590551181103
0
LINE
8
BLACK
6
CONTINUOUS
10
0.3681364566929134
20
1.2282590551181103
11
0.3587626377952756
21
1.2282590551181103
0
LINE
8
BLACK
6
CONTINUOUS
10
0.3587626377952756
20
1.2282590551181103
11
0.3579945669291338
21
1.2283346850393702
0
LINE
8
BLACK
6
CONTINUOUS
10
0.3579945669291338
20
1.2283346850393702
11
0.3578638188976378
21
1.2283888188976377
0
LINE
8
BLACK
6
CONTINUOUS
10
0.3578638188976378
20
1.2283888188976377
11
0.3577227559055118
21
1.2283988582677166
0
LINE
8
BLACK
6
CONTINUOUS
10
0.3577227559055118
20
1.2283988582677166
11
0.3570019291338583
21
1.2286747244094487
0
LINE
8
BLACK
6
CONTINUOUS
10
0.3570019291338583
20
1.2286747244094487
11
0.3532524015748031
21
1.230549527559055
0
LINE
8
BLACK
6
CONTINUOUS
10
0.3532524015748031
20
1.230549527559055
11
0.352921968503937
21
1.2307575196850393
0
LINE
8
BLACK
6
CONTINUOUS
10
0.352921968503937
20
1.2307575196850393
11
0.3528257874015748
21
1.2307973622047244
0
LINE
8
BLACK
6
CONTINUOUS
10
0.3528257874015748
20
1.2307973622047244
11
0.3527175196850393
21
1.2308861811023621
0
LINE
8
BLACK
6
CONTINUOUS
10
0.3527175196850393
20
1.2308861811023621
11
0.3525992519685039
21
1.2309606692913386
0
LINE
8
BLACK
6
CONTINUOUS
10
0.3525992519685039
20
1.2309606692913386
11
0.3525311417322834
21
1.2310391732283463
0
LINE
8
BLACK
6
CONTINUOUS
10
0.3525311417322834
20
1.2310391732283463
11
0.3522292125984252
21
1.2312870078740157
0
LINE
8
BLACK
6
CONTINUOUS
10
0.3522292125984252
20
1.2312870078740157
11
0.3503544488188977
21
1.2331617322834645
0
LINE
8
BLACK
6
CONTINUOUS
10
0.3503544488188977
20
1.2331617322834645
11
0.349864842519685
21
1.2337583464566928
0
LINE
8
BLACK
6
CONTINUOUS
10
0.349864842519685
20
1.2337583464566928
11
0.349276968503937
21
1.2351775590551182
0
LINE
8
BLACK
6
CONTINUOUS
10
0.349276968503937
20
1.2351775590551182
11
0.349276968503937
21
1.2367137007874016
0
LINE
8
BLACK
6
CONTINUOUS
10
0.349276968503937
20
1.2367137007874016
11
0.349864842519685
21
1.2381329133858268
0
LINE
8
BLACK
6
CONTINUOUS
10
0.349864842519685
20
1.2381329133858268
11
0.350951062992126
21
1.2392191338582677
0
LINE
8
BLACK
6
CONTINUOUS
10
0.350951062992126
20
1.2392191338582677
11
0.3523702755905512
21
1.2398070078740158
0
LINE
8
BLACK
6
CONTINUOUS
10
0.3523702755905512
20
1.2398070078740158
11
0.3539064173228346
21
1.2398070078740158
0
LINE
8
BLACK
6
CONTINUOUS
10
0.3539064173228346
20
1.2398070078740158
11
0.3553256299212598
21
1.2392191338582677
0
LINE
8
BLACK
6
CONTINUOUS
10
0.3553256299212598
20
1.2392191338582677
11
0.3559222440944882
21
1.2387295275590551
0
LINE
8
BLACK
6
CONTINUOUS
10
0.3559222440944882
20
1.2387295275590551
11
0.3573452362204724
21
1.2373064566929133
0
LINE
8
BLACK
6
CONTINUOUS
10
0.3573452362204724
20
1.2373064566929133
11
0.3596920078740157
21
1.2361330708661418
0
LINE
8
BLACK
6
CONTINUOUS
10
0.3596920078740157
20
1.2361330708661418
11
0.3672070866141732
21
1.2361330708661418
0
LINE
8
BLACK
6
CONTINUOUS
10
0.3672070866141732
20
1.2361330708661418
11
0.369553779527559
21
1.2373064173228345
0
LINE
8
BLACK
6
CONTINUOUS
10
0.369553779527559
20
1.2373064173228345
11
0.3705250787401575
21
1.2382777165354331
0
LINE
8
BLACK
6
CONTINUOUS
10
0.3705250787401575
20
1.2382777165354331
11
0.3716985039370079
21
1.2406245669291338
0
LINE
8
BLACK
6
CONTINUOUS
10
0.3716985039370079
20
1.2406245669291338
11
0.3716985039370079
21
1.2481395669291337
0
LINE
8
BLACK
6
CONTINUOUS
10
0.3716985039370079
20
1.2481395669291337
11
0.3705250787401575
21
1.250486377952756
0
LINE
8
BLACK
6
CONTINUOUS
10
0.3705250787401575
20
1.250486377952756
11
0.3695538582677165
21
1.251457559055118
0
LINE
8
BLACK
6
CONTINUOUS
10
0.3695538582677165
20
1.251457559055118
11
0.3672070472440945
21
1.2526310236220473
0
LINE
8
BLACK
6
CONTINUOUS
10
0.3672070472440945
20
1.2526310236220473
11
0.3596920472440945
21
1.2526310236220473
0
LINE
8
BLACK
6
CONTINUOUS
10
0.3596920472440945
20
1.2526310236220473
11
0.3573451968503937
21
1.2514575984251968
0
LINE
8
BLACK
6
CONTINUOUS
10
0.3573451968503937
20
1.2514575984251968
11
0.3559222440944882
21
1.2500346062992125
0
LINE
8
BLACK
6
CONTINUOUS
10
0.3559222440944882
20
1.2500346062992125
11
0.3553256299212598
21
1.2495449999999999
0
LINE
8
BLACK
6
CONTINUOUS
10
0.3553256299212598
20
1.2495449999999999
11
0.3551424409448819
21
1.249469094488189
0
LINE
8
BLACK
6
CONTINUOUS
10
0.3551424409448819
20
1.249469094488189
11
0.3549890551181102
21
1.249343622047244
0
LINE
8
BLACK
6
CONTINUOUS
10
0.3549890551181102
20
1.249343622047244
11
0.3544382677165354
21
1.2491774409448819
0
LINE
8
BLACK
6
CONTINUOUS
10
0.3544382677165354
20
1.2491774409448819
11
0.3539064173228346
21
1.248957125984252
0
LINE
8
BLACK
6
CONTINUOUS
10
0.3539064173228346
20
1.248957125984252
11
0.3537081102362205
21
1.248957125984252
0
LINE
8
BLACK
6
CONTINUOUS
10
0.3537081102362205
20
1.248957125984252
11
0.3535183858267716
21
1.2488998818897636
0
LINE
8
BLACK
6
CONTINUOUS
10
0.3535183858267716
20
1.2488998818897636
11
0.352945905511811
21
1.248957125984252
0
LINE
8
BLACK
6
CONTINUOUS
10
0.352945905511811
20
1.248957125984252
11
0.3523702755905512
21
1.248957125984252
0
LINE
8
BLACK
6
CONTINUOUS
10
0.3523702755905512
20
1.248957125984252
11
0.3521870866141732
21
1.2490329921259842
0
LINE
8
BLACK
6
CONTINUOUS
10
0.3521870866141732
20
1.2490329921259842
11
0.3519898818897638
21
1.249052716535433
0
LINE
8
BLACK
6
CONTINUOUS
10
0.3519898818897638
20
1.249052716535433
11
0.3514827559055118
21
1.2493247244094488
0
LINE
8
BLACK
6
CONTINUOUS
10
0.3514827559055118
20
1.2493247244094488
11
0.350951062992126
21
1.2495449999999999
0
LINE
8
BLACK
6
CONTINUOUS
10
0.350951062992126
20
1.2495449999999999
11
0.3508108661417323
21
1.2496851574803149
0
LINE
8
BLACK
6
CONTINUOUS
10
0.3508108661417323
20
1.2496851574803149
11
0.3506361811023622
21
1.2497788976377953
0
LINE
8
BLACK
6
CONTINUOUS
10
0.3506361811023622
20
1.2497788976377953
11
0.3502717716535433
21
1.2502242519685038
0
LINE
8
BLACK
6
CONTINUOUS
10
0.3502717716535433
20
1.2502242519685038
11
0.349864842519685
21
1.250631220472441
0
LINE
8
BLACK
6
CONTINUOUS
10
0.349864842519685
20
1.250631220472441
11
0.349788937007874
21
1.2508143700787402
0
LINE
8
BLACK
6
CONTINUOUS
10
0.349788937007874
20
1.2508143700787402
11
0.3496634645669291
21
1.2509677952755904
0
LINE
8
BLACK
6
CONTINUOUS
10
0.3496634645669291
20
1.2509677952755904
11
0.3494972834645669
21
1.2515185433070866
0
LINE
8
BLACK
6
CONTINUOUS
10
0.3494972834645669
20
1.2515185433070866
11
0.349276968503937
21
1.2520504330708662
0
LINE
8
BLACK
6
CONTINUOUS
10
0.349276968503937
20
1.2520504330708662
11
0.349276968503937
21
1.2522487401574802
0
LINE
8
BLACK
6
CONTINUOUS
10
0.349276968503937
20
1.2522487401574802
11
0.3492197244094488
21
1.2524384645669291
0
LINE
8
BLACK
6
CONTINUOUS
10
0.3492197244094488
20
1.2524384645669291
11
0.3492208661417323
21
1.2532102362204725
0
LINE
8
BLACK
6
CONTINUOUS
10
0.3492208661417323
20
1.2532102362204725
11
0.3510956299212598
21
1.271957874015748
0
LINE
8
BLACK
6
CONTINUOUS
10
0.3510956299212598
20
1.271957874015748
11
0.3511517322834646
21
1.272237716535433
0
LINE
8
BLACK
6
CONTINUOUS
10
0.3511517322834646
20
1.272237716535433
11
0.3511517322834646
21
1.2723342125984252
0
LINE
8
BLACK
6
CONTINUOUS
10
0.3511517322834646
20
1.2723342125984252
11
0.3511891732283465
21
1.2724246456692914
0
LINE
8
BLACK
6
CONTINUOUS
10
0.3511891732283465
20
1.2724246456692914
11
0.3512473228346457
21
1.2727146062992125
0
LINE
8
BLACK
6
CONTINUOUS
10
0.3512473228346457
20
1.2727146062992125
11
0.3515193307086614
21
1.2732216929133857
0
LINE
8
BLACK
6
CONTINUOUS
10
0.3515193307086614
20
1.2732216929133857
11
0.3517396062992126
21
1.2737534251968503
0
LINE
8
BLACK
6
CONTINUOUS
10
0.3517396062992126
20
1.2737534251968503
11
0.3518797637795276
21
1.2738935826771653
0
LINE
8
BLACK
6
CONTINUOUS
10
0.3518797637795276
20
1.2738935826771653
11
0.3519735039370079
21
1.2740683070866141
0
LINE
8
BLACK
6
CONTINUOUS
10
0.3519735039370079
20
1.2740683070866141
11
0.3524188582677165
21
1.2744326771653542
0
LINE
8
BLACK
6
CONTINUOUS
10
0.3524188582677165
20
1.2744326771653542
11
0.3528258267716535
21
1.2748396456692912
0
LINE
8
BLACK
6
CONTINUOUS
10
0.3528258267716535
20
1.2748396456692912
11
0.3530089763779528
21
1.2749155118110236
0
LINE
8
BLACK
6
CONTINUOUS
10
0.3530089763779528
20
1.2749155118110236
11
0.3531624015748032
21
1.2750410236220473
0
LINE
8
BLACK
6
CONTINUOUS
10
0.3531624015748032
20
1.2750410236220473
11
0.3537131496062992
21
1.2752071653543307
0
LINE
8
BLACK
6
CONTINUOUS
10
0.3537131496062992
20
1.2752071653543307
11
0.3542450393700787
21
1.2754275196850393
0
LINE
8
BLACK
6
CONTINUOUS
10
0.3542450393700787
20
1.2754275196850393
11
0.3545394094488189
21
1.2754564960629922
0
LINE
8
BLACK
6
CONTINUOUS
10
0.3545394094488189
20
1.2754564960629922
11
0.3546330708661417
21
1.2754847637795275
0
LINE
8
BLACK
6
CONTINUOUS
10
0.3546330708661417
20
1.2754847637795275
11
0.3547289763779528
21
1.2754751574803149
0
LINE
8
BLACK
6
CONTINUOUS
10
0.3547289763779528
20
1.2754751574803149
11
0.3550131102362205
21
1.2755031496062992
0
LINE
8
BLACK
6
CONTINUOUS
10
0.3550131102362205
20
1.2755031496062992
11
0.3737607480314961
21
1.2755031496062992
0
LINE
8
BLACK
6
CONTINUOUS
10
0.3737607480314961
20
1.2755031496062992
11
0.3745288188976378
21
1.2754275196850393
0
LINE
8
BLACK
6
CONTINUOUS
10
0.4847501968503937
20
1.2754275196850393
11
0.48514
21
1.2754275196850393
0
LINE
8
BLACK
6
CONTINUOUS
10
0.48514
20
1.2754275196850393
11
0.4854962598425197
21
1.2752799212598425
0
LINE
8
BLACK
6
CONTINUOUS
10
0.4854962598425197
20
1.2752799212598425
11
0.4858747637795275
21
1.2752050787401574
0
LINE
8
BLACK
6
CONTINUOUS
10
0.4858747637795275
20
1.2752050787401574
11
0.4861992125984252
21
1.2749887401574802
0
LINE
8
BLACK
6
CONTINUOUS
10
0.4861992125984252
20
1.2749887401574802
11
0.4865592125984252
21
1.2748396456692912
0
LINE
8
BLACK
6
CONTINUOUS
10
0.4865592125984252
20
1.2748396456692912
11
0.4868318503937007
21
1.2745669685039369
0
LINE
8
BLACK
6
CONTINUOUS
10
0.4868318503937007
20
1.2745669685039369
11
0.4871529133858268
21
1.2743529527559054
0
LINE
8
BLACK
6
CONTINUOUS
10
0.4871529133858268
20
1.2743529527559054
11
0.487369842519685
21
1.2740289763779526
0
LINE
8
BLACK
6
CONTINUOUS
10
0.487369842519685
20
1.2740289763779526
11
0.4876454330708661
21
1.2737534251968503
0
LINE
8
BLACK
6
CONTINUOUS
10
0.4876454330708661
20
1.2737534251968503
11
0.487793031496063
21
1.2733970472440945
0
LINE
8
BLACK
6
CONTINUOUS
10
0.487793031496063
20
1.2733970472440945
11
0.4880076771653543
21
1.2730765748031496
0
LINE
8
BLACK
6
CONTINUOUS
10
0.4880076771653543
20
1.2730765748031496
11
0.488084094488189
21
1.2726943700787401
0
LINE
8
BLACK
6
CONTINUOUS
10
0.488084094488189
20
1.2726943700787401
11
0.4882333070866142
21
1.2723342125984252
0
LINE
8
BLACK
6
CONTINUOUS
10
0.4882333070866142
20
1.2723342125984252
11
0.4883081102362204
21
1.2715742519685038
0
LINE
8
BLACK
6
CONTINUOUS
10
0.4883081102362204
20
1.2715742519685038
11
0.488308937007874
21
1.2715702755905511
0
LINE
8
BLACK
6
CONTINUOUS
10
0.488308937007874
20
1.2715702755905511
11
0.4883086614173228
21
1.2715688976377952
0
LINE
8
BLACK
6
CONTINUOUS
10
0.4883086614173228
20
1.2715688976377952
11
0.488308937007874
21
1.2715661417322834
0
LINE
8
BLACK
6
CONTINUOUS
10
0.488308937007874
20
1.2715661417322834
11
0.488308937007874
21
1.2361330708661418
0
LINE
8
BLACK
6
CONTINUOUS
10
0.488308937007874
20
1.2361330708661418
11
0.4956205118110236
21
1.2361330708661418
0
LINE
8
BLACK
6
CONTINUOUS
10
0.4956205118110236
20
1.2361330708661418
11
0.4963885826771653
21
1.2360574409448819
0
LINE
8
BLACK
6
CONTINUOUS
10
0.4963885826771653
20
1.2360574409448819
11
0.4978077952755905
21
1.2354695669291338
0
LINE
8
BLACK
6
CONTINUOUS
10
0.4978077952755905
20
1.2354695669291338
11
0.4988940157480315
21
1.2343833464566929
0
LINE
8
BLACK
6
CONTINUOUS
10
0.4988940157480315
20
1.2343833464566929
11
0.4994818897637795
21
1.2329641338582678
0
LINE
8
BLACK
6
CONTINUOUS
10
0.4994818897637795
20
1.2329641338582678
11
0.4994818897637795
21
1.2314279921259843
0
LINE
8
BLACK
6
CONTINUOUS
10
0.4994818897637795
20
1.2314279921259843
11
0.4988940157480315
21
1.2300087795275589
0
LINE
8
BLACK
6
CONTINUOUS
10
0.4988940157480315
20
1.2300087795275589
11
0.4978077952755905
21
1.228922559055118
0
LINE
8
BLACK
6
CONTINUOUS
10
0.4978077952755905
20
1.228922559055118
11
0.4963885826771653
21
1.2283346850393702
0
LINE
8
BLACK
6
CONTINUOUS
10
0.4963885826771653
20
1.2283346850393702
11
0.4956205118110236
21
1.2282590551181103
0
LINE
8
BLACK
6
CONTINUOUS
10
0.4956205118110236
20
1.2282590551181103
11
0.4731233464566929
21
1.2282590551181103
0
LINE
8
BLACK
6
CONTINUOUS
10
0.4731233464566929
20
1.2282590551181103
11
0.4723552755905512
21
1.2283346850393702
0
LINE
8
BLACK
6
CONTINUOUS
10
0.4723552755905512
20
1.2283346850393702
11
0.470936062992126
21
1.228922559055118
0
LINE
8
BLACK
6
CONTINUOUS
10
0.470936062992126
20
1.228922559055118
11
0.469849842519685
21
1.2300087795275589
0
LINE
8
BLACK
6
CONTINUOUS
10
0.469849842519685
20
1.2300087795275589
11
0.469261968503937
21
1.2314279921259843
0
LINE
8
BLACK
6
CONTINUOUS
10
0.469261968503937
20
1.2314279921259843
11
0.469261968503937
21
1.2329641338582678
0
LINE
8
BLACK
6
CONTINUOUS
10
0.469261968503937
20
1.2329641338582678
11
0.469849842519685
21
1.2343833464566929
0
LINE
8
BLACK
6
CONTINUOUS
10
0.469849842519685
20
1.2343833464566929
11
0.470936062992126
21
1.2354695669291338
0
LINE
8
BLACK
6
CONTINUOUS
10
0.470936062992126
20
1.2354695669291338
11
0.4723552755905512
21
1.2360574409448819
0
LINE
8
BLACK
6
CONTINUOUS
10
0.4723552755905512
20
1.2360574409448819
11
0.4731233464566929
21
1.2361330708661418
0
LINE
8
BLACK
6
CONTINUOUS
10
0.4731233464566929
20
1.2361330708661418
11
0.4804349212598425
21
1.2361330708661418
0
LINE
8
BLACK
6
CONTINUOUS
10
0.4804349212598425
20
1.2361330708661418
11
0.4804349212598425
21
1.2601865748031496
0
LINE
8
BLACK
6
CONTINUOUS
10
0.4804349212598425
20
1.2601865748031496
11
0.4796567716535433
21
1.2594084251968503
0
LINE
8
BLACK
6
CONTINUOUS
10
0.4796567716535433
20
1.2594084251968503
11
0.4793547637795276
21
1.2591605905511811
0
LINE
8
BLACK
6
CONTINUOUS
10
0.4793547637795276
20
1.2591605905511811
11
0.4792866929133858
21
1.2590820866141732
0
LINE
8
BLACK
6
CONTINUOUS
10
0.4792866929133858
20
1.2590820866141732
11
0.4791682677165354
21
1.2590075196850394
0
LINE
8
BLACK
6
CONTINUOUS
10
0.4791682677165354
20
1.2590075196850394
11
0.4790601574803149
21
1.2589188188976377
0
LINE
8
BLACK
6
CONTINUOUS
10
0.4790601574803149
20
1.2589188188976377
11
0.4789640944881889
21
1.2588790157480314
0
LINE
8
BLACK
6
CONTINUOUS
10
0.4789640944881889
20
1.2588790157480314
11
0.4786335433070866
21
1.2586709448818898
0
LINE
8
BLACK
6
CONTINUOUS
10
0.4786335433070866
20
1.2586709448818898
11
0.4748840157480315
21
1.2567961811023622
0
LINE
8
BLACK
6
CONTINUOUS
10
0.4748840157480315
20
1.2567961811023622
11
0.4741632283464567
21
1.2565203543307086
0
LINE
8
BLACK
6
CONTINUOUS
10
0.4741632283464567
20
1.2565203543307086
11
0.4726309448818898
21
1.2564114566929134
0
LINE
8
BLACK
6
CONTINUOUS
10
0.4726309448818898
20
1.2564114566929134
11
0.4711736220472441
21
1.2568972440944881
0
LINE
8
BLACK
6
CONTINUOUS
10
0.4711736220472441
20
1.2568972440944881
11
0.4700131102362204
21
1.2579037007874014
0
LINE
8
BLACK
6
CONTINUOUS
10
0.4700131102362204
20
1.2579037007874014
11
0.4693261417322834
21
1.2592776771653542
0
LINE
8
BLACK
6
CONTINUOUS
10
0.4693261417322834
20
1.2592776771653542
11
0.4692172440944882
21
1.2608099606299212
0
LINE
8
BLACK
6
CONTINUOUS
10
0.4692172440944882
20
1.2608099606299212
11
0.469703031496063
21
1.262267283464567
0
LINE
8
BLACK
6
CONTINUOUS
10
0.469703031496063
20
1.262267283464567
11
0.4707094881889763
21
1.2634277952755906
0
LINE
8
BLACK
6
CONTINUOUS
10
0.4707094881889763
20
1.2634277952755906
11
0.4713626771653543
21
1.263838937007874
0
LINE
8
BLACK
6
CONTINUOUS
10
0.4713626771653543
20
1.263838937007874
11
0.4745407086614173
21
1.2654279527559056
0
LINE
8
BLACK
6
CONTINUOUS
10
0.4745407086614173
20
1.2654279527559056
11
0.4775629133858267
21
1.2684501574803149
0
LINE
8
BLACK
6
CONTINUOUS
10
0.4775629133858267
20
1.2684501574803149
11
0.4810961417322834
21
1.2737499999999999
0
LINE
8
BLACK
6
CONTINUOUS
10
0.4810961417322834
20
1.2737499999999999
11
0.481097874015748
21
1.2737521259842519
0
LINE
8
BLACK
6
CONTINUOUS
10
0.481097874015748
20
1.2737521259842519
11
0.4810984251968504
21
1.2737534251968503
0
LINE
8
BLACK
6
CONTINUOUS
10
0.4810984251968504
20
1.2737534251968503
11
0.4811012992125984
21
1.2737562992125984
0
LINE
8
BLACK
6
CONTINUOUS
10
0.4811012992125984
20
1.2737562992125984
11
0.4815851181102362
21
1.274347125984252
0
LINE
8
BLACK
6
CONTINUOUS
10
0.4815851181102362
20
1.274347125984252
11
0.4819090551181102
21
1.2745640551181101
0
LINE
8
BLACK
6
CONTINUOUS
10
0.4819090551181102
20
1.2745640551181101
11
0.4821846456692913
21
1.2748396456692912
0
LINE
8
BLACK
6
CONTINUOUS
10
0.4821846456692913
20
1.2748396456692912
11
0.4825409842519685
21
1.2749872440944883
0
LINE
8
BLACK
6
CONTINUOUS
10
0.4825409842519685
20
1.2749872440944883
11
0.4828614960629921
21
1.2752018897637796
0
LINE
8
BLACK
6
CONTINUOUS
10
0.4828614960629921
20
1.2752018897637796
11
0.4832436614173228
21
1.275278307086614
0
LINE
8
BLACK
6
CONTINUOUS
10
0.4832436614173228
20
1.275278307086614
11
0.4836038582677165
21
1.2754275196850393
0
LINE
8
BLACK
6
CONTINUOUS
10
0.4836038582677165
20
1.2754275196850393
11
0.4839896850393701
21
1.2754275196850393
0
LINE
8
BLACK
6
CONTINUOUS
10
0.4839896850393701
20
1.2754275196850393
11
0.4843678346456693
21
1.2755031496062992
0
LINE
8
BLACK
6
CONTINUOUS
10
0.4843678346456693
20
1.2755031496062992
11
0.4847501968503937
21
1.2754275196850393
0
LINE
8
BLACK
6
CONTINUOUS
10
0.5301343700787401
20
1.2754275196850393
11
0.5315535826771653
21
1.2748396456692912
0
LINE
8
BLACK
6
CONTINUOUS
10
0.5315535826771653
20
1.2748396456692912
11
0.5326398031496062
21
1.2737534251968503
0
LINE
8
BLACK
6
CONTINUOUS
10
0.5326398031496062
20
1.2737534251968503
11
0.5332276771653544
21
1.2723342125984252
0
LINE
8
BLACK
6
CONTINUOUS
10
0.5332276771653544
20
1.2723342125984252
11
0.5332276771653544
21
1.2707980708661417
0
LINE
8
BLACK
6
CONTINUOUS
10
0.5332276771653544
20
1.2707980708661417
11
0.5326398031496062
21
1.2693788582677166
0
LINE
8
BLACK
6
CONTINUOUS
10
0.5326398031496062
20
1.2693788582677166
11
0.5315535826771653
21
1.2682926377952755
0
LINE
8
BLACK
6
CONTINUOUS
10
0.5315535826771653
20
1.2682926377952755
11
0.5301343700787401
21
1.2677047637795276
0
LINE
8
BLACK
6
CONTINUOUS
10
0.5301343700787401
20
1.2677047637795276
11
0.5293662992125984
21
1.2676291338582677
0
LINE
8
BLACK
6
CONTINUOUS
10
0.5293662992125984
20
1.2676291338582677
11
0.5227966535433071
21
1.2676291338582677
0
LINE
8
BLACK
6
CONTINUOUS
10
0.5227966535433071
20
1.2676291338582677
11
0.5204498031496063
21
1.2664557086614172
0
LINE
8
BLACK
6
CONTINUOUS
10
0.5204498031496063
20
1.2664557086614172
11
0.5193024409448819
21
1.2653083070866142
0
LINE
8
BLACK
6
CONTINUOUS
10
0.5193024409448819
20
1.2653083070866142
11
0.5161474803149606
21
1.2605758661417323
0
LINE
8
BLACK
6
CONTINUOUS
10
0.5161474803149606
20
1.2605758661417323
11
0.5159785433070866
21
1.259900157480315
0
LINE
8
BLACK
6
CONTINUOUS
10
0.5159785433070866
20
1.259900157480315
11
0.5163570078740157
21
1.2600894094488189
0
LINE
8
BLACK
6
CONTINUOUS
10
0.5163570078740157
20
1.2600894094488189
11
0.5170778346456693
21
1.2603652362204725
0
LINE
8
BLACK
6
CONTINUOUS
10
0.5170778346456693
20
1.2603652362204725
11
0.5172188976377953
21
1.2603752362204723
0
LINE
8
BLACK
6
CONTINUOUS
10
0.5172188976377953
20
1.2603752362204723
11
0.5173496456692913
21
1.2604294094488189
0
LINE
8
BLACK
6
CONTINUOUS
10
0.5173496456692913
20
1.2604294094488189
11
0.518117716535433
21
1.2605050393700787
0
LINE
8
BLACK
6
CONTINUOUS
10
0.518117716535433
20
1.2605050393700787
11
0.5256167716535433
21
1.2605050393700787
0
LINE
8
BLACK
6
CONTINUOUS
10
0.5256167716535433
20
1.2605050393700787
11
0.526384842519685
21
1.2604294094488189
0
LINE
8
BLACK
6
CONTINUOUS
10
0.526384842519685
20
1.2604294094488189
11
0.5265155511811024
21
1.2603752362204723
0
LINE
8
BLACK
6
CONTINUOUS
10
0.5265155511811024
20
1.2603752362204723
11
0.526656653543307
21
1.2603652362204725
0
LINE
8
BLACK
6
CONTINUOUS
10
0.526656653543307
20
1.2603652362204725
11
0.5273774409448819
21
1.2600894094488189
0
LINE
8
BLACK
6
CONTINUOUS
10
0.5273774409448819
20
1.2600894094488189
11
0.531126968503937
21
1.2582146456692913
0
LINE
8
BLACK
6
CONTINUOUS
10
0.531126968503937
20
1.2582146456692913
11
0.5314575196850394
21
1.2580065354330707
0
LINE
8
BLACK
6
CONTINUOUS
10
0.5314575196850394
20
1.2580065354330707
11
0.5315535826771653
21
1.2579667716535432
0
LINE
8
BLACK
6
CONTINUOUS
10
0.5315535826771653
20
1.2579667716535432
11
0.5316616929133858
21
1.2578780314960629
0
LINE
8
BLACK
6
CONTINUOUS
10
0.5316616929133858
20
1.2578780314960629
11
0.5317801181102362
21
1.2578035039370079
0
LINE
8
BLACK
6
CONTINUOUS
10
0.5317801181102362
20
1.2578035039370079
11
0.531848188976378
21
1.2577249606299212
0
LINE
8
BLACK
6
CONTINUOUS
10
0.531848188976378
20
1.2577249606299212
11
0.5321501968503937
21
1.2574771653543306
0
LINE
8
BLACK
6
CONTINUOUS
10
0.5321501968503937
20
1.2574771653543306
11
0.5340249212598425
21
1.2556024015748031
0
LINE
8
BLACK
6
CONTINUOUS
10
0.5340249212598425
20
1.2556024015748031
11
0.5342726377952756
21
1.2553005511811024
0
LINE
8
BLACK
6
CONTINUOUS
10
0.5342726377952756
20
1.2553005511811024
11
0.5343512992125984
21
1.2552323622047243
0
LINE
8
BLACK
6
CONTINUOUS
10
0.5343512992125984
20
1.2552323622047243
11
0.5344258267716535
21
1.2551138976377954
0
LINE
8
BLACK
6
CONTINUOUS
10
0.5344258267716535
20
1.2551138976377954
11
0.5345145669291338
21
1.2550058267716535
0
LINE
8
BLACK
6
CONTINUOUS
10
0.5345145669291338
20
1.2550058267716535
11
0.5345543307086614
21
1.2549097244094487
0
LINE
8
BLACK
6
CONTINUOUS
10
0.5345543307086614
20
1.2549097244094487
11
0.5347624409448819
21
1.2545791732283464
0
LINE
8
BLACK
6
CONTINUOUS
10
0.5347624409448819
20
1.2545791732283464
11
0.5366372047244095
21
1.2508296850393701
0
LINE
8
BLACK
6
CONTINUOUS
10
0.5366372047244095
20
1.2508296850393701
11
0.536913031496063
21
1.2501088582677164
0
LINE
8
BLACK
6
CONTINUOUS
10
0.536913031496063
20
1.2501088582677164
11
0.536923031496063
21
1.2499677559055118
0
LINE
8
BLACK
6
CONTINUOUS
10
0.536923031496063
20
1.2499677559055118
11
0.5369772047244095
21
1.2498370472440945
0
LINE
8
BLACK
6
CONTINUOUS
10
0.5369772047244095
20
1.2498370472440945
11
0.5370528346456693
21
1.2490689763779528
0
LINE
8
BLACK
6
CONTINUOUS
10
0.5370528346456693
20
1.2490689763779528
11
0.5370528346456693
21
1.239695157480315
0
LINE
8
BLACK
6
CONTINUOUS
10
0.5370528346456693
20
1.239695157480315
11
0.5369772047244095
21
1.2389270866141733
0
LINE
8
BLACK
6
CONTINUOUS
10
0.5369772047244095
20
1.2389270866141733
11
0.536923031496063
21
1.2387963385826772
0
LINE
8
BLACK
6
CONTINUOUS
10
0.536923031496063
20
1.2387963385826772
11
0.536913031496063
21
1.2386552755905511
0
LINE
8
BLACK
6
CONTINUOUS
10
0.536913031496063
20
1.2386552755905511
11
0.5366372047244095
21
1.2379344488188977
0
LINE
8
BLACK
6
CONTINUOUS
10
0.5366372047244095
20
1.2379344488188977
11
0.5347624409448819
21
1.2341849606299213
0
LINE
8
BLACK
6
CONTINUOUS
10
0.5347624409448819
20
1.2341849606299213
11
0.5345543307086614
21
1.2338543700787401
0
LINE
8
BLACK
6
CONTINUOUS
10
0.5345543307086614
20
1.2338543700787401
11
0.5345145669291338
21
1.233758307086614
0
LINE
8
BLACK
6
CONTINUOUS
10
0.5345145669291338
20
1.233758307086614
11
0.5344258267716535
21
1.2336501968503937
0
LINE
8
BLACK
6
CONTINUOUS
10
0.5344258267716535
20
1.2336501968503937
11
0.5343512992125984
21
1.2335317716535432
0
LINE
8
BLACK
6
CONTINUOUS
10
0.5343512992125984
20
1.2335317716535432
11
0.5342726377952756
21
1.2334635433070866
0
LINE
8
BLACK
6
CONTINUOUS
10
0.5342726377952756
20
1.2334635433070866
11
0.5340249212598425
21
1.2331617322834645
0
LINE
8
BLACK
6
CONTINUOUS
10
0.5340249212598425
20
1.2331617322834645
11
0.5321501968503937
21
1.2312869685039369
0
LINE
8
BLACK
6
CONTINUOUS
10
0.5321501968503937
20
1.2312869685039369
11
0.5318483464566929
21
1.2310392519685038
0
LINE
8
BLACK
6
CONTINUOUS
10
0.5318483464566929
20
1.2310392519685038
11
0.5317801968503937
21
1.2309606692913386
0
LINE
8
BLACK
6
CONTINUOUS
10
0.5317801968503937
20
1.2309606692913386
11
0.5316616535433071
21
1.2308860629921259
0
LINE
8
BLACK
6
CONTINUOUS
10
0.5316616535433071
20
1.2308860629921259
11
0.5315535826771653
21
1.2307973622047244
0
LINE
8
BLACK
6
CONTINUOUS
10
0.5315535826771653
20
1.2307973622047244
11
0.5314575196850394
21
1.2307575590551181
0
LINE
8
BLACK
6
CONTINUOUS
10
0.5314575196850394
20
1.2307575590551181
11
0.5311270078740158
21
1.230549527559055
0
LINE
8
BLACK
6
CONTINUOUS
10
0.5311270078740158
20
1.230549527559055
11
0.5273774803149606
21
1.2286747244094487
0
LINE
8
BLACK
6
CONTINUOUS
10
0.5273774803149606
20
1.2286747244094487
11
0.5266566929133858
21
1.2283988582677166
0
LINE
8
BLACK
6
CONTINUOUS
10
0.5266566929133858
20
1.2283988582677166
11
0.5265155118110236
21
1.2283888188976377
0
LINE
8
BLACK
6
CONTINUOUS
10
0.5265155118110236
20
1.2283888188976377
11
0.526384842519685
21
1.2283346850393702
0
LINE
8
BLACK
6
CONTINUOUS
10
0.526384842519685
20
1.2283346850393702
11
0.5256167716535433
21
1.2282590551181103
0
LINE
8
BLACK
6
CONTINUOUS
10
0.5256167716535433
20
1.2282590551181103
11
0.518117716535433
21
1.2282590551181103
0
LINE
8
BLACK
6
CONTINUOUS
10
0.518117716535433
20
1.2282590551181103
11
0.5173496456692913
21
1.2283346850393702
0
LINE
8
BLACK
6
CONTINUOUS
10
0.5173496456692913
20
1.2283346850393702
11
0.5172188976377953
21
1.2283888188976377
0
LINE
8
BLACK
6
CONTINUOUS
10
0.5172188976377953
20
1.2283888188976377
11
0.5170778346456693
21
1.2283988582677166
0
LINE
8
BLACK
6
CONTINUOUS
10
0.5170778346456693
20
1.2283988582677166
11
0.5163570078740157
21
1.2286747244094487
0
LINE
8
BLACK
6
CONTINUOUS
10
0.5163570078740157
20
1.2286747244094487
11
0.5126074803149606
21
1.230549527559055
0
LINE
8
BLACK
6
CONTINUOUS
10
0.5126074803149606
20
1.230549527559055
11
0.5122770472440945
21
1.2307575196850393
0
LINE
8
BLACK
6
CONTINUOUS
10
0.5122770472440945
20
1.2307575196850393
11
0.5121808661417323
21
1.2307973622047244
0
LINE
8
BLACK
6
CONTINUOUS
10
0.5121808661417323
20
1.2307973622047244
11
0.5120725984251968
21
1.2308861811023621
0
LINE
8
BLACK
6
CONTINUOUS
10
0.5120725984251968
20
1.2308861811023621
11
0.5119543307086614
21
1.2309606692913386
0
LINE
8
BLACK
6
CONTINUOUS
10
0.5119543307086614
20
1.2309606692913386
11
0.5118862204724409
21
1.2310391732283463
0
LINE
8
BLACK
6
CONTINUOUS
10
0.5118862204724409
20
1.2310391732283463
11
0.5115842913385826
21
1.2312870078740157
0
LINE
8
BLACK
6
CONTINUOUS
10
0.5115842913385826
20
1.2312870078740157
11
0.5097095275590551
21
1.2331617322834645
0
LINE
8
BLACK
6
CONTINUOUS
10
0.5097095275590551
20
1.2331617322834645
11
0.5094616929133858
21
1.2334637007874016
0
LINE
8
BLACK
6
CONTINUOUS
10
0.5094616929133858
20
1.2334637007874016
11
0.5093831889763779
21
1.233531811023622
0
LINE
8
BLACK
6
CONTINUOUS
10
0.5093831889763779
20
1.233531811023622
11
0.509308622047244
21
1.2336501968503937
0
LINE
8
BLACK
6
CONTINUOUS
10
0.509308622047244
20
1.2336501968503937
11
0.5092199212598425
21
1.2337583464566928
0
LINE
8
BLACK
6
CONTINUOUS
10
0.5092199212598425
20
1.2337583464566928
11
0.5091801181102362
21
1.2338543700787401
0
LINE
8
BLACK
6
CONTINUOUS
10
0.5091801181102362
20
1.2338543700787401
11
0.5089720472440945
21
1.2341849606299213
0
LINE
8
BLACK
6
CONTINUOUS
10
0.5089720472440945
20
1.2341849606299213
11
0.507097283464567
21
1.2379344881889764
0
LINE
8
BLACK
6
CONTINUOUS
10
0.507097283464567
20
1.2379344881889764
11
0.5068214566929133
21
1.2386552755905511
0
LINE
8
BLACK
6
CONTINUOUS
10
0.5068214566929133
20
1.2386552755905511
11
0.5068114173228346
21
1.2387963385826772
0
LINE
8
BLACK
6
CONTINUOUS
10
0.5068114173228346
20
1.2387963385826772
11
0.5067572834645669
21
1.2389270866141733
0
LINE
8
BLACK
6
CONTINUOUS
10
0.5067572834645669
20
1.2389270866141733
11
0.5066816535433071
21
1.239695157480315
0
LINE
8
BLACK
6
CONTINUOUS
10
0.5066816535433071
20
1.239695157480315
11
0.5066816535433071
21
1.2546932677165354
0
LINE
8
BLACK
6
CONTINUOUS
10
0.5066816535433071
20
1.2546932677165354
11
0.506694842519685
21
1.2548272047244093
0
LINE
8
BLACK
6
CONTINUOUS
10
0.506694842519685
20
1.2548272047244093
11
0.5066862992125984
21
1.2548846456692913
0
LINE
8
BLACK
6
CONTINUOUS
10
0.5066862992125984
20
1.2548846456692913
11
0.506728779527559
21
1.2551719291338583
0
LINE
8
BLACK
6
CONTINUOUS
10
0.506728779527559
20
1.2551719291338583
11
0.5067572834645669
21
1.2554613385826772
0
LINE
8
BLACK
6
CONTINUOUS
10
0.5067572834645669
20
1.2554613385826772
11
0.5067794881889763
21
1.2555149999999999
0
LINE
8
BLACK
6
CONTINUOUS
10
0.5067794881889763
20
1.2555149999999999
11
0.5067992125984252
21
1.2556481496062992
0
LINE
8
BLACK
6
CONTINUOUS
10
0.5067992125984252
20
1.2556481496062992
11
0.5086739763779528
21
1.2631471653543307
0
LINE
8
BLACK
6
CONTINUOUS
10
0.5086739763779528
20
1.2631471653543307
11
0.5088356299212599
21
1.2635997244094488
0
LINE
8
BLACK
6
CONTINUOUS
10
0.5088356299212599
20
1.2635997244094488
11
0.5088545275590551
21
1.263695157480315
0
LINE
8
BLACK
6
CONTINUOUS
10
0.5088545275590551
20
1.263695157480315
11
0.5089006299212598
21
1.2637816141732283
0
LINE
8
BLACK
6
CONTINUOUS
10
0.5089006299212598
20
1.2637816141732283
11
0.5089336220472441
21
1.2638739763779527
0
LINE
8
BLACK
6
CONTINUOUS
10
0.5089336220472441
20
1.2638739763779527
11
0.5089915354330709
21
1.2639521653543306
0
LINE
8
BLACK
6
CONTINUOUS
10
0.5089915354330709
20
1.2639521653543306
11
0.5092176377952756
21
1.2643761811023622
0
LINE
8
BLACK
6
CONTINUOUS
10
0.5092176377952756
20
1.2643761811023622
11
0.5129671653543307
21
1.2700004724409448
0
LINE
8
BLACK
6
CONTINUOUS
10
0.5129671653543307
20
1.2700004724409448
11
0.5129688976377953
21
1.2700025984251968
0
LINE
8
BLACK
6
CONTINUOUS
10
0.5129688976377953
20
1.2700025984251968
11
0.5129694488188976
21
1.2700038976377952
0
LINE
8
BLACK
6
CONTINUOUS
10
0.5129694488188976
20
1.2700038976377952
11
0.5132127559055119
21
1.2703003937007873
0
LINE
8
BLACK
6
CONTINUOUS
10
0.5132127559055119
20
1.2703003937007873
11
0.5134561417322835
21
1.2705975984251969
0
LINE
8
BLACK
6
CONTINUOUS
10
0.5134561417322835
20
1.2705975984251969
11
0.5134572834645669
21
1.2705983464566928
0
LINE
8
BLACK
6
CONTINUOUS
10
0.5134572834645669
20
1.2705983464566928
11
0.5134590551181102
21
1.2706005118110235
0
LINE
8
BLACK
6
CONTINUOUS
10
0.5134590551181102
20
1.2706005118110235
11
0.5153338188976377
21
1.2724752362204723
0
LINE
8
BLACK
6
CONTINUOUS
10
0.5153338188976377
20
1.2724752362204723
11
0.5156356299212599
21
1.2727229527559054
0
LINE
8
BLACK
6
CONTINUOUS
10
0.5156356299212599
20
1.2727229527559054
11
0.5157038582677165
21
1.2728016141732283
0
LINE
8
BLACK
6
CONTINUOUS
10
0.5157038582677165
20
1.2728016141732283
11
0.5158222834645669
21
1.2728761417322834
0
LINE
8
BLACK
6
CONTINUOUS
10
0.5158222834645669
20
1.2728761417322834
11
0.5159303937007874
21
1.2729648818897636
0
LINE
8
BLACK
6
CONTINUOUS
10
0.5159303937007874
20
1.2729648818897636
11
0.5160264566929134
21
1.2730046456692914
0
LINE
8
BLACK
6
CONTINUOUS
10
0.5160264566929134
20
1.2730046456692914
11
0.5163570472440945
21
1.2732127559055118
0
LINE
8
BLACK
6
CONTINUOUS
10
0.5163570472440945
20
1.2732127559055118
11
0.5201065354330708
21
1.2750875196850393
0
LINE
8
BLACK
6
CONTINUOUS
10
0.5201065354330708
20
1.2750875196850393
11
0.5208273622047244
21
1.2753633464566929
0
LINE
8
BLACK
6
CONTINUOUS
10
0.5208273622047244
20
1.2753633464566929
11
0.5209684251968504
21
1.275373346456693
0
LINE
8
BLACK
6
CONTINUOUS
10
0.5209684251968504
20
1.275373346456693
11
0.5210991732283464
21
1.2754275196850393
0
LINE
8
BLACK
6
CONTINUOUS
10
0.5210991732283464
20
1.2754275196850393
11
0.5218672440944881
21
1.2755031496062992
0
LINE
8
BLACK
6
CONTINUOUS
10
0.5218672440944881
20
1.2755031496062992
11
0.5293662992125984
21
1.2755031496062992
0
LINE
8
BLACK
6
CONTINUOUS
10
0.5293662992125984
20
1.2755031496062992
11
0.5301343700787401
21
1.2754275196850393
0
LINE
8
BLACK
6
CONTINUOUS
10
0.5167002755905512
20
1.2514575984251968
11
0.5157290944881889
21
1.250486377952756
0
LINE
8
BLACK
6
CONTINUOUS
10
0.5157290944881889
20
1.250486377952756
11
0.5145556692913386
21
1.248139527559055
0
LINE
8
BLACK
6
CONTINUOUS
10
0.5145556692913386
20
1.248139527559055
11
0.5145556692913386
21
1.2406245669291338
0
LINE
8
BLACK
6
CONTINUOUS
10
0.5145556692913386
20
1.2406245669291338
11
0.5157290944881889
21
1.2382777165354331
0
LINE
8
BLACK
6
CONTINUOUS
10
0.5157290944881889
20
1.2382777165354331
11
0.51670031496063
21
1.2373064566929133
0
LINE
8
BLACK
6
CONTINUOUS
10
0.51670031496063
20
1.2373064566929133
11
0.5190470866141732
21
1.2361330708661418
0
LINE
8
BLACK
6
CONTINUOUS
10
0.5190470866141732
20
1.2361330708661418
11
0.5246874015748031
21
1.2361330708661418
0
LINE
8
BLACK
6
CONTINUOUS
10
0.5246874015748031
20
1.2361330708661418
11
0.5270340944881889
21
1.2373064173228345
0
LINE
8
BLACK
6
CONTINUOUS
10
0.5270340944881889
20
1.2373064173228345
11
0.5280053937007874
21
1.2382777165354331
0
LINE
8
BLACK
6
CONTINUOUS
10
0.5280053937007874
20
1.2382777165354331
11
0.5291788188976377
21
1.2406245669291338
0
LINE
8
BLACK
6
CONTINUOUS
10
0.5291788188976377
20
1.2406245669291338
11
0.5291788188976377
21
1.2481395669291337
0
LINE
8
BLACK
6
CONTINUOUS
10
0.5291788188976377
20
1.2481395669291337
11
0.5280053937007874
21
1.250486377952756
0
LINE
8
BLACK
6
CONTINUOUS
10
0.5280053937007874
20
1.250486377952756
11
0.5270341732283464
21
1.251457559055118
0
LINE
8
BLACK
6
CONTINUOUS
10
0.5270341732283464
20
1.251457559055118
11
0.5246873622047245
21
1.2526310236220473
0
LINE
8
BLACK
6
CONTINUOUS
10
0.5246873622047245
20
1.2526310236220473
11
0.519047125984252
21
1.2526310236220473
0
LINE
8
BLACK
6
CONTINUOUS
10
0.519047125984252
20
1.2526310236220473
11
0.5167002755905512
21
1.2514575984251968
0
LINE
8
BLACK
6
CONTINUOUS
10
0.4150805511811024
20
1.2749864566929134
11
0.4162410236220472
21
1.2739799606299211
0
LINE
8
BLACK
6
CONTINUOUS
10
0.4162410236220472
20
1.2739799606299211
11
0.416928031496063
21
1.2726059842519686
0
LINE
8
BLACK
6
CONTINUOUS
10
0.416928031496063
20
1.2726059842519686
11
0.4170369291338583
21
1.2710737007874016
0
LINE
8
BLACK
6
CONTINUOUS
10
0.4170369291338583
20
1.2710737007874016
11
0.4168657874015748
21
1.2703211417322835
0
LINE
8
BLACK
6
CONTINUOUS
10
0.4168657874015748
20
1.2703211417322835
11
0.4037424409448819
21
1.2309510629921259
0
LINE
8
BLACK
6
CONTINUOUS
10
0.4037424409448819
20
1.2309510629921259
11
0.4034278346456693
21
1.2302463385826772
0
LINE
8
BLACK
6
CONTINUOUS
10
0.4034278346456693
20
1.2302463385826772
11
0.4032433858267717
21
1.2300336614173228
0
LINE
8
BLACK
6
CONTINUOUS
10
0.4032433858267717
20
1.2300336614173228
11
0.4031176771653543
21
1.2297822440944881
0
LINE
8
BLACK
6
CONTINUOUS
10
0.4031176771653543
20
1.2297822440944881
11
0.4027448818897638
21
1.2294588976377951
0
LINE
8
BLACK
6
CONTINUOUS
10
0.4027448818897638
20
1.2294588976377951
11
0.4024213385826771
21
1.2290858661417323
0
LINE
8
BLACK
6
CONTINUOUS
10
0.4024213385826771
20
1.2290858661417323
11
0.4021696850393701
21
1.2289600000000001
0
LINE
8
BLACK
6
CONTINUOUS
10
0.4021696850393701
20
1.2289600000000001
11
0.4019572047244094
21
1.228775748031496
0
LINE
8
BLACK
6
CONTINUOUS
10
0.4019572047244094
20
1.228775748031496
11
0.401488937007874
21
1.2286196456692913
0
LINE
8
BLACK
6
CONTINUOUS
10
0.401488937007874
20
1.2286196456692913
11
0.4010473622047244
21
1.2283988582677166
0
LINE
8
BLACK
6
CONTINUOUS
10
0.4010473622047244
20
1.2283988582677166
11
0.4007667322834645
21
1.2283788976377952
0
LINE
8
BLACK
6
CONTINUOUS
10
0.4007667322834645
20
1.2283788976377952
11
0.4004998818897638
21
1.2282899606299211
0
LINE
8
BLACK
6
CONTINUOUS
10
0.4004998818897638
20
1.2282899606299211
11
0.4000075590551181
21
1.2283249606299211
0
LINE
8
BLACK
6
CONTINUOUS
10
0.4000075590551181
20
1.2283249606299211
11
0.3995150787401575
21
1.2282899606299211
0
LINE
8
BLACK
6
CONTINUOUS
10
0.3995150787401575
20
1.2282899606299211
11
0.3992480708661417
21
1.2283789370078739
0
LINE
8
BLACK
6
CONTINUOUS
10
0.3992480708661417
20
1.2283789370078739
11
0.3989675984251969
21
1.2283988976377953
0
LINE
8
BLACK
6
CONTINUOUS
10
0.3989675984251969
20
1.2283988976377953
11
0.3985262992125984
21
1.2286194881889763
0
LINE
8
BLACK
6
CONTINUOUS
10
0.3985262992125984
20
1.2286194881889763
11
0.3980577559055118
21
1.2287757086614173
0
LINE
8
BLACK
6
CONTINUOUS
10
0.3980577559055118
20
1.2287757086614173
11
0.3978451181102362
21
1.2289600787401576
0
LINE
8
BLACK
6
CONTINUOUS
10
0.3978451181102362
20
1.2289600787401576
11
0.3975936220472441
21
1.2290858661417323
0
LINE
8
BLACK
6
CONTINUOUS
10
0.3975936220472441
20
1.2290858661417323
11
0.397270157480315
21
1.2294587401574804
0
LINE
8
BLACK
6
CONTINUOUS
10
0.397270157480315
20
1.2294587401574804
11
0.3968972834645669
21
1.2297822047244094
0
LINE
8
BLACK
6
CONTINUOUS
10
0.3968972834645669
20
1.2297822047244094
11
0.3967714960629921
21
1.2300337401574803
0
LINE
8
BLACK
6
CONTINUOUS
10
0.3967714960629921
20
1.2300337401574803
11
0.3965871259842519
21
1.2302463385826772
0
LINE
8
BLACK
6
CONTINUOUS
10
0.3965871259842519
20
1.2302463385826772
11
0.3962725196850393
21
1.2309511023622046
0
LINE
8
BLACK
6
CONTINUOUS
10
0.3962725196850393
20
1.2309511023622046
11
0.3831491732283465
21
1.2703211417322835
0
LINE
8
BLACK
6
CONTINUOUS
10
0.3831491732283465
20
1.2703211417322835
11
0.382978031496063
21
1.2710737401574803
0
LINE
8
BLACK
6
CONTINUOUS
10
0.382978031496063
20
1.2710737401574803
11
0.3830869291338583
21
1.2726060236220471
0
LINE
8
BLACK
6
CONTINUOUS
10
0.3830869291338583
20
1.2726060236220471
11
0.383773937007874
21
1.2739799999999999
0
LINE
8
BLACK
6
CONTINUOUS
10
0.383773937007874
20
1.2739799999999999
11
0.3849344094488189
21
1.2749864960629922
0
LINE
8
BLACK
6
CONTINUOUS
10
0.3849344094488189
20
1.2749864960629922
11
0.3863917322834646
21
1.2754722440944881
0
LINE
8
BLACK
6
CONTINUOUS
10
0.3863917322834646
20
1.2754722440944881
11
0.3879240157480315
21
1.2753633464566929
0
LINE
8
BLACK
6
CONTINUOUS
10
0.3879240157480315
20
1.2753633464566929
11
0.3892979921259843
21
1.2746763385826771
0
LINE
8
BLACK
6
CONTINUOUS
10
0.3892979921259843
20
1.2746763385826771
11
0.3903044881889764
21
1.2735158661417323
0
LINE
8
BLACK
6
CONTINUOUS
10
0.3903044881889764
20
1.2735158661417323
11
0.390619094488189
21
1.2728111417322834
0
LINE
8
BLACK
6
CONTINUOUS
10
0.390619094488189
20
1.2728111417322834
11
0.4000074803149606
21
1.2446459448818898
0
LINE
8
BLACK
6
CONTINUOUS
10
0.4000074803149606
20
1.2446459448818898
11
0.4093958661417323
21
1.2728111023622046
0
LINE
8
BLACK
6
CONTINUOUS
10
0.4093958661417323
20
1.2728111023622046
11
0.4097104724409449
21
1.2735158661417323
0
LINE
8
BLACK
6
CONTINUOUS
10
0.4097104724409449
20
1.2735158661417323
11
0.410716968503937
21
1.2746763385826771
0
LINE
8
BLACK
6
CONTINUOUS
10
0.410716968503937
20
1.2746763385826771
11
0.4120909448818897
21
1.2753633070866142
0
LINE
8
BLACK
6
CONTINUOUS
10
0.4120909448818897
20
1.2753633070866142
11
0.4136232283464567
21
1.2754722440944881
0
LINE
8
BLACK
6
CONTINUOUS
10
0.4136232283464567
20
1.2754722440944881
11
0.4150805511811024
21
1.2749864566929134
0
LINE
8
BLACK
6
CONTINUOUS
10
0.5725608661417323
20
1.2749864566929134
11
0.5737213385826772
21
1.2739799606299211
0
LINE
8
BLACK
6
CONTINUOUS
10
0.5737213385826772
20
1.2739799606299211
11
0.5744083464566929
21
1.2726059842519686
0
LINE
8
BLACK
6
CONTINUOUS
10
0.5744083464566929
20
1.2726059842519686
11
0.5745172440944881
21
1.2710737007874016
0
LINE
8
BLACK
6
CONTINUOUS
10
0.5745172440944881
20
1.2710737007874016
11
0.5743461023622047
21
1.2703211417322835
0
LINE
8
BLACK
6
CONTINUOUS
10
0.5743461023622047
20
1.2703211417322835
11
0.5612227559055118
21
1.2309510629921259
0
LINE
8
BLACK
6
CONTINUOUS
10
0.5612227559055118
20
1.2309510629921259
11
0.5609081496062992
21
1.2302463385826772
0
LINE
8
BLACK
6
CONTINUOUS
10
0.5609081496062992
20
1.2302463385826772
11
0.5607237007874015
21
1.2300336614173228
0
LINE
8
BLACK
6
CONTINUOUS
10
0.5607237007874015
20
1.2300336614173228
11
0.5605979921259843
21
1.2297822440944881
0
LINE
8
BLACK
6
CONTINUOUS
10
0.5605979921259843
20
1.2297822440944881
11
0.5602251968503937
21
1.2294588976377951
0
LINE
8
BLACK
6
CONTINUOUS
10
0.5602251968503937
20
1.2294588976377951
11
0.5599016535433071
21
1.2290858661417323
0
LINE
8
BLACK
6
CONTINUOUS
10
0.5599016535433071
20
1.2290858661417323
11
0.55965
21
1.2289600000000001
0
LINE
8
BLACK
6
CONTINUOUS
10
0.55965
20
1.2289600000000001
11
0.5594375196850394
21
1.228775748031496
0
LINE
8
BLACK
6
CONTINUOUS
10
0.5594375196850394
20
1.228775748031496
11
0.5589692519685039
21
1.2286196456692913
0
LINE
8
BLACK
6
CONTINUOUS
10
0.5589692519685039
20
1.2286196456692913
11
0.5585276771653543
21
1.2283988582677166
0
LINE
8
BLACK
6
CONTINUOUS
10
0.5585276771653543
20
1.2283988582677166
11
0.5582470472440945
21
1.2283788976377952
0
LINE
8
BLACK
6
CONTINUOUS
10
0.5582470472440945
20
1.2283788976377952
11
0.5579801968503937
21
1.2282899606299211
0
LINE
8
BLACK
6
CONTINUOUS
10
0.5579801968503937
20
1.2282899606299211
11
0.5574878740157481
21
1.2283249606299211
0
LINE
8
BLACK
6
CONTINUOUS
10
0.5574878740157481
20
1.2283249606299211
11
0.5569953937007874
21
1.2282899606299211
0
LINE
8
BLACK
6
CONTINUOUS
10
0.5569953937007874
20
1.2282899606299211
11
0.5567283858267716
21
1.2283789370078739
0
LINE
8
BLACK
6
CONTINUOUS
10
0.5567283858267716
20
1.2283789370078739
11
0.5564479133858268
21
1.2283988976377953
0
LINE
8
BLACK
6
CONTINUOUS
10
0.5564479133858268
20
1.2283988976377953
11
0.5560066141732284
21
1.2286194881889763
0
LINE
8
BLACK
6
CONTINUOUS
10
0.5560066141732284
20
1.2286194881889763
11
0.5555380708661417
21
1.2287757086614173
0
LINE
8
BLACK
6
CONTINUOUS
10
0.5555380708661417
20
1.2287757086614173
11
0.5553254330708661
21
1.2289600787401576
0
LINE
8
BLACK
6
CONTINUOUS
10
0.5553254330708661
20
1.2289600787401576
11
0.555073937007874
21
1.2290858661417323
0
LINE
8
BLACK
6
CONTINUOUS
10
0.555073937007874
20
1.2290858661417323
11
0.5547504724409449
21
1.2294587401574804
0
LINE
8
BLACK
6
CONTINUOUS
10
0.5547504724409449
20
1.2294587401574804
11
0.5543775984251968
21
1.2297822047244094
0
LINE
8
BLACK
6
CONTINUOUS
10
0.5543775984251968
20
1.2297822047244094
11
0.5542518110236221
21
1.2300337401574803
0
LINE
8
BLACK
6
CONTINUOUS
10
0.5542518110236221
20
1.2300337401574803
11
0.5540674409448819
21
1.2302463385826772
0
LINE
8
BLACK
6
CONTINUOUS
10
0.5540674409448819
20
1.2302463385826772
11
0.5537528346456693
21
1.2309511023622046
0
LINE
8
BLACK
6
CONTINUOUS
10
0.5537528346456693
20
1.2309511023622046
11
0.5406294881889764
21
1.2703211417322835
0
LINE
8
BLACK
6
CONTINUOUS
10
0.5406294881889764
20
1.2703211417322835
11
0.5404583464566929
21
1.2710737401574803
0
LINE
8
BLACK
6
CONTINUOUS
10
0.5404583464566929
20
1.2710737401574803
11
0.5405672440944882
21
1.2726060236220471
0
LINE
8
BLACK
6
CONTINUOUS
10
0.5405672440944882
20
1.2726060236220471
11
0.541254251968504
21
1.2739799999999999
0
LINE
8
BLACK
6
CONTINUOUS
10
0.541254251968504
20
1.2739799999999999
11
0.5424147244094488
21
1.2749864960629922
0
LINE
8
BLACK
6
CONTINUOUS
10
0.5424147244094488
20
1.2749864960629922
11
0.5438720472440944
21
1.2754722440944881
0
LINE
8
BLACK
6
CONTINUOUS
10
0.5438720472440944
20
1.2754722440944881
11
0.5454043307086615
21
1.2753633464566929
0
LINE
8
BLACK
6
CONTINUOUS
10
0.5454043307086615
20
1.2753633464566929
11
0.5467783070866141
21
1.2746763385826771
0
LINE
8
BLACK
6
CONTINUOUS
10
0.5467783070866141
20
1.2746763385826771
11
0.5477848031496063
21
1.2735158661417323
0
LINE
8
BLACK
6
CONTINUOUS
10
0.5477848031496063
20
1.2735158661417323
11
0.5480994094488189
21
1.2728111417322834
0
LINE
8
BLACK
6
CONTINUOUS
10
0.5480994094488189
20
1.2728111417322834
11
0.5574877952755906
21
1.2446459448818898
0
LINE
8
BLACK
6
CONTINUOUS
10
0.5574877952755906
20
1.2446459448818898
11
0.5668761811023622
21
1.2728111023622046
0
LINE
8
BLACK
6
CONTINUOUS
10
0.5668761811023622
20
1.2728111023622046
11
0.5671907874015748
21
1.2735158661417323
0
LINE
8
BLACK
6
CONTINUOUS
10
0.5671907874015748
20
1.2735158661417323
11
0.5681972834645669
21
1.2746763385826771
0
LINE
8
BLACK
6
CONTINUOUS
10
0.5681972834645669
20
1.2746763385826771
11
0.5695712598425197
21
1.2753633070866142
0
LINE
8
BLACK
6
CONTINUOUS
10
0.5695712598425197
20
1.2753633070866142
11
0.5711035433070866
21
1.2754722440944881
0
LINE
8
BLACK
6
CONTINUOUS
10
0.5711035433070866
20
1.2754722440944881
11
0.5725608661417323
21
1.2749864566929134
0
LINE
8
BLACK
6
CONTINUOUS
10
0.4570185433070866
20
1.2510555905511811
11
0.4584377559055118
21
1.250467716535433
0
LINE
8
BLACK
6
CONTINUOUS
10
0.4584377559055118
20
1.250467716535433
11
0.4595239763779527
21
1.2493814960629921
0
LINE
8
BLACK
6
CONTINUOUS
10
0.4595239763779527
20
1.2493814960629921
11
0.4601118503937008
21
1.2479622834645669
0
LINE
8
BLACK
6
CONTINUOUS
10
0.4601118503937008
20
1.2479622834645669
11
0.4601118503937008
21
1.2464261417322835
0
LINE
8
BLACK
6
CONTINUOUS
10
0.4601118503937008
20
1.2464261417322835
11
0.4595239763779527
21
1.2450069291338581
0
LINE
8
BLACK
6
CONTINUOUS
10
0.4595239763779527
20
1.2450069291338581
11
0.4584377559055118
21
1.2439207086614172
0
LINE
8
BLACK
6
CONTINUOUS
10
0.4584377559055118
20
1.2439207086614172
11
0.4570185433070866
21
1.2433328346456693
0
LINE
8
BLACK
6
CONTINUOUS
10
0.4570185433070866
20
1.2433328346456693
11
0.4562504724409449
21
1.2432572047244095
0
LINE
8
BLACK
6
CONTINUOUS
10
0.4562504724409449
20
1.2432572047244095
11
0.4262542125984252
21
1.2432572047244095
0
LINE
8
BLACK
6
CONTINUOUS
10
0.4262542125984252
20
1.2432572047244095
11
0.4254861417322834
21
1.2433328346456693
0
LINE
8
BLACK
6
CONTINUOUS
10
0.4254861417322834
20
1.2433328346456693
11
0.4240669291338582
21
1.2439207086614172
0
LINE
8
BLACK
6
CONTINUOUS
10
0.4240669291338582
20
1.2439207086614172
11
0.4229807086614173
21
1.2450069291338581
0
LINE
8
BLACK
6
CONTINUOUS
10
0.4229807086614173
20
1.2450069291338581
11
0.4223928346456693
21
1.2464261417322835
0
LINE
8
BLACK
6
CONTINUOUS
10
0.4223928346456693
20
1.2464261417322835
11
0.4223928346456693
21
1.2479622834645669
0
LINE
8
BLACK
6
CONTINUOUS
10
0.4223928346456693
20
1.2479622834645669
11
0.4229807086614173
21
1.2493814960629921
0
LINE
8
BLACK
6
CONTINUOUS
10
0.4229807086614173
20
1.2493814960629921
11
0.4240669291338582
21
1.250467716535433
0
LINE
8
BLACK
6
CONTINUOUS
10
0.4240669291338582
20
1.250467716535433
11
0.4254861417322834
21
1.2510555905511811
0
LINE
8
BLACK
6
CONTINUOUS
10
0.4254861417322834
20
1.2510555905511811
11
0.4262542125984252
21
1.251131220472441
0
LINE
8
BLACK
6
CONTINUOUS
10
0.4262542125984252
20
1.251131220472441
11
0.4562504724409449
21
1.251131220472441
0
LINE
8
BLACK
6
CONTINUOUS
10
0.4562504724409449
20
1.251131220472441
11
0.4570185433070866
21
1.2510555905511811
0
LINE
8
BLACK
6
CONTINUOUS
10
1.5404896062992126
20
1.3344074409448818
11
1.5421188976377953
21
1.3327781496062991
0
LINE
8
BLACK
6
CONTINUOUS
10
1.5421188976377953
20
1.3327781496062991
11
1.5430007086614173
21
1.3306493307086613
0
LINE
8
BLACK
6
CONTINUOUS
10
1.5430007086614173
20
1.3306493307086613
11
1.5431141732283464
21
1.3294972047244094
0
LINE
8
BLACK
6
CONTINUOUS
10
1.5431141732283464
20
1.3294972047244094
11
1.5431141732283464
21
1.2845027952755905
0
LINE
8
BLACK
6
CONTINUOUS
10
1.5431141732283464
20
1.2845027952755905
11
1.5430007086614173
21
1.2833506692913386
0
LINE
8
BLACK
6
CONTINUOUS
10
1.5430007086614173
20
1.2833506692913386
11
1.5421188976377953
21
1.2812218503937007
0
LINE
8
BLACK
6
CONTINUOUS
10
1.5421188976377953
20
1.2812218503937007
11
1.5404896062992126
21
1.279592559055118
0
LINE
8
BLACK
6
CONTINUOUS
10
1.5404896062992126
20
1.279592559055118
11
1.5383607874015748
21
1.2787107480314961
0
LINE
8
BLACK
6
CONTINUOUS
10
1.5383607874015748
20
1.2787107480314961
11
1.5360565354330709
21
1.2787107480314961
0
LINE
8
BLACK
6
CONTINUOUS
10
1.5360565354330709
20
1.2787107480314961
11
1.533927716535433
21
1.279592559055118
0
LINE
8
BLACK
6
CONTINUOUS
10
1.533927716535433
20
1.279592559055118
11
1.5322984251968503
21
1.2812218503937007
0
LINE
8
BLACK
6
CONTINUOUS
10
1.5322984251968503
20
1.2812218503937007
11
1.5314166141732284
21
1.2833506692913386
0
LINE
8
BLACK
6
CONTINUOUS
10
1.5314166141732284
20
1.2833506692913386
11
1.5313031496062992
21
1.2845027952755905
0
LINE
8
BLACK
6
CONTINUOUS
10
1.5313031496062992
20
1.2845027952755905
11
1.5313031496062992
21
1.3294972047244094
0
LINE
8
BLACK
6
CONTINUOUS
10
1.5313031496062992
20
1.3294972047244094
11
1.5314166141732284
21
1.3306493307086613
0
LINE
8
BLACK
6
CONTINUOUS
10
1.5314166141732284
20
1.3306493307086613
11
1.5322984251968503
21
1.3327781496062991
0
LINE
8
BLACK
6
CONTINUOUS
10
1.5322984251968503
20
1.3327781496062991
11
1.533927716535433
21
1.3344074409448818
0
LINE
8
BLACK
6
CONTINUOUS
10
1.533927716535433
20
1.3344074409448818
11
1.5360565354330709
21
1.335289251968504
0
LINE
8
BLACK
6
CONTINUOUS
10
1.5360565354330709
20
1.335289251968504
11
1.5383607874015748
21
1.335289251968504
0
LINE
8
BLACK
6
CONTINUOUS
10
1.5383607874015748
20
1.335289251968504
11
1.5404896062992126
21
1.3344074409448818
0
LINE
8
BLACK
6
CONTINUOUS
10
0.4575
20
1.3225
11
0.3925
21
1.3225
0
LINE
8
BLACK
6
CONTINUOUS
10
0.3925
20
1.3225
11
0.3925
21
1.3875
0
LINE
8
BLACK
6
CONTINUOUS
10
0.3925
20
1.3875
11
0.4575
21
1.3875
0
LINE
8
BLACK
6
CONTINUOUS
10
0.4575
20
1.3875
11
0.4575
21
1.3225
0
LINE
8
BLACK
6
CONTINUOUS
10
0.5575
20
1.3225
11
0.4925
21
1.3225
0
LINE
8
BLACK
6
CONTINUOUS
10
0.4925
20
1.3225
11
0.4925
21
1.3875
0
LINE
8
BLACK
6
CONTINUOUS
10
0.4925
20
1.3875
11
0.5575
21
1.3875
0
LINE
8
BLACK
6
CONTINUOUS
10
0.5575
20
1.3875
11
0.5575
21
1.3225
0
LINE
8
BLACK
6
CONTINUOUS
10
0.6575
20
1.3225
11
0.5925
21
1.3225
0
LINE
8
BLACK
6
CONTINUOUS
10
0.5925
20
1.3225
11
0.5925
21
1.3875
0
LINE
8
BLACK
6
CONTINUOUS
10
0.5925
20
1.3875
11
0.6575
21
1.3875
0
LINE
8
BLACK
6
CONTINUOUS
10
0.6575
20
1.3875
11
0.6575
21
1.3225
0
LINE
8
BLACK
6
CONTINUOUS
10
0.7575
20
1.3225
11
0.6925
21
1.3225
0
LINE
8
BLACK
6
CONTINUOUS
10
0.6925
20
1.3225
11
0.6925
21
1.3875
0
LINE
8
BLACK
6
CONTINUOUS
10
0.6925
20
1.3875
11
0.7575
21
1.3875
0
LINE
8
BLACK
6
CONTINUOUS
10
0.7575
20
1.3875
11
0.7575
21
1.3225
0
LINE
8
BLACK
6
CONTINUOUS
10
0.4575
20
1.4224999999999999
11
0.3925
21
1.4224999999999999
0
LINE
8
BLACK
6
CONTINUOUS
10
0.3925
20
1.4224999999999999
11
0.3925
21
1.4875
0
LINE
8
BLACK
6
CONTINUOUS
10
0.3925
20
1.4875
11
0.4575
21
1.4875
0
LINE
8
BLACK
6
CONTINUOUS
10
0.4575
20
1.4875
11
0.4575
21
1.4224999999999999
0
LINE
8
BLACK
6
CONTINUOUS
10
0.5575
20
1.4224999999999999
11
0.4925
21
1.4224999999999999
0
LINE
8
BLACK
6
CONTINUOUS
10
0.4925
20
1.4224999999999999
11
0.4925
21
1.4875
0
LINE
8
BLACK
6
CONTINUOUS
10
0.4925
20
1.4875
11
0.5575
21
1.4875
0
LINE
8
BLACK
6
CONTINUOUS
10
0.5575
20
1.4875
11
0.5575
21
1.4224999999999999
0
LINE
8
BLACK
6
CONTINUOUS
10
0.6575
20
1.4224999999999999
11
0.5925
21
1.4224999999999999
0
LINE
8
BLACK
6
CONTINUOUS
10
0.5925
20
1.4224999999999999
11
0.5925
21
1.4875
0
LINE
8
BLACK
6
CONTINUOUS
10
0.5925
20
1.4875
11
0.6575
21
1.4875
0
LINE
8
BLACK
6
CONTINUOUS
10
0.6575
20
1.4875
11
0.6575
21
1.4224999999999999
0
LINE
8
BLACK
6
CONTINUOUS
10
0.7575
20
1.4224999999999999
11
0.6925
21
1.4224999999999999
0
LINE
8
BLACK
6
CONTINUOUS
10
0.6925
20
1.4224999999999999
11
0.6925
21
1.4875
0
LINE
8
BLACK
6
CONTINUOUS
10
0.6925
20
1.4875
11
0.7575
21
1.4875
0
LINE
8
BLACK
6
CONTINUOUS
10
0.7575
20
1.4875
11
0.7575
21
1.4224999999999999
0
LINE
8
BLACK
6
CONTINUOUS
10
0.475
20
1.51
11
0.6749999999999999
21
1.51
0
LINE
8
BLACK
6
CONTINUOUS
10
0.6749999999999999
20
1.51
11
0.775
21
1.51
0
LINE
8
BLACK
6
CONTINUOUS
10
0.775
20
1.51
11
0.7759754330708661
21
1.509903937007874
0
LINE
8
BLACK
6
CONTINUOUS
10
0.7759754330708661
20
1.509903937007874
11
0.7777778346456693
21
1.5091573622047243
0
LINE
8
BLACK
6
CONTINUOUS
10
0.7777778346456693
20
1.5091573622047243
11
0.7791573622047244
21
1.5077778346456692
0
LINE
8
BLACK
6
CONTINUOUS
10
0.7791573622047244
20
1.5077778346456692
11
0.779903937007874
21
1.5059754330708661
0
LINE
8
BLACK
6
CONTINUOUS
10
0.779903937007874
20
1.5059754330708661
11
0.78
21
1.5049999999999999
0
LINE
8
BLACK
6
CONTINUOUS
10
0.78
20
1.5049999999999999
11
0.78
21
1.3049999999999999
0
LINE
8
BLACK
6
CONTINUOUS
10
0.78
20
1.3049999999999999
11
0.779903937007874
21
1.3040245669291339
0
LINE
8
BLACK
6
CONTINUOUS
10
0.779903937007874
20
1.3040245669291339
11
0.7791573622047244
21
1.3022221653543307
0
LINE
8
BLACK
6
CONTINUOUS
10
0.7791573622047244
20
1.3022221653543307
11
0.7777778346456693
21
1.3008426377952755
0
LINE
8
BLACK
6
CONTINUOUS
10
0.7777778346456693
20
1.3008426377952755
11
0.7759754330708661
21
1.3000960629921259
0
LINE
8
BLACK
6
CONTINUOUS
10
0.7759754330708661
20
1.3000960629921259
11
0.775
21
1.3
0
LINE
8
BLACK
6
CONTINUOUS
10
0.775
20
1.3
11
0.6749999999999999
21
1.3
0
LINE
8
BLACK
6
CONTINUOUS
10
0.6749999999999999
20
1.3
11
0.575
21
1.3
0
LINE
8
BLACK
6
CONTINUOUS
10
0.575
20
1.3
11
0.375
21
1.3
0
LINE
8
BLACK
6
CONTINUOUS
10
0.375
20
1.3
11
0.3740245669291338
21
1.3000960629921259
0
LINE
8
BLACK
6
CONTINUOUS
10
0.3740245669291338
20
1.3000960629921259
11
0.3722221653543307
21
1.3008426377952755
0
LINE
8
BLACK
6
CONTINUOUS
10
0.3722221653543307
20
1.3008426377952755
11
0.3708426377952756
21
1.3022221653543307
0
LINE
8
BLACK
6
CONTINUOUS
10
0.3708426377952756
20
1.3022221653543307
11
0.370096062992126
21
1.3040245669291339
0
LINE
8
BLACK
6
CONTINUOUS
10
0.370096062992126
20
1.3040245669291339
11
0.37
21
1.3049999999999999
0
LINE
8
BLACK
6
CONTINUOUS
10
0.37
20
1.3049999999999999
11
0.37
21
1.405
0
LINE
8
BLACK
6
CONTINUOUS
10
0.37
20
1.405
11
0.37
21
1.5049999999999999
0
LINE
8
BLACK
6
CONTINUOUS
10
0.37
20
1.5049999999999999
11
0.370096062992126
21
1.5059754330708661
0
LINE
8
BLACK
6
CONTINUOUS
10
0.370096062992126
20
1.5059754330708661
11
0.3708426377952756
21
1.5077778346456692
0
LINE
8
BLACK
6
CONTINUOUS
10
0.3708426377952756
20
1.5077778346456692
11
0.3722221653543307
21
1.5091573622047243
0
LINE
8
BLACK
6
CONTINUOUS
10
0.3722221653543307
20
1.5091573622047243
11
0.3740245669291338
21
1.509903937007874
0
LINE
8
BLACK
6
CONTINUOUS
10
0.3740245669291338
20
1.509903937007874
11
0.375
21
1.51
0
LINE
8
BLACK
6
CONTINUOUS
10
0.375
20
1.51
11
0.475
21
1.51
0
LINE
8
BLACK
6
CONTINUOUS
10
0.38
20
1.5
11
0.38
21
1.405
0
LINE
8
BLACK
6
CONTINUOUS
10
0.38
20
1.405
11
0.38
21
1.3100000000000001
0
LINE
8
BLACK
6
CONTINUOUS
10
0.38
20
1.3100000000000001
11
0.6749999999999999
21
1.3100000000000001
0
LINE
8
BLACK
6
CONTINUOUS
10
0.6749999999999999
20
1.3100000000000001
11
0.77
21
1.3100000000000001
0
LINE
8
BLACK
6
CONTINUOUS
10
0.77
20
1.3100000000000001
11
0.77
21
1.5
0
LINE
8
BLACK
6
CONTINUOUS
10
0.77
20
1.5
11
0.6749999999999999
21
1.5
0
LINE
8
BLACK
6
CONTINUOUS
10
0.6749999999999999
20
1.5
11
0.575
21
1.5
0
LINE
8
BLACK
6
CONTINUOUS
10
0.575
20
1.5
11
0.475
21
1.5
0
LINE
8
BLACK
6
CONTINUOUS
10
0.475
20
1.5
11
0.38
21
1.5
0
LINE
8
BLACK
6
CONTINUOUS
10
0.9075
20
1.3421850393700787
11
0.8425
21
1.3421850393700787
0
LINE
8
BLACK
6
CONTINUOUS
10
0.8425
20
1.3421850393700787
11
0.8425
21
1.4071850393700787
0
LINE
8
BLACK
6
CONTINUOUS
10
0.8425
20
1.4071850393700787
11
0.9075
21
1.4071850393700787
0
LINE
8
BLACK
6
CONTINUOUS
10
0.9075
20
1.4071850393700787
11
0.9075
21
1.3421850393700787
0
LINE
8
BLACK
6
CONTINUOUS
10
1.0075000000000001
20
1.3421850393700787
11
0.9425
21
1.3421850393700787
0
LINE
8
BLACK
6
CONTINUOUS
10
0.9425
20
1.3421850393700787
11
0.9425
21
1.4071850393700787
0
LINE
8
BLACK
6
CONTINUOUS
10
0.9425
20
1.4071850393700787
11
1.0075000000000001
21
1.4071850393700787
0
LINE
8
BLACK
6
CONTINUOUS
10
1.0075000000000001
20
1.4071850393700787
11
1.0075000000000001
21
1.3421850393700787
0
LINE
8
BLACK
6
CONTINUOUS
10
1.1074999999999999
20
1.3421850393700787
11
1.0425
21
1.3421850393700787
0
LINE
8
BLACK
6
CONTINUOUS
10
1.0425
20
1.3421850393700787
11
1.0425
21
1.4071850393700787
0
LINE
8
BLACK
6
CONTINUOUS
10
1.0425
20
1.4071850393700787
11
1.1074999999999999
21
1.4071850393700787
0
LINE
8
BLACK
6
CONTINUOUS
10
1.1074999999999999
20
1.4071850393700787
11
1.1074999999999999
21
1.3421850393700787
0
LINE
8
BLACK
6
CONTINUOUS
10
1.2075
20
1.3421850393700787
11
1.1425000000000001
21
1.3421850393700787
0
LINE
8
BLACK
6
CONTINUOUS
10
1.1425000000000001
20
1.3421850393700787
11
1.1425000000000001
21
1.4071850393700787
0
LINE
8
BLACK
6
CONTINUOUS
10
1.1425000000000001
20
1.4071850393700787
11
1.2075
21
1.4071850393700787
0
LINE
8
BLACK
6
CONTINUOUS
10
1.2075
20
1.4071850393700787
11
1.2075
21
1.3421850393700787
0
LINE
8
BLACK
6
CONTINUOUS
10
0.9075
20
1.4421850393700788
11
0.8425
21
1.4421850393700788
0
LINE
8
BLACK
6
CONTINUOUS
10
0.8425
20
1.4421850393700788
11
0.8425
21
1.5071850393700787
0
LINE
8
BLACK
6
CONTINUOUS
10
0.8425
20
1.5071850393700787
11
0.9075
21
1.5071850393700787
0
LINE
8
BLACK
6
CONTINUOUS
10
0.9075
20
1.5071850393700787
11
0.9075
21
1.4421850393700788
0
LINE
8
BLACK
6
CONTINUOUS
10
1.0075000000000001
20
1.4421850393700788
11
0.9425
21
1.4421850393700788
0
LINE
8
BLACK
6
CONTINUOUS
10
0.9425
20
1.4421850393700788
11
0.9425
21
1.5071850393700787
0
LINE
8
BLACK
6
CONTINUOUS
10
0.9425
20
1.5071850393700787
11
1.0075000000000001
21
1.5071850393700787
0
LINE
8
BLACK
6
CONTINUOUS
10
1.0075000000000001
20
1.5071850393700787
11
1.0075000000000001
21
1.4421850393700788
0
LINE
8
BLACK
6
CONTINUOUS
10
1.1074999999999999
20
1.4421850393700788
11
1.0425
21
1.4421850393700788
0
LINE
8
BLACK
6
CONTINUOUS
10
1.0425
20
1.4421850393700788
11
1.0425
21
1.5071850393700787
0
LINE
8
BLACK
6
CONTINUOUS
10
1.0425
20
1.5071850393700787
11
1.1074999999999999
21
1.5071850393700787
0
LINE
8
BLACK
6
CONTINUOUS
10
1.1074999999999999
20
1.5071850393700787
11
1.1074999999999999
21
1.4421850393700788
0
LINE
8
BLACK
6
CONTINUOUS
10
1.2075
20
1.4421850393700788
11
1.1425000000000001
21
1.4421850393700788
0
LINE
8
BLACK
6
CONTINUOUS
10
1.1425000000000001
20
1.4421850393700788
11
1.1425000000000001
21
1.5071850393700787
0
LINE
8
BLACK
6
CONTINUOUS
10
1.1425000000000001
20
1.5071850393700787
11
1.2075
21
1.5071850393700787
0
LINE
8
BLACK
6
CONTINUOUS
10
1.2075
20
1.5071850393700787
11
1.2075
21
1.4421850393700788
0
LINE
8
BLACK
6
CONTINUOUS
10
0.9249999999999999
20
1.5296850393700787
11
1.2249999999999999
21
1.5296850393700787
0
LINE
8
BLACK
6
CONTINUOUS
10
1.2249999999999999
20
1.5296850393700787
11
1.2259754330708661
21
1.5295889763779527
0
LINE
8
BLACK
6
CONTINUOUS
10
1.2259754330708661
20
1.5295889763779527
11
1.2277778346456694
21
1.5288424015748032
0
LINE
8
BLACK
6
CONTINUOUS
10
1.2277778346456694
20
1.5288424015748032
11
1.2291573622047245
21
1.5274628740157481
0
LINE
8
BLACK
6
CONTINUOUS
10
1.2291573622047245
20
1.5274628740157481
11
1.2299039370078739
21
1.5256604724409448
0
LINE
8
BLACK
6
CONTINUOUS
10
1.2299039370078739
20
1.5256604724409448
11
1.23
21
1.5246850393700786
0
LINE
8
BLACK
6
CONTINUOUS
10
1.23
20
1.5246850393700786
11
1.23
21
1.4246850393700787
0
LINE
8
BLACK
6
CONTINUOUS
10
1.23
20
1.4246850393700787
11
1.23
21
1.3246850393700786
0
LINE
8
BLACK
6
CONTINUOUS
10
1.23
20
1.3246850393700786
11
1.2299039370078739
21
1.3237096062992126
0
LINE
8
BLACK
6
CONTINUOUS
10
1.2299039370078739
20
1.3237096062992126
11
1.2291573622047245
21
1.3219072047244094
0
LINE
8
BLACK
6
CONTINUOUS
10
1.2291573622047245
20
1.3219072047244094
11
1.2277778346456694
21
1.3205276771653542
0
LINE
8
BLACK
6
CONTINUOUS
10
1.2277778346456694
20
1.3205276771653542
11
1.2259754330708661
21
1.3197811023622046
0
LINE
8
BLACK
6
CONTINUOUS
10
1.2259754330708661
20
1.3197811023622046
11
1.2249999999999999
21
1.3196850393700787
0
LINE
8
BLACK
6
CONTINUOUS
10
1.2249999999999999
20
1.3196850393700787
11
1.125
21
1.3196850393700787
0
LINE
8
BLACK
6
CONTINUOUS
10
1.125
20
1.3196850393700787
11
1.0249999999999999
21
1.3196850393700787
0
LINE
8
BLACK
6
CONTINUOUS
10
1.0249999999999999
20
1.3196850393700787
11
0.9249999999999999
21
1.3196850393700787
0
LINE
8
BLACK
6
CONTINUOUS
10
0.9249999999999999
20
1.3196850393700787
11
0.825
21
1.3196850393700787
0
LINE
8
BLACK
6
CONTINUOUS
10
0.825
20
1.3196850393700787
11
0.8240245669291338
21
1.3197811023622046
0
LINE
8
BLACK
6
CONTINUOUS
10
0.8240245669291338
20
1.3197811023622046
11
0.8222221653543307
21
1.3205276771653542
0
LINE
8
BLACK
6
CONTINUOUS
10
0.8222221653543307
20
1.3205276771653542
11
0.8208426377952756
21
1.3219072047244094
0
LINE
8
BLACK
6
CONTINUOUS
10
0.8208426377952756
20
1.3219072047244094
11
0.820096062992126
21
1.3237096062992126
0
LINE
8
BLACK
6
CONTINUOUS
10
0.820096062992126
20
1.3237096062992126
11
0.82
21
1.3246850393700786
0
LINE
8
BLACK
6
CONTINUOUS
10
0.82
20
1.3246850393700786
11
0.82
21
1.5246850393700786
0
LINE
8
BLACK
6
CONTINUOUS
10
0.82
20
1.5246850393700786
11
0.820096062992126
21
1.5256604724409448
0
LINE
8
BLACK
6
CONTINUOUS
10
0.820096062992126
20
1.5256604724409448
11
0.8208426377952756
21
1.5274628740157481
0
LINE
8
BLACK
6
CONTINUOUS
10
0.8208426377952756
20
1.5274628740157481
11
0.8222221653543307
21
1.5288424015748032
0
LINE
8
BLACK
6
CONTINUOUS
10
0.8222221653543307
20
1.5288424015748032
11
0.8240245669291338
21
1.5295889763779527
0
LINE
8
BLACK
6
CONTINUOUS
10
0.8240245669291338
20
1.5295889763779527
11
0.825
21
1.5296850393700787
0
LINE
8
BLACK
6
CONTINUOUS
10
0.825
20
1.5296850393700787
11
0.9249999999999999
21
1.5296850393700787
0
LINE
8
BLACK
6
CONTINUOUS
10
0.83
20
1.5196850393700787
11
0.83
21
1.3296850393700788
0
LINE
8
BLACK
6
CONTINUOUS
10
0.83
20
1.3296850393700788
11
0.9249999999999999
21
1.3296850393700788
0
LINE
8
BLACK
6
CONTINUOUS
10
0.9249999999999999
20
1.3296850393700788
11
1.0249999999999999
21
1.3296850393700788
0
LINE
8
BLACK
6
CONTINUOUS
10
1.0249999999999999
20
1.3296850393700788
11
1.125
21
1.3296850393700788
0
LINE
8
BLACK
6
CONTINUOUS
10
1.125
20
1.3296850393700788
11
1.22
21
1.3296850393700788
0
LINE
8
BLACK
6
CONTINUOUS
10
1.22
20
1.3296850393700788
11
1.22
21
1.4246850393700787
0
LINE
8
BLACK
6
CONTINUOUS
10
1.22
20
1.4246850393700787
11
1.22
21
1.5196850393700787
0
LINE
8
BLACK
6
CONTINUOUS
10
1.22
20
1.5196850393700787
11
0.9249999999999999
21
1.5196850393700787
0
LINE
8
BLACK
6
CONTINUOUS
10
0.9249999999999999
20
1.5196850393700787
11
0.83
21
1.5196850393700787
0
LINE
8
BLACK
6
CONTINUOUS
10
0.243884842519685
20
1.4417515748031495
11
0.2440840551181102
21
1.4416690157480314
0
LINE
8
BLACK
6
CONTINUOUS
10
0.2440840551181102
20
1.4416690157480314
11
0.2442990157480315
21
1.441653779527559
0
LINE
8
BLACK
6
CONTINUOUS
10
0.2442990157480315
20
1.441653779527559
11
0.2453975590551181
21
1.4412334251968504
0
LINE
8
BLACK
6
CONTINUOUS
10
0.2453975590551181
20
1.4412334251968504
11
0.2511118503937008
21
1.4383762992125984
0
LINE
8
BLACK
6
CONTINUOUS
10
0.2511118503937008
20
1.4383762992125984
11
0.2516155511811023
21
1.4380592125984251
0
LINE
8
BLACK
6
CONTINUOUS
10
0.2516155511811023
20
1.4380592125984251
11
0.2517620472440945
21
1.4379985433070865
0
LINE
8
BLACK
6
CONTINUOUS
10
0.2517620472440945
20
1.4379985433070865
11
0.2519269291338583
21
1.437863188976378
0
LINE
8
BLACK
6
CONTINUOUS
10
0.2519269291338583
20
1.437863188976378
11
0.2521072834645669
21
1.4377496850393701
0
LINE
8
BLACK
6
CONTINUOUS
10
0.2521072834645669
20
1.4377496850393701
11
0.252211062992126
21
1.43763
0
LINE
8
BLACK
6
CONTINUOUS
10
0.252211062992126
20
1.43763
11
0.2526712598425197
21
1.4372523228346457
0
LINE
8
BLACK
6
CONTINUOUS
10
0.2526712598425197
20
1.4372523228346457
11
0.2555283858267716
21
1.4343951574803149
0
LINE
8
BLACK
6
CONTINUOUS
10
0.2555283858267716
20
1.4343951574803149
11
0.2559058661417323
21
1.433935157480315
0
LINE
8
BLACK
6
CONTINUOUS
10
0.2559058661417323
20
1.433935157480315
11
0.2560257086614173
21
1.4338312598425196
0
LINE
8
BLACK
6
CONTINUOUS
10
0.2560257086614173
20
1.4338312598425196
11
0.2561393700787402
21
1.4336506299212599
0
LINE
8
BLACK
6
CONTINUOUS
10
0.2561393700787402
20
1.4336506299212599
11
0.2562745669291339
21
1.4334859448818897
0
LINE
8
BLACK
6
CONTINUOUS
10
0.2562745669291339
20
1.4334859448818897
11
0.2563351574803149
21
1.4333396062992125
0
LINE
8
BLACK
6
CONTINUOUS
10
0.2563351574803149
20
1.4333396062992125
11
0.2566522834645669
21
1.4328358267716534
0
LINE
8
BLACK
6
CONTINUOUS
10
0.2566522834645669
20
1.4328358267716534
11
0.2595094094488189
21
1.4271215354330709
0
LINE
8
BLACK
6
CONTINUOUS
10
0.2595094094488189
20
1.4271215354330709
11
0.2599298031496063
21
1.4260229921259842
0
LINE
8
BLACK
6
CONTINUOUS
10
0.2599298031496063
20
1.4260229921259842
11
0.2599450787401575
21
1.4258079133858268
0
LINE
8
BLACK
6
CONTINUOUS
10
0.2599450787401575
20
1.4258079133858268
11
0.2600275590551181
21
1.4256088188976377
0
LINE
8
BLACK
6
CONTINUOUS
10
0.2600275590551181
20
1.4256088188976377
11
0.2601428346456693
21
1.4244382677165355
0
LINE
8
BLACK
6
CONTINUOUS
10
0.2601428346456693
20
1.4244382677165355
11
0.2601428346456693
21
1.4187240157480314
0
LINE
8
BLACK
6
CONTINUOUS
10
0.2601428346456693
20
1.4187240157480314
11
0.2600844881889764
21
1.4181317322834646
0
LINE
8
BLACK
6
CONTINUOUS
10
0.2600844881889764
20
1.4181317322834646
11
0.260095748031496
21
1.4179736220472441
0
LINE
8
BLACK
6
CONTINUOUS
10
0.260095748031496
20
1.4179736220472441
11
0.2600484251968504
21
1.417765590551181
0
LINE
8
BLACK
6
CONTINUOUS
10
0.2600484251968504
20
1.417765590551181
11
0.2600275590551181
21
1.4175534645669292
0
LINE
8
BLACK
6
CONTINUOUS
10
0.2600275590551181
20
1.4175534645669292
11
0.2599669291338583
21
1.4174070866141733
0
LINE
8
BLACK
6
CONTINUOUS
10
0.2599669291338583
20
1.4174070866141733
11
0.2598349606299212
21
1.4168266929133857
0
LINE
8
BLACK
6
CONTINUOUS
10
0.2598349606299212
20
1.4168266929133857
11
0.2569777952755906
21
1.4082551968503936
0
LINE
8
BLACK
6
CONTINUOUS
10
0.2569777952755906
20
1.4082551968503936
11
0.2564983070866141
21
1.4071811811023622
0
LINE
8
BLACK
6
CONTINUOUS
10
0.2564983070866141
20
1.4071811811023622
11
0.2563570472440945
21
1.407018346456693
0
LINE
8
BLACK
6
CONTINUOUS
10
0.2563570472440945
20
1.407018346456693
11
0.2562745669291339
21
1.4068191338582676
0
LINE
8
BLACK
6
CONTINUOUS
10
0.2562745669291339
20
1.4068191338582676
11
0.2555283464566929
21
1.4059099212598425
0
LINE
8
BLACK
6
CONTINUOUS
10
0.2555283464566929
20
1.4059099212598425
11
0.2314852755905512
21
1.3818668503937008
0
LINE
8
BLACK
6
CONTINUOUS
10
0.2314852755905512
20
1.3818668503937008
11
0.2541428346456693
21
1.3818668503937008
0
LINE
8
BLACK
6
CONTINUOUS
10
0.2541428346456693
20
1.3818668503937008
11
0.2553133858267717
21
1.3817515748031495
0
LINE
8
BLACK
6
CONTINUOUS
10
0.2553133858267717
20
1.3817515748031495
11
0.2574762598425197
21
1.3808556692913385
0
LINE
8
BLACK
6
CONTINUOUS
10
0.2574762598425197
20
1.3808556692913385
11
0.2591316535433071
21
1.3792002755905513
0
LINE
8
BLACK
6
CONTINUOUS
10
0.2591316535433071
20
1.3792002755905513
11
0.2600275590551181
21
1.377037401574803
0
LINE
8
BLACK
6
CONTINUOUS
10
0.2600275590551181
20
1.377037401574803
11
0.2600275590551181
21
1.3746962992125984
0
LINE
8
BLACK
6
CONTINUOUS
10
0.2600275590551181
20
1.3746962992125984
11
0.2591316535433071
21
1.3725334251968504
0
LINE
8
BLACK
6
CONTINUOUS
10
0.2591316535433071
20
1.3725334251968504
11
0.2574762598425197
21
1.3708780314960629
0
LINE
8
BLACK
6
CONTINUOUS
10
0.2574762598425197
20
1.3708780314960629
11
0.2553133858267717
21
1.369982125984252
0
LINE
8
BLACK
6
CONTINUOUS
10
0.2553133858267717
20
1.369982125984252
11
0.2541428346456693
21
1.3698668503937008
0
LINE
8
BLACK
6
CONTINUOUS
10
0.2541428346456693
20
1.3698668503937008
11
0.217
21
1.3698668503937008
0
LINE
8
BLACK
6
CONTINUOUS
10
0.217
20
1.3698668503937008
11
0.2158294488188976
21
1.369982125984252
0
LINE
8
BLACK
6
CONTINUOUS
10
0.2158294488188976
20
1.369982125984252
11
0.2136665748031496
21
1.3708780314960629
0
LINE
8
BLACK
6
CONTINUOUS
10
0.2136665748031496
20
1.3708780314960629
11
0.2120111811023622
21
1.3725334251968504
0
LINE
8
BLACK
6
CONTINUOUS
10
0.2120111811023622
20
1.3725334251968504
11
0.2111152755905512
21
1.3746962992125984
0
LINE
8
BLACK
6
CONTINUOUS
10
0.2111152755905512
20
1.3746962992125984
11
0.2111152755905512
21
1.377037401574803
0
LINE
8
BLACK
6
CONTINUOUS
10
0.2111152755905512
20
1.377037401574803
11
0.2120111811023622
21
1.3792002755905513
0
LINE
8
BLACK
6
CONTINUOUS
10
0.2120111811023622
20
1.3792002755905513
11
0.2127573622047244
21
1.3801094881889764
0
LINE
8
BLACK
6
CONTINUOUS
10
0.2127573622047244
20
1.3801094881889764
11
0.2460414960629921
21
1.4133936220472441
0
LINE
8
BLACK
6
CONTINUOUS
10
0.2460414960629921
20
1.4133936220472441
11
0.2481428346456693
21
1.4196975984251967
0
LINE
8
BLACK
6
CONTINUOUS
10
0.2481428346456693
20
1.4196975984251967
11
0.2481428346456693
21
1.4230218503937007
0
LINE
8
BLACK
6
CONTINUOUS
10
0.2481428346456693
20
1.4230218503937007
11
0.2463545669291339
21
1.4265983858267717
0
LINE
8
BLACK
6
CONTINUOUS
10
0.2463545669291339
20
1.4265983858267717
11
0.2448744094488189
21
1.4280785826771654
0
LINE
8
BLACK
6
CONTINUOUS
10
0.2448744094488189
20
1.4280785826771654
11
0.241297874015748
21
1.4298668503937007
0
LINE
8
BLACK
6
CONTINUOUS
10
0.241297874015748
20
1.4298668503937007
11
0.229845
21
1.4298668503937007
0
LINE
8
BLACK
6
CONTINUOUS
10
0.229845
20
1.4298668503937007
11
0.2262683858267716
21
1.4280785433070866
0
LINE
8
BLACK
6
CONTINUOUS
10
0.2262683858267716
20
1.4280785433070866
11
0.2240997637795276
21
1.4259099212598425
0
LINE
8
BLACK
6
CONTINUOUS
10
0.2240997637795276
20
1.4259099212598425
11
0.2231905511811024
21
1.4251637401574804
0
LINE
8
BLACK
6
CONTINUOUS
10
0.2231905511811024
20
1.4251637401574804
11
0.2210276771653543
21
1.4242678346456692
0
LINE
8
BLACK
6
CONTINUOUS
10
0.2210276771653543
20
1.4242678346456692
11
0.2186865748031496
21
1.4242678346456692
0
LINE
8
BLACK
6
CONTINUOUS
10
0.2186865748031496
20
1.4242678346456692
11
0.2165237007874016
21
1.4251637401574804
0
LINE
8
BLACK
6
CONTINUOUS
10
0.2165237007874016
20
1.4251637401574804
11
0.2148683070866142
21
1.4268191338582676
0
LINE
8
BLACK
6
CONTINUOUS
10
0.2148683070866142
20
1.4268191338582676
11
0.2139724015748032
21
1.4289820078740156
0
LINE
8
BLACK
6
CONTINUOUS
10
0.2139724015748032
20
1.4289820078740156
11
0.2139724015748032
21
1.4313231102362205
0
LINE
8
BLACK
6
CONTINUOUS
10
0.2139724015748032
20
1.4313231102362205
11
0.2148683070866142
21
1.4334859842519685
0
LINE
8
BLACK
6
CONTINUOUS
10
0.2148683070866142
20
1.4334859842519685
11
0.2156144881889764
21
1.4343951968503936
0
LINE
8
BLACK
6
CONTINUOUS
10
0.2156144881889764
20
1.4343951968503936
11
0.2184716535433071
21
1.4372523622047244
0
LINE
8
BLACK
6
CONTINUOUS
10
0.2184716535433071
20
1.4372523622047244
11
0.2189316141732283
21
1.437629842519685
0
LINE
8
BLACK
6
CONTINUOUS
10
0.2189316141732283
20
1.437629842519685
11
0.2190355905511811
21
1.4377497244094488
0
LINE
8
BLACK
6
CONTINUOUS
10
0.2190355905511811
20
1.4377497244094488
11
0.2192162204724409
21
1.4378634251968503
0
LINE
8
BLACK
6
CONTINUOUS
10
0.2192162204724409
20
1.4378634251968503
11
0.2193808661417323
21
1.4379985433070865
0
LINE
8
BLACK
6
CONTINUOUS
10
0.2193808661417323
20
1.4379985433070865
11
0.219527125984252
21
1.4380591338582678
0
LINE
8
BLACK
6
CONTINUOUS
10
0.219527125984252
20
1.4380591338582678
11
0.2200310236220472
21
1.4383762992125984
0
LINE
8
BLACK
6
CONTINUOUS
10
0.2200310236220472
20
1.4383762992125984
11
0.2257453149606299
21
1.4412334251968504
0
LINE
8
BLACK
6
CONTINUOUS
10
0.2257453149606299
20
1.4412334251968504
11
0.2268438582677165
21
1.4416538188976378
0
LINE
8
BLACK
6
CONTINUOUS
10
0.2268438582677165
20
1.4416538188976378
11
0.2270588976377953
21
1.4416690944881889
0
LINE
8
BLACK
6
CONTINUOUS
10
0.2270588976377953
20
1.4416690944881889
11
0.227258031496063
21
1.4417515748031495
0
LINE
8
BLACK
6
CONTINUOUS
10
0.227258031496063
20
1.4417515748031495
11
0.2284285826771653
21
1.4418668503937007
0
LINE
8
BLACK
6
CONTINUOUS
10
0.2284285826771653
20
1.4418668503937007
11
0.2427142913385827
21
1.4418668503937007
0
LINE
8
BLACK
6
CONTINUOUS
10
0.2427142913385827
20
1.4418668503937007
11
0.243884842519685
21
1.4417515748031495
0
LINE
8
BLACK
6
CONTINUOUS
10
0.186741968503937
20
1.4417515748031495
11
0.1869411811023622
21
1.4416690157480314
0
LINE
8
BLACK
6
CONTINUOUS
10
0.1869411811023622
20
1.4416690157480314
11
0.1871561417322835
21
1.441653779527559
0
LINE
8
BLACK
6
CONTINUOUS
10
0.1871561417322835
20
1.441653779527559
11
0.1882546850393701
21
1.4412334251968504
0
LINE
8
BLACK
6
CONTINUOUS
10
0.1882546850393701
20
1.4412334251968504
11
0.1939689763779527
21
1.4383762992125984
0
LINE
8
BLACK
6
CONTINUOUS
10
0.1939689763779527
20
1.4383762992125984
11
0.1944726771653543
21
1.4380592125984251
0
LINE
8
BLACK
6
CONTINUOUS
10
0.1944726771653543
20
1.4380592125984251
11
0.1946191732283465
21
1.4379985433070865
0
LINE
8
BLACK
6
CONTINUOUS
10
0.1946191732283465
20
1.4379985433070865
11
0.1947840551181102
21
1.437863188976378
0
LINE
8
BLACK
6
CONTINUOUS
10
0.1947840551181102
20
1.437863188976378
11
0.1949644094488189
21
1.4377496850393701
0
LINE
8
BLACK
6
CONTINUOUS
10
0.1949644094488189
20
1.4377496850393701
11
0.195068188976378
21
1.43763
0
LINE
8
BLACK
6
CONTINUOUS
10
0.195068188976378
20
1.43763
11
0.1955283858267717
21
1.4372523228346457
0
LINE
8
BLACK
6
CONTINUOUS
10
0.1955283858267717
20
1.4372523228346457
11
0.1983855118110236
21
1.4343951574803149
0
LINE
8
BLACK
6
CONTINUOUS
10
0.1983855118110236
20
1.4343951574803149
11
0.1987630708661417
21
1.4339350393700787
0
LINE
8
BLACK
6
CONTINUOUS
10
0.1987630708661417
20
1.4339350393700787
11
0.1988827952755906
21
1.4338312598425196
0
LINE
8
BLACK
6
CONTINUOUS
10
0.1988827952755906
20
1.4338312598425196
11
0.1989963779527559
21
1.4336507874015747
0
LINE
8
BLACK
6
CONTINUOUS
10
0.1989963779527559
20
1.4336507874015747
11
0.1991316929133858
21
1.4334859448818897
0
LINE
8
BLACK
6
CONTINUOUS
10
0.1991316929133858
20
1.4334859448818897
11
0.1991922834645669
21
1.4333395669291338
0
LINE
8
BLACK
6
CONTINUOUS
10
0.1991922834645669
20
1.4333395669291338
11
0.1995094094488189
21
1.4328358661417322
0
LINE
8
BLACK
6
CONTINUOUS
10
0.1995094094488189
20
1.4328358661417322
11
0.2023665748031496
21
1.4271215748031496
0
LINE
8
BLACK
6
CONTINUOUS
10
0.2023665748031496
20
1.4271215748031496
11
0.2027869291338583
21
1.4260230314960629
0
LINE
8
BLACK
6
CONTINUOUS
10
0.2027869291338583
20
1.4260230314960629
11
0.2028022047244094
21
1.4258079921259843
0
LINE
8
BLACK
6
CONTINUOUS
10
0.2028022047244094
20
1.4258079921259843
11
0.2028847244094488
21
1.4256088188976377
0
LINE
8
BLACK
6
CONTINUOUS
10
0.2028847244094488
20
1.4256088188976377
11
0.203
21
1.4244382677165355
0
LINE
8
BLACK
6
CONTINUOUS
10
0.203
20
1.4244382677165355
11
0.203
21
1.4158668503937009
0
LINE
8
BLACK
6
CONTINUOUS
10
0.203
20
1.4158668503937009
11
0.2028847244094488
21
1.4146962992125984
0
LINE
8
BLACK
6
CONTINUOUS
10
0.2028847244094488
20
1.4146962992125984
11
0.2028022047244094
21
1.4144970866141733
0
LINE
8
BLACK
6
CONTINUOUS
10
0.2028022047244094
20
1.4144970866141733
11
0.2027869291338583
21
1.4142820866141732
0
LINE
8
BLACK
6
CONTINUOUS
10
0.2027869291338583
20
1.4142820866141732
11
0.2023665748031496
21
1.4131835433070865
0
LINE
8
BLACK
6
CONTINUOUS
10
0.2023665748031496
20
1.4131835433070865
11
0.1995094094488189
21
1.4074692519685039
0
LINE
8
BLACK
6
CONTINUOUS
10
0.1995094094488189
20
1.4074692519685039
11
0.1991922440944882
21
1.4069654330708661
0
LINE
8
BLACK
6
CONTINUOUS
10
0.1991922440944882
20
1.4069654330708661
11
0.1991316535433071
21
1.4068191338582676
0
LINE
8
BLACK
6
CONTINUOUS
10
0.1991316535433071
20
1.4068191338582676
11
0.1989964173228346
21
1.4066543307086614
0
LINE
8
BLACK
6
CONTINUOUS
10
0.1989964173228346
20
1.4066543307086614
11
0.1988827952755906
21
1.4064738582677165
0
LINE
8
BLACK
6
CONTINUOUS
10
0.1988827952755906
20
1.4064738582677165
11
0.1987630708661417
21
1.4063699999999999
0
LINE
8
BLACK
6
CONTINUOUS
10
0.1987630708661417
20
1.4063699999999999
11
0.1983854724409449
21
1.4059099212598425
0
LINE
8
BLACK
6
CONTINUOUS
10
0.1983854724409449
20
1.4059099212598425
11
0.1955283464566929
21
1.4030527952755905
0
LINE
8
BLACK
6
CONTINUOUS
10
0.1955283464566929
20
1.4030527952755905
11
0.1950682283464567
21
1.4026751574803149
0
LINE
8
BLACK
6
CONTINUOUS
10
0.1950682283464567
20
1.4026751574803149
11
0.1949644094488189
21
1.4025554724409448
0
LINE
8
BLACK
6
CONTINUOUS
10
0.1949644094488189
20
1.4025554724409448
11
0.1947838976377953
21
1.4024418110236221
0
LINE
8
BLACK
6
CONTINUOUS
10
0.1947838976377953
20
1.4024418110236221
11
0.1946191338582677
21
1.4023066141732283
0
LINE
8
BLACK
6
CONTINUOUS
10
0.1946191338582677
20
1.4023066141732283
11
0.1944727952755906
21
1.4022459842519686
0
LINE
8
BLACK
6
CONTINUOUS
10
0.1944727952755906
20
1.4022459842519686
11
0.1939690157480315
21
1.4019288582677165
0
LINE
8
BLACK
6
CONTINUOUS
10
0.1939690157480315
20
1.4019288582677165
11
0.1882547244094488
21
1.3990716929133857
0
LINE
8
BLACK
6
CONTINUOUS
10
0.1882547244094488
20
1.3990716929133857
11
0.1871561811023622
21
1.3986513385826771
0
LINE
8
BLACK
6
CONTINUOUS
10
0.1871561811023622
20
1.3986513385826771
11
0.1869411417322835
21
1.3986360236220472
0
LINE
8
BLACK
6
CONTINUOUS
10
0.1869411417322835
20
1.3986360236220472
11
0.186741968503937
21
1.3985535433070866
0
LINE
8
BLACK
6
CONTINUOUS
10
0.186741968503937
20
1.3985535433070866
11
0.1855714173228346
21
1.3984382677165355
0
LINE
8
BLACK
6
CONTINUOUS
10
0.1855714173228346
20
1.3984382677165355
11
0.1687142913385827
21
1.3984382677165355
0
LINE
8
BLACK
6
CONTINUOUS
10
0.1687142913385827
20
1.3984382677165355
11
0.1687142913385827
21
1.3758668503937008
0
LINE
8
BLACK
6
CONTINUOUS
10
0.1687142913385827
20
1.3758668503937008
11
0.1685990157480315
21
1.3746962992125984
0
LINE
8
BLACK
6
CONTINUOUS
10
0.1685990157480315
20
1.3746962992125984
11
0.1677031102362205
21
1.3725334251968504
0
LINE
8
BLACK
6
CONTINUOUS
10
0.1677031102362205
20
1.3725334251968504
11
0.1660477165354331
21
1.3708780314960629
0
LINE
8
BLACK
6
CONTINUOUS
10
0.1660477165354331
20
1.3708780314960629
11
0.163884842519685
21
1.369982125984252
0
LINE
8
BLACK
6
CONTINUOUS
10
0.163884842519685
20
1.369982125984252
11
0.1615437401574803
21
1.369982125984252
0
LINE
8
BLACK
6
CONTINUOUS
10
0.1615437401574803
20
1.369982125984252
11
0.1593808661417323
21
1.3708780314960629
0
LINE
8
BLACK
6
CONTINUOUS
10
0.1593808661417323
20
1.3708780314960629
11
0.1577254724409449
21
1.3725334251968504
0
LINE
8
BLACK
6
CONTINUOUS
10
0.1577254724409449
20
1.3725334251968504
11
0.1568295669291339
21
1.3746962992125984
0
LINE
8
BLACK
6
CONTINUOUS
10
0.1568295669291339
20
1.3746962992125984
11
0.1567142913385827
21
1.3758668503937008
0
LINE
8
BLACK
6
CONTINUOUS
10
0.1567142913385827
20
1.3758668503937008
11
0.1567142913385827
21
1.4358668503937007
0
LINE
8
BLACK
6
CONTINUOUS
10
0.1567142913385827
20
1.4358668503937007
11
0.1568295669291339
21
1.4370374015748031
0
LINE
8
BLACK
6
CONTINUOUS
10
0.1568295669291339
20
1.4370374015748031
11
0.1577254724409449
21
1.4392002755905511
0
LINE
8
BLACK
6
CONTINUOUS
10
0.1577254724409449
20
1.4392002755905511
11
0.1593808661417323
21
1.4408556692913386
0
LINE
8
BLACK
6
CONTINUOUS
10
0.1593808661417323
20
1.4408556692913386
11
0.1615437401574803
21
1.4417515748031495
0
LINE
8
BLACK
6
CONTINUOUS
10
0.1615437401574803
20
1.4417515748031495
11
0.1627142913385827
21
1.4418668503937007
0
LINE
8
BLACK
6
CONTINUOUS
10
0.1627142913385827
20
1.4418668503937007
11
0.1855714173228346
21
1.4418668503937007
0
LINE
8
BLACK
6
CONTINUOUS
10
0.1855714173228346
20
1.4418668503937007
11
0.186741968503937
21
1.4417515748031495
0
LINE
8
BLACK
6
CONTINUOUS
10
0.1687142913385827
20
1.4104382677165355
11
0.1841549606299213
21
1.4104382677165355
0
LINE
8
BLACK
6
CONTINUOUS
10
0.1841549606299213
20
1.4104382677165355
11
0.1877315748031496
21
1.4122265748031495
0
LINE
8
BLACK
6
CONTINUOUS
10
0.1877315748031496
20
1.4122265748031495
11
0.1892116535433071
21
1.4137066535433072
0
LINE
8
BLACK
6
CONTINUOUS
10
0.1892116535433071
20
1.4137066535433072
11
0.191
21
1.4172833070866142
0
LINE
8
BLACK
6
CONTINUOUS
10
0.191
20
1.4172833070866142
11
0.191
21
1.4230217716535434
0
LINE
8
BLACK
6
CONTINUOUS
10
0.191
20
1.4230217716535434
11
0.1892116535433071
21
1.4265983858267717
0
LINE
8
BLACK
6
CONTINUOUS
10
0.1892116535433071
20
1.4265983858267717
11
0.1877315354330709
21
1.4280785826771654
0
LINE
8
BLACK
6
CONTINUOUS
10
0.1877315354330709
20
1.4280785826771654
11
0.184155
21
1.4298668503937007
0
LINE
8
BLACK
6
CONTINUOUS
10
0.184155
20
1.4298668503937007
11
0.1687142913385827
21
1.4298668503937007
0
LINE
8
BLACK
6
CONTINUOUS
10
0.1687142913385827
20
1.4298668503937007
11
0.1687142913385827
21
1.4104382677165355
0
LINE
8
BLACK
6
CONTINUOUS
10
1.3867419685039371
20
1.4417515748031495
11
1.3869411811023622
21
1.4416690157480314
0
LINE
8
BLACK
6
CONTINUOUS
10
1.3869411811023622
20
1.4416690157480314
11
1.3871561417322835
21
1.441653779527559
0
LINE
8
BLACK
6
CONTINUOUS
10
1.3871561417322835
20
1.441653779527559
11
1.38825468503937
21
1.4412334251968504
0
LINE
8
BLACK
6
CONTINUOUS
10
1.38825468503937
20
1.4412334251968504
11
1.3939689763779528
21
1.4383762992125984
0
LINE
8
BLACK
6
CONTINUOUS
10
1.3939689763779528
20
1.4383762992125984
11
1.3944726771653544
21
1.4380592125984251
0
LINE
8
BLACK
6
CONTINUOUS
10
1.3944726771653544
20
1.4380592125984251
11
1.3946191732283464
21
1.4379985433070865
0
LINE
8
BLACK
6
CONTINUOUS
10
1.3946191732283464
20
1.4379985433070865
11
1.3947840551181101
21
1.437863188976378
0
LINE
8
BLACK
6
CONTINUOUS
10
1.3947840551181101
20
1.437863188976378
11
1.3949644094488189
21
1.4377496850393701
0
LINE
8
BLACK
6
CONTINUOUS
10
1.3949644094488189
20
1.4377496850393701
11
1.3950681889763779
21
1.43763
0
LINE
8
BLACK
6
CONTINUOUS
10
1.3950681889763779
20
1.43763
11
1.3955283858267715
21
1.4372523228346457
0
LINE
8
BLACK
6
CONTINUOUS
10
1.3955283858267715
20
1.4372523228346457
11
1.3983855118110236
21
1.4343951574803149
0
LINE
8
BLACK
6
CONTINUOUS
10
1.3983855118110236
20
1.4343951574803149
11
1.3987630708661416
21
1.4339350393700787
0
LINE
8
BLACK
6
CONTINUOUS
10
1.3987630708661416
20
1.4339350393700787
11
1.3988827952755905
21
1.4338312598425196
0
LINE
8
BLACK
6
CONTINUOUS
10
1.3988827952755905
20
1.4338312598425196
11
1.3989963779527559
21
1.4336507874015747
0
LINE
8
BLACK
6
CONTINUOUS
10
1.3989963779527559
20
1.4336507874015747
11
1.3991316929133859
21
1.4334859448818897
0
LINE
8
BLACK
6
CONTINUOUS
10
1.3991316929133859
20
1.4334859448818897
11
1.3991922834645669
21
1.4333395669291338
0
LINE
8
BLACK
6
CONTINUOUS
10
1.3991922834645669
20
1.4333395669291338
11
1.399509409448819
21
1.4328358661417322
0
LINE
8
BLACK
6
CONTINUOUS
10
1.399509409448819
20
1.4328358661417322
11
1.4023665748031495
21
1.4271215748031496
0
LINE
8
BLACK
6
CONTINUOUS
10
1.4023665748031495
20
1.4271215748031496
11
1.4027869291338582
21
1.4260230314960629
0
LINE
8
BLACK
6
CONTINUOUS
10
1.4027869291338582
20
1.4260230314960629
11
1.4028022047244093
21
1.4258079921259843
0
LINE
8
BLACK
6
CONTINUOUS
10
1.4028022047244093
20
1.4258079921259843
11
1.4028847244094489
21
1.4256088188976377
0
LINE
8
BLACK
6
CONTINUOUS
10
1.4028847244094489
20
1.4256088188976377
11
1.403
21
1.4244382677165355
0
LINE
8
BLACK
6
CONTINUOUS
10
1.403
20
1.4244382677165355
11
1.403
21
1.4158668503937009
0
LINE
8
BLACK
6
CONTINUOUS
10
1.403
20
1.4158668503937009
11
1.4028847244094489
21
1.4146962992125984
0
LINE
8
BLACK
6
CONTINUOUS
10
1.4028847244094489
20
1.4146962992125984
11
1.4028022047244093
21
1.4144970866141733
0
LINE
8
BLACK
6
CONTINUOUS
10
1.4028022047244093
20
1.4144970866141733
11
1.4027869291338582
21
1.4142820866141732
0
LINE
8
BLACK
6
CONTINUOUS
10
1.4027869291338582
20
1.4142820866141732
11
1.4023665748031495
21
1.4131835433070865
0
LINE
8
BLACK
6
CONTINUOUS
10
1.4023665748031495
20
1.4131835433070865
11
1.399509409448819
21
1.4074692519685039
0
LINE
8
BLACK
6
CONTINUOUS
10
1.399509409448819
20
1.4074692519685039
11
1.3991922440944882
21
1.4069654330708661
0
LINE
8
BLACK
6
CONTINUOUS
10
1.3991922440944882
20
1.4069654330708661
11
1.3991316535433072
21
1.4068191338582676
0
LINE
8
BLACK
6
CONTINUOUS
10
1.3991316535433072
20
1.4068191338582676
11
1.3989964173228346
21
1.4066543307086614
0
LINE
8
BLACK
6
CONTINUOUS
10
1.3989964173228346
20
1.4066543307086614
11
1.3988827952755905
21
1.4064738582677165
0
LINE
8
BLACK
6
CONTINUOUS
10
1.3988827952755905
20
1.4064738582677165
11
1.3987630708661416
21
1.4063699999999999
0
LINE
8
BLACK
6
CONTINUOUS
10
1.3987630708661416
20
1.4063699999999999
11
1.3983854724409448
21
1.4059099212598425
0
LINE
8
BLACK
6
CONTINUOUS
10
1.3983854724409448
20
1.4059099212598425
11
1.395528346456693
21
1.4030527952755905
0
LINE
8
BLACK
6
CONTINUOUS
10
1.395528346456693
20
1.4030527952755905
11
1.3950682283464566
21
1.4026751574803149
0
LINE
8
BLACK
6
CONTINUOUS
10
1.3950682283464566
20
1.4026751574803149
11
1.3949644094488189
21
1.4025554724409448
0
LINE
8
BLACK
6
CONTINUOUS
10
1.3949644094488189
20
1.4025554724409448
11
1.3947838976377953
21
1.4024418110236221
0
LINE
8
BLACK
6
CONTINUOUS
10
1.3947838976377953
20
1.4024418110236221
11
1.3946191338582676
21
1.4023066141732283
0
LINE
8
BLACK
6
CONTINUOUS
10
1.3946191338582676
20
1.4023066141732283
11
1.3944727952755904
21
1.4022459842519686
0
LINE
8
BLACK
6
CONTINUOUS
10
1.3944727952755904
20
1.4022459842519686
11
1.3939690157480316
21
1.4019288582677165
0
LINE
8
BLACK
6
CONTINUOUS
10
1.3939690157480316
20
1.4019288582677165
11
1.3882547244094487
21
1.3990716929133857
0
LINE
8
BLACK
6
CONTINUOUS
10
1.3882547244094487
20
1.3990716929133857
11
1.3871561811023623
21
1.3986513385826771
0
LINE
8
BLACK
6
CONTINUOUS
10
1.3871561811023623
20
1.3986513385826771
11
1.3869411417322834
21
1.3986360236220472
0
LINE
8
BLACK
6
CONTINUOUS
10
1.3869411417322834
20
1.3986360236220472
11
1.3867419685039371
21
1.3985535433070866
0
LINE
8
BLACK
6
CONTINUOUS
10
1.3867419685039371
20
1.3985535433070866
11
1.3855714173228346
21
1.3984382677165355
0
LINE
8
BLACK
6
CONTINUOUS
10
1.3855714173228346
20
1.3984382677165355
11
1.3687142913385826
21
1.3984382677165355
0
LINE
8
BLACK
6
CONTINUOUS
10
1.3687142913385826
20
1.3984382677165355
11
1.3687142913385826
21
1.3758668503937008
0
LINE
8
BLACK
6
CONTINUOUS
10
1.3687142913385826
20
1.3758668503937008
11
1.3685990157480314
21
1.3746962992125984
0
LINE
8
BLACK
6
CONTINUOUS
10
1.3685990157480314
20
1.3746962992125984
11
1.3677031102362205
21
1.3725334251968504
0
LINE
8
BLACK
6
CONTINUOUS
10
1.3677031102362205
20
1.3725334251968504
11
1.366047716535433
21
1.3708780314960629
0
LINE
8
BLACK
6
CONTINUOUS
10
1.366047716535433
20
1.3708780314960629
11
1.363884842519685
21
1.369982125984252
0
LINE
8
BLACK
6
CONTINUOUS
10
1.363884842519685
20
1.369982125984252
11
1.3615437401574804
21
1.369982125984252
0
LINE
8
BLACK
6
CONTINUOUS
10
1.3615437401574804
20
1.369982125984252
11
1.3593808661417321
21
1.3708780314960629
0
LINE
8
BLACK
6
CONTINUOUS
10
1.3593808661417321
20
1.3708780314960629
11
1.3577254724409449
21
1.3725334251968504
0
LINE
8
BLACK
6
CONTINUOUS
10
1.3577254724409449
20
1.3725334251968504
11
1.3568295669291339
21
1.3746962992125984
0
LINE
8
BLACK
6
CONTINUOUS
10
1.3568295669291339
20
1.3746962992125984
11
1.3567142913385826
21
1.3758668503937008
0
LINE
8
BLACK
6
CONTINUOUS
10
1.3567142913385826
20
1.3758668503937008
11
1.3567142913385826
21
1.4358668503937007
0
LINE
8
BLACK
6
CONTINUOUS
10
1.3567142913385826
20
1.4358668503937007
11
1.3568295669291339
21
1.4370374015748031
0
LINE
8
BLACK
6
CONTINUOUS
10
1.3568295669291339
20
1.4370374015748031
11
1.3577254724409449
21
1.4392002755905511
0
LINE
8
BLACK
6
CONTINUOUS
10
1.3577254724409449
20
1.4392002755905511
11
1.3593808661417321
21
1.4408556692913386
0
LINE
8
BLACK
6
CONTINUOUS
10
1.3593808661417321
20
1.4408556692913386
11
1.3615437401574804
21
1.4417515748031495
0
LINE
8
BLACK
6
CONTINUOUS
10
1.3615437401574804
20
1.4417515748031495
11
1.3627142913385826
21
1.4418668503937007
0
LINE
8
BLACK
6
CONTINUOUS
10
1.3627142913385826
20
1.4418668503937007
11
1.3855714173228346
21
1.4418668503937007
0
LINE
8
BLACK
6
CONTINUOUS
10
1.3855714173228346
20
1.4418668503937007
11
1.3867419685039371
21
1.4417515748031495
0
LINE
8
BLACK
6
CONTINUOUS
10
1.3687142913385826
20
1.4104382677165355
11
1.3841549606299213
21
1.4104382677165355
0
LINE
8
BLACK
6
CONTINUOUS
10
1.3841549606299213
20
1.4104382677165355
11
1.3877315748031496
21
1.4122265748031495
0
LINE
8
BLACK
6
CONTINUOUS
10
1.3877315748031496
20
1.4122265748031495
11
1.389211653543307
21
1.4137066535433072
0
LINE
8
BLACK
6
CONTINUOUS
10
1.389211653543307
20
1.4137066535433072
11
1.391
21
1.4172833070866142
0
LINE
8
BLACK
6
CONTINUOUS
10
1.391
20
1.4172833070866142
11
1.391
21
1.4230217716535434
0
LINE
8
BLACK
6
CONTINUOUS
10
1.391
20
1.4230217716535434
11
1.389211653543307
21
1.4265983858267717
0
LINE
8
BLACK
6
CONTINUOUS
10
1.389211653543307
20
1.4265983858267717
11
1.3877315354330708
21
1.4280785826771654
0
LINE
8
BLACK
6
CONTINUOUS
10
1.3877315354330708
20
1.4280785826771654
11
1.384155
21
1.4298668503937007
0
LINE
8
BLACK
6
CONTINUOUS
10
1.384155
20
1.4298668503937007
11
1.3687142913385826
21
1.4298668503937007
0
LINE
8
BLACK
6
CONTINUOUS
10
1.3687142913385826
20
1.4298668503937007
11
1.3687142913385826
21
1.4104382677165355
0
LINE
8
BLACK
6
CONTINUOUS
10
1.4371142519685038
20
1.4439366141732284
11
1.4388827952755905
21
1.4424027165354329
0
LINE
8
BLACK
6
CONTINUOUS
10
1.4388827952755905
20
1.4424027165354329
11
1.4399297637795274
21
1.4403087795275591
0
LINE
8
BLACK
6
CONTINUOUS
10
1.4399297637795274
20
1.4403087795275591
11
1.440095748031496
21
1.4379736220472441
0
LINE
8
BLACK
6
CONTINUOUS
10
1.440095748031496
20
1.4379736220472441
11
1.4398349212598425
21
1.436826653543307
0
LINE
8
BLACK
6
CONTINUOUS
10
1.4398349212598425
20
1.436826653543307
11
1.428181653543307
21
1.4018668503937008
0
LINE
8
BLACK
6
CONTINUOUS
10
1.428181653543307
20
1.4018668503937008
11
1.4424285826771652
21
1.4018668503937008
0
LINE
8
BLACK
6
CONTINUOUS
10
1.4424285826771652
20
1.4018668503937008
11
1.4424285826771652
21
1.4158668503937009
0
LINE
8
BLACK
6
CONTINUOUS
10
1.4424285826771652
20
1.4158668503937009
11
1.4425438582677166
21
1.4170374015748031
0
LINE
8
BLACK
6
CONTINUOUS
10
1.4425438582677166
20
1.4170374015748031
11
1.4434397637795275
21
1.4192002755905511
0
LINE
8
BLACK
6
CONTINUOUS
10
1.4434397637795275
20
1.4192002755905511
11
1.445095157480315
21
1.4208556692913386
0
LINE
8
BLACK
6
CONTINUOUS
10
1.445095157480315
20
1.4208556692913386
11
1.447258031496063
21
1.4217515748031495
0
LINE
8
BLACK
6
CONTINUOUS
10
1.447258031496063
20
1.4217515748031495
11
1.4495991338582677
21
1.4217515748031495
0
LINE
8
BLACK
6
CONTINUOUS
10
1.4495991338582677
20
1.4217515748031495
11
1.4517620078740157
21
1.4208556692913386
0
LINE
8
BLACK
6
CONTINUOUS
10
1.4517620078740157
20
1.4208556692913386
11
1.4534174015748031
21
1.4192002755905511
0
LINE
8
BLACK
6
CONTINUOUS
10
1.4534174015748031
20
1.4192002755905511
11
1.4543133070866141
21
1.4170374015748031
0
LINE
8
BLACK
6
CONTINUOUS
10
1.4543133070866141
20
1.4170374015748031
11
1.4544285826771652
21
1.4158668503937009
0
LINE
8
BLACK
6
CONTINUOUS
10
1.4544285826771652
20
1.4158668503937009
11
1.4544285826771652
21
1.4018668503937008
0
LINE
8
BLACK
6
CONTINUOUS
10
1.4544285826771652
20
1.4018668503937008
11
1.4570000000000001
21
1.4018668503937008
0
LINE
8
BLACK
6
CONTINUOUS
10
1.4570000000000001
20
1.4018668503937008
11
1.4581705511811023
21
1.4017515748031495
0
LINE
8
BLACK
6
CONTINUOUS
10
1.4581705511811023
20
1.4017515748031495
11
1.4603334251968503
21
1.4008556692913385
0
LINE
8
BLACK
6
CONTINUOUS
10
1.4603334251968503
20
1.4008556692913385
11
1.4619888188976378
21
1.399200275590551
0
LINE
8
BLACK
6
CONTINUOUS
10
1.4619888188976378
20
1.399200275590551
11
1.4628847244094487
21
1.3970374015748031
0
LINE
8
BLACK
6
CONTINUOUS
10
1.4628847244094487
20
1.3970374015748031
11
1.4628847244094487
21
1.3946962992125984
0
LINE
8
BLACK
6
CONTINUOUS
10
1.4628847244094487
20
1.3946962992125984
11
1.4619888188976378
21
1.3925334251968504
0
LINE
8
BLACK
6
CONTINUOUS
10
1.4619888188976378
20
1.3925334251968504
11
1.4603334251968503
21
1.3908780314960629
0
LINE
8
BLACK
6
CONTINUOUS
10
1.4603334251968503
20
1.3908780314960629
11
1.4581705511811023
21
1.389982125984252
0
LINE
8
BLACK
6
CONTINUOUS
10
1.4581705511811023
20
1.389982125984252
11
1.4570000000000001
21
1.3898668503937008
0
LINE
8
BLACK
6
CONTINUOUS
10
1.4570000000000001
20
1.3898668503937008
11
1.4544285826771652
21
1.3898668503937008
0
LINE
8
BLACK
6
CONTINUOUS
10
1.4544285826771652
20
1.3898668503937008
11
1.4544285826771652
21
1.3758668503937008
0
LINE
8
BLACK
6
CONTINUOUS
10
1.4544285826771652
20
1.3758668503937008
11
1.4543133070866141
21
1.3746962992125984
0
LINE
8
BLACK
6
CONTINUOUS
10
1.4543133070866141
20
1.3746962992125984
11
1.4534174015748031
21
1.3725334251968504
0
LINE
8
BLACK
6
CONTINUOUS
10
1.4534174015748031
20
1.3725334251968504
11
1.4517620078740157
21
1.3708780314960629
0
LINE
8
BLACK
6
CONTINUOUS
10
1.4517620078740157
20
1.3708780314960629
11
1.4495991338582677
21
1.369982125984252
0
LINE
8
BLACK
6
CONTINUOUS
10
1.4495991338582677
20
1.369982125984252
11
1.447258031496063
21
1.369982125984252
0
LINE
8
BLACK
6
CONTINUOUS
10
1.447258031496063
20
1.369982125984252
11
1.445095157480315
21
1.3708780314960629
0
LINE
8
BLACK
6
CONTINUOUS
10
1.445095157480315
20
1.3708780314960629
11
1.4434397637795275
21
1.3725334251968504
0
LINE
8
BLACK
6
CONTINUOUS
10
1.4434397637795275
20
1.3725334251968504
11
1.4425438582677166
21
1.3746962992125984
0
LINE
8
BLACK
6
CONTINUOUS
10
1.4425438582677166
20
1.3746962992125984
11
1.4424285826771652
21
1.3758668503937008
0
LINE
8
BLACK
6
CONTINUOUS
10
1.4424285826771652
20
1.3758668503937008
11
1.4424285826771652
21
1.3898668503937008
0
LINE
8
BLACK
6
CONTINUOUS
10
1.4424285826771652
20
1.3898668503937008
11
1.4198571259842518
21
1.3898668503937008
0
LINE
8
BLACK
6
CONTINUOUS
10
1.4198571259842518
20
1.3898668503937008
11
1.419264842519685
21
1.3899251574803149
0
LINE
8
BLACK
6
CONTINUOUS
10
1.419264842519685
20
1.3899251574803149
11
1.4191066929133858
21
1.3899139370078739
0
LINE
8
BLACK
6
CONTINUOUS
10
1.4191066929133858
20
1.3899139370078739
11
1.4189924803149605
21
1.389951968503937
0
LINE
8
BLACK
6
CONTINUOUS
10
1.4189924803149605
20
1.389951968503937
11
1.4186865748031496
21
1.389982125984252
0
LINE
8
BLACK
6
CONTINUOUS
10
1.4186865748031496
20
1.389982125984252
11
1.4177982677165355
21
1.3903500393700787
0
LINE
8
BLACK
6
CONTINUOUS
10
1.4177982677165355
20
1.3903500393700787
11
1.416885748031496
21
1.3906542519685039
0
LINE
8
BLACK
6
CONTINUOUS
10
1.416885748031496
20
1.3906542519685039
11
1.4167228346456693
21
1.3907955118110236
0
LINE
8
BLACK
6
CONTINUOUS
10
1.4167228346456693
20
1.3907955118110236
11
1.4165237007874016
21
1.3908780314960629
0
LINE
8
BLACK
6
CONTINUOUS
10
1.4165237007874016
20
1.3908780314960629
11
1.4158437401574804
21
1.3915579527559054
0
LINE
8
BLACK
6
CONTINUOUS
10
1.4158437401574804
20
1.3915579527559054
11
1.4151171653543306
21
1.3921881496062991
0
LINE
8
BLACK
6
CONTINUOUS
10
1.4151171653543306
20
1.3921881496062991
11
1.415020748031496
21
1.3923809842519685
0
LINE
8
BLACK
6
CONTINUOUS
10
1.415020748031496
20
1.3923809842519685
11
1.4148683070866142
21
1.3925334251968504
0
LINE
8
BLACK
6
CONTINUOUS
10
1.4148683070866142
20
1.3925334251968504
11
1.4145002362204724
21
1.3934219685039371
0
LINE
8
BLACK
6
CONTINUOUS
10
1.4145002362204724
20
1.3934219685039371
11
1.4140701968503937
21
1.3942820866141732
0
LINE
8
BLACK
6
CONTINUOUS
10
1.4140701968503937
20
1.3942820866141732
11
1.4140548818897638
21
1.3944970866141733
0
LINE
8
BLACK
6
CONTINUOUS
10
1.4140548818897638
20
1.3944970866141733
11
1.4139724015748032
21
1.3946962992125984
0
LINE
8
BLACK
6
CONTINUOUS
10
1.4139724015748032
20
1.3946962992125984
11
1.4139724015748032
21
1.3956579133858267
0
LINE
8
BLACK
6
CONTINUOUS
10
1.4139724015748032
20
1.3956579133858267
11
1.4139042125984251
21
1.3966172834645669
0
LINE
8
BLACK
6
CONTINUOUS
10
1.4139042125984251
20
1.3966172834645669
11
1.4139724015748032
21
1.3969171259842519
0
LINE
8
BLACK
6
CONTINUOUS
10
1.4139724015748032
20
1.3969171259842519
11
1.4139724015748032
21
1.3970374015748031
0
LINE
8
BLACK
6
CONTINUOUS
10
1.4139724015748032
20
1.3970374015748031
11
1.414033031496063
21
1.397183779527559
0
LINE
8
BLACK
6
CONTINUOUS
10
1.414033031496063
20
1.397183779527559
11
1.4141650393700786
21
1.3977642125984251
0
LINE
8
BLACK
6
CONTINUOUS
10
1.4141650393700786
20
1.3977642125984251
11
1.4284507480314961
21
1.4406214173228347
0
LINE
8
BLACK
6
CONTINUOUS
10
1.4284507480314961
20
1.4406214173228347
11
1.4289302755905511
21
1.441695433070866
0
LINE
8
BLACK
6
CONTINUOUS
10
1.4289302755905511
20
1.441695433070866
11
1.4304641338582678
21
1.4434640157480314
0
LINE
8
BLACK
6
CONTINUOUS
10
1.4304641338582678
20
1.4434640157480314
11
1.4325580708661416
21
1.4445109448818898
0
LINE
8
BLACK
6
CONTINUOUS
10
1.4325580708661416
20
1.4445109448818898
11
1.4348932677165354
21
1.4446769291338581
0
LINE
8
BLACK
6
CONTINUOUS
10
1.4348932677165354
20
1.4446769291338581
11
1.4371142519685038
21
1.4439366141732284
0
LINE
8
BLACK
6
CONTINUOUS
10
0.496715748031496
20
1.5679275196850393
11
0.4968464566929134
21
1.567873346456693
0
LINE
8
BLACK
6
CONTINUOUS
10
0.4968464566929134
20
1.567873346456693
11
0.4969875590551181
21
1.5678633464566929
0
LINE
8
BLACK
6
CONTINUOUS
10
0.4969875590551181
20
1.5678633464566929
11
0.4977083464566929
21
1.5675875196850393
0
LINE
8
BLACK
6
CONTINUOUS
10
0.4977083464566929
20
1.5675875196850393
11
0.501457874015748
21
1.5657127559055117
0
LINE
8
BLACK
6
CONTINUOUS
10
0.501457874015748
20
1.5657127559055117
11
0.5017884251968504
21
1.5655046456692914
0
LINE
8
BLACK
6
CONTINUOUS
10
0.5017884251968504
20
1.5655046456692914
11
0.5018844881889764
21
1.5654648818897638
0
LINE
8
BLACK
6
CONTINUOUS
10
0.5018844881889764
20
1.5654648818897638
11
0.5019925984251968
21
1.5653761417322833
0
LINE
8
BLACK
6
CONTINUOUS
10
0.5019925984251968
20
1.5653761417322833
11
0.5021110236220472
21
1.5653016141732283
0
LINE
8
BLACK
6
CONTINUOUS
10
0.5021110236220472
20
1.5653016141732283
11
0.502179094488189
21
1.5652230708661417
0
LINE
8
BLACK
6
CONTINUOUS
10
0.502179094488189
20
1.5652230708661417
11
0.5024811023622047
21
1.5649752755905511
0
LINE
8
BLACK
6
CONTINUOUS
10
0.5024811023622047
20
1.5649752755905511
11
0.5062306299212598
21
1.5612257480314959
0
LINE
8
BLACK
6
CONTINUOUS
10
0.5062306299212598
20
1.5612257480314959
11
0.5067202362204725
21
1.5606291338582676
0
LINE
8
BLACK
6
CONTINUOUS
10
0.5067202362204725
20
1.5606291338582676
11
0.5068322440944881
21
1.5603587007874016
0
LINE
8
BLACK
6
CONTINUOUS
10
0.5068322440944881
20
1.5603587007874016
11
0.5070065354330708
21
1.5601235039370078
0
LINE
8
BLACK
6
CONTINUOUS
10
0.5070065354330708
20
1.5601235039370078
11
0.5072661811023622
21
1.5593967322834645
0
LINE
8
BLACK
6
CONTINUOUS
10
0.5072661811023622
20
1.5593967322834645
11
0.5091409448818898
21
1.5518976771653543
0
LINE
8
BLACK
6
CONTINUOUS
10
0.5091409448818898
20
1.5518976771653543
11
0.5091606299212599
21
1.551764527559055
0
LINE
8
BLACK
6
CONTINUOUS
10
0.5091606299212599
20
1.551764527559055
11
0.509182874015748
21
1.5517108661417323
0
LINE
8
BLACK
6
CONTINUOUS
10
0.509182874015748
20
1.5517108661417323
11
0.5092113385826772
21
1.5514214566929134
0
LINE
8
BLACK
6
CONTINUOUS
10
0.5092113385826772
20
1.5514214566929134
11
0.5092538582677165
21
1.5511341732283463
0
LINE
8
BLACK
6
CONTINUOUS
10
0.5092538582677165
20
1.5511341732283463
11
0.5092452755905512
21
1.5510767322834644
0
LINE
8
BLACK
6
CONTINUOUS
10
0.5092452755905512
20
1.5510767322834644
11
0.5092585039370079
21
1.5509427952755905
0
LINE
8
BLACK
6
CONTINUOUS
10
0.5092585039370079
20
1.5509427952755905
11
0.5092585039370079
21
1.5378194488188976
0
LINE
8
BLACK
6
CONTINUOUS
10
0.5092585039370079
20
1.5378194488188976
11
0.5092452755905512
21
1.5376854724409448
0
LINE
8
BLACK
6
CONTINUOUS
10
0.5092452755905512
20
1.5376854724409448
11
0.5092538582677165
21
1.5376280708661416
0
LINE
8
BLACK
6
CONTINUOUS
10
0.5092538582677165
20
1.5376280708661416
11
0.5092113385826772
21
1.537340748031496
0
LINE
8
BLACK
6
CONTINUOUS
10
0.5092113385826772
20
1.537340748031496
11
0.509182874015748
21
1.5370513779527559
0
LINE
8
BLACK
6
CONTINUOUS
10
0.509182874015748
20
1.5370513779527559
11
0.5091606299212599
21
1.5369976771653544
0
LINE
8
BLACK
6
CONTINUOUS
10
0.5091606299212599
20
1.5369976771653544
11
0.5091409448818898
21
1.5368645669291339
0
LINE
8
BLACK
6
CONTINUOUS
10
0.5091409448818898
20
1.5368645669291339
11
0.5072661811023622
21
1.5293655118110236
0
LINE
8
BLACK
6
CONTINUOUS
10
0.5072661811023622
20
1.5293655118110236
11
0.5070065354330708
21
1.5286387401574804
0
LINE
8
BLACK
6
CONTINUOUS
10
0.5070065354330708
20
1.5286387401574804
11
0.5068322440944881
21
1.5284035039370079
0
LINE
8
BLACK
6
CONTINUOUS
10
0.5068322440944881
20
1.5284035039370079
11
0.5067202362204725
21
1.5281331102362203
0
LINE
8
BLACK
6
CONTINUOUS
10
0.5067202362204725
20
1.5281331102362203
11
0.5062306299212598
21
1.527536496062992
0
LINE
8
BLACK
6
CONTINUOUS
10
0.5062306299212598
20
1.527536496062992
11
0.5024811023622047
21
1.5237869685039369
0
LINE
8
BLACK
6
CONTINUOUS
10
0.5024811023622047
20
1.5237869685039369
11
0.5021792519685039
21
1.5235392519685038
0
LINE
8
BLACK
6
CONTINUOUS
10
0.5021792519685039
20
1.5235392519685038
11
0.5021111023622047
21
1.5234606692913386
0
LINE
8
BLACK
6
CONTINUOUS
10
0.5021111023622047
20
1.5234606692913386
11
0.5019925590551181
21
1.5233860629921259
0
LINE
8
BLACK
6
CONTINUOUS
10
0.5019925590551181
20
1.5233860629921259
11
0.5018844881889764
21
1.5232973622047243
0
LINE
8
BLACK
6
CONTINUOUS
10
0.5018844881889764
20
1.5232973622047243
11
0.5017884251968504
21
1.5232575590551181
0
LINE
8
BLACK
6
CONTINUOUS
10
0.5017884251968504
20
1.5232575590551181
11
0.5014579133858268
21
1.523049527559055
0
LINE
8
BLACK
6
CONTINUOUS
10
0.5014579133858268
20
1.523049527559055
11
0.4977083858267716
21
1.5211747244094487
0
LINE
8
BLACK
6
CONTINUOUS
10
0.4977083858267716
20
1.5211747244094487
11
0.4969875984251969
21
1.5208988582677165
0
LINE
8
BLACK
6
CONTINUOUS
10
0.4969875984251969
20
1.5208988582677165
11
0.4968464173228346
21
1.5208888188976377
0
LINE
8
BLACK
6
CONTINUOUS
10
0.4968464173228346
20
1.5208888188976377
11
0.496715748031496
21
1.5208346850393701
0
LINE
8
BLACK
6
CONTINUOUS
10
0.496715748031496
20
1.5208346850393701
11
0.4959476771653543
21
1.5207590551181103
0
LINE
8
BLACK
6
CONTINUOUS
10
0.4959476771653543
20
1.5207590551181103
11
0.4884486220472441
21
1.5207590551181103
0
LINE
8
BLACK
6
CONTINUOUS
10
0.4884486220472441
20
1.5207590551181103
11
0.4876805511811024
21
1.5208346850393701
0
LINE
8
BLACK
6
CONTINUOUS
10
0.4876805511811024
20
1.5208346850393701
11
0.4875498031496063
21
1.5208888188976377
0
LINE
8
BLACK
6
CONTINUOUS
10
0.4875498031496063
20
1.5208888188976377
11
0.4874087401574803
21
1.5208988582677165
0
LINE
8
BLACK
6
CONTINUOUS
10
0.4874087401574803
20
1.5208988582677165
11
0.4866879133858268
21
1.5211747244094487
0
LINE
8
BLACK
6
CONTINUOUS
10
0.4866879133858268
20
1.5211747244094487
11
0.4829383858267716
21
1.523049527559055
0
LINE
8
BLACK
6
CONTINUOUS
10
0.4829383858267716
20
1.523049527559055
11
0.482607874015748
21
1.5232575196850393
0
LINE
8
BLACK
6
CONTINUOUS
10
0.482607874015748
20
1.5232575196850393
11
0.4825118110236221
21
1.5232973622047243
0
LINE
8
BLACK
6
CONTINUOUS
10
0.4825118110236221
20
1.5232973622047243
11
0.4824035826771653
21
1.5233861417322834
0
LINE
8
BLACK
6
CONTINUOUS
10
0.4824035826771653
20
1.5233861417322834
11
0.4822852362204724
21
1.5234606692913386
0
LINE
8
BLACK
6
CONTINUOUS
10
0.4822852362204724
20
1.5234606692913386
11
0.482217125984252
21
1.5235391338582678
0
LINE
8
BLACK
6
CONTINUOUS
10
0.482217125984252
20
1.5235391338582678
11
0.4819151968503937
21
1.5237869685039369
0
LINE
8
BLACK
6
CONTINUOUS
10
0.4819151968503937
20
1.5237869685039369
11
0.4781656692913386
21
1.527536496062992
0
LINE
8
BLACK
6
CONTINUOUS
10
0.4781656692913386
20
1.527536496062992
11
0.4776760629921259
21
1.5281331102362203
0
LINE
8
BLACK
6
CONTINUOUS
10
0.4776760629921259
20
1.5281331102362203
11
0.4775640157480315
21
1.5284035039370079
0
LINE
8
BLACK
6
CONTINUOUS
10
0.4775640157480315
20
1.5284035039370079
11
0.4773897637795275
21
1.5286387401574804
0
LINE
8
BLACK
6
CONTINUOUS
10
0.4773897637795275
20
1.5286387401574804
11
0.4771301181102362
21
1.5293655511811024
0
LINE
8
BLACK
6
CONTINUOUS
10
0.4771301181102362
20
1.5293655511811024
11
0.4752553543307086
21
1.5368645669291339
0
LINE
8
BLACK
6
CONTINUOUS
10
0.4752553543307086
20
1.5368645669291339
11
0.4752356299212598
21
1.5369976771653544
0
LINE
8
BLACK
6
CONTINUOUS
10
0.4752356299212598
20
1.5369976771653544
11
0.4752134251968504
21
1.5370513779527559
0
LINE
8
BLACK
6
CONTINUOUS
10
0.4752134251968504
20
1.5370513779527559
11
0.4751849212598425
21
1.537340748031496
0
LINE
8
BLACK
6
CONTINUOUS
10
0.4751849212598425
20
1.537340748031496
11
0.4751424409448819
21
1.5376280708661416
0
LINE
8
BLACK
6
CONTINUOUS
10
0.4751424409448819
20
1.5376280708661416
11
0.4751509842519685
21
1.5376854724409448
0
LINE
8
BLACK
6
CONTINUOUS
10
0.4751509842519685
20
1.5376854724409448
11
0.4751377952755905
21
1.5378194488188976
0
LINE
8
BLACK
6
CONTINUOUS
10
0.4751377952755905
20
1.5378194488188976
11
0.4751377952755905
21
1.5509427952755905
0
LINE
8
BLACK
6
CONTINUOUS
10
0.4751377952755905
20
1.5509427952755905
11
0.4751509842519685
21
1.5510767322834644
0
LINE
8
BLACK
6
CONTINUOUS
10
0.4751509842519685
20
1.5510767322834644
11
0.4751424409448819
21
1.5511341732283463
0
LINE
8
BLACK
6
CONTINUOUS
10
0.4751424409448819
20
1.5511341732283463
11
0.4751849212598425
21
1.5514214566929134
0
LINE
8
BLACK
6
CONTINUOUS
10
0.4751849212598425
20
1.5514214566929134
11
0.4752134251968504
21
1.5517108661417323
0
LINE
8
BLACK
6
CONTINUOUS
10
0.4752134251968504
20
1.5517108661417323
11
0.4752356299212598
21
1.551764527559055
0
LINE
8
BLACK
6
CONTINUOUS
10
0.4752356299212598
20
1.551764527559055
11
0.4752553543307086
21
1.5518976771653543
0
LINE
8
BLACK
6
CONTINUOUS
10
0.4752553543307086
20
1.5518976771653543
11
0.4771301181102362
21
1.5593966929133858
0
LINE
8
BLACK
6
CONTINUOUS
10
0.4771301181102362
20
1.5593966929133858
11
0.4773897637795275
21
1.5601235039370078
0
LINE
8
BLACK
6
CONTINUOUS
10
0.4773897637795275
20
1.5601235039370078
11
0.4775640157480315
21
1.5603587007874016
0
LINE
8
BLACK
6
CONTINUOUS
10
0.4775640157480315
20
1.5603587007874016
11
0.4776760629921259
21
1.5606291338582676
0
LINE
8
BLACK
6
CONTINUOUS
10
0.4776760629921259
20
1.5606291338582676
11
0.4781656692913386
21
1.5612257480314959
0
LINE
8
BLACK
6
CONTINUOUS
10
0.4781656692913386
20
1.5612257480314959
11
0.4819151968503937
21
1.5649752755905511
0
LINE
8
BLACK
6
CONTINUOUS
10
0.4819151968503937
20
1.5649752755905511
11
0.4822170078740157
21
1.5652229527559054
0
LINE
8
BLACK
6
CONTINUOUS
10
0.4822170078740157
20
1.5652229527559054
11
0.4822852362204724
21
1.5653016141732283
0
LINE
8
BLACK
6
CONTINUOUS
10
0.4822852362204724
20
1.5653016141732283
11
0.482403779527559
21
1.5653762204724408
0
LINE
8
BLACK
6
CONTINUOUS
10
0.482403779527559
20
1.5653762204724408
11
0.4825118110236221
21
1.5654648818897638
0
LINE
8
BLACK
6
CONTINUOUS
10
0.4825118110236221
20
1.5654648818897638
11
0.4826077559055118
21
1.5655046062992126
0
LINE
8
BLACK
6
CONTINUOUS
10
0.4826077559055118
20
1.5655046062992126
11
0.4829384251968504
21
1.5657127559055117
0
LINE
8
BLACK
6
CONTINUOUS
10
0.4829384251968504
20
1.5657127559055117
11
0.4866879133858268
21
1.5675875196850393
0
LINE
8
BLACK
6
CONTINUOUS
10
0.4866879133858268
20
1.5675875196850393
11
0.4874087401574803
21
1.5678633464566929
0
LINE
8
BLACK
6
CONTINUOUS
10
0.4874087401574803
20
1.5678633464566929
11
0.4875498031496063
21
1.567873346456693
0
LINE
8
BLACK
6
CONTINUOUS
10
0.4875498031496063
20
1.567873346456693
11
0.4876805511811024
21
1.5679275196850393
0
LINE
8
BLACK
6
CONTINUOUS
10
0.4876805511811024
20
1.5679275196850393
11
0.4884486220472441
21
1.5680031496062992
0
LINE
8
BLACK
6
CONTINUOUS
10
0.4884486220472441
20
1.5680031496062992
11
0.4959476771653543
21
1.5680031496062992
0
LINE
8
BLACK
6
CONTINUOUS
10
0.4959476771653543
20
1.5680031496062992
11
0.496715748031496
21
1.5679275196850393
0
LINE
8
BLACK
6
CONTINUOUS
10
0.4870312598425197
20
1.5589557480314959
11
0.4845045275590551
21
1.5564290157480314
0
LINE
8
BLACK
6
CONTINUOUS
10
0.4845045275590551
20
1.5564290157480314
11
0.4830118110236221
21
1.5504581496062992
0
LINE
8
BLACK
6
CONTINUOUS
10
0.4830118110236221
20
1.5504581496062992
11
0.4830118110236221
21
1.5383040944881889
0
LINE
8
BLACK
6
CONTINUOUS
10
0.4830118110236221
20
1.5383040944881889
11
0.4845045275590551
21
1.5323332283464566
0
LINE
8
BLACK
6
CONTINUOUS
10
0.4845045275590551
20
1.5323332283464566
11
0.4870312992125984
21
1.5298064173228345
0
LINE
8
BLACK
6
CONTINUOUS
10
0.4870312992125984
20
1.5298064173228345
11
0.4893779921259843
21
1.5286330708661418
0
LINE
8
BLACK
6
CONTINUOUS
10
0.4893779921259843
20
1.5286330708661418
11
0.4950183070866142
21
1.5286330708661418
0
LINE
8
BLACK
6
CONTINUOUS
10
0.4950183070866142
20
1.5286330708661418
11
0.4973649606299212
21
1.5298064173228345
0
LINE
8
BLACK
6
CONTINUOUS
10
0.4973649606299212
20
1.5298064173228345
11
0.4998917716535433
21
1.5323332283464566
0
LINE
8
BLACK
6
CONTINUOUS
10
0.4998917716535433
20
1.5323332283464566
11
0.5013844881889764
21
1.5383040551181102
0
LINE
8
BLACK
6
CONTINUOUS
10
0.5013844881889764
20
1.5383040551181102
11
0.5013844881889764
21
1.5504581496062992
0
LINE
8
BLACK
6
CONTINUOUS
10
0.5013844881889764
20
1.5504581496062992
11
0.4998917716535433
21
1.5564289763779526
0
LINE
8
BLACK
6
CONTINUOUS
10
0.4998917716535433
20
1.5564289763779526
11
0.4973650393700788
21
1.5589557086614172
0
LINE
8
BLACK
6
CONTINUOUS
10
0.4973650393700788
20
1.5589557086614172
11
0.4950182677165354
21
1.5601291338582677
0
LINE
8
BLACK
6
CONTINUOUS
10
0.4950182677165354
20
1.5601291338582677
11
0.489378031496063
21
1.5601291338582677
0
LINE
8
BLACK
6
CONTINUOUS
10
0.489378031496063
20
1.5601291338582677
11
0.4870312598425197
21
1.5589557480314959
0
LINE
8
BLACK
6
CONTINUOUS
10
0.5867044881889764
20
1.5679275196850393
11
0.5881237007874016
21
1.5673396456692914
0
LINE
8
BLACK
6
CONTINUOUS
10
0.5881237007874016
20
1.5673396456692914
11
0.5892099212598425
21
1.5662534251968503
0
LINE
8
BLACK
6
CONTINUOUS
10
0.5892099212598425
20
1.5662534251968503
11
0.5897977952755905
21
1.5648342125984251
0
LINE
8
BLACK
6
CONTINUOUS
10
0.5897977952755905
20
1.5648342125984251
11
0.5897977952755905
21
1.5632980708661417
0
LINE
8
BLACK
6
CONTINUOUS
10
0.5897977952755905
20
1.5632980708661417
11
0.5892099212598425
21
1.5618788582677166
0
LINE
8
BLACK
6
CONTINUOUS
10
0.5892099212598425
20
1.5618788582677166
11
0.5881237007874016
21
1.5607926377952757
0
LINE
8
BLACK
6
CONTINUOUS
10
0.5881237007874016
20
1.5607926377952757
11
0.5867044881889764
21
1.5602047637795275
0
LINE
8
BLACK
6
CONTINUOUS
10
0.5867044881889764
20
1.5602047637795275
11
0.5859364173228346
21
1.5601291338582677
0
LINE
8
BLACK
6
CONTINUOUS
10
0.5859364173228346
20
1.5601291338582677
11
0.5711257874015748
21
1.5601291338582677
0
LINE
8
BLACK
6
CONTINUOUS
10
0.5711257874015748
20
1.5601291338582677
11
0.5711257874015748
21
1.5492555118110236
0
LINE
8
BLACK
6
CONTINUOUS
10
0.5711257874015748
20
1.5492555118110236
11
0.580312125984252
21
1.5492555118110236
0
LINE
8
BLACK
6
CONTINUOUS
10
0.580312125984252
20
1.5492555118110236
11
0.5810801968503937
21
1.5491798818897637
0
LINE
8
BLACK
6
CONTINUOUS
10
0.5810801968503937
20
1.5491798818897637
11
0.5824994094488188
21
1.5485920078740156
0
LINE
8
BLACK
6
CONTINUOUS
10
0.5824994094488188
20
1.5485920078740156
11
0.5835856299212598
21
1.5475057874015747
0
LINE
8
BLACK
6
CONTINUOUS
10
0.5835856299212598
20
1.5475057874015747
11
0.5841735039370078
21
1.5460865748031496
0
LINE
8
BLACK
6
CONTINUOUS
10
0.5841735039370078
20
1.5460865748031496
11
0.5841735039370078
21
1.5445504330708661
0
LINE
8
BLACK
6
CONTINUOUS
10
0.5841735039370078
20
1.5445504330708661
11
0.5835856299212598
21
1.543131220472441
0
LINE
8
BLACK
6
CONTINUOUS
10
0.5835856299212598
20
1.543131220472441
11
0.5824994094488188
21
1.5420449999999999
0
LINE
8
BLACK
6
CONTINUOUS
10
0.5824994094488188
20
1.5420449999999999
11
0.5810801968503937
21
1.541457125984252
0
LINE
8
BLACK
6
CONTINUOUS
10
0.5810801968503937
20
1.541457125984252
11
0.580312125984252
21
1.5413814960629921
0
LINE
8
BLACK
6
CONTINUOUS
10
0.580312125984252
20
1.5413814960629921
11
0.5711257874015748
21
1.5413814960629921
0
LINE
8
BLACK
6
CONTINUOUS
10
0.5711257874015748
20
1.5413814960629921
11
0.5711257874015748
21
1.5286330708661418
0
LINE
8
BLACK
6
CONTINUOUS
10
0.5711257874015748
20
1.5286330708661418
11
0.5859364173228346
21
1.5286330708661418
0
LINE
8
BLACK
6
CONTINUOUS
10
0.5859364173228346
20
1.5286330708661418
11
0.5867044881889764
21
1.5285574409448819
0
LINE
8
BLACK
6
CONTINUOUS
10
0.5867044881889764
20
1.5285574409448819
11
0.5881237007874016
21
1.5279695669291338
0
LINE
8
BLACK
6
CONTINUOUS
10
0.5881237007874016
20
1.5279695669291338
11
0.5892099212598425
21
1.5268833464566929
0
LINE
8
BLACK
6
CONTINUOUS
10
0.5892099212598425
20
1.5268833464566929
11
0.5897977952755905
21
1.5254641338582677
0
LINE
8
BLACK
6
CONTINUOUS
10
0.5897977952755905
20
1.5254641338582677
11
0.5897977952755905
21
1.5239279921259843
0
LINE
8
BLACK
6
CONTINUOUS
10
0.5897977952755905
20
1.5239279921259843
11
0.5892099212598425
21
1.5225087795275589
0
LINE
8
BLACK
6
CONTINUOUS
10
0.5892099212598425
20
1.5225087795275589
11
0.5881237007874016
21
1.521422559055118
0
LINE
8
BLACK
6
CONTINUOUS
10
0.5881237007874016
20
1.521422559055118
11
0.5867044881889764
21
1.5208346850393701
0
LINE
8
BLACK
6
CONTINUOUS
10
0.5867044881889764
20
1.5208346850393701
11
0.5859364173228346
21
1.5207590551181103
0
LINE
8
BLACK
6
CONTINUOUS
10
0.5859364173228346
20
1.5207590551181103
11
0.5671887795275591
21
1.5207590551181103
0
LINE
8
BLACK
6
CONTINUOUS
10
0.5671887795275591
20
1.5207590551181103
11
0.5664207086614174
21
1.5208346850393701
0
LINE
8
BLACK
6
CONTINUOUS
10
0.5664207086614174
20
1.5208346850393701
11
0.5650014960629921
21
1.521422559055118
0
LINE
8
BLACK
6
CONTINUOUS
10
0.5650014960629921
20
1.521422559055118
11
0.5639152755905512
21
1.5225087795275589
0
LINE
8
BLACK
6
CONTINUOUS
10
0.5639152755905512
20
1.5225087795275589
11
0.5633274015748031
21
1.5239279921259843
0
LINE
8
BLACK
6
CONTINUOUS
10
0.5633274015748031
20
1.5239279921259843
11
0.5632517716535433
21
1.524696062992126
0
LINE
8
BLACK
6
CONTINUOUS
10
0.5632517716535433
20
1.524696062992126
11
0.5632517716535433
21
1.5640661417322834
0
LINE
8
BLACK
6
CONTINUOUS
10
0.5632517716535433
20
1.5640661417322834
11
0.5633274015748031
21
1.5648342125984251
0
LINE
8
BLACK
6
CONTINUOUS
10
0.5633274015748031
20
1.5648342125984251
11
0.5639152755905512
21
1.5662534251968503
0
LINE
8
BLACK
6
CONTINUOUS
10
0.5639152755905512
20
1.5662534251968503
11
0.5650014960629921
21
1.5673396456692914
0
LINE
8
BLACK
6
CONTINUOUS
10
0.5650014960629921
20
1.5673396456692914
11
0.5664207086614174
21
1.5679275196850393
0
LINE
8
BLACK
6
CONTINUOUS
10
0.5664207086614174
20
1.5679275196850393
11
0.5671887795275591
21
1.5680031496062992
0
LINE
8
BLACK
6
CONTINUOUS
10
0.5671887795275591
20
1.5680031496062992
11
0.5859364173228346
21
1.5680031496062992
0
LINE
8
BLACK
6
CONTINUOUS
10
0.5859364173228346
20
1.5680031496062992
11
0.5867044881889764
21
1.5679275196850393
0
LINE
8
BLACK
6
CONTINUOUS
10
0.6185755118110237
20
1.5679275196850393
11
0.6187062204724409
21
1.567873346456693
0
LINE
8
BLACK
6
CONTINUOUS
10
0.6187062204724409
20
1.567873346456693
11
0.6188473228346456
21
1.5678633464566929
0
LINE
8
BLACK
6
CONTINUOUS
10
0.6188473228346456
20
1.5678633464566929
11
0.6195681102362205
21
1.5675875196850393
0
LINE
8
BLACK
6
CONTINUOUS
10
0.6195681102362205
20
1.5675875196850393
11
0.6233176377952756
21
1.5657127559055117
0
LINE
8
BLACK
6
CONTINUOUS
10
0.6233176377952756
20
1.5657127559055117
11
0.623648188976378
21
1.5655046456692914
0
LINE
8
BLACK
6
CONTINUOUS
10
0.623648188976378
20
1.5655046456692914
11
0.6237442519685039
21
1.5654648818897638
0
LINE
8
BLACK
6
CONTINUOUS
10
0.6237442519685039
20
1.5654648818897638
11
0.6238523622047244
21
1.5653761417322833
0
LINE
8
BLACK
6
CONTINUOUS
10
0.6238523622047244
20
1.5653761417322833
11
0.6239707874015747
21
1.5653016141732283
0
LINE
8
BLACK
6
CONTINUOUS
10
0.6239707874015747
20
1.5653016141732283
11
0.6240388582677165
21
1.5652230708661417
0
LINE
8
BLACK
6
CONTINUOUS
10
0.6240388582677165
20
1.5652230708661417
11
0.6243408661417322
21
1.5649752755905511
0
LINE
8
BLACK
6
CONTINUOUS
10
0.6243408661417322
20
1.5649752755905511
11
0.626215590551181
21
1.5631005118110235
0
LINE
8
BLACK
6
CONTINUOUS
10
0.626215590551181
20
1.5631005118110235
11
0.6264633070866141
21
1.5627986614173228
0
LINE
8
BLACK
6
CONTINUOUS
10
0.6264633070866141
20
1.5627986614173228
11
0.626541968503937
21
1.5627304724409448
0
LINE
8
BLACK
6
CONTINUOUS
10
0.626541968503937
20
1.5627304724409448
11
0.6266164960629921
21
1.5626120078740158
0
LINE
8
BLACK
6
CONTINUOUS
10
0.6266164960629921
20
1.5626120078740158
11
0.6267052362204725
21
1.5625039370078739
0
LINE
8
BLACK
6
CONTINUOUS
10
0.6267052362204725
20
1.5625039370078739
11
0.626745
21
1.5624078346456693
0
LINE
8
BLACK
6
CONTINUOUS
10
0.626745
20
1.5624078346456693
11
0.6269531102362205
21
1.5620772834645669
0
LINE
8
BLACK
6
CONTINUOUS
10
0.6269531102362205
20
1.5620772834645669
11
0.628827874015748
21
1.5583277952755905
0
LINE
8
BLACK
6
CONTINUOUS
10
0.628827874015748
20
1.5583277952755905
11
0.6291037007874015
21
1.5576069685039369
0
LINE
8
BLACK
6
CONTINUOUS
10
0.6291037007874015
20
1.5576069685039369
11
0.6291137007874016
21
1.5574658661417322
0
LINE
8
BLACK
6
CONTINUOUS
10
0.6291137007874016
20
1.5574658661417322
11
0.629167874015748
21
1.5573351574803149
0
LINE
8
BLACK
6
CONTINUOUS
10
0.629167874015748
20
1.5573351574803149
11
0.6292435039370079
21
1.5565670866141732
0
LINE
8
BLACK
6
CONTINUOUS
10
0.6292435039370079
20
1.5565670866141732
11
0.6292435039370079
21
1.5509427952755905
0
LINE
8
BLACK
6
CONTINUOUS
10
0.6292435039370079
20
1.5509427952755905
11
0.629167874015748
21
1.5501747244094488
0
LINE
8
BLACK
6
CONTINUOUS
10
0.629167874015748
20
1.5501747244094488
11
0.6291137007874016
21
1.5500439763779528
0
LINE
8
BLACK
6
CONTINUOUS
10
0.6291137007874016
20
1.5500439763779528
11
0.6291037007874015
21
1.5499029133858266
0
LINE
8
BLACK
6
CONTINUOUS
10
0.6291037007874015
20
1.5499029133858266
11
0.628827874015748
21
1.5491820866141732
0
LINE
8
BLACK
6
CONTINUOUS
10
0.628827874015748
20
1.5491820866141732
11
0.6269531102362205
21
1.5454325984251969
0
LINE
8
BLACK
6
CONTINUOUS
10
0.6269531102362205
20
1.5454325984251969
11
0.626745
21
1.5451020078740156
0
LINE
8
BLACK
6
CONTINUOUS
10
0.626745
20
1.5451020078740156
11
0.6267052362204725
21
1.5450059448818898
0
LINE
8
BLACK
6
CONTINUOUS
10
0.6267052362204725
20
1.5450059448818898
11
0.6266164960629921
21
1.5448978346456692
0
LINE
8
BLACK
6
CONTINUOUS
10
0.6266164960629921
20
1.5448978346456692
11
0.626541968503937
21
1.5447794094488188
0
LINE
8
BLACK
6
CONTINUOUS
10
0.626541968503937
20
1.5447794094488188
11
0.6264633070866141
21
1.5447111811023622
0
LINE
8
BLACK
6
CONTINUOUS
10
0.6264633070866141
20
1.5447111811023622
11
0.626215590551181
21
1.54440937007874
0
LINE
8
BLACK
6
CONTINUOUS
10
0.626215590551181
20
1.54440937007874
11
0.6243408661417322
21
1.5425346062992125
0
LINE
8
BLACK
6
CONTINUOUS
10
0.6243408661417322
20
1.5425346062992125
11
0.6240388582677165
21
1.5422867716535433
0
LINE
8
BLACK
6
CONTINUOUS
10
0.6240388582677165
20
1.5422867716535433
11
0.6239707874015747
21
1.5422082677165354
0
LINE
8
BLACK
6
CONTINUOUS
10
0.6239707874015747
20
1.5422082677165354
11
0.6238523622047244
21
1.5421337007874016
0
LINE
8
BLACK
6
CONTINUOUS
10
0.6238523622047244
20
1.5421337007874016
11
0.6237442519685039
21
1.5420449999999999
0
LINE
8
BLACK
6
CONTINUOUS
10
0.6237442519685039
20
1.5420449999999999
11
0.623648188976378
21
1.5420051968503936
0
LINE
8
BLACK
6
CONTINUOUS
10
0.623648188976378
20
1.5420051968503936
11
0.6233176377952756
21
1.541797125984252
0
LINE
8
BLACK
6
CONTINUOUS
10
0.6233176377952756
20
1.541797125984252
11
0.6195681102362205
21
1.5399223622047244
0
LINE
8
BLACK
6
CONTINUOUS
10
0.6195681102362205
20
1.5399223622047244
11
0.6194779527559054
21
1.5398878346456693
0
LINE
8
BLACK
6
CONTINUOUS
10
0.6194779527559054
20
1.5398878346456693
11
0.628531811023622
21
1.526953779527559
0
LINE
8
BLACK
6
CONTINUOUS
10
0.628531811023622
20
1.526953779527559
11
0.6289103149606299
21
1.5262811811023622
0
LINE
8
BLACK
6
CONTINUOUS
10
0.6289103149606299
20
1.5262811811023622
11
0.6292425984251968
21
1.5247813779527559
0
LINE
8
BLACK
6
CONTINUOUS
10
0.6292425984251968
20
1.5247813779527559
11
0.6289756299212599
21
1.523268622047244
0
LINE
8
BLACK
6
CONTINUOUS
10
0.6289756299212599
20
1.523268622047244
11
0.6281500787401575
21
1.5219731496062991
0
LINE
8
BLACK
6
CONTINUOUS
10
0.6281500787401575
20
1.5219731496062991
11
0.6268916141732284
21
1.5210922440944881
0
LINE
8
BLACK
6
CONTINUOUS
10
0.6268916141732284
20
1.5210922440944881
11
0.6253918503937008
21
1.5207599606299211
0
LINE
8
BLACK
6
CONTINUOUS
10
0.6253918503937008
20
1.5207599606299211
11
0.6238790551181103
21
1.5210269291338583
0
LINE
8
BLACK
6
CONTINUOUS
10
0.6238790551181103
20
1.5210269291338583
11
0.6225835826771653
21
1.5218524803149607
0
LINE
8
BLACK
6
CONTINUOUS
10
0.6225835826771653
20
1.5218524803149607
11
0.6220811811023622
21
1.5224383464566928
0
LINE
8
BLACK
6
CONTINUOUS
10
0.6220811811023622
20
1.5224383464566928
11
0.6101333464566929
21
1.5395067322834646
0
LINE
8
BLACK
6
CONTINUOUS
10
0.6101333464566929
20
1.5395067322834646
11
0.6067463385826771
21
1.5395067322834646
0
LINE
8
BLACK
6
CONTINUOUS
10
0.6067463385826771
20
1.5395067322834646
11
0.6067463385826771
21
1.524696062992126
0
LINE
8
BLACK
6
CONTINUOUS
10
0.6067463385826771
20
1.524696062992126
11
0.6066707086614173
21
1.5239279921259843
0
LINE
8
BLACK
6
CONTINUOUS
10
0.6066707086614173
20
1.5239279921259843
11
0.6060828346456693
21
1.5225087795275589
0
LINE
8
BLACK
6
CONTINUOUS
10
0.6060828346456693
20
1.5225087795275589
11
0.6049966141732284
21
1.521422559055118
0
LINE
8
BLACK
6
CONTINUOUS
10
0.6049966141732284
20
1.521422559055118
11
0.6035774015748031
21
1.5208346850393701
0
LINE
8
BLACK
6
CONTINUOUS
10
0.6035774015748031
20
1.5208346850393701
11
0.6020412598425197
21
1.5208346850393701
0
LINE
8
BLACK
6
CONTINUOUS
10
0.6020412598425197
20
1.5208346850393701
11
0.6006220472440945
21
1.521422559055118
0
LINE
8
BLACK
6
CONTINUOUS
10
0.6006220472440945
20
1.521422559055118
11
0.5995358267716535
21
1.5225087795275589
0
LINE
8
BLACK
6
CONTINUOUS
10
0.5995358267716535
20
1.5225087795275589
11
0.5989479527559055
21
1.5239279921259843
0
LINE
8
BLACK
6
CONTINUOUS
10
0.5989479527559055
20
1.5239279921259843
11
0.5988723228346456
21
1.524696062992126
0
LINE
8
BLACK
6
CONTINUOUS
10
0.5988723228346456
20
1.524696062992126
11
0.5988723228346456
21
1.5640661417322834
0
LINE
8
BLACK
6
CONTINUOUS
10
0.5988723228346456
20
1.5640661417322834
11
0.5989479527559055
21
1.5648342125984251
0
LINE
8
BLACK
6
CONTINUOUS
10
0.5989479527559055
20
1.5648342125984251
11
0.5995358267716535
21
1.5662534251968503
0
LINE
8
BLACK
6
CONTINUOUS
10
0.5995358267716535
20
1.5662534251968503
11
0.6006220472440945
21
1.5673396456692914
0
LINE
8
BLACK
6
CONTINUOUS
10
0.6006220472440945
20
1.5673396456692914
11
0.6020412598425197
21
1.5679275196850393
0
LINE
8
BLACK
6
CONTINUOUS
10
0.6020412598425197
20
1.5679275196850393
11
0.6028093307086614
21
1.5680031496062992
0
LINE
8
BLACK
6
CONTINUOUS
10
0.6028093307086614
20
1.5680031496062992
11
0.6178074409448818
21
1.5680031496062992
0
LINE
8
BLACK
6
CONTINUOUS
10
0.6178074409448818
20
1.5680031496062992
11
0.6185755118110237
21
1.5679275196850393
0
LINE
8
BLACK
6
CONTINUOUS
10
0.6067463385826771
20
1.5473807480314961
11
0.616878031496063
21
1.5473807480314961
0
LINE
8
BLACK
6
CONTINUOUS
10
0.616878031496063
20
1.5473807480314961
11
0.619224842519685
21
1.5485541732283463
0
LINE
8
BLACK
6
CONTINUOUS
10
0.619224842519685
20
1.5485541732283463
11
0.6201960629921259
21
1.5495253543307086
0
LINE
8
BLACK
6
CONTINUOUS
10
0.6201960629921259
20
1.5495253543307086
11
0.6213694881889764
21
1.5518722047244093
0
LINE
8
BLACK
6
CONTINUOUS
10
0.6213694881889764
20
1.5518722047244093
11
0.6213694881889764
21
1.5556376771653544
0
LINE
8
BLACK
6
CONTINUOUS
10
0.6213694881889764
20
1.5556376771653544
11
0.6201960629921259
21
1.5579844881889764
0
LINE
8
BLACK
6
CONTINUOUS
10
0.6201960629921259
20
1.5579844881889764
11
0.619224842519685
21
1.5589556692913384
0
LINE
8
BLACK
6
CONTINUOUS
10
0.619224842519685
20
1.5589556692913384
11
0.616878031496063
21
1.5601291338582677
0
LINE
8
BLACK
6
CONTINUOUS
10
0.616878031496063
20
1.5601291338582677
11
0.6067463385826771
21
1.5601291338582677
0
LINE
8
BLACK
6
CONTINUOUS
10
0.6067463385826771
20
1.5601291338582677
11
0.6067463385826771
21
1.5473807480314961
0
LINE
8
BLACK
6
CONTINUOUS
10
0.5198144881889764
20
1.5677572440944882
11
0.5211227559055118
21
1.5669521653543306
0
LINE
8
BLACK
6
CONTINUOUS
10
0.5211227559055118
20
1.5669521653543306
11
0.5220233464566929
21
1.5657077165354329
0
LINE
8
BLACK
6
CONTINUOUS
10
0.5220233464566929
20
1.5657077165354329
11
0.522274842519685
21
1.5649780314960628
0
LINE
8
BLACK
6
CONTINUOUS
10
0.522274842519685
20
1.5649780314960628
11
0.5280347637795275
21
1.5407861417322835
0
LINE
8
BLACK
6
CONTINUOUS
10
0.5280347637795275
20
1.5407861417322835
11
0.5315137007874016
21
1.5538320078740158
0
LINE
8
BLACK
6
CONTINUOUS
10
0.5315137007874016
20
1.5538320078740158
11
0.5315811811023622
21
1.5540119685039371
0
LINE
8
BLACK
6
CONTINUOUS
10
0.5315811811023622
20
1.5540119685039371
11
0.5315912204724409
21
1.5540875196850394
0
LINE
8
BLACK
6
CONTINUOUS
10
0.5315912204724409
20
1.5540875196850394
11
0.5316430708661417
21
1.5541771259842518
0
LINE
8
BLACK
6
CONTINUOUS
10
0.5316430708661417
20
1.5541771259842518
11
0.5317846456692913
21
1.5545546456692914
0
LINE
8
BLACK
6
CONTINUOUS
10
0.5317846456692913
20
1.5545546456692914
11
0.5321006299212598
21
1.5549674409448819
0
LINE
8
BLACK
6
CONTINUOUS
10
0.5321006299212598
20
1.5549674409448819
11
0.5323608661417323
21
1.555416968503937
0
LINE
8
BLACK
6
CONTINUOUS
10
0.5323608661417323
20
1.555416968503937
11
0.5325633464566929
21
1.5555719291338583
0
LINE
8
BLACK
6
CONTINUOUS
10
0.5325633464566929
20
1.5555719291338583
11
0.5327183464566929
21
1.5557744488188976
0
LINE
8
BLACK
6
CONTINUOUS
10
0.5327183464566929
20
1.5557744488188976
11
0.5331679133858268
21
1.5560347244094488
0
LINE
8
BLACK
6
CONTINUOUS
10
0.5331679133858268
20
1.5560347244094488
11
0.5335806692913385
21
1.5563506692913385
0
LINE
8
BLACK
6
CONTINUOUS
10
0.5335806692913385
20
1.5563506692913385
11
0.533827125984252
21
1.5564163779527558
0
LINE
8
BLACK
6
CONTINUOUS
10
0.533827125984252
20
1.5564163779527558
11
0.5340477952755905
21
1.5565441338582677
0
LINE
8
BLACK
6
CONTINUOUS
10
0.5340477952755905
20
1.5565441338582677
11
0.5345628346456692
21
1.5566125590551181
0
LINE
8
BLACK
6
CONTINUOUS
10
0.5345628346456692
20
1.5566125590551181
11
0.5350649606299213
21
1.5567464566929134
0
LINE
8
BLACK
6
CONTINUOUS
10
0.5350649606299213
20
1.5567464566929134
11
0.535317716535433
21
1.5567128346456693
0
LINE
8
BLACK
6
CONTINUOUS
10
0.535317716535433
20
1.5567128346456693
11
0.5355705511811023
21
1.5567464566929134
0
LINE
8
BLACK
6
CONTINUOUS
10
0.5355705511811023
20
1.5567464566929134
11
0.5360728346456692
21
1.5566124803149606
0
LINE
8
BLACK
6
CONTINUOUS
10
0.5360728346456692
20
1.5566124803149606
11
0.536587716535433
21
1.556544094488189
0
LINE
8
BLACK
6
CONTINUOUS
10
0.536587716535433
20
1.556544094488189
11
0.5368082283464567
21
1.5564164173228345
0
LINE
8
BLACK
6
CONTINUOUS
10
0.5368082283464567
20
1.5564164173228345
11
0.537054842519685
21
1.5563506692913385
0
LINE
8
BLACK
6
CONTINUOUS
10
0.537054842519685
20
1.5563506692913385
11
0.5374676377952756
21
1.5560346456692913
0
LINE
8
BLACK
6
CONTINUOUS
10
0.5374676377952756
20
1.5560346456692913
11
0.5379171653543307
21
1.5557744488188976
0
LINE
8
BLACK
6
CONTINUOUS
10
0.5379171653543307
20
1.5557744488188976
11
0.5380721259842519
21
1.5555719291338583
0
LINE
8
BLACK
6
CONTINUOUS
10
0.5380721259842519
20
1.5555719291338583
11
0.5382746456692913
21
1.555416968503937
0
LINE
8
BLACK
6
CONTINUOUS
10
0.5382746456692913
20
1.555416968503937
11
0.5385349212598425
21
1.5549673228346457
0
LINE
8
BLACK
6
CONTINUOUS
10
0.5385349212598425
20
1.5549673228346457
11
0.5388508661417323
21
1.5545546456692914
0
LINE
8
BLACK
6
CONTINUOUS
10
0.5388508661417323
20
1.5545546456692914
11
0.5389923228346457
21
1.5541773622047244
0
LINE
8
BLACK
6
CONTINUOUS
10
0.5389923228346457
20
1.5541773622047244
11
0.5390443307086614
21
1.554087559055118
0
LINE
8
BLACK
6
CONTINUOUS
10
0.5390443307086614
20
1.554087559055118
11
0.5390543700787401
21
1.5540118897637796
0
LINE
8
BLACK
6
CONTINUOUS
10
0.5390543700787401
20
1.5540118897637796
11
0.5391218503937008
21
1.553831968503937
0
LINE
8
BLACK
6
CONTINUOUS
10
0.5391218503937008
20
1.553831968503937
11
0.5426007086614173
21
1.5407861417322835
0
LINE
8
BLACK
6
CONTINUOUS
10
0.5426007086614173
20
1.5407861417322835
11
0.5483607086614173
21
1.5649780314960628
0
LINE
8
BLACK
6
CONTINUOUS
10
0.5483607086614173
20
1.5649780314960628
11
0.5486122047244094
21
1.5657077165354329
0
LINE
8
BLACK
6
CONTINUOUS
10
0.5486122047244094
20
1.5657077165354329
11
0.5495127952755905
21
1.5669521653543306
0
LINE
8
BLACK
6
CONTINUOUS
10
0.5495127952755905
20
1.5669521653543306
11
0.550821062992126
21
1.5677572440944882
0
LINE
8
BLACK
6
CONTINUOUS
10
0.550821062992126
20
1.5677572440944882
11
0.552337874015748
21
1.5680003937007874
0
LINE
8
BLACK
6
CONTINUOUS
10
0.552337874015748
20
1.5680003937007874
11
0.5538322440944882
21
1.5676446062992127
0
LINE
8
BLACK
6
CONTINUOUS
10
0.5538322440944882
20
1.5676446062992127
11
0.5550766929133858
21
1.5667440157480315
0
LINE
8
BLACK
6
CONTINUOUS
10
0.5550766929133858
20
1.5667440157480315
11
0.5558817716535432
21
1.5654357086614172
0
LINE
8
BLACK
6
CONTINUOUS
10
0.5558817716535432
20
1.5654357086614172
11
0.5561249606299212
21
1.5639189370078739
0
LINE
8
BLACK
6
CONTINUOUS
10
0.5561249606299212
20
1.5639189370078739
11
0.5560206299212598
21
1.563154251968504
0
LINE
8
BLACK
6
CONTINUOUS
10
0.5560206299212598
20
1.563154251968504
11
0.5466467716535433
21
1.5237841732283464
0
LINE
8
BLACK
6
CONTINUOUS
10
0.5466467716535433
20
1.5237841732283464
11
0.5465559448818897
21
1.5235206692913386
0
LINE
8
BLACK
6
CONTINUOUS
10
0.5465559448818897
20
1.5235206692913386
11
0.5465433858267716
21
1.5234260629921259
0
LINE
8
BLACK
6
CONTINUOUS
10
0.5465433858267716
20
1.5234260629921259
11
0.5464938582677166
21
1.5233405118110235
0
LINE
8
BLACK
6
CONTINUOUS
10
0.5464938582677166
20
1.5233405118110235
11
0.5463952755905511
21
1.5230544881889763
0
LINE
8
BLACK
6
CONTINUOUS
10
0.5463952755905511
20
1.5230544881889763
11
0.5460601181102362
21
1.5225913779527558
0
LINE
8
BLACK
6
CONTINUOUS
10
0.5460601181102362
20
1.5225913779527558
11
0.5457737007874016
21
1.5220966535433071
0
LINE
8
BLACK
6
CONTINUOUS
10
0.5457737007874016
20
1.5220966535433071
11
0.5456131496062993
21
1.521973779527559
0
LINE
8
BLACK
6
CONTINUOUS
10
0.5456131496062993
20
1.521973779527559
11
0.54549468503937
21
1.5218100393700786
0
LINE
8
BLACK
6
CONTINUOUS
10
0.54549468503937
20
1.5218100393700786
11
0.5450079527559055
21
1.5215105118110235
0
LINE
8
BLACK
6
CONTINUOUS
10
0.5450079527559055
20
1.5215105118110235
11
0.5445538976377953
21
1.5211629527559054
0
LINE
8
BLACK
6
CONTINUOUS
10
0.5445538976377953
20
1.5211629527559054
11
0.5443584645669292
21
1.5211108267716535
0
LINE
8
BLACK
6
CONTINUOUS
10
0.5443584645669292
20
1.5211108267716535
11
0.5441864173228347
21
1.5210049606299212
0
LINE
8
BLACK
6
CONTINUOUS
10
0.5441864173228347
20
1.5210049606299212
11
0.5436220472440945
21
1.5209144488188977
0
LINE
8
BLACK
6
CONTINUOUS
10
0.5436220472440945
20
1.5209144488188977
11
0.5430696062992126
21
1.5207671653543307
0
LINE
8
BLACK
6
CONTINUOUS
10
0.5430696062992126
20
1.5207671653543307
11
0.5428692519685039
21
1.520793779527559
0
LINE
8
BLACK
6
CONTINUOUS
10
0.5428692519685039
20
1.520793779527559
11
0.5426696062992126
21
1.5207617716535433
0
LINE
8
BLACK
6
CONTINUOUS
10
0.5426696062992126
20
1.5207617716535433
11
0.5421133464566928
21
1.5208942125984251
0
LINE
8
BLACK
6
CONTINUOUS
10
0.5421133464566928
20
1.5208942125984251
11
0.5415468503937008
21
1.5209694881889764
0
LINE
8
BLACK
6
CONTINUOUS
10
0.5415468503937008
20
1.5209694881889764
11
0.5413718897637795
21
1.521070748031496
0
LINE
8
BLACK
6
CONTINUOUS
10
0.5413718897637795
20
1.521070748031496
11
0.5411752362204725
21
1.5211175984251968
0
LINE
8
BLACK
6
CONTINUOUS
10
0.5411752362204725
20
1.5211175984251968
11
0.5407120472440945
21
1.5214527559055118
0
LINE
8
BLACK
6
CONTINUOUS
10
0.5407120472440945
20
1.5214527559055118
11
0.5402174015748031
21
1.5217391732283465
0
LINE
8
BLACK
6
CONTINUOUS
10
0.5402174015748031
20
1.5217391732283465
11
0.5400945275590551
21
1.52189968503937
0
LINE
8
BLACK
6
CONTINUOUS
10
0.5400945275590551
20
1.52189968503937
11
0.5399307874015747
21
1.522018188976378
0
LINE
8
BLACK
6
CONTINUOUS
10
0.5399307874015747
20
1.522018188976378
11
0.5396312598425197
21
1.5225048818897637
0
LINE
8
BLACK
6
CONTINUOUS
10
0.5396312598425197
20
1.5225048818897637
11
0.5392837007874015
21
1.5229589763779527
0
LINE
8
BLACK
6
CONTINUOUS
10
0.5392837007874015
20
1.5229589763779527
11
0.5391774015748031
21
1.5232424015748032
0
LINE
8
BLACK
6
CONTINUOUS
10
0.5391774015748031
20
1.5232424015748032
11
0.5391257086614173
21
1.5233264566929134
0
LINE
8
BLACK
6
CONTINUOUS
10
0.5391257086614173
20
1.5233264566929134
11
0.539110590551181
21
1.5234205905511811
0
LINE
8
BLACK
6
CONTINUOUS
10
0.539110590551181
20
1.5234205905511811
11
0.5390127559055118
21
1.5236816141732283
0
LINE
8
BLACK
6
CONTINUOUS
10
0.5390127559055118
20
1.5236816141732283
11
0.5353177559055118
21
1.5375377952755904
0
LINE
8
BLACK
6
CONTINUOUS
10
0.5353177559055118
20
1.5375377952755904
11
0.5316227952755905
21
1.5236816535433071
0
LINE
8
BLACK
6
CONTINUOUS
10
0.5316227952755905
20
1.5236816535433071
11
0.5315248818897638
21
1.5234205511811023
0
LINE
8
BLACK
6
CONTINUOUS
10
0.5315248818897638
20
1.5234205511811023
11
0.5315098031496063
21
1.5233264566929134
0
LINE
8
BLACK
6
CONTINUOUS
10
0.5315098031496063
20
1.5233264566929134
11
0.5314580708661417
21
1.5232424409448819
0
LINE
8
BLACK
6
CONTINUOUS
10
0.5314580708661417
20
1.5232424409448819
11
0.5313518110236221
21
1.5229589763779527
0
LINE
8
BLACK
6
CONTINUOUS
10
0.5313518110236221
20
1.5229589763779527
11
0.5310042125984252
21
1.5225048818897637
0
LINE
8
BLACK
6
CONTINUOUS
10
0.5310042125984252
20
1.5225048818897637
11
0.5307047244094488
21
1.522018188976378
0
LINE
8
BLACK
6
CONTINUOUS
10
0.5307047244094488
20
1.522018188976378
11
0.5305409448818897
21
1.52189968503937
0
LINE
8
BLACK
6
CONTINUOUS
10
0.5305409448818897
20
1.52189968503937
11
0.5304181102362204
21
1.5217391732283465
0
LINE
8
BLACK
6
CONTINUOUS
10
0.5304181102362204
20
1.5217391732283465
11
0.5299235039370078
21
1.5214528346456693
0
LINE
8
BLACK
6
CONTINUOUS
10
0.5299235039370078
20
1.5214528346456693
11
0.5294602755905512
21
1.5211175984251968
0
LINE
8
BLACK
6
CONTINUOUS
10
0.5294602755905512
20
1.5211175984251968
11
0.5292634645669291
21
1.5210707086614172
0
LINE
8
BLACK
6
CONTINUOUS
10
0.5292634645669291
20
1.5210707086614172
11
0.5290886614173228
21
1.5209695275590551
0
LINE
8
BLACK
6
CONTINUOUS
10
0.5290886614173228
20
1.5209695275590551
11
0.5285223622047244
21
1.5208942519685038
0
LINE
8
BLACK
6
CONTINUOUS
10
0.5285223622047244
20
1.5208942519685038
11
0.527965905511811
21
1.5207617716535433
0
LINE
8
BLACK
6
CONTINUOUS
10
0.527965905511811
20
1.5207617716535433
11
0.5277662204724409
21
1.520793779527559
0
LINE
8
BLACK
6
CONTINUOUS
10
0.5277662204724409
20
1.520793779527559
11
0.527565905511811
21
1.5207671653543307
0
LINE
8
BLACK
6
CONTINUOUS
10
0.527565905511811
20
1.5207671653543307
11
0.5270134251968503
21
1.5209144488188977
0
LINE
8
BLACK
6
CONTINUOUS
10
0.5270134251968503
20
1.5209144488188977
11
0.526449094488189
21
1.5210049606299212
0
LINE
8
BLACK
6
CONTINUOUS
10
0.526449094488189
20
1.5210049606299212
11
0.5262770078740158
21
1.5211108267716535
0
LINE
8
BLACK
6
CONTINUOUS
10
0.5262770078740158
20
1.5211108267716535
11
0.5260816141732283
21
1.5211629527559054
0
LINE
8
BLACK
6
CONTINUOUS
10
0.5260816141732283
20
1.5211629527559054
11
0.5256275196850394
21
1.5215105118110235
0
LINE
8
BLACK
6
CONTINUOUS
10
0.5256275196850394
20
1.5215105118110235
11
0.5251408267716535
21
1.5218100393700786
0
LINE
8
BLACK
6
CONTINUOUS
10
0.5251408267716535
20
1.5218100393700786
11
0.5250223228346457
21
1.521973779527559
0
LINE
8
BLACK
6
CONTINUOUS
10
0.5250223228346457
20
1.521973779527559
11
0.5248618110236221
21
1.5220966535433071
0
LINE
8
BLACK
6
CONTINUOUS
10
0.5248618110236221
20
1.5220966535433071
11
0.5245754724409448
21
1.522591220472441
0
LINE
8
BLACK
6
CONTINUOUS
10
0.5245754724409448
20
1.522591220472441
11
0.5242402362204724
21
1.5230544881889763
0
LINE
8
BLACK
6
CONTINUOUS
10
0.5242402362204724
20
1.5230544881889763
11
0.5241415354330708
21
1.523340748031496
0
LINE
8
BLACK
6
CONTINUOUS
10
0.5241415354330708
20
1.523340748031496
11
0.5240921653543307
21
1.5234261023622047
0
LINE
8
BLACK
6
CONTINUOUS
10
0.5240921653543307
20
1.5234261023622047
11
0.5240796062992126
21
1.5235204724409448
0
LINE
8
BLACK
6
CONTINUOUS
10
0.5240796062992126
20
1.5235204724409448
11
0.5239887401574803
21
1.5237841732283464
0
LINE
8
BLACK
6
CONTINUOUS
10
0.5239887401574803
20
1.5237841732283464
11
0.5146149212598425
21
1.563154251968504
0
LINE
8
BLACK
6
CONTINUOUS
10
0.5146149212598425
20
1.563154251968504
11
0.5145105905511811
21
1.5639189370078739
0
LINE
8
BLACK
6
CONTINUOUS
10
0.5145105905511811
20
1.5639189370078739
11
0.5147537795275591
21
1.565435748031496
0
LINE
8
BLACK
6
CONTINUOUS
10
0.5147537795275591
20
1.565435748031496
11
0.5155588582677165
21
1.5667440157480315
0
LINE
8
BLACK
6
CONTINUOUS
10
0.5155588582677165
20
1.5667440157480315
11
0.5168033070866141
21
1.5676446062992127
0
LINE
8
BLACK
6
CONTINUOUS
10
0.5168033070866141
20
1.5676446062992127
11
0.5182976771653544
21
1.5680004330708661
0
LINE
8
BLACK
6
CONTINUOUS
10
0.5182976771653544
20
1.5680004330708661
11
0.5198144881889764
21
1.5677572440944882
0
LINE
8
BLACK
6
CONTINUOUS
10
0.6914403937007874
20
1.5679275196850393
11
0.6916913779527559
21
1.5679275196850393
0
LINE
8
BLACK
6
CONTINUOUS
10
0.6916913779527559
20
1.5679275196850393
11
0.6921752362204724
21
1.5677270472440945
0
LINE
8
BLACK
6
CONTINUOUS
10
0.6921752362204724
20
1.5677270472440945
11
0.6926803149606299
21
1.5675893307086615
0
LINE
8
BLACK
6
CONTINUOUS
10
0.6926803149606299
20
1.5675893307086615
11
0.6928786614173228
21
1.5674356692913385
0
LINE
8
BLACK
6
CONTINUOUS
10
0.6928786614173228
20
1.5674356692913385
11
0.6931105905511811
21
1.5673396456692914
0
LINE
8
BLACK
6
CONTINUOUS
10
0.6931105905511811
20
1.5673396456692914
11
0.6934808661417323
21
1.5669693307086614
0
LINE
8
BLACK
6
CONTINUOUS
10
0.6934808661417323
20
1.5669693307086614
11
0.693894842519685
21
1.566648779527559
0
LINE
8
BLACK
6
CONTINUOUS
10
0.693894842519685
20
1.566648779527559
11
0.6941233070866142
21
1.5663268897637794
0
LINE
8
BLACK
6
CONTINUOUS
10
0.6941233070866142
20
1.5663268897637794
11
0.6941968110236221
21
1.5662534251968503
0
LINE
8
BLACK
6
CONTINUOUS
10
0.6941968110236221
20
1.5662534251968503
11
0.694226653543307
21
1.5661812598425195
0
LINE
8
BLACK
6
CONTINUOUS
10
0.694226653543307
20
1.5661812598425195
11
0.6943415748031496
21
1.5660194488188977
0
LINE
8
BLACK
6
CONTINUOUS
10
0.6943415748031496
20
1.5660194488188977
11
0.7094834645669291
21
1.5395211023622046
0
LINE
8
BLACK
6
CONTINUOUS
10
0.7094834645669291
20
1.5395211023622046
11
0.7094834645669291
21
1.5640661417322834
0
LINE
8
BLACK
6
CONTINUOUS
10
0.7094834645669291
20
1.5640661417322834
11
0.709559094488189
21
1.5648342125984251
0
LINE
8
BLACK
6
CONTINUOUS
10
0.709559094488189
20
1.5648342125984251
11
0.710146968503937
21
1.5662534251968503
0
LINE
8
BLACK
6
CONTINUOUS
10
0.710146968503937
20
1.5662534251968503
11
0.7112331889763779
21
1.5673396456692914
0
LINE
8
BLACK
6
CONTINUOUS
10
0.7112331889763779
20
1.5673396456692914
11
0.7126524015748031
21
1.5679275196850393
0
LINE
8
BLACK
6
CONTINUOUS
10
0.7126524015748031
20
1.5679275196850393
11
0.7141885433070866
21
1.5679275196850393
0
LINE
8
BLACK
6
CONTINUOUS
10
0.7141885433070866
20
1.5679275196850393
11
0.7156077559055118
21
1.5673396456692914
0
LINE
8
BLACK
6
CONTINUOUS
10
0.7156077559055118
20
1.5673396456692914
11
0.7166939763779527
21
1.5662534251968503
0
LINE
8
BLACK
6
CONTINUOUS
10
0.7166939763779527
20
1.5662534251968503
11
0.7172818503937007
21
1.5648342125984251
0
LINE
8
BLACK
6
CONTINUOUS
10
0.7172818503937007
20
1.5648342125984251
11
0.7173574803149606
21
1.5640661417322834
0
LINE
8
BLACK
6
CONTINUOUS
10
0.7173574803149606
20
1.5640661417322834
11
0.7173574803149606
21
1.524696062992126
0
LINE
8
BLACK
6
CONTINUOUS
10
0.7173574803149606
20
1.524696062992126
11
0.7173379921259843
21
1.5244985039370078
0
LINE
8
BLACK
6
CONTINUOUS
10
0.7173379921259843
20
1.5244985039370078
11
0.7173478740157481
21
1.524421062992126
0
LINE
8
BLACK
6
CONTINUOUS
10
0.7173478740157481
20
1.524421062992126
11
0.7173205118110236
21
1.5243207874015747
0
LINE
8
BLACK
6
CONTINUOUS
10
0.7173205118110236
20
1.5243207874015747
11
0.7172818503937007
21
1.5239279921259843
0
LINE
8
BLACK
6
CONTINUOUS
10
0.7172818503937007
20
1.5239279921259843
11
0.7170814566929133
21
1.5234442519685039
0
LINE
8
BLACK
6
CONTINUOUS
10
0.7170814566929133
20
1.5234442519685039
11
0.7169437007874015
21
1.5229390551181101
0
LINE
8
BLACK
6
CONTINUOUS
10
0.7169437007874015
20
1.5229390551181101
11
0.7167899606299213
21
1.5227405511811023
0
LINE
8
BLACK
6
CONTINUOUS
10
0.7167899606299213
20
1.5227405511811023
11
0.7166939763779527
21
1.5225087795275589
0
LINE
8
BLACK
6
CONTINUOUS
10
0.7166939763779527
20
1.5225087795275589
11
0.7163237401574803
21
1.5221385433070866
0
LINE
8
BLACK
6
CONTINUOUS
10
0.7163237401574803
20
1.5221385433070866
11
0.7160031102362204
21
1.5217245275590552
0
LINE
8
BLACK
6
CONTINUOUS
10
0.7160031102362204
20
1.5217245275590552
11
0.7157851968503937
21
1.5216000000000001
0
LINE
8
BLACK
6
CONTINUOUS
10
0.7157851968503937
20
1.5216000000000001
11
0.7156077559055118
21
1.521422559055118
0
LINE
8
BLACK
6
CONTINUOUS
10
0.7156077559055118
20
1.521422559055118
11
0.7151240551181102
21
1.5212222047244095
0
LINE
8
BLACK
6
CONTINUOUS
10
0.7151240551181102
20
1.5212222047244095
11
0.7146693700787401
21
1.5209623622047244
0
LINE
8
BLACK
6
CONTINUOUS
10
0.7146693700787401
20
1.5209623622047244
11
0.7144203543307086
21
1.5209307086614172
0
LINE
8
BLACK
6
CONTINUOUS
10
0.7144203543307086
20
1.5209307086614172
11
0.7141885433070866
21
1.5208346850393701
0
LINE
8
BLACK
6
CONTINUOUS
10
0.7141885433070866
20
1.5208346850393701
11
0.7136649212598425
21
1.5208346850393701
0
LINE
8
BLACK
6
CONTINUOUS
10
0.7136649212598425
20
1.5208346850393701
11
0.7131455118110236
21
1.5207686614173228
0
LINE
8
BLACK
6
CONTINUOUS
10
0.7131455118110236
20
1.5207686614173228
11
0.7129034251968503
21
1.5208346850393701
0
LINE
8
BLACK
6
CONTINUOUS
10
0.7129034251968503
20
1.5208346850393701
11
0.7126524015748031
21
1.5208346850393701
0
LINE
8
BLACK
6
CONTINUOUS
10
0.7126524015748031
20
1.5208346850393701
11
0.7121686614173228
21
1.5210350393700787
0
LINE
8
BLACK
6
CONTINUOUS
10
0.7121686614173228
20
1.5210350393700787
11
0.7116634645669291
21
1.5211728346456692
0
LINE
8
BLACK
6
CONTINUOUS
10
0.7116634645669291
20
1.5211728346456692
11
0.7114649606299213
21
1.5213265354330707
0
LINE
8
BLACK
6
CONTINUOUS
10
0.7114649606299213
20
1.5213265354330707
11
0.7112331889763779
21
1.521422559055118
0
LINE
8
BLACK
6
CONTINUOUS
10
0.7112331889763779
20
1.521422559055118
11
0.7108629527559055
21
1.5217927559055118
0
LINE
8
BLACK
6
CONTINUOUS
10
0.7108629527559055
20
1.5217927559055118
11
0.710448937007874
21
1.5221134251968504
0
LINE
8
BLACK
6
CONTINUOUS
10
0.710448937007874
20
1.5221134251968504
11
0.7102204330708661
21
1.5224352755905513
0
LINE
8
BLACK
6
CONTINUOUS
10
0.7102204330708661
20
1.5224352755905513
11
0.710146968503937
21
1.5225087795275589
0
LINE
8
BLACK
6
CONTINUOUS
10
0.710146968503937
20
1.5225087795275589
11
0.7101170866141732
21
1.5225809055118109
0
LINE
8
BLACK
6
CONTINUOUS
10
0.7101170866141732
20
1.5225809055118109
11
0.7100022047244094
21
1.5227427559055118
0
LINE
8
BLACK
6
CONTINUOUS
10
0.7100022047244094
20
1.5227427559055118
11
0.6948603149606299
21
1.5492410629921261
0
LINE
8
BLACK
6
CONTINUOUS
10
0.6948603149606299
20
1.5492410629921261
11
0.6948603149606299
21
1.524696062992126
0
LINE
8
BLACK
6
CONTINUOUS
10
0.6948603149606299
20
1.524696062992126
11
0.6947846850393701
21
1.5239279921259843
0
LINE
8
BLACK
6
CONTINUOUS
10
0.6947846850393701
20
1.5239279921259843
11
0.6941968110236221
21
1.5225087795275589
0
LINE
8
BLACK
6
CONTINUOUS
10
0.6941968110236221
20
1.5225087795275589
11
0.6931105905511811
21
1.521422559055118
0
LINE
8
BLACK
6
CONTINUOUS
10
0.6931105905511811
20
1.521422559055118
11
0.6916913779527559
21
1.5208346850393701
0
LINE
8
BLACK
6
CONTINUOUS
10
0.6916913779527559
20
1.5208346850393701
11
0.6901552362204725
21
1.5208346850393701
0
LINE
8
BLACK
6
CONTINUOUS
10
0.6901552362204725
20
1.5208346850393701
11
0.6887360236220472
21
1.521422559055118
0
LINE
8
BLACK
6
CONTINUOUS
10
0.6887360236220472
20
1.521422559055118
11
0.6876498031496063
21
1.5225087795275589
0
LINE
8
BLACK
6
CONTINUOUS
10
0.6876498031496063
20
1.5225087795275589
11
0.6870619291338582
21
1.5239279921259843
0
LINE
8
BLACK
6
CONTINUOUS
10
0.6870619291338582
20
1.5239279921259843
11
0.6869862992125985
21
1.524696062992126
0
LINE
8
BLACK
6
CONTINUOUS
10
0.6869862992125985
20
1.524696062992126
11
0.6869862992125985
21
1.5640661417322834
0
LINE
8
BLACK
6
CONTINUOUS
10
0.6869862992125985
20
1.5640661417322834
11
0.6870057480314961
21
1.5642636614173229
0
LINE
8
BLACK
6
CONTINUOUS
10
0.6870057480314961
20
1.5642636614173229
11
0.686995905511811
21
1.5643411417322834
0
LINE
8
BLACK
6
CONTINUOUS
10
0.686995905511811
20
1.5643411417322834
11
0.6870232283464567
21
1.564441377952756
0
LINE
8
BLACK
6
CONTINUOUS
10
0.6870232283464567
20
1.564441377952756
11
0.6870619291338582
21
1.5648342125984251
0
LINE
8
BLACK
6
CONTINUOUS
10
0.6870619291338582
20
1.5648342125984251
11
0.6872623622047244
21
1.5653180708661416
0
LINE
8
BLACK
6
CONTINUOUS
10
0.6872623622047244
20
1.5653180708661416
11
0.6874001181102362
21
1.5658231496062991
0
LINE
8
BLACK
6
CONTINUOUS
10
0.6874001181102362
20
1.5658231496062991
11
0.6875537401574803
21
1.5660214960629921
0
LINE
8
BLACK
6
CONTINUOUS
10
0.6875537401574803
20
1.5660214960629921
11
0.6876498031496063
21
1.5662534251968503
0
LINE
8
BLACK
6
CONTINUOUS
10
0.6876498031496063
20
1.5662534251968503
11
0.6880200787401575
21
1.5666237007874015
0
LINE
8
BLACK
6
CONTINUOUS
10
0.6880200787401575
20
1.5666237007874015
11
0.6883406692913385
21
1.5670376771653542
0
LINE
8
BLACK
6
CONTINUOUS
10
0.6883406692913385
20
1.5670376771653542
11
0.6885585433070865
21
1.5671621653543306
0
LINE
8
BLACK
6
CONTINUOUS
10
0.6885585433070865
20
1.5671621653543306
11
0.6887360236220472
21
1.5673396456692914
0
LINE
8
BLACK
6
CONTINUOUS
10
0.6887360236220472
20
1.5673396456692914
11
0.68921968503937
21
1.5675399606299212
0
LINE
8
BLACK
6
CONTINUOUS
10
0.68921968503937
20
1.5675399606299212
11
0.6896744094488189
21
1.5677998425196851
0
LINE
8
BLACK
6
CONTINUOUS
10
0.6896744094488189
20
1.5677998425196851
11
0.6899233858267716
21
1.5678314566929135
0
LINE
8
BLACK
6
CONTINUOUS
10
0.6899233858267716
20
1.5678314566929135
11
0.6901552362204725
21
1.5679275196850393
0
LINE
8
BLACK
6
CONTINUOUS
10
0.6901552362204725
20
1.5679275196850393
11
0.6906788976377952
21
1.5679275196850393
0
LINE
8
BLACK
6
CONTINUOUS
10
0.6906788976377952
20
1.5679275196850393
11
0.6911983070866141
21
1.5679935433070866
0
LINE
8
BLACK
6
CONTINUOUS
10
0.6911983070866141
20
1.5679935433070866
11
0.6914403937007874
21
1.5679275196850393
0
LINE
8
BLACK
6
CONTINUOUS
10
0.4573456692913386
20
1.5679275196850393
11
0.4574763779527559
21
1.567873346456693
0
LINE
8
BLACK
6
CONTINUOUS
10
0.4574763779527559
20
1.567873346456693
11
0.4576174803149606
21
1.5678633464566929
0
LINE
8
BLACK
6
CONTINUOUS
10
0.4576174803149606
20
1.5678633464566929
11
0.4583382677165354
21
1.5675875196850393
0
LINE
8
BLACK
6
CONTINUOUS
10
0.4583382677165354
20
1.5675875196850393
11
0.4620877952755905
21
1.5657127559055117
0
LINE
8
BLACK
6
CONTINUOUS
10
0.4620877952755905
20
1.5657127559055117
11
0.4624183464566929
21
1.5655046456692914
0
LINE
8
BLACK
6
CONTINUOUS
10
0.4624183464566929
20
1.5655046456692914
11
0.4625144094488189
21
1.5654648818897638
0
LINE
8
BLACK
6
CONTINUOUS
10
0.4625144094488189
20
1.5654648818897638
11
0.4626225196850394
21
1.5653761417322833
0
LINE
8
BLACK
6
CONTINUOUS
10
0.4626225196850394
20
1.5653761417322833
11
0.4627409448818898
21
1.5653016141732283
0
LINE
8
BLACK
6
CONTINUOUS
10
0.4627409448818898
20
1.5653016141732283
11
0.4628090157480315
21
1.5652230708661417
0
LINE
8
BLACK
6
CONTINUOUS
10
0.4628090157480315
20
1.5652230708661417
11
0.4631110236220473
21
1.5649752755905511
0
LINE
8
BLACK
6
CONTINUOUS
10
0.4631110236220473
20
1.5649752755905511
11
0.4649857480314961
21
1.5631005118110235
0
LINE
8
BLACK
6
CONTINUOUS
10
0.4649857480314961
20
1.5631005118110235
11
0.4652334645669291
21
1.5627986614173228
0
LINE
8
BLACK
6
CONTINUOUS
10
0.4652334645669291
20
1.5627986614173228
11
0.465312125984252
21
1.5627304724409448
0
LINE
8
BLACK
6
CONTINUOUS
10
0.465312125984252
20
1.5627304724409448
11
0.465386653543307
21
1.5626120078740158
0
LINE
8
BLACK
6
CONTINUOUS
10
0.465386653543307
20
1.5626120078740158
11
0.4654753937007874
21
1.5625039370078739
0
LINE
8
BLACK
6
CONTINUOUS
10
0.4654753937007874
20
1.5625039370078739
11
0.465515157480315
21
1.5624078346456693
0
LINE
8
BLACK
6
CONTINUOUS
10
0.465515157480315
20
1.5624078346456693
11
0.4657232677165354
21
1.5620772834645669
0
LINE
8
BLACK
6
CONTINUOUS
10
0.4657232677165354
20
1.5620772834645669
11
0.467598031496063
21
1.5583277952755905
0
LINE
8
BLACK
6
CONTINUOUS
10
0.467598031496063
20
1.5583277952755905
11
0.4678738582677165
21
1.5576069685039369
0
LINE
8
BLACK
6
CONTINUOUS
10
0.4678738582677165
20
1.5576069685039369
11
0.4678838582677165
21
1.5574658661417322
0
LINE
8
BLACK
6
CONTINUOUS
10
0.4678838582677165
20
1.5574658661417322
11
0.467938031496063
21
1.5573351574803149
0
LINE
8
BLACK
6
CONTINUOUS
10
0.467938031496063
20
1.5573351574803149
11
0.4680136614173228
21
1.5565670866141732
0
LINE
8
BLACK
6
CONTINUOUS
10
0.4680136614173228
20
1.5565670866141732
11
0.4680136614173228
21
1.5509427952755905
0
LINE
8
BLACK
6
CONTINUOUS
10
0.4680136614173228
20
1.5509427952755905
11
0.467938031496063
21
1.5501747244094488
0
LINE
8
BLACK
6
CONTINUOUS
10
0.467938031496063
20
1.5501747244094488
11
0.4678838582677165
21
1.5500439763779528
0
LINE
8
BLACK
6
CONTINUOUS
10
0.4678838582677165
20
1.5500439763779528
11
0.4678738582677165
21
1.5499029133858266
0
LINE
8
BLACK
6
CONTINUOUS
10
0.4678738582677165
20
1.5499029133858266
11
0.467598031496063
21
1.5491820866141732
0
LINE
8
BLACK
6
CONTINUOUS
10
0.467598031496063
20
1.5491820866141732
11
0.4657232677165354
21
1.5454325984251969
0
LINE
8
BLACK
6
CONTINUOUS
10
0.4657232677165354
20
1.5454325984251969
11
0.465515157480315
21
1.5451020078740156
0
LINE
8
BLACK
6
CONTINUOUS
10
0.465515157480315
20
1.5451020078740156
11
0.4654753937007874
21
1.5450059448818898
0
LINE
8
BLACK
6
CONTINUOUS
10
0.4654753937007874
20
1.5450059448818898
11
0.465386653543307
21
1.5448978346456692
0
LINE
8
BLACK
6
CONTINUOUS
10
0.465386653543307
20
1.5448978346456692
11
0.465312125984252
21
1.5447794094488188
0
LINE
8
BLACK
6
CONTINUOUS
10
0.465312125984252
20
1.5447794094488188
11
0.4652334645669291
21
1.5447111811023622
0
LINE
8
BLACK
6
CONTINUOUS
10
0.4652334645669291
20
1.5447111811023622
11
0.4649857480314961
21
1.54440937007874
0
LINE
8
BLACK
6
CONTINUOUS
10
0.4649857480314961
20
1.54440937007874
11
0.4631110236220473
21
1.5425346062992125
0
LINE
8
BLACK
6
CONTINUOUS
10
0.4631110236220473
20
1.5425346062992125
11
0.4628090157480315
21
1.5422867716535433
0
LINE
8
BLACK
6
CONTINUOUS
10
0.4628090157480315
20
1.5422867716535433
11
0.4627409448818898
21
1.5422082677165354
0
LINE
8
BLACK
6
CONTINUOUS
10
0.4627409448818898
20
1.5422082677165354
11
0.4626225196850394
21
1.5421337007874016
0
LINE
8
BLACK
6
CONTINUOUS
10
0.4626225196850394
20
1.5421337007874016
11
0.4625144094488189
21
1.5420449999999999
0
LINE
8
BLACK
6
CONTINUOUS
10
0.4625144094488189
20
1.5420449999999999
11
0.4624183464566929
21
1.5420051968503936
0
LINE
8
BLACK
6
CONTINUOUS
10
0.4624183464566929
20
1.5420051968503936
11
0.4620877952755905
21
1.541797125984252
0
LINE
8
BLACK
6
CONTINUOUS
10
0.4620877952755905
20
1.541797125984252
11
0.4583382677165354
21
1.5399223622047244
0
LINE
8
BLACK
6
CONTINUOUS
10
0.4583382677165354
20
1.5399223622047244
11
0.4576174803149606
21
1.5396465354330708
0
LINE
8
BLACK
6
CONTINUOUS
10
0.4576174803149606
20
1.5396465354330708
11
0.4574763779527559
21
1.539636496062992
0
LINE
8
BLACK
6
CONTINUOUS
10
0.4574763779527559
20
1.539636496062992
11
0.4573456692913386
21
1.5395823622047244
0
LINE
8
BLACK
6
CONTINUOUS
10
0.4573456692913386
20
1.5395823622047244
11
0.4565775984251969
21
1.5395067322834646
0
LINE
8
BLACK
6
CONTINUOUS
10
0.4565775984251969
20
1.5395067322834646
11
0.4455164960629921
21
1.5395067322834646
0
LINE
8
BLACK
6
CONTINUOUS
10
0.4455164960629921
20
1.5395067322834646
11
0.4455164960629921
21
1.524696062992126
0
LINE
8
BLACK
6
CONTINUOUS
10
0.4455164960629921
20
1.524696062992126
11
0.4454408661417323
21
1.5239279921259843
0
LINE
8
BLACK
6
CONTINUOUS
10
0.4454408661417323
20
1.5239279921259843
11
0.4448529921259842
21
1.5225087795275589
0
LINE
8
BLACK
6
CONTINUOUS
10
0.4448529921259842
20
1.5225087795275589
11
0.4437667716535433
21
1.521422559055118
0
LINE
8
BLACK
6
CONTINUOUS
10
0.4437667716535433
20
1.521422559055118
11
0.4423475590551181
21
1.5208346850393701
0
LINE
8
BLACK
6
CONTINUOUS
10
0.4423475590551181
20
1.5208346850393701
11
0.4408114173228346
21
1.5208346850393701
0
LINE
8
BLACK
6
CONTINUOUS
10
0.4408114173228346
20
1.5208346850393701
11
0.4393922047244094
21
1.521422559055118
0
LINE
8
BLACK
6
CONTINUOUS
10
0.4393922047244094
20
1.521422559055118
11
0.4383059842519685
21
1.5225087795275589
0
LINE
8
BLACK
6
CONTINUOUS
10
0.4383059842519685
20
1.5225087795275589
11
0.4377181102362205
21
1.5239279921259843
0
LINE
8
BLACK
6
CONTINUOUS
10
0.4377181102362205
20
1.5239279921259843
11
0.4376424803149606
21
1.524696062992126
0
LINE
8
BLACK
6
CONTINUOUS
10
0.4376424803149606
20
1.524696062992126
11
0.4376424803149606
21
1.5640661417322834
0
LINE
8
BLACK
6
CONTINUOUS
10
0.4376424803149606
20
1.5640661417322834
11
0.4377181102362205
21
1.5648342125984251
0
LINE
8
BLACK
6
CONTINUOUS
10
0.4377181102362205
20
1.5648342125984251
11
0.4383059842519685
21
1.5662534251968503
0
LINE
8
BLACK
6
CONTINUOUS
10
0.4383059842519685
20
1.5662534251968503
11
0.4393922047244094
21
1.5673396456692914
0
LINE
8
BLACK
6
CONTINUOUS
10
0.4393922047244094
20
1.5673396456692914
11
0.4408114173228346
21
1.5679275196850393
0
LINE
8
BLACK
6
CONTINUOUS
10
0.4408114173228346
20
1.5679275196850393
11
0.4415794881889764
21
1.5680031496062992
0
LINE
8
BLACK
6
CONTINUOUS
10
0.4415794881889764
20
1.5680031496062992
11
0.4565775984251969
21
1.5680031496062992
0
LINE
8
BLACK
6
CONTINUOUS
10
0.4565775984251969
20
1.5680031496062992
11
0.4573456692913386
21
1.5679275196850393
0
LINE
8
BLACK
6
CONTINUOUS
10
0.4455164960629921
20
1.5473807480314961
11
0.4556481889763779
21
1.5473807480314961
0
LINE
8
BLACK
6
CONTINUOUS
10
0.4556481889763779
20
1.5473807480314961
11
0.457995
21
1.5485541732283463
0
LINE
8
BLACK
6
CONTINUOUS
10
0.457995
20
1.5485541732283463
11
0.458966220472441
21
1.5495253543307086
0
LINE
8
BLACK
6
CONTINUOUS
10
0.458966220472441
20
1.5495253543307086
11
0.4601396456692913
21
1.5518722047244093
0
LINE
8
BLACK
6
CONTINUOUS
10
0.4601396456692913
20
1.5518722047244093
11
0.4601396456692913
21
1.5556376771653544
0
LINE
8
BLACK
6
CONTINUOUS
10
0.4601396456692913
20
1.5556376771653544
11
0.458966220472441
21
1.5579844881889764
0
LINE
8
BLACK
6
CONTINUOUS
10
0.458966220472441
20
1.5579844881889764
11
0.457995
21
1.5589556692913384
0
LINE
8
BLACK
6
CONTINUOUS
10
0.457995
20
1.5589556692913384
11
0.4556481889763779
21
1.5601291338582677
0
LINE
8
BLACK
6
CONTINUOUS
10
0.4556481889763779
20
1.5601291338582677
11
0.4455164960629921
21
1.5601291338582677
0
LINE
8
BLACK
6
CONTINUOUS
10
0.4455164960629921
20
1.5601291338582677
11
0.4455164960629921
21
1.5473807480314961
0
LINE
8
BLACK
6
CONTINUOUS
10
0.6743629527559055
20
1.5673396456692914
11
0.6754491732283464
21
1.5662534251968503
0
LINE
8
BLACK
6
CONTINUOUS
10
0.6754491732283464
20
1.5662534251968503
11
0.6760370472440945
21
1.5648342125984251
0
LINE
8
BLACK
6
CONTINUOUS
10
0.6760370472440945
20
1.5648342125984251
11
0.6761126771653543
21
1.5640661417322834
0
LINE
8
BLACK
6
CONTINUOUS
10
0.6761126771653543
20
1.5640661417322834
11
0.6761126771653543
21
1.524696062992126
0
LINE
8
BLACK
6
CONTINUOUS
10
0.6761126771653543
20
1.524696062992126
11
0.6760370472440945
21
1.5239279921259843
0
LINE
8
BLACK
6
CONTINUOUS
10
0.6760370472440945
20
1.5239279921259843
11
0.6754491732283464
21
1.5225087795275589
0
LINE
8
BLACK
6
CONTINUOUS
10
0.6754491732283464
20
1.5225087795275589
11
0.6743629527559055
21
1.521422559055118
0
LINE
8
BLACK
6
CONTINUOUS
10
0.6743629527559055
20
1.521422559055118
11
0.6729437401574803
21
1.5208346850393701
0
LINE
8
BLACK
6
CONTINUOUS
10
0.6729437401574803
20
1.5208346850393701
11
0.6714075984251968
21
1.5208346850393701
0
LINE
8
BLACK
6
CONTINUOUS
10
0.6714075984251968
20
1.5208346850393701
11
0.6699883858267717
21
1.521422559055118
0
LINE
8
BLACK
6
CONTINUOUS
10
0.6699883858267717
20
1.521422559055118
11
0.6689021653543307
21
1.5225087795275589
0
LINE
8
BLACK
6
CONTINUOUS
10
0.6689021653543307
20
1.5225087795275589
11
0.6683142913385827
21
1.5239279921259843
0
LINE
8
BLACK
6
CONTINUOUS
10
0.6683142913385827
20
1.5239279921259843
11
0.6682386614173228
21
1.524696062992126
0
LINE
8
BLACK
6
CONTINUOUS
10
0.6682386614173228
20
1.524696062992126
11
0.6682386614173228
21
1.5640661417322834
0
LINE
8
BLACK
6
CONTINUOUS
10
0.6682386614173228
20
1.5640661417322834
11
0.6683142913385827
21
1.5648342125984251
0
LINE
8
BLACK
6
CONTINUOUS
10
0.6683142913385827
20
1.5648342125984251
11
0.6689021653543307
21
1.5662534251968503
0
LINE
8
BLACK
6
CONTINUOUS
10
0.6689021653543307
20
1.5662534251968503
11
0.6699883858267717
21
1.5673396456692914
0
LINE
8
BLACK
6
CONTINUOUS
10
0.6699883858267717
20
1.5673396456692914
11
0.6714075984251968
21
1.5679275196850393
0
LINE
8
BLACK
6
CONTINUOUS
10
0.6714075984251968
20
1.5679275196850393
11
0.6729437401574803
21
1.5679275196850393
0
LINE
8
BLACK
6
CONTINUOUS
10
0.6729437401574803
20
1.5679275196850393
11
0.6743629527559055
21
1.5673396456692914
0
LINE
8
BLACK
6
CONTINUOUS
10
0.9139690157480315
20
1.5814275196850394
11
0.9140997244094488
21
1.5813733464566928
0
LINE
8
BLACK
6
CONTINUOUS
10
0.9140997244094488
20
1.5813733464566928
11
0.9142408267716535
21
1.581363346456693
0
LINE
8
BLACK
6
CONTINUOUS
10
0.9142408267716535
20
1.581363346456693
11
0.9149616141732283
21
1.5810875196850394
0
LINE
8
BLACK
6
CONTINUOUS
10
0.9149616141732283
20
1.5810875196850394
11
0.9187111417322834
21
1.5792127559055118
0
LINE
8
BLACK
6
CONTINUOUS
10
0.9187111417322834
20
1.5792127559055118
11
0.9190416929133858
21
1.5790046456692912
0
LINE
8
BLACK
6
CONTINUOUS
10
0.9190416929133858
20
1.5790046456692912
11
0.9191377559055118
21
1.5789648818897637
0
LINE
8
BLACK
6
CONTINUOUS
10
0.9191377559055118
20
1.5789648818897637
11
0.9192458661417323
21
1.5788761417322834
0
LINE
8
BLACK
6
CONTINUOUS
10
0.9192458661417323
20
1.5788761417322834
11
0.9193642913385827
21
1.5788016141732284
0
LINE
8
BLACK
6
CONTINUOUS
10
0.9193642913385827
20
1.5788016141732284
11
0.9194323622047244
21
1.5787230708661417
0
LINE
8
BLACK
6
CONTINUOUS
10
0.9194323622047244
20
1.5787230708661417
11
0.9197343700787401
21
1.5784752755905511
0
LINE
8
BLACK
6
CONTINUOUS
10
0.9197343700787401
20
1.5784752755905511
11
0.9234838976377953
21
1.574725748031496
0
LINE
8
BLACK
6
CONTINUOUS
10
0.9234838976377953
20
1.574725748031496
11
0.9239735039370078
21
1.5741291338582677
0
LINE
8
BLACK
6
CONTINUOUS
10
0.9239735039370078
20
1.5741291338582677
11
0.9240855118110236
21
1.5738587007874016
0
LINE
8
BLACK
6
CONTINUOUS
10
0.9240855118110236
20
1.5738587007874016
11
0.9242598031496063
21
1.5736235039370079
0
LINE
8
BLACK
6
CONTINUOUS
10
0.9242598031496063
20
1.5736235039370079
11
0.9245194488188976
21
1.5728967322834646
0
LINE
8
BLACK
6
CONTINUOUS
10
0.9245194488188976
20
1.5728967322834646
11
0.9263942125984251
21
1.5653976771653544
0
LINE
8
BLACK
6
CONTINUOUS
10
0.9263942125984251
20
1.5653976771653544
11
0.9264138976377952
21
1.5652645275590551
0
LINE
8
BLACK
6
CONTINUOUS
10
0.9264138976377952
20
1.5652645275590551
11
0.9264361417322834
21
1.5652108661417323
0
LINE
8
BLACK
6
CONTINUOUS
10
0.9264361417322834
20
1.5652108661417323
11
0.9264646062992126
21
1.5649214566929133
0
LINE
8
BLACK
6
CONTINUOUS
10
0.9264646062992126
20
1.5649214566929133
11
0.926507125984252
21
1.5646341732283464
0
LINE
8
BLACK
6
CONTINUOUS
10
0.926507125984252
20
1.5646341732283464
11
0.9264985433070866
21
1.5645767322834645
0
LINE
8
BLACK
6
CONTINUOUS
10
0.9264985433070866
20
1.5645767322834645
11
0.9265117716535433
21
1.5644427952755906
0
LINE
8
BLACK
6
CONTINUOUS
10
0.9265117716535433
20
1.5644427952755906
11
0.9265117716535433
21
1.5513194488188975
0
LINE
8
BLACK
6
CONTINUOUS
10
0.9265117716535433
20
1.5513194488188975
11
0.9264985433070866
21
1.5511854724409448
0
LINE
8
BLACK
6
CONTINUOUS
10
0.9264985433070866
20
1.5511854724409448
11
0.926507125984252
21
1.5511280708661417
0
LINE
8
BLACK
6
CONTINUOUS
10
0.926507125984252
20
1.5511280708661417
11
0.9264646062992126
21
1.5508407480314961
0
LINE
8
BLACK
6
CONTINUOUS
10
0.9264646062992126
20
1.5508407480314961
11
0.9264361417322834
21
1.5505513779527558
0
LINE
8
BLACK
6
CONTINUOUS
10
0.9264361417322834
20
1.5505513779527558
11
0.9264138976377952
21
1.5504976771653542
0
LINE
8
BLACK
6
CONTINUOUS
10
0.9264138976377952
20
1.5504976771653542
11
0.9263942125984251
21
1.5503645669291337
0
LINE
8
BLACK
6
CONTINUOUS
10
0.9263942125984251
20
1.5503645669291337
11
0.9245194488188976
21
1.5428655118110235
0
LINE
8
BLACK
6
CONTINUOUS
10
0.9245194488188976
20
1.5428655118110235
11
0.9242598031496063
21
1.5421387401574802
0
LINE
8
BLACK
6
CONTINUOUS
10
0.9242598031496063
20
1.5421387401574802
11
0.9240855118110236
21
1.5419035039370079
0
LINE
8
BLACK
6
CONTINUOUS
10
0.9240855118110236
20
1.5419035039370079
11
0.9239735039370078
21
1.5416331102362204
0
LINE
8
BLACK
6
CONTINUOUS
10
0.9239735039370078
20
1.5416331102362204
11
0.9234838976377953
21
1.5410364960629921
0
LINE
8
BLACK
6
CONTINUOUS
10
0.9234838976377953
20
1.5410364960629921
11
0.9197343700787401
21
1.537286968503937
0
LINE
8
BLACK
6
CONTINUOUS
10
0.9197343700787401
20
1.537286968503937
11
0.9194325196850394
21
1.5370392519685039
0
LINE
8
BLACK
6
CONTINUOUS
10
0.9194325196850394
20
1.5370392519685039
11
0.9193643700787402
21
1.5369606692913385
0
LINE
8
BLACK
6
CONTINUOUS
10
0.9193643700787402
20
1.5369606692913385
11
0.9192458267716536
21
1.5368860629921259
0
LINE
8
BLACK
6
CONTINUOUS
10
0.9192458267716536
20
1.5368860629921259
11
0.9191377559055118
21
1.5367973622047244
0
LINE
8
BLACK
6
CONTINUOUS
10
0.9191377559055118
20
1.5367973622047244
11
0.9190416929133858
21
1.5367575590551181
0
LINE
8
BLACK
6
CONTINUOUS
10
0.9190416929133858
20
1.5367575590551181
11
0.9187111811023622
21
1.5365495275590551
0
LINE
8
BLACK
6
CONTINUOUS
10
0.9187111811023622
20
1.5365495275590551
11
0.9149616535433071
21
1.5346747244094487
0
LINE
8
BLACK
6
CONTINUOUS
10
0.9149616535433071
20
1.5346747244094487
11
0.9142408661417323
21
1.5343988582677166
0
LINE
8
BLACK
6
CONTINUOUS
10
0.9142408661417323
20
1.5343988582677166
11
0.9140996850393701
21
1.5343888188976378
0
LINE
8
BLACK
6
CONTINUOUS
10
0.9140996850393701
20
1.5343888188976378
11
0.9139690157480315
21
1.53433468503937
0
LINE
8
BLACK
6
CONTINUOUS
10
0.9139690157480315
20
1.53433468503937
11
0.9132009448818897
21
1.5342590551181101
0
LINE
8
BLACK
6
CONTINUOUS
10
0.9132009448818897
20
1.5342590551181101
11
0.9057018897637795
21
1.5342590551181101
0
LINE
8
BLACK
6
CONTINUOUS
10
0.9057018897637795
20
1.5342590551181101
11
0.9049338188976378
21
1.53433468503937
0
LINE
8
BLACK
6
CONTINUOUS
10
0.9049338188976378
20
1.53433468503937
11
0.9048030708661418
21
1.5343888188976378
0
LINE
8
BLACK
6
CONTINUOUS
10
0.9048030708661418
20
1.5343888188976378
11
0.9046620078740157
21
1.5343988582677166
0
LINE
8
BLACK
6
CONTINUOUS
10
0.9046620078740157
20
1.5343988582677166
11
0.9039411811023622
21
1.5346747244094487
0
LINE
8
BLACK
6
CONTINUOUS
10
0.9039411811023622
20
1.5346747244094487
11
0.9001916535433071
21
1.5365495275590551
0
LINE
8
BLACK
6
CONTINUOUS
10
0.9001916535433071
20
1.5365495275590551
11
0.8998611417322835
21
1.5367575196850394
0
LINE
8
BLACK
6
CONTINUOUS
10
0.8998611417322835
20
1.5367575196850394
11
0.8997650787401574
21
1.5367973622047244
0
LINE
8
BLACK
6
CONTINUOUS
10
0.8997650787401574
20
1.5367973622047244
11
0.8996568503937008
21
1.5368861417322834
0
LINE
8
BLACK
6
CONTINUOUS
10
0.8996568503937008
20
1.5368861417322834
11
0.8995385039370078
21
1.5369606692913385
0
LINE
8
BLACK
6
CONTINUOUS
10
0.8995385039370078
20
1.5369606692913385
11
0.8994703937007874
21
1.5370391338582676
0
LINE
8
BLACK
6
CONTINUOUS
10
0.8994703937007874
20
1.5370391338582676
11
0.8991684645669291
21
1.537286968503937
0
LINE
8
BLACK
6
CONTINUOUS
10
0.8991684645669291
20
1.537286968503937
11
0.895418937007874
21
1.5410364960629921
0
LINE
8
BLACK
6
CONTINUOUS
10
0.895418937007874
20
1.5410364960629921
11
0.8949293307086614
21
1.5416331102362204
0
LINE
8
BLACK
6
CONTINUOUS
10
0.8949293307086614
20
1.5416331102362204
11
0.8948172834645669
21
1.5419035039370079
0
LINE
8
BLACK
6
CONTINUOUS
10
0.8948172834645669
20
1.5419035039370079
11
0.8946430314960629
21
1.5421387401574802
0
LINE
8
BLACK
6
CONTINUOUS
10
0.8946430314960629
20
1.5421387401574802
11
0.8943833858267717
21
1.5428655511811022
0
LINE
8
BLACK
6
CONTINUOUS
10
0.8943833858267717
20
1.5428655511811022
11
0.8925086220472441
21
1.5503645669291337
0
LINE
8
BLACK
6
CONTINUOUS
10
0.8925086220472441
20
1.5503645669291337
11
0.8924888976377953
21
1.5504976771653542
0
LINE
8
BLACK
6
CONTINUOUS
10
0.8924888976377953
20
1.5504976771653542
11
0.8924666929133858
21
1.5505513779527558
0
LINE
8
BLACK
6
CONTINUOUS
10
0.8924666929133858
20
1.5505513779527558
11
0.8924381889763779
21
1.5508407480314961
0
LINE
8
BLACK
6
CONTINUOUS
10
0.8924381889763779
20
1.5508407480314961
11
0.8923957086614173
21
1.5511280708661417
0
LINE
8
BLACK
6
CONTINUOUS
10
0.8923957086614173
20
1.5511280708661417
11
0.8924042519685039
21
1.5511854724409448
0
LINE
8
BLACK
6
CONTINUOUS
10
0.8924042519685039
20
1.5511854724409448
11
0.892391062992126
21
1.5513194488188975
0
LINE
8
BLACK
6
CONTINUOUS
10
0.892391062992126
20
1.5513194488188975
11
0.892391062992126
21
1.5644427952755906
0
LINE
8
BLACK
6
CONTINUOUS
10
0.892391062992126
20
1.5644427952755906
11
0.8924042519685039
21
1.5645767322834645
0
LINE
8
BLACK
6
CONTINUOUS
10
0.8924042519685039
20
1.5645767322834645
11
0.8923957086614173
21
1.5646341732283464
0
LINE
8
BLACK
6
CONTINUOUS
10
0.8923957086614173
20
1.5646341732283464
11
0.8924381889763779
21
1.5649214566929133
0
LINE
8
BLACK
6
CONTINUOUS
10
0.8924381889763779
20
1.5649214566929133
11
0.8924666929133858
21
1.5652108661417323
0
LINE
8
BLACK
6
CONTINUOUS
10
0.8924666929133858
20
1.5652108661417323
11
0.8924888976377953
21
1.5652645275590551
0
LINE
8
BLACK
6
CONTINUOUS
10
0.8924888976377953
20
1.5652645275590551
11
0.8925086220472441
21
1.5653976771653544
0
LINE
8
BLACK
6
CONTINUOUS
10
0.8925086220472441
20
1.5653976771653544
11
0.8943833858267717
21
1.5728966929133859
0
LINE
8
BLACK
6
CONTINUOUS
10
0.8943833858267717
20
1.5728966929133859
11
0.8946430314960629
21
1.5736235039370079
0
LINE
8
BLACK
6
CONTINUOUS
10
0.8946430314960629
20
1.5736235039370079
11
0.8948172834645669
21
1.5738587007874016
0
LINE
8
BLACK
6
CONTINUOUS
10
0.8948172834645669
20
1.5738587007874016
11
0.8949293307086614
21
1.5741291338582677
0
LINE
8
BLACK
6
CONTINUOUS
10
0.8949293307086614
20
1.5741291338582677
11
0.895418937007874
21
1.574725748031496
0
LINE
8
BLACK
6
CONTINUOUS
10
0.895418937007874
20
1.574725748031496
11
0.8991684645669291
21
1.5784752755905511
0
LINE
8
BLACK
6
CONTINUOUS
10
0.8991684645669291
20
1.5784752755905511
11
0.8994702755905511
21
1.5787229527559055
0
LINE
8
BLACK
6
CONTINUOUS
10
0.8994702755905511
20
1.5787229527559055
11
0.8995385039370078
21
1.5788016141732284
0
LINE
8
BLACK
6
CONTINUOUS
10
0.8995385039370078
20
1.5788016141732284
11
0.8996570472440945
21
1.5788762204724409
0
LINE
8
BLACK
6
CONTINUOUS
10
0.8996570472440945
20
1.5788762204724409
11
0.8997650787401574
21
1.5789648818897637
0
LINE
8
BLACK
6
CONTINUOUS
10
0.8997650787401574
20
1.5789648818897637
11
0.8998610236220472
21
1.5790046062992125
0
LINE
8
BLACK
6
CONTINUOUS
10
0.8998610236220472
20
1.5790046062992125
11
0.9001916929133859
21
1.5792127559055118
0
LINE
8
BLACK
6
CONTINUOUS
10
0.9001916929133859
20
1.5792127559055118
11
0.9039411811023622
21
1.5810875196850394
0
LINE
8
BLACK
6
CONTINUOUS
10
0.9039411811023622
20
1.5810875196850394
11
0.9046620078740157
21
1.581363346456693
0
LINE
8
BLACK
6
CONTINUOUS
10
0.9046620078740157
20
1.581363346456693
11
0.9048030708661418
21
1.5813733464566928
0
LINE
8
BLACK
6
CONTINUOUS
10
0.9048030708661418
20
1.5813733464566928
11
0.9049338188976378
21
1.5814275196850394
0
LINE
8
BLACK
6
CONTINUOUS
10
0.9049338188976378
20
1.5814275196850394
11
0.9057018897637795
21
1.5815031496062992
0
LINE
8
BLACK
6
CONTINUOUS
10
0.9057018897637795
20
1.5815031496062992
11
0.9132009448818897
21
1.5815031496062992
0
LINE
8
BLACK
6
CONTINUOUS
10
0.9132009448818897
20
1.5815031496062992
11
0.9139690157480315
21
1.5814275196850394
0
LINE
8
BLACK
6
CONTINUOUS
10
0.9042845275590551
20
1.572455748031496
11
0.9017577952755905
21
1.5699290157480315
0
LINE
8
BLACK
6
CONTINUOUS
10
0.9017577952755905
20
1.5699290157480315
11
0.9002650787401575
21
1.5639581496062991
0
LINE
8
BLACK
6
CONTINUOUS
10
0.9002650787401575
20
1.5639581496062991
11
0.9002650787401575
21
1.551804094488189
0
LINE
8
BLACK
6
CONTINUOUS
10
0.9002650787401575
20
1.551804094488189
11
0.9017577952755905
21
1.5458332283464566
0
LINE
8
BLACK
6
CONTINUOUS
10
0.9017577952755905
20
1.5458332283464566
11
0.9042845669291338
21
1.5433064173228346
0
LINE
8
BLACK
6
CONTINUOUS
10
0.9042845669291338
20
1.5433064173228346
11
0.9066312598425197
21
1.5421330708661416
0
LINE
8
BLACK
6
CONTINUOUS
10
0.9066312598425197
20
1.5421330708661416
11
0.9122715748031496
21
1.5421330708661416
0
LINE
8
BLACK
6
CONTINUOUS
10
0.9122715748031496
20
1.5421330708661416
11
0.9146182283464567
21
1.5433064173228346
0
LINE
8
BLACK
6
CONTINUOUS
10
0.9146182283464567
20
1.5433064173228346
11
0.9171450393700787
21
1.5458332283464566
0
LINE
8
BLACK
6
CONTINUOUS
10
0.9171450393700787
20
1.5458332283464566
11
0.9186377559055118
21
1.5518040551181103
0
LINE
8
BLACK
6
CONTINUOUS
10
0.9186377559055118
20
1.5518040551181103
11
0.9186377559055118
21
1.5639581496062991
0
LINE
8
BLACK
6
CONTINUOUS
10
0.9186377559055118
20
1.5639581496062991
11
0.9171450393700787
21
1.5699289763779527
0
LINE
8
BLACK
6
CONTINUOUS
10
0.9171450393700787
20
1.5699289763779527
11
0.9146183070866142
21
1.5724557086614173
0
LINE
8
BLACK
6
CONTINUOUS
10
0.9146183070866142
20
1.5724557086614173
11
0.9122715354330708
21
1.5736291338582677
0
LINE
8
BLACK
6
CONTINUOUS
10
0.9122715354330708
20
1.5736291338582677
11
0.9066312992125984
21
1.5736291338582677
0
LINE
8
BLACK
6
CONTINUOUS
10
0.9066312992125984
20
1.5736291338582677
11
0.9042845275590551
21
1.572455748031496
0
LINE
8
BLACK
6
CONTINUOUS
10
1.0039577559055117
20
1.5814275196850394
11
1.0053769685039369
21
1.5808396456692912
0
LINE
8
BLACK
6
CONTINUOUS
10
1.0053769685039369
20
1.5808396456692912
11
1.006463188976378
21
1.5797534251968504
0
LINE
8
BLACK
6
CONTINUOUS
10
1.006463188976378
20
1.5797534251968504
11
1.0070510629921259
21
1.5783342125984252
0
LINE
8
BLACK
6
CONTINUOUS
10
1.0070510629921259
20
1.5783342125984252
11
1.0070510629921259
21
1.5767980708661418
0
LINE
8
BLACK
6
CONTINUOUS
10
1.0070510629921259
20
1.5767980708661418
11
1.006463188976378
21
1.5753788582677164
0
LINE
8
BLACK
6
CONTINUOUS
10
1.006463188976378
20
1.5753788582677164
11
1.0053769685039369
21
1.5742926377952755
0
LINE
8
BLACK
6
CONTINUOUS
10
1.0053769685039369
20
1.5742926377952755
11
1.0039577559055117
21
1.5737047637795276
0
LINE
8
BLACK
6
CONTINUOUS
10
1.0039577559055117
20
1.5737047637795276
11
1.00318968503937
21
1.5736291338582677
0
LINE
8
BLACK
6
CONTINUOUS
10
1.00318968503937
20
1.5736291338582677
11
0.9883790551181102
21
1.5736291338582677
0
LINE
8
BLACK
6
CONTINUOUS
10
0.9883790551181102
20
1.5736291338582677
11
0.9883790551181102
21
1.5627555118110237
0
LINE
8
BLACK
6
CONTINUOUS
10
0.9883790551181102
20
1.5627555118110237
11
0.9975653937007873
21
1.5627555118110237
0
LINE
8
BLACK
6
CONTINUOUS
10
0.9975653937007873
20
1.5627555118110237
11
0.9983334645669291
21
1.5626798818897638
0
LINE
8
BLACK
6
CONTINUOUS
10
0.9983334645669291
20
1.5626798818897638
11
0.9997526771653543
21
1.5620920078740157
0
LINE
8
BLACK
6
CONTINUOUS
10
0.9997526771653543
20
1.5620920078740157
11
1.0008388976377953
21
1.5610057874015748
0
LINE
8
BLACK
6
CONTINUOUS
10
1.0008388976377953
20
1.5610057874015748
11
1.0014267716535432
21
1.5595865748031497
0
LINE
8
BLACK
6
CONTINUOUS
10
1.0014267716535432
20
1.5595865748031497
11
1.0014267716535432
21
1.5580504330708662
0
LINE
8
BLACK
6
CONTINUOUS
10
1.0014267716535432
20
1.5580504330708662
11
1.0008388976377953
21
1.5566312204724408
0
LINE
8
BLACK
6
CONTINUOUS
10
1.0008388976377953
20
1.5566312204724408
11
0.9997526771653543
21
1.555545
0
LINE
8
BLACK
6
CONTINUOUS
10
0.9997526771653543
20
1.555545
11
0.9983334645669291
21
1.5549571259842518
0
LINE
8
BLACK
6
CONTINUOUS
10
0.9983334645669291
20
1.5549571259842518
11
0.9975653937007873
21
1.5548814960629922
0
LINE
8
BLACK
6
CONTINUOUS
10
0.9975653937007873
20
1.5548814960629922
11
0.9883790551181102
21
1.5548814960629922
0
LINE
8
BLACK
6
CONTINUOUS
10
0.9883790551181102
20
1.5548814960629922
11
0.9883790551181102
21
1.5421330708661416
0
LINE
8
BLACK
6
CONTINUOUS
10
0.9883790551181102
20
1.5421330708661416
11
1.00318968503937
21
1.5421330708661416
0
LINE
8
BLACK
6
CONTINUOUS
10
1.00318968503937
20
1.5421330708661416
11
1.0039577559055117
21
1.542057440944882
0
LINE
8
BLACK
6
CONTINUOUS
10
1.0039577559055117
20
1.542057440944882
11
1.0053769685039369
21
1.5414695669291338
0
LINE
8
BLACK
6
CONTINUOUS
10
1.0053769685039369
20
1.5414695669291338
11
1.006463188976378
21
1.5403833464566929
0
LINE
8
BLACK
6
CONTINUOUS
10
1.006463188976378
20
1.5403833464566929
11
1.0070510629921259
21
1.5389641338582676
0
LINE
8
BLACK
6
CONTINUOUS
10
1.0070510629921259
20
1.5389641338582676
11
1.0070510629921259
21
1.5374279921259841
0
LINE
8
BLACK
6
CONTINUOUS
10
1.0070510629921259
20
1.5374279921259841
11
1.006463188976378
21
1.536008779527559
0
LINE
8
BLACK
6
CONTINUOUS
10
1.006463188976378
20
1.536008779527559
11
1.0053769685039369
21
1.5349225590551181
0
LINE
8
BLACK
6
CONTINUOUS
10
1.0053769685039369
20
1.5349225590551181
11
1.0039577559055117
21
1.53433468503937
0
LINE
8
BLACK
6
CONTINUOUS
10
1.0039577559055117
20
1.53433468503937
11
1.00318968503937
21
1.5342590551181101
0
LINE
8
BLACK
6
CONTINUOUS
10
1.00318968503937
20
1.5342590551181101
11
0.9844420472440945
21
1.5342590551181101
0
LINE
8
BLACK
6
CONTINUOUS
10
0.9844420472440945
20
1.5342590551181101
11
0.9836739763779527
21
1.53433468503937
0
LINE
8
BLACK
6
CONTINUOUS
10
0.9836739763779527
20
1.53433468503937
11
0.9822547637795276
21
1.5349225590551181
0
LINE
8
BLACK
6
CONTINUOUS
10
0.9822547637795276
20
1.5349225590551181
11
0.9811685433070866
21
1.536008779527559
0
LINE
8
BLACK
6
CONTINUOUS
10
0.9811685433070866
20
1.536008779527559
11
0.9805806692913386
21
1.5374279921259841
0
LINE
8
BLACK
6
CONTINUOUS
10
0.9805806692913386
20
1.5374279921259841
11
0.9805050393700787
21
1.5381960629921259
0
LINE
8
BLACK
6
CONTINUOUS
10
0.9805050393700787
20
1.5381960629921259
11
0.9805050393700787
21
1.5775661417322835
0
LINE
8
BLACK
6
CONTINUOUS
10
0.9805050393700787
20
1.5775661417322835
11
0.9805806692913386
21
1.5783342125984252
0
LINE
8
BLACK
6
CONTINUOUS
10
0.9805806692913386
20
1.5783342125984252
11
0.9811685433070866
21
1.5797534251968504
0
LINE
8
BLACK
6
CONTINUOUS
10
0.9811685433070866
20
1.5797534251968504
11
0.9822547637795276
21
1.5808396456692912
0
LINE
8
BLACK
6
CONTINUOUS
10
0.9822547637795276
20
1.5808396456692912
11
0.9836739763779527
21
1.5814275196850394
0
LINE
8
BLACK
6
CONTINUOUS
10
0.9836739763779527
20
1.5814275196850394
11
0.9844420472440945
21
1.5815031496062992
0
LINE
8
BLACK
6
CONTINUOUS
10
0.9844420472440945
20
1.5815031496062992
11
1.00318968503937
21
1.5815031496062992
0
LINE
8
BLACK
6
CONTINUOUS
10
1.00318968503937
20
1.5815031496062992
11
1.0039577559055117
21
1.5814275196850394
0
LINE
8
BLACK
6
CONTINUOUS
10
1.1051951181102362
20
1.5814275196850394
11
1.1053258267716535
21
1.5813733464566928
0
LINE
8
BLACK
6
CONTINUOUS
10
1.1053258267716535
20
1.5813733464566928
11
1.1054669291338581
21
1.581363346456693
0
LINE
8
BLACK
6
CONTINUOUS
10
1.1054669291338581
20
1.581363346456693
11
1.106187716535433
21
1.5810875196850394
0
LINE
8
BLACK
6
CONTINUOUS
10
1.106187716535433
20
1.5810875196850394
11
1.1099372440944881
21
1.5792127559055118
0
LINE
8
BLACK
6
CONTINUOUS
10
1.1099372440944881
20
1.5792127559055118
11
1.1102677952755906
21
1.5790046456692912
0
LINE
8
BLACK
6
CONTINUOUS
10
1.1102677952755906
20
1.5790046456692912
11
1.1103638582677164
21
1.5789648818897637
0
LINE
8
BLACK
6
CONTINUOUS
10
1.1103638582677164
20
1.5789648818897637
11
1.110471968503937
21
1.5788761417322834
0
LINE
8
BLACK
6
CONTINUOUS
10
1.110471968503937
20
1.5788761417322834
11
1.1105903937007873
21
1.5788016141732284
0
LINE
8
BLACK
6
CONTINUOUS
10
1.1105903937007873
20
1.5788016141732284
11
1.1106584645669291
21
1.5787230708661417
0
LINE
8
BLACK
6
CONTINUOUS
10
1.1106584645669291
20
1.5787230708661417
11
1.1109604724409448
21
1.5784752755905511
0
LINE
8
BLACK
6
CONTINUOUS
10
1.1109604724409448
20
1.5784752755905511
11
1.1147099999999999
21
1.574725748031496
0
LINE
8
BLACK
6
CONTINUOUS
10
1.1147099999999999
20
1.574725748031496
11
1.1151996062992127
21
1.5741291338582677
0
LINE
8
BLACK
6
CONTINUOUS
10
1.1151996062992127
20
1.5741291338582677
11
1.1153116141732282
21
1.5738587007874016
0
LINE
8
BLACK
6
CONTINUOUS
10
1.1153116141732282
20
1.5738587007874016
11
1.1154859055118109
21
1.5736235039370079
0
LINE
8
BLACK
6
CONTINUOUS
10
1.1154859055118109
20
1.5736235039370079
11
1.1157455511811023
21
1.5728967322834646
0
LINE
8
BLACK
6
CONTINUOUS
10
1.1157455511811023
20
1.5728967322834646
11
1.1176203149606299
21
1.5653976771653544
0
LINE
8
BLACK
6
CONTINUOUS
10
1.1176203149606299
20
1.5653976771653544
11
1.11764
21
1.5652645275590551
0
LINE
8
BLACK
6
CONTINUOUS
10
1.11764
20
1.5652645275590551
11
1.1176622440944881
21
1.5652108661417323
0
LINE
8
BLACK
6
CONTINUOUS
10
1.1176622440944881
20
1.5652108661417323
11
1.1176907086614174
21
1.5649214566929133
0
LINE
8
BLACK
6
CONTINUOUS
10
1.1176907086614174
20
1.5649214566929133
11
1.1177332283464567
21
1.5646341732283464
0
LINE
8
BLACK
6
CONTINUOUS
10
1.1177332283464567
20
1.5646341732283464
11
1.1177246456692913
21
1.5645767322834645
0
LINE
8
BLACK
6
CONTINUOUS
10
1.1177246456692913
20
1.5645767322834645
11
1.117737874015748
21
1.5644427952755906
0
LINE
8
BLACK
6
CONTINUOUS
10
1.117737874015748
20
1.5644427952755906
11
1.117737874015748
21
1.5513194488188975
0
LINE
8
BLACK
6
CONTINUOUS
10
1.117737874015748
20
1.5513194488188975
11
1.1177246456692913
21
1.5511854724409448
0
LINE
8
BLACK
6
CONTINUOUS
10
1.1177246456692913
20
1.5511854724409448
11
1.1177332283464567
21
1.5511280708661417
0
LINE
8
BLACK
6
CONTINUOUS
10
1.1177332283464567
20
1.5511280708661417
11
1.1176907086614174
21
1.5508407480314961
0
LINE
8
BLACK
6
CONTINUOUS
10
1.1176907086614174
20
1.5508407480314961
11
1.1176622440944881
21
1.5505513779527558
0
LINE
8
BLACK
6
CONTINUOUS
10
1.1176622440944881
20
1.5505513779527558
11
1.11764
21
1.5504976771653542
0
LINE
8
BLACK
6
CONTINUOUS
10
1.11764
20
1.5504976771653542
11
1.1176203149606299
21
1.5503645669291337
0
LINE
8
BLACK
6
CONTINUOUS
10
1.1176203149606299
20
1.5503645669291337
11
1.1157455511811023
21
1.5428655118110235
0
LINE
8
BLACK
6
CONTINUOUS
10
1.1157455511811023
20
1.5428655118110235
11
1.1154859055118109
21
1.5421387401574802
0
LINE
8
BLACK
6
CONTINUOUS
10
1.1154859055118109
20
1.5421387401574802
11
1.1153116141732282
21
1.5419035039370079
0
LINE
8
BLACK
6
CONTINUOUS
10
1.1153116141732282
20
1.5419035039370079
11
1.1151996062992127
21
1.5416331102362204
0
LINE
8
BLACK
6
CONTINUOUS
10
1.1151996062992127
20
1.5416331102362204
11
1.1147099999999999
21
1.5410364960629921
0
LINE
8
BLACK
6
CONTINUOUS
10
1.1147099999999999
20
1.5410364960629921
11
1.1109604724409448
21
1.537286968503937
0
LINE
8
BLACK
6
CONTINUOUS
10
1.1109604724409448
20
1.537286968503937
11
1.1106586220472441
21
1.5370392519685039
0
LINE
8
BLACK
6
CONTINUOUS
10
1.1106586220472441
20
1.5370392519685039
11
1.1105904724409448
21
1.5369606692913385
0
LINE
8
BLACK
6
CONTINUOUS
10
1.1105904724409448
20
1.5369606692913385
11
1.1104719291338583
21
1.5368860629921259
0
LINE
8
BLACK
6
CONTINUOUS
10
1.1104719291338583
20
1.5368860629921259
11
1.1103638582677164
21
1.5367973622047244
0
LINE
8
BLACK
6
CONTINUOUS
10
1.1103638582677164
20
1.5367973622047244
11
1.1102677952755906
21
1.5367575590551181
0
LINE
8
BLACK
6
CONTINUOUS
10
1.1102677952755906
20
1.5367575590551181
11
1.1099372834645669
21
1.5365495275590551
0
LINE
8
BLACK
6
CONTINUOUS
10
1.1099372834645669
20
1.5365495275590551
11
1.1061877559055118
21
1.5346747244094487
0
LINE
8
BLACK
6
CONTINUOUS
10
1.1061877559055118
20
1.5346747244094487
11
1.1054669685039369
21
1.5343988582677166
0
LINE
8
BLACK
6
CONTINUOUS
10
1.1054669685039369
20
1.5343988582677166
11
1.1053257874015747
21
1.5343888188976378
0
LINE
8
BLACK
6
CONTINUOUS
10
1.1053257874015747
20
1.5343888188976378
11
1.1051951181102362
21
1.53433468503937
0
LINE
8
BLACK
6
CONTINUOUS
10
1.1051951181102362
20
1.53433468503937
11
1.1044270472440945
21
1.5342590551181101
0
LINE
8
BLACK
6
CONTINUOUS
10
1.1044270472440945
20
1.5342590551181101
11
1.0969279921259842
21
1.5342590551181101
0
LINE
8
BLACK
6
CONTINUOUS
10
1.0969279921259842
20
1.5342590551181101
11
1.0961599212598425
21
1.53433468503937
0
LINE
8
BLACK
6
CONTINUOUS
10
1.0961599212598425
20
1.53433468503937
11
1.0960291732283465
21
1.5343888188976378
0
LINE
8
BLACK
6
CONTINUOUS
10
1.0960291732283465
20
1.5343888188976378
11
1.0958881102362203
21
1.5343988582677166
0
LINE
8
BLACK
6
CONTINUOUS
10
1.0958881102362203
20
1.5343988582677166
11
1.0951672834645669
21
1.5346747244094487
0
LINE
8
BLACK
6
CONTINUOUS
10
1.0951672834645669
20
1.5346747244094487
11
1.0914177559055118
21
1.5365495275590551
0
LINE
8
BLACK
6
CONTINUOUS
10
1.0914177559055118
20
1.5365495275590551
11
1.0910872440944881
21
1.5367575196850394
0
LINE
8
BLACK
6
CONTINUOUS
10
1.0910872440944881
20
1.5367575196850394
11
1.0909911811023623
21
1.5367973622047244
0
LINE
8
BLACK
6
CONTINUOUS
10
1.0909911811023623
20
1.5367973622047244
11
1.0908829527559054
21
1.5368861417322834
0
LINE
8
BLACK
6
CONTINUOUS
10
1.0908829527559054
20
1.5368861417322834
11
1.0907646062992127
21
1.5369606692913385
0
LINE
8
BLACK
6
CONTINUOUS
10
1.0907646062992127
20
1.5369606692913385
11
1.0906964960629921
21
1.5370391338582676
0
LINE
8
BLACK
6
CONTINUOUS
10
1.0906964960629921
20
1.5370391338582676
11
1.0903945669291337
21
1.537286968503937
0
LINE
8
BLACK
6
CONTINUOUS
10
1.0903945669291337
20
1.537286968503937
11
1.0866450393700786
21
1.5410364960629921
0
LINE
8
BLACK
6
CONTINUOUS
10
1.0866450393700786
20
1.5410364960629921
11
1.086155433070866
21
1.5416331102362204
0
LINE
8
BLACK
6
CONTINUOUS
10
1.086155433070866
20
1.5416331102362204
11
1.0860433858267717
21
1.5419035039370079
0
LINE
8
BLACK
6
CONTINUOUS
10
1.0860433858267717
20
1.5419035039370079
11
1.0858691338582678
21
1.5421387401574802
0
LINE
8
BLACK
6
CONTINUOUS
10
1.0858691338582678
20
1.5421387401574802
11
1.0856094881889764
21
1.5428655511811022
0
LINE
8
BLACK
6
CONTINUOUS
10
1.0856094881889764
20
1.5428655511811022
11
1.0837347244094488
21
1.5503645669291337
0
LINE
8
BLACK
6
CONTINUOUS
10
1.0837347244094488
20
1.5503645669291337
11
1.083715
21
1.5504976771653542
0
LINE
8
BLACK
6
CONTINUOUS
10
1.083715
20
1.5504976771653542
11
1.0836927952755906
21
1.5505513779527558
0
LINE
8
BLACK
6
CONTINUOUS
10
1.0836927952755906
20
1.5505513779527558
11
1.0836642913385826
21
1.5508407480314961
0
LINE
8
BLACK
6
CONTINUOUS
10
1.0836642913385826
20
1.5508407480314961
11
1.083621811023622
21
1.5511280708661417
0
LINE
8
BLACK
6
CONTINUOUS
10
1.083621811023622
20
1.5511280708661417
11
1.0836303543307086
21
1.5511854724409448
0
LINE
8
BLACK
6
CONTINUOUS
10
1.0836303543307086
20
1.5511854724409448
11
1.0836171653543307
21
1.5513194488188975
0
LINE
8
BLACK
6
CONTINUOUS
10
1.0836171653543307
20
1.5513194488188975
11
1.0836171653543307
21
1.5644427952755906
0
LINE
8
BLACK
6
CONTINUOUS
10
1.0836171653543307
20
1.5644427952755906
11
1.0836303543307086
21
1.5645767322834645
0
LINE
8
BLACK
6
CONTINUOUS
10
1.0836303543307086
20
1.5645767322834645
11
1.083621811023622
21
1.5646341732283464
0
LINE
8
BLACK
6
CONTINUOUS
10
1.083621811023622
20
1.5646341732283464
11
1.0836642913385826
21
1.5649214566929133
0
LINE
8
BLACK
6
CONTINUOUS
10
1.0836642913385826
20
1.5649214566929133
11
1.0836927952755906
21
1.5652108661417323
0
LINE
8
BLACK
6
CONTINUOUS
10
1.0836927952755906
20
1.5652108661417323
11
1.083715
21
1.5652645275590551
0
LINE
8
BLACK
6
CONTINUOUS
10
1.083715
20
1.5652645275590551
11
1.0837347244094488
21
1.5653976771653544
0
LINE
8
BLACK
6
CONTINUOUS
10
1.0837347244094488
20
1.5653976771653544
11
1.0856094881889764
21
1.5728966929133859
0
LINE
8
BLACK
6
CONTINUOUS
10
1.0856094881889764
20
1.5728966929133859
11
1.0858691338582678
21
1.5736235039370079
0
LINE
8
BLACK
6
CONTINUOUS
10
1.0858691338582678
20
1.5736235039370079
11
1.0860433858267717
21
1.5738587007874016
0
LINE
8
BLACK
6
CONTINUOUS
10
1.0860433858267717
20
1.5738587007874016
11
1.086155433070866
21
1.5741291338582677
0
LINE
8
BLACK
6
CONTINUOUS
10
1.086155433070866
20
1.5741291338582677
11
1.0866450393700786
21
1.574725748031496
0
LINE
8
BLACK
6
CONTINUOUS
10
1.0866450393700786
20
1.574725748031496
11
1.0903945669291337
21
1.5784752755905511
0
LINE
8
BLACK
6
CONTINUOUS
10
1.0903945669291337
20
1.5784752755905511
11
1.0906963779527559
21
1.5787229527559055
0
LINE
8
BLACK
6
CONTINUOUS
10
1.0906963779527559
20
1.5787229527559055
11
1.0907646062992127
21
1.5788016141732284
0
LINE
8
BLACK
6
CONTINUOUS
10
1.0907646062992127
20
1.5788016141732284
11
1.0908831496062992
21
1.5788762204724409
0
LINE
8
BLACK
6
CONTINUOUS
10
1.0908831496062992
20
1.5788762204724409
11
1.0909911811023623
21
1.5789648818897637
0
LINE
8
BLACK
6
CONTINUOUS
10
1.0909911811023623
20
1.5789648818897637
11
1.0910871259842518
21
1.5790046062992125
0
LINE
8
BLACK
6
CONTINUOUS
10
1.0910871259842518
20
1.5790046062992125
11
1.0914177952755906
21
1.5792127559055118
0
LINE
8
BLACK
6
CONTINUOUS
10
1.0914177952755906
20
1.5792127559055118
11
1.0951672834645669
21
1.5810875196850394
0
LINE
8
BLACK
6
CONTINUOUS
10
1.0951672834645669
20
1.5810875196850394
11
1.0958881102362203
21
1.581363346456693
0
LINE
8
BLACK
6
CONTINUOUS
10
1.0958881102362203
20
1.581363346456693
11
1.0960291732283465
21
1.5813733464566928
0
LINE
8
BLACK
6
CONTINUOUS
10
1.0960291732283465
20
1.5813733464566928
11
1.0961599212598425
21
1.5814275196850394
0
LINE
8
BLACK
6
CONTINUOUS
10
1.0961599212598425
20
1.5814275196850394
11
1.0969279921259842
21
1.5815031496062992
0
LINE
8
BLACK
6
CONTINUOUS
10
1.0969279921259842
20
1.5815031496062992
11
1.1044270472440945
21
1.5815031496062992
0
LINE
8
BLACK
6
CONTINUOUS
10
1.1044270472440945
20
1.5815031496062992
11
1.1051951181102362
21
1.5814275196850394
0
LINE
8
BLACK
6
CONTINUOUS
10
1.0955106299212598
20
1.572455748031496
11
1.0929838976377952
21
1.5699290157480315
0
LINE
8
BLACK
6
CONTINUOUS
10
1.0929838976377952
20
1.5699290157480315
11
1.0914911811023622
21
1.5639581496062991
0
LINE
8
BLACK
6
CONTINUOUS
10
1.0914911811023622
20
1.5639581496062991
11
1.0914911811023622
21
1.551804094488189
0
LINE
8
BLACK
6
CONTINUOUS
10
1.0914911811023622
20
1.551804094488189
11
1.0929838976377952
21
1.5458332283464566
0
LINE
8
BLACK
6
CONTINUOUS
10
1.0929838976377952
20
1.5458332283464566
11
1.0955106692913386
21
1.5433064173228346
0
LINE
8
BLACK
6
CONTINUOUS
10
1.0955106692913386
20
1.5433064173228346
11
1.0978573622047243
21
1.5421330708661416
0
LINE
8
BLACK
6
CONTINUOUS
10
1.0978573622047243
20
1.5421330708661416
11
1.1034976771653544
21
1.5421330708661416
0
LINE
8
BLACK
6
CONTINUOUS
10
1.1034976771653544
20
1.5421330708661416
11
1.1058443307086614
21
1.5433064173228346
0
LINE
8
BLACK
6
CONTINUOUS
10
1.1058443307086614
20
1.5433064173228346
11
1.1083711417322835
21
1.5458332283464566
0
LINE
8
BLACK
6
CONTINUOUS
10
1.1083711417322835
20
1.5458332283464566
11
1.1098638582677165
21
1.5518040551181103
0
LINE
8
BLACK
6
CONTINUOUS
10
1.1098638582677165
20
1.5518040551181103
11
1.1098638582677165
21
1.5639581496062991
0
LINE
8
BLACK
6
CONTINUOUS
10
1.1098638582677165
20
1.5639581496062991
11
1.1083711417322835
21
1.5699289763779527
0
LINE
8
BLACK
6
CONTINUOUS
10
1.1083711417322835
20
1.5699289763779527
11
1.1058444094488189
21
1.5724557086614173
0
LINE
8
BLACK
6
CONTINUOUS
10
1.1058444094488189
20
1.5724557086614173
11
1.1034976377952757
21
1.5736291338582677
0
LINE
8
BLACK
6
CONTINUOUS
10
1.1034976377952757
20
1.5736291338582677
11
1.097857401574803
21
1.5736291338582677
0
LINE
8
BLACK
6
CONTINUOUS
10
1.097857401574803
20
1.5736291338582677
11
1.0955106299212598
21
1.572455748031496
0
LINE
8
BLACK
6
CONTINUOUS
10
1.1328610629921259
20
1.5808396456692912
11
1.133947283464567
21
1.5797534251968504
0
LINE
8
BLACK
6
CONTINUOUS
10
1.133947283464567
20
1.5797534251968504
11
1.1345351574803149
21
1.5783342125984252
0
LINE
8
BLACK
6
CONTINUOUS
10
1.1345351574803149
20
1.5783342125984252
11
1.1346107874015747
21
1.5775661417322835
0
LINE
8
BLACK
6
CONTINUOUS
10
1.1346107874015747
20
1.5775661417322835
11
1.1346107874015747
21
1.5466245669291339
0
LINE
8
BLACK
6
CONTINUOUS
10
1.1346107874015747
20
1.5466245669291339
11
1.1357842125984252
21
1.5442777165354331
0
LINE
8
BLACK
6
CONTINUOUS
10
1.1357842125984252
20
1.5442777165354331
11
1.136755433070866
21
1.5433064566929133
0
LINE
8
BLACK
6
CONTINUOUS
10
1.136755433070866
20
1.5433064566929133
11
1.1391022047244095
21
1.5421330708661416
0
LINE
8
BLACK
6
CONTINUOUS
10
1.1391022047244095
20
1.5421330708661416
11
1.1447425196850394
21
1.5421330708661416
0
LINE
8
BLACK
6
CONTINUOUS
10
1.1447425196850394
20
1.5421330708661416
11
1.1470892125984251
21
1.5433064173228346
0
LINE
8
BLACK
6
CONTINUOUS
10
1.1470892125984251
20
1.5433064173228346
11
1.1480605118110236
21
1.5442777165354331
0
LINE
8
BLACK
6
CONTINUOUS
10
1.1480605118110236
20
1.5442777165354331
11
1.1492339370078739
21
1.5466245669291339
0
LINE
8
BLACK
6
CONTINUOUS
10
1.1492339370078739
20
1.5466245669291339
11
1.1492339370078739
21
1.5775661417322835
0
LINE
8
BLACK
6
CONTINUOUS
10
1.1492339370078739
20
1.5775661417322835
11
1.1493095669291338
21
1.5783342125984252
0
LINE
8
BLACK
6
CONTINUOUS
10
1.1493095669291338
20
1.5783342125984252
11
1.1498974409448819
21
1.5797534251968504
0
LINE
8
BLACK
6
CONTINUOUS
10
1.1498974409448819
20
1.5797534251968504
11
1.1509836614173228
21
1.5808396456692912
0
LINE
8
BLACK
6
CONTINUOUS
10
1.1509836614173228
20
1.5808396456692912
11
1.1524028740157479
21
1.5814275196850394
0
LINE
8
BLACK
6
CONTINUOUS
10
1.1524028740157479
20
1.5814275196850394
11
1.1539390157480314
21
1.5814275196850394
0
LINE
8
BLACK
6
CONTINUOUS
10
1.1539390157480314
20
1.5814275196850394
11
1.1553582283464567
21
1.5808396456692912
0
LINE
8
BLACK
6
CONTINUOUS
10
1.1553582283464567
20
1.5808396456692912
11
1.1564444488188976
21
1.5797534251968504
0
LINE
8
BLACK
6
CONTINUOUS
10
1.1564444488188976
20
1.5797534251968504
11
1.1570323228346457
21
1.5783342125984252
0
LINE
8
BLACK
6
CONTINUOUS
10
1.1570323228346457
20
1.5783342125984252
11
1.1571079527559054
21
1.5775661417322835
0
LINE
8
BLACK
6
CONTINUOUS
10
1.1571079527559054
20
1.5775661417322835
11
1.1571079527559054
21
1.5456951574803148
0
LINE
8
BLACK
6
CONTINUOUS
10
1.1571079527559054
20
1.5456951574803148
11
1.1570323228346457
21
1.5449270866141731
0
LINE
8
BLACK
6
CONTINUOUS
10
1.1570323228346457
20
1.5449270866141731
11
1.1569781496062992
21
1.5447963385826771
0
LINE
8
BLACK
6
CONTINUOUS
10
1.1569781496062992
20
1.5447963385826771
11
1.1569681496062991
21
1.5446552755905512
0
LINE
8
BLACK
6
CONTINUOUS
10
1.1569681496062991
20
1.5446552755905512
11
1.1566923228346457
21
1.5439344488188975
0
LINE
8
BLACK
6
CONTINUOUS
10
1.1566923228346457
20
1.5439344488188975
11
1.1548175590551182
21
1.5401849606299212
0
LINE
8
BLACK
6
CONTINUOUS
10
1.1548175590551182
20
1.5401849606299212
11
1.1546094488188976
21
1.5398543700787402
0
LINE
8
BLACK
6
CONTINUOUS
10
1.1546094488188976
20
1.5398543700787402
11
1.1545696850393701
21
1.5397583070866141
0
LINE
8
BLACK
6
CONTINUOUS
10
1.1545696850393701
20
1.5397583070866141
11
1.1544809448818898
21
1.5396501968503937
0
LINE
8
BLACK
6
CONTINUOUS
10
1.1544809448818898
20
1.5396501968503937
11
1.1544064173228346
21
1.5395317716535433
0
LINE
8
BLACK
6
CONTINUOUS
10
1.1544064173228346
20
1.5395317716535433
11
1.1543277559055118
21
1.5394635433070867
0
LINE
8
BLACK
6
CONTINUOUS
10
1.1543277559055118
20
1.5394635433070867
11
1.1540800393700787
21
1.5391617322834645
0
LINE
8
BLACK
6
CONTINUOUS
10
1.1540800393700787
20
1.5391617322834645
11
1.1522053149606299
21
1.537286968503937
0
LINE
8
BLACK
6
CONTINUOUS
10
1.1522053149606299
20
1.537286968503937
11
1.151903464566929
21
1.5370392519685039
0
LINE
8
BLACK
6
CONTINUOUS
10
1.151903464566929
20
1.5370392519685039
11
1.15183531496063
21
1.5369606692913385
0
LINE
8
BLACK
6
CONTINUOUS
10
1.15183531496063
20
1.5369606692913385
11
1.1517167716535432
21
1.5368860629921259
0
LINE
8
BLACK
6
CONTINUOUS
10
1.1517167716535432
20
1.5368860629921259
11
1.1516087007874016
21
1.5367973622047244
0
LINE
8
BLACK
6
CONTINUOUS
10
1.1516087007874016
20
1.5367973622047244
11
1.1515126377952756
21
1.5367575590551181
0
LINE
8
BLACK
6
CONTINUOUS
10
1.1515126377952756
20
1.5367575590551181
11
1.1511821259842518
21
1.5365495275590551
0
LINE
8
BLACK
6
CONTINUOUS
10
1.1511821259842518
20
1.5365495275590551
11
1.1474325984251967
21
1.5346747244094487
0
LINE
8
BLACK
6
CONTINUOUS
10
1.1474325984251967
20
1.5346747244094487
11
1.1467118110236221
21
1.5343988582677166
0
LINE
8
BLACK
6
CONTINUOUS
10
1.1467118110236221
20
1.5343988582677166
11
1.1465706299212599
21
1.5343888188976378
0
LINE
8
BLACK
6
CONTINUOUS
10
1.1465706299212599
20
1.5343888188976378
11
1.1464399606299212
21
1.53433468503937
0
LINE
8
BLACK
6
CONTINUOUS
10
1.1464399606299212
20
1.53433468503937
11
1.1456718897637794
21
1.5342590551181101
0
LINE
8
BLACK
6
CONTINUOUS
10
1.1456718897637794
20
1.5342590551181101
11
1.1381728346456692
21
1.5342590551181101
0
LINE
8
BLACK
6
CONTINUOUS
10
1.1381728346456692
20
1.5342590551181101
11
1.1374047637795275
21
1.53433468503937
0
LINE
8
BLACK
6
CONTINUOUS
10
1.1374047637795275
20
1.53433468503937
11
1.1372740157480314
21
1.5343888188976378
0
LINE
8
BLACK
6
CONTINUOUS
10
1.1372740157480314
20
1.5343888188976378
11
1.1371329527559055
21
1.5343988582677166
0
LINE
8
BLACK
6
CONTINUOUS
10
1.1371329527559055
20
1.5343988582677166
11
1.1364121259842519
21
1.5346747244094487
0
LINE
8
BLACK
6
CONTINUOUS
10
1.1364121259842519
20
1.5346747244094487
11
1.1326625984251968
21
1.5365495275590551
0
LINE
8
BLACK
6
CONTINUOUS
10
1.1326625984251968
20
1.5365495275590551
11
1.1323321653543308
21
1.5367575196850394
0
LINE
8
BLACK
6
CONTINUOUS
10
1.1323321653543308
20
1.5367575196850394
11
1.1322359842519685
21
1.5367973622047244
0
LINE
8
BLACK
6
CONTINUOUS
10
1.1322359842519685
20
1.5367973622047244
11
1.1321277165354331
21
1.5368861811023622
0
LINE
8
BLACK
6
CONTINUOUS
10
1.1321277165354331
20
1.5368861811023622
11
1.1320094488188976
21
1.5369606692913385
0
LINE
8
BLACK
6
CONTINUOUS
10
1.1320094488188976
20
1.5369606692913385
11
1.1319413385826771
21
1.5370391732283464
0
LINE
8
BLACK
6
CONTINUOUS
10
1.1319413385826771
20
1.5370391732283464
11
1.1316394094488189
21
1.5372870078740157
0
LINE
8
BLACK
6
CONTINUOUS
10
1.1316394094488189
20
1.5372870078740157
11
1.1297646456692914
21
1.5391617322834645
0
LINE
8
BLACK
6
CONTINUOUS
10
1.1297646456692914
20
1.5391617322834645
11
1.129516811023622
21
1.5394637007874015
0
LINE
8
BLACK
6
CONTINUOUS
10
1.129516811023622
20
1.5394637007874015
11
1.1294383070866141
21
1.539531811023622
0
LINE
8
BLACK
6
CONTINUOUS
10
1.1294383070866141
20
1.539531811023622
11
1.1293637401574803
21
1.5396501968503937
0
LINE
8
BLACK
6
CONTINUOUS
10
1.1293637401574803
20
1.5396501968503937
11
1.1292750393700788
21
1.5397583464566929
0
LINE
8
BLACK
6
CONTINUOUS
10
1.1292750393700788
20
1.5397583464566929
11
1.1292352362204725
21
1.5398543700787402
0
LINE
8
BLACK
6
CONTINUOUS
10
1.1292352362204725
20
1.5398543700787402
11
1.1290271653543307
21
1.5401849606299212
0
LINE
8
BLACK
6
CONTINUOUS
10
1.1290271653543307
20
1.5401849606299212
11
1.1271524015748031
21
1.5439344881889763
0
LINE
8
BLACK
6
CONTINUOUS
10
1.1271524015748031
20
1.5439344881889763
11
1.1268765748031495
21
1.5446552755905512
0
LINE
8
BLACK
6
CONTINUOUS
10
1.1268765748031495
20
1.5446552755905512
11
1.1268665354330709
21
1.5447963385826771
0
LINE
8
BLACK
6
CONTINUOUS
10
1.1268665354330709
20
1.5447963385826771
11
1.1268124015748031
21
1.5449270866141731
0
LINE
8
BLACK
6
CONTINUOUS
10
1.1268124015748031
20
1.5449270866141731
11
1.1267367716535432
21
1.5456951574803148
0
LINE
8
BLACK
6
CONTINUOUS
10
1.1267367716535432
20
1.5456951574803148
11
1.1267367716535432
21
1.5775661417322835
0
LINE
8
BLACK
6
CONTINUOUS
10
1.1267367716535432
20
1.5775661417322835
11
1.1268124015748031
21
1.5783342125984252
0
LINE
8
BLACK
6
CONTINUOUS
10
1.1268124015748031
20
1.5783342125984252
11
1.1274002755905512
21
1.5797534251968504
0
LINE
8
BLACK
6
CONTINUOUS
10
1.1274002755905512
20
1.5797534251968504
11
1.1284864960629921
21
1.5808396456692912
0
LINE
8
BLACK
6
CONTINUOUS
10
1.1284864960629921
20
1.5808396456692912
11
1.1299057086614173
21
1.5814275196850394
0
LINE
8
BLACK
6
CONTINUOUS
10
1.1299057086614173
20
1.5814275196850394
11
1.1314418503937007
21
1.5814275196850394
0
LINE
8
BLACK
6
CONTINUOUS
10
1.1314418503937007
20
1.5814275196850394
11
1.1328610629921259
21
1.5808396456692912
0
LINE
8
BLACK
6
CONTINUOUS
10
1.0358287795275591
20
1.5814275196850394
11
1.0359594881889764
21
1.5813733464566928
0
LINE
8
BLACK
6
CONTINUOUS
10
1.0359594881889764
20
1.5813733464566928
11
1.0361005905511811
21
1.581363346456693
0
LINE
8
BLACK
6
CONTINUOUS
10
1.0361005905511811
20
1.581363346456693
11
1.036821377952756
21
1.5810875196850394
0
LINE
8
BLACK
6
CONTINUOUS
10
1.036821377952756
20
1.5810875196850394
11
1.0405709055118111
21
1.5792127559055118
0
LINE
8
BLACK
6
CONTINUOUS
10
1.0405709055118111
20
1.5792127559055118
11
1.0409014566929133
21
1.5790046456692912
0
LINE
8
BLACK
6
CONTINUOUS
10
1.0409014566929133
20
1.5790046456692912
11
1.0409975196850394
21
1.5789648818897637
0
LINE
8
BLACK
6
CONTINUOUS
10
1.0409975196850394
20
1.5789648818897637
11
1.0411056299212598
21
1.5788761417322834
0
LINE
8
BLACK
6
CONTINUOUS
10
1.0411056299212598
20
1.5788761417322834
11
1.0412240551181102
21
1.5788016141732284
0
LINE
8
BLACK
6
CONTINUOUS
10
1.0412240551181102
20
1.5788016141732284
11
1.041292125984252
21
1.5787230708661417
0
LINE
8
BLACK
6
CONTINUOUS
10
1.041292125984252
20
1.5787230708661417
11
1.0415941338582677
21
1.5784752755905511
0
LINE
8
BLACK
6
CONTINUOUS
10
1.0415941338582677
20
1.5784752755905511
11
1.0434688582677165
21
1.5766005118110236
0
LINE
8
BLACK
6
CONTINUOUS
10
1.0434688582677165
20
1.5766005118110236
11
1.0437165748031496
21
1.5762986614173229
0
LINE
8
BLACK
6
CONTINUOUS
10
1.0437165748031496
20
1.5762986614173229
11
1.0437952362204723
21
1.5762304724409448
0
LINE
8
BLACK
6
CONTINUOUS
10
1.0437952362204723
20
1.5762304724409448
11
1.0438697637795276
21
1.5761120078740156
0
LINE
8
BLACK
6
CONTINUOUS
10
1.0438697637795276
20
1.5761120078740156
11
1.0439585039370078
21
1.576003937007874
0
LINE
8
BLACK
6
CONTINUOUS
10
1.0439585039370078
20
1.576003937007874
11
1.0439982677165354
21
1.5759078346456692
0
LINE
8
BLACK
6
CONTINUOUS
10
1.0439982677165354
20
1.5759078346456692
11
1.0442063779527559
21
1.5755772834645669
0
LINE
8
BLACK
6
CONTINUOUS
10
1.0442063779527559
20
1.5755772834645669
11
1.0460811417322835
21
1.5718277952755906
0
LINE
8
BLACK
6
CONTINUOUS
10
1.0460811417322835
20
1.5718277952755906
11
1.0463569685039369
21
1.5711069685039369
0
LINE
8
BLACK
6
CONTINUOUS
10
1.0463569685039369
20
1.5711069685039369
11
1.046366968503937
21
1.5709658661417323
0
LINE
8
BLACK
6
CONTINUOUS
10
1.046366968503937
20
1.5709658661417323
11
1.0464211417322835
21
1.570835157480315
0
LINE
8
BLACK
6
CONTINUOUS
10
1.0464211417322835
20
1.570835157480315
11
1.0464967716535434
21
1.5700670866141733
0
LINE
8
BLACK
6
CONTINUOUS
10
1.0464967716535434
20
1.5700670866141733
11
1.0464967716535434
21
1.5644427952755906
0
LINE
8
BLACK
6
CONTINUOUS
10
1.0464967716535434
20
1.5644427952755906
11
1.0464211417322835
21
1.5636747244094489
0
LINE
8
BLACK
6
CONTINUOUS
10
1.0464211417322835
20
1.5636747244094489
11
1.046366968503937
21
1.5635439763779526
0
LINE
8
BLACK
6
CONTINUOUS
10
1.046366968503937
20
1.5635439763779526
11
1.0463569685039369
21
1.5634029133858267
0
LINE
8
BLACK
6
CONTINUOUS
10
1.0463569685039369
20
1.5634029133858267
11
1.0460811417322835
21
1.5626820866141733
0
LINE
8
BLACK
6
CONTINUOUS
10
1.0460811417322835
20
1.5626820866141733
11
1.0442063779527559
21
1.5589325984251967
0
LINE
8
BLACK
6
CONTINUOUS
10
1.0442063779527559
20
1.5589325984251967
11
1.0439982677165354
21
1.5586020078740157
0
LINE
8
BLACK
6
CONTINUOUS
10
1.0439982677165354
20
1.5586020078740157
11
1.0439585039370078
21
1.5585059448818896
0
LINE
8
BLACK
6
CONTINUOUS
10
1.0439585039370078
20
1.5585059448818896
11
1.0438697637795276
21
1.5583978346456693
0
LINE
8
BLACK
6
CONTINUOUS
10
1.0438697637795276
20
1.5583978346456693
11
1.0437952362204723
21
1.5582794094488188
0
LINE
8
BLACK
6
CONTINUOUS
10
1.0437952362204723
20
1.5582794094488188
11
1.0437165748031496
21
1.5582111811023622
0
LINE
8
BLACK
6
CONTINUOUS
10
1.0437165748031496
20
1.5582111811023622
11
1.0434688582677165
21
1.5579093700787401
0
LINE
8
BLACK
6
CONTINUOUS
10
1.0434688582677165
20
1.5579093700787401
11
1.0415941338582677
21
1.5560346062992125
0
LINE
8
BLACK
6
CONTINUOUS
10
1.0415941338582677
20
1.5560346062992125
11
1.041292125984252
21
1.5557867716535432
0
LINE
8
BLACK
6
CONTINUOUS
10
1.041292125984252
20
1.5557867716535432
11
1.0412240551181102
21
1.5557082677165355
0
LINE
8
BLACK
6
CONTINUOUS
10
1.0412240551181102
20
1.5557082677165355
11
1.0411056299212598
21
1.5556337007874015
0
LINE
8
BLACK
6
CONTINUOUS
10
1.0411056299212598
20
1.5556337007874015
11
1.0409975196850394
21
1.555545
0
LINE
8
BLACK
6
CONTINUOUS
10
1.0409975196850394
20
1.555545
11
1.0409014566929133
21
1.5555051968503937
0
LINE
8
BLACK
6
CONTINUOUS
10
1.0409014566929133
20
1.5555051968503937
11
1.0405709055118111
21
1.5552971259842518
0
LINE
8
BLACK
6
CONTINUOUS
10
1.0405709055118111
20
1.5552971259842518
11
1.036821377952756
21
1.5534223622047243
0
LINE
8
BLACK
6
CONTINUOUS
10
1.036821377952756
20
1.5534223622047243
11
1.0367312204724408
21
1.5533878346456693
0
LINE
8
BLACK
6
CONTINUOUS
10
1.0367312204724408
20
1.5533878346456693
11
1.0457850787401575
21
1.540453779527559
0
LINE
8
BLACK
6
CONTINUOUS
10
1.0457850787401575
20
1.540453779527559
11
1.0461635826771654
21
1.5397811811023621
0
LINE
8
BLACK
6
CONTINUOUS
10
1.0461635826771654
20
1.5397811811023621
11
1.0464958661417323
21
1.5382813779527558
0
LINE
8
BLACK
6
CONTINUOUS
10
1.0464958661417323
20
1.5382813779527558
11
1.0462288976377951
21
1.5367686220472441
0
LINE
8
BLACK
6
CONTINUOUS
10
1.0462288976377951
20
1.5367686220472441
11
1.045403346456693
21
1.5354731496062992
0
LINE
8
BLACK
6
CONTINUOUS
10
1.045403346456693
20
1.5354731496062992
11
1.0441448818897638
21
1.5345922440944881
0
LINE
8
BLACK
6
CONTINUOUS
10
1.0441448818897638
20
1.5345922440944881
11
1.0426451181102363
21
1.5342599606299212
0
LINE
8
BLACK
6
CONTINUOUS
10
1.0426451181102363
20
1.5342599606299212
11
1.0411323228346456
21
1.5345269291338581
0
LINE
8
BLACK
6
CONTINUOUS
10
1.0411323228346456
20
1.5345269291338581
11
1.0398368503937008
21
1.5353524803149605
0
LINE
8
BLACK
6
CONTINUOUS
10
1.0398368503937008
20
1.5353524803149605
11
1.0393344488188976
21
1.5359383464566929
0
LINE
8
BLACK
6
CONTINUOUS
10
1.0393344488188976
20
1.5359383464566929
11
1.0273866141732284
21
1.5530067322834646
0
LINE
8
BLACK
6
CONTINUOUS
10
1.0273866141732284
20
1.5530067322834646
11
1.0239996062992125
21
1.5530067322834646
0
LINE
8
BLACK
6
CONTINUOUS
10
1.0239996062992125
20
1.5530067322834646
11
1.0239996062992125
21
1.5381960629921259
0
LINE
8
BLACK
6
CONTINUOUS
10
1.0239996062992125
20
1.5381960629921259
11
1.0239239763779526
21
1.5374279921259841
0
LINE
8
BLACK
6
CONTINUOUS
10
1.0239239763779526
20
1.5374279921259841
11
1.0233361023622047
21
1.536008779527559
0
LINE
8
BLACK
6
CONTINUOUS
10
1.0233361023622047
20
1.536008779527559
11
1.0222498818897638
21
1.5349225590551181
0
LINE
8
BLACK
6
CONTINUOUS
10
1.0222498818897638
20
1.5349225590551181
11
1.0208306692913385
21
1.53433468503937
0
LINE
8
BLACK
6
CONTINUOUS
10
1.0208306692913385
20
1.53433468503937
11
1.019294527559055
21
1.53433468503937
0
LINE
8
BLACK
6
CONTINUOUS
10
1.019294527559055
20
1.53433468503937
11
1.0178753149606299
21
1.5349225590551181
0
LINE
8
BLACK
6
CONTINUOUS
10
1.0178753149606299
20
1.5349225590551181
11
1.016789094488189
21
1.536008779527559
0
LINE
8
BLACK
6
CONTINUOUS
10
1.016789094488189
20
1.536008779527559
11
1.0162012204724409
21
1.5374279921259841
0
LINE
8
BLACK
6
CONTINUOUS
10
1.0162012204724409
20
1.5374279921259841
11
1.016125590551181
21
1.5381960629921259
0
LINE
8
BLACK
6
CONTINUOUS
10
1.016125590551181
20
1.5381960629921259
11
1.016125590551181
21
1.5775661417322835
0
LINE
8
BLACK
6
CONTINUOUS
10
1.016125590551181
20
1.5775661417322835
11
1.0162012204724409
21
1.5783342125984252
0
LINE
8
BLACK
6
CONTINUOUS
10
1.0162012204724409
20
1.5783342125984252
11
1.016789094488189
21
1.5797534251968504
0
LINE
8
BLACK
6
CONTINUOUS
10
1.016789094488189
20
1.5797534251968504
11
1.0178753149606299
21
1.5808396456692912
0
LINE
8
BLACK
6
CONTINUOUS
10
1.0178753149606299
20
1.5808396456692912
11
1.019294527559055
21
1.5814275196850394
0
LINE
8
BLACK
6
CONTINUOUS
10
1.019294527559055
20
1.5814275196850394
11
1.0200625984251968
21
1.5815031496062992
0
LINE
8
BLACK
6
CONTINUOUS
10
1.0200625984251968
20
1.5815031496062992
11
1.0350607086614172
21
1.5815031496062992
0
LINE
8
BLACK
6
CONTINUOUS
10
1.0350607086614172
20
1.5815031496062992
11
1.0358287795275591
21
1.5814275196850394
0
LINE
8
BLACK
6
CONTINUOUS
10
1.0239996062992125
20
1.5608807480314961
11
1.0341312992125984
21
1.5608807480314961
0
LINE
8
BLACK
6
CONTINUOUS
10
1.0341312992125984
20
1.5608807480314961
11
1.0364781102362204
21
1.5620541732283464
0
LINE
8
BLACK
6
CONTINUOUS
10
1.0364781102362204
20
1.5620541732283464
11
1.0374493307086614
21
1.5630253543307087
0
LINE
8
BLACK
6
CONTINUOUS
10
1.0374493307086614
20
1.5630253543307087
11
1.0386227559055119
21
1.5653722047244094
0
LINE
8
BLACK
6
CONTINUOUS
10
1.0386227559055119
20
1.5653722047244094
11
1.0386227559055119
21
1.5691376771653542
0
LINE
8
BLACK
6
CONTINUOUS
10
1.0386227559055119
20
1.5691376771653542
11
1.0374493307086614
21
1.5714844881889762
0
LINE
8
BLACK
6
CONTINUOUS
10
1.0374493307086614
20
1.5714844881889762
11
1.0364781102362204
21
1.5724556692913385
0
LINE
8
BLACK
6
CONTINUOUS
10
1.0364781102362204
20
1.5724556692913385
11
1.0341312992125984
21
1.5736291338582677
0
LINE
8
BLACK
6
CONTINUOUS
10
1.0341312992125984
20
1.5736291338582677
11
1.0239996062992125
21
1.5736291338582677
0
LINE
8
BLACK
6
CONTINUOUS
10
1.0239996062992125
20
1.5736291338582677
11
1.0239996062992125
21
1.5608807480314961
0
LINE
8
BLACK
6
CONTINUOUS
10
0.9370677559055118
20
1.5812572440944881
11
0.9383760236220472
21
1.5804521653543306
0
LINE
8
BLACK
6
CONTINUOUS
10
0.9383760236220472
20
1.5804521653543306
11
0.9392766141732283
21
1.579207716535433
0
LINE
8
BLACK
6
CONTINUOUS
10
0.9392766141732283
20
1.579207716535433
11
0.9395281102362204
21
1.5784780314960629
0
LINE
8
BLACK
6
CONTINUOUS
10
0.9395281102362204
20
1.5784780314960629
11
0.945288031496063
21
1.5542861417322835
0
LINE
8
BLACK
6
CONTINUOUS
10
0.945288031496063
20
1.5542861417322835
11
0.9487669685039369
21
1.5673320078740156
0
LINE
8
BLACK
6
CONTINUOUS
10
0.9487669685039369
20
1.5673320078740156
11
0.9488344488188977
21
1.5675119685039369
0
LINE
8
BLACK
6
CONTINUOUS
10
0.9488344488188977
20
1.5675119685039369
11
0.9488444881889764
21
1.5675875196850393
0
LINE
8
BLACK
6
CONTINUOUS
10
0.9488444881889764
20
1.5675875196850393
11
0.9488963385826772
21
1.5676771259842519
0
LINE
8
BLACK
6
CONTINUOUS
10
0.9488963385826772
20
1.5676771259842519
11
0.9490379133858268
21
1.5680546456692912
0
LINE
8
BLACK
6
CONTINUOUS
10
0.9490379133858268
20
1.5680546456692912
11
0.9493538976377952
21
1.5684674409448818
0
LINE
8
BLACK
6
CONTINUOUS
10
0.9493538976377952
20
1.5684674409448818
11
0.9496141338582677
21
1.568916968503937
0
LINE
8
BLACK
6
CONTINUOUS
10
0.9496141338582677
20
1.568916968503937
11
0.9498166141732284
21
1.5690719291338582
0
LINE
8
BLACK
6
CONTINUOUS
10
0.9498166141732284
20
1.5690719291338582
11
0.9499716141732283
21
1.5692744488188977
0
LINE
8
BLACK
6
CONTINUOUS
10
0.9499716141732283
20
1.5692744488188977
11
0.9504211811023622
21
1.5695347244094489
0
LINE
8
BLACK
6
CONTINUOUS
10
0.9504211811023622
20
1.5695347244094489
11
0.950833937007874
21
1.5698506692913385
0
LINE
8
BLACK
6
CONTINUOUS
10
0.950833937007874
20
1.5698506692913385
11
0.9510803937007873
21
1.5699163779527558
0
LINE
8
BLACK
6
CONTINUOUS
10
0.9510803937007873
20
1.5699163779527558
11
0.9513010629921259
21
1.5700441338582676
0
LINE
8
BLACK
6
CONTINUOUS
10
0.9513010629921259
20
1.5700441338582676
11
0.9518161023622047
21
1.5701125590551182
0
LINE
8
BLACK
6
CONTINUOUS
10
0.9518161023622047
20
1.5701125590551182
11
0.9523182283464566
21
1.5702464566929133
0
LINE
8
BLACK
6
CONTINUOUS
10
0.9523182283464566
20
1.5702464566929133
11
0.9525709842519685
21
1.5702128346456692
0
LINE
8
BLACK
6
CONTINUOUS
10
0.9525709842519685
20
1.5702128346456692
11
0.9528238188976378
21
1.5702464566929133
0
LINE
8
BLACK
6
CONTINUOUS
10
0.9528238188976378
20
1.5702464566929133
11
0.9533261023622047
21
1.5701124803149606
0
LINE
8
BLACK
6
CONTINUOUS
10
0.9533261023622047
20
1.5701124803149606
11
0.9538409842519685
21
1.570044094488189
0
LINE
8
BLACK
6
CONTINUOUS
10
0.9538409842519685
20
1.570044094488189
11
0.9540614960629921
21
1.5699164173228346
0
LINE
8
BLACK
6
CONTINUOUS
10
0.9540614960629921
20
1.5699164173228346
11
0.9543081102362204
21
1.5698506692913385
0
LINE
8
BLACK
6
CONTINUOUS
10
0.9543081102362204
20
1.5698506692913385
11
0.954720905511811
21
1.5695346456692914
0
LINE
8
BLACK
6
CONTINUOUS
10
0.954720905511811
20
1.5695346456692914
11
0.9551704330708661
21
1.5692744488188977
0
LINE
8
BLACK
6
CONTINUOUS
10
0.9551704330708661
20
1.5692744488188977
11
0.9553253937007874
21
1.5690719291338582
0
LINE
8
BLACK
6
CONTINUOUS
10
0.9553253937007874
20
1.5690719291338582
11
0.9555279133858268
21
1.568916968503937
0
LINE
8
BLACK
6
CONTINUOUS
10
0.9555279133858268
20
1.568916968503937
11
0.955788188976378
21
1.5684673228346457
0
LINE
8
BLACK
6
CONTINUOUS
10
0.955788188976378
20
1.5684673228346457
11
0.9561041338582676
21
1.5680546456692912
0
LINE
8
BLACK
6
CONTINUOUS
10
0.9561041338582676
20
1.5680546456692912
11
0.9562455905511811
21
1.5676773622047244
0
LINE
8
BLACK
6
CONTINUOUS
10
0.9562455905511811
20
1.5676773622047244
11
0.9562975984251968
21
1.567587559055118
0
LINE
8
BLACK
6
CONTINUOUS
10
0.9562975984251968
20
1.567587559055118
11
0.9563076377952756
21
1.5675118897637794
0
LINE
8
BLACK
6
CONTINUOUS
10
0.9563076377952756
20
1.5675118897637794
11
0.9563751181102362
21
1.5673319685039371
0
LINE
8
BLACK
6
CONTINUOUS
10
0.9563751181102362
20
1.5673319685039371
11
0.9598539763779528
21
1.5542861417322835
0
LINE
8
BLACK
6
CONTINUOUS
10
0.9598539763779528
20
1.5542861417322835
11
0.9656139763779528
21
1.5784780314960629
0
LINE
8
BLACK
6
CONTINUOUS
10
0.9656139763779528
20
1.5784780314960629
11
0.9658654724409449
21
1.579207716535433
0
LINE
8
BLACK
6
CONTINUOUS
10
0.9658654724409449
20
1.579207716535433
11
0.966766062992126
21
1.5804521653543306
0
LINE
8
BLACK
6
CONTINUOUS
10
0.966766062992126
20
1.5804521653543306
11
0.9680743307086614
21
1.5812572440944881
0
LINE
8
BLACK
6
CONTINUOUS
10
0.9680743307086614
20
1.5812572440944881
11
0.9695911417322834
21
1.5815003937007874
0
LINE
8
BLACK
6
CONTINUOUS
10
0.9695911417322834
20
1.5815003937007874
11
0.9710855118110236
21
1.5811446062992125
0
LINE
8
BLACK
6
CONTINUOUS
10
0.9710855118110236
20
1.5811446062992125
11
0.9723299606299213
21
1.5802440157480315
0
LINE
8
BLACK
6
CONTINUOUS
10
0.9723299606299213
20
1.5802440157480315
11
0.9731350393700787
21
1.5789357086614173
0
LINE
8
BLACK
6
CONTINUOUS
10
0.9731350393700787
20
1.5789357086614173
11
0.9733782283464567
21
1.5774189370078739
0
LINE
8
BLACK
6
CONTINUOUS
10
0.9733782283464567
20
1.5774189370078739
11
0.9732738976377953
21
1.5766542519685038
0
LINE
8
BLACK
6
CONTINUOUS
10
0.9732738976377953
20
1.5766542519685038
11
0.9639000393700787
21
1.5372841732283464
0
LINE
8
BLACK
6
CONTINUOUS
10
0.9639000393700787
20
1.5372841732283464
11
0.9638092125984252
21
1.5370206692913386
0
LINE
8
BLACK
6
CONTINUOUS
10
0.9638092125984252
20
1.5370206692913386
11
0.963796653543307
21
1.536926062992126
0
LINE
8
BLACK
6
CONTINUOUS
10
0.963796653543307
20
1.536926062992126
11
0.9637471259842519
21
1.5368405118110235
0
LINE
8
BLACK
6
CONTINUOUS
10
0.9637471259842519
20
1.5368405118110235
11
0.9636485433070866
21
1.5365544881889763
0
LINE
8
BLACK
6
CONTINUOUS
10
0.9636485433070866
20
1.5365544881889763
11
0.9633133858267716
21
1.5360913779527559
0
LINE
8
BLACK
6
CONTINUOUS
10
0.9633133858267716
20
1.5360913779527559
11
0.963026968503937
21
1.535596653543307
0
LINE
8
BLACK
6
CONTINUOUS
10
0.963026968503937
20
1.535596653543307
11
0.9628664173228346
21
1.535473779527559
0
LINE
8
BLACK
6
CONTINUOUS
10
0.9628664173228346
20
1.535473779527559
11
0.9627479527559055
21
1.5353100393700787
0
LINE
8
BLACK
6
CONTINUOUS
10
0.9627479527559055
20
1.5353100393700787
11
0.9622612204724409
21
1.5350105118110235
0
LINE
8
BLACK
6
CONTINUOUS
10
0.9622612204724409
20
1.5350105118110235
11
0.9618071653543306
21
1.5346629527559055
0
LINE
8
BLACK
6
CONTINUOUS
10
0.9618071653543306
20
1.5346629527559055
11
0.9616117322834645
21
1.5346108267716536
0
LINE
8
BLACK
6
CONTINUOUS
10
0.9616117322834645
20
1.5346108267716536
11
0.9614396850393701
21
1.5345049606299213
0
LINE
8
BLACK
6
CONTINUOUS
10
0.9614396850393701
20
1.5345049606299213
11
0.9608753149606299
21
1.5344144488188975
0
LINE
8
BLACK
6
CONTINUOUS
10
0.9608753149606299
20
1.5344144488188975
11
0.960322874015748
21
1.5342671653543307
0
LINE
8
BLACK
6
CONTINUOUS
10
0.960322874015748
20
1.5342671653543307
11
0.9601225196850394
21
1.5342937795275591
0
LINE
8
BLACK
6
CONTINUOUS
10
0.9601225196850394
20
1.5342937795275591
11
0.9599228740157481
21
1.5342617716535434
0
LINE
8
BLACK
6
CONTINUOUS
10
0.9599228740157481
20
1.5342617716535434
11
0.9593666141732283
21
1.5343942125984251
0
LINE
8
BLACK
6
CONTINUOUS
10
0.9593666141732283
20
1.5343942125984251
11
0.9588001181102362
21
1.5344694881889764
0
LINE
8
BLACK
6
CONTINUOUS
10
0.9588001181102362
20
1.5344694881889764
11
0.958625157480315
21
1.5345707480314961
0
LINE
8
BLACK
6
CONTINUOUS
10
0.958625157480315
20
1.5345707480314961
11
0.9584285039370078
21
1.5346175984251968
0
LINE
8
BLACK
6
CONTINUOUS
10
0.9584285039370078
20
1.5346175984251968
11
0.9579653149606299
21
1.5349527559055118
0
LINE
8
BLACK
6
CONTINUOUS
10
0.9579653149606299
20
1.5349527559055118
11
0.9574706692913386
21
1.5352391732283464
0
LINE
8
BLACK
6
CONTINUOUS
10
0.9574706692913386
20
1.5352391732283464
11
0.9573477952755906
21
1.5353996850393701
0
LINE
8
BLACK
6
CONTINUOUS
10
0.9573477952755906
20
1.5353996850393701
11
0.9571840551181102
21
1.5355181889763778
0
LINE
8
BLACK
6
CONTINUOUS
10
0.9571840551181102
20
1.5355181889763778
11
0.9568845275590551
21
1.5360048818897638
0
LINE
8
BLACK
6
CONTINUOUS
10
0.9568845275590551
20
1.5360048818897638
11
0.956536968503937
21
1.5364589763779528
0
LINE
8
BLACK
6
CONTINUOUS
10
0.956536968503937
20
1.5364589763779528
11
0.9564306692913386
21
1.536742401574803
0
LINE
8
BLACK
6
CONTINUOUS
10
0.9564306692913386
20
1.536742401574803
11
0.9563789763779528
21
1.5368264566929133
0
LINE
8
BLACK
6
CONTINUOUS
10
0.9563789763779528
20
1.5368264566929133
11
0.9563638582677165
21
1.5369205905511811
0
LINE
8
BLACK
6
CONTINUOUS
10
0.9563638582677165
20
1.5369205905511811
11
0.9562660236220473
21
1.5371816141732284
0
LINE
8
BLACK
6
CONTINUOUS
10
0.9562660236220473
20
1.5371816141732284
11
0.9525710236220473
21
1.5510377952755905
0
LINE
8
BLACK
6
CONTINUOUS
10
0.9525710236220473
20
1.5510377952755905
11
0.948876062992126
21
1.5371816535433072
0
LINE
8
BLACK
6
CONTINUOUS
10
0.948876062992126
20
1.5371816535433072
11
0.9487781496062991
21
1.5369205511811024
0
LINE
8
BLACK
6
CONTINUOUS
10
0.9487781496062991
20
1.5369205511811024
11
0.9487630708661418
21
1.5368264566929133
0
LINE
8
BLACK
6
CONTINUOUS
10
0.9487630708661418
20
1.5368264566929133
11
0.9487113385826771
21
1.5367424409448818
0
LINE
8
BLACK
6
CONTINUOUS
10
0.9487113385826771
20
1.5367424409448818
11
0.9486050787401574
21
1.5364589763779528
0
LINE
8
BLACK
6
CONTINUOUS
10
0.9486050787401574
20
1.5364589763779528
11
0.9482574803149606
21
1.5360048818897638
0
LINE
8
BLACK
6
CONTINUOUS
10
0.9482574803149606
20
1.5360048818897638
11
0.9479579921259842
21
1.5355181889763778
0
LINE
8
BLACK
6
CONTINUOUS
10
0.9479579921259842
20
1.5355181889763778
11
0.9477942125984252
21
1.5353996850393701
0
LINE
8
BLACK
6
CONTINUOUS
10
0.9477942125984252
20
1.5353996850393701
11
0.9476713779527559
21
1.5352391732283464
0
LINE
8
BLACK
6
CONTINUOUS
10
0.9476713779527559
20
1.5352391732283464
11
0.9471767716535433
21
1.5349528346456693
0
LINE
8
BLACK
6
CONTINUOUS
10
0.9471767716535433
20
1.5349528346456693
11
0.9467135433070866
21
1.5346175984251968
0
LINE
8
BLACK
6
CONTINUOUS
10
0.9467135433070866
20
1.5346175984251968
11
0.9465167322834646
21
1.5345707086614173
0
LINE
8
BLACK
6
CONTINUOUS
10
0.9465167322834646
20
1.5345707086614173
11
0.9463419291338583
21
1.5344695275590552
0
LINE
8
BLACK
6
CONTINUOUS
10
0.9463419291338583
20
1.5344695275590552
11
0.9457756299212599
21
1.5343942519685039
0
LINE
8
BLACK
6
CONTINUOUS
10
0.9457756299212599
20
1.5343942519685039
11
0.9452191732283465
21
1.5342617716535434
0
LINE
8
BLACK
6
CONTINUOUS
10
0.9452191732283465
20
1.5342617716535434
11
0.9450194881889764
21
1.5342937795275591
0
LINE
8
BLACK
6
CONTINUOUS
10
0.9450194881889764
20
1.5342937795275591
11
0.9448191732283464
21
1.5342671653543307
0
LINE
8
BLACK
6
CONTINUOUS
10
0.9448191732283464
20
1.5342671653543307
11
0.9442666929133858
21
1.5344144488188975
0
LINE
8
BLACK
6
CONTINUOUS
10
0.9442666929133858
20
1.5344144488188975
11
0.9437023622047244
21
1.5345049606299213
0
LINE
8
BLACK
6
CONTINUOUS
10
0.9437023622047244
20
1.5345049606299213
11
0.9435302755905511
21
1.5346108267716536
0
LINE
8
BLACK
6
CONTINUOUS
10
0.9435302755905511
20
1.5346108267716536
11
0.9433348818897638
21
1.5346629527559055
0
LINE
8
BLACK
6
CONTINUOUS
10
0.9433348818897638
20
1.5346629527559055
11
0.9428807874015748
21
1.5350105118110235
0
LINE
8
BLACK
6
CONTINUOUS
10
0.9428807874015748
20
1.5350105118110235
11
0.942394094488189
21
1.5353100393700787
0
LINE
8
BLACK
6
CONTINUOUS
10
0.942394094488189
20
1.5353100393700787
11
0.942275590551181
21
1.535473779527559
0
LINE
8
BLACK
6
CONTINUOUS
10
0.942275590551181
20
1.535473779527559
11
0.9421150787401574
21
1.535596653543307
0
LINE
8
BLACK
6
CONTINUOUS
10
0.9421150787401574
20
1.535596653543307
11
0.9418287401574803
21
1.5360912204724408
0
LINE
8
BLACK
6
CONTINUOUS
10
0.9418287401574803
20
1.5360912204724408
11
0.9414935039370078
21
1.5365544881889763
0
LINE
8
BLACK
6
CONTINUOUS
10
0.9414935039370078
20
1.5365544881889763
11
0.9413948031496063
21
1.5368407480314961
0
LINE
8
BLACK
6
CONTINUOUS
10
0.9413948031496063
20
1.5368407480314961
11
0.9413454330708662
21
1.5369261023622047
0
LINE
8
BLACK
6
CONTINUOUS
10
0.9413454330708662
20
1.5369261023622047
11
0.9413328740157481
21
1.5370204724409449
0
LINE
8
BLACK
6
CONTINUOUS
10
0.9413328740157481
20
1.5370204724409449
11
0.9412420078740157
21
1.5372841732283464
0
LINE
8
BLACK
6
CONTINUOUS
10
0.9412420078740157
20
1.5372841732283464
11
0.9318681889763779
21
1.5766542519685038
0
LINE
8
BLACK
6
CONTINUOUS
10
0.9318681889763779
20
1.5766542519685038
11
0.9317638582677165
21
1.5774189370078739
0
LINE
8
BLACK
6
CONTINUOUS
10
0.9317638582677165
20
1.5774189370078739
11
0.9320070472440944
21
1.5789357480314961
0
LINE
8
BLACK
6
CONTINUOUS
10
0.9320070472440944
20
1.5789357480314961
11
0.9328121259842519
21
1.5802440157480315
0
LINE
8
BLACK
6
CONTINUOUS
10
0.9328121259842519
20
1.5802440157480315
11
0.9340565748031496
21
1.5811446062992125
0
LINE
8
BLACK
6
CONTINUOUS
10
0.9340565748031496
20
1.5811446062992125
11
0.9355509448818897
21
1.5815004330708662
0
LINE
8
BLACK
6
CONTINUOUS
10
0.9355509448818897
20
1.5815004330708662
11
0.9370677559055118
21
1.5812572440944881
0
LINE
8
BLACK
6
CONTINUOUS
10
0.8745989370078739
20
1.5814275196850394
11
0.8747296456692913
21
1.5813733464566928
0
LINE
8
BLACK
6
CONTINUOUS
10
0.8747296456692913
20
1.5813733464566928
11
0.874870748031496
21
1.581363346456693
0
LINE
8
BLACK
6
CONTINUOUS
10
0.874870748031496
20
1.581363346456693
11
0.8755915354330709
21
1.5810875196850394
0
LINE
8
BLACK
6
CONTINUOUS
10
0.8755915354330709
20
1.5810875196850394
11
0.879341062992126
21
1.5792127559055118
0
LINE
8
BLACK
6
CONTINUOUS
10
0.879341062992126
20
1.5792127559055118
11
0.8796716141732284
21
1.5790046456692912
0
LINE
8
BLACK
6
CONTINUOUS
10
0.8796716141732284
20
1.5790046456692912
11
0.8797676771653543
21
1.5789648818897637
0
LINE
8
BLACK
6
CONTINUOUS
10
0.8797676771653543
20
1.5789648818897637
11
0.8798757874015748
21
1.5788761417322834
0
LINE
8
BLACK
6
CONTINUOUS
10
0.8798757874015748
20
1.5788761417322834
11
0.8799942125984251
21
1.5788016141732284
0
LINE
8
BLACK
6
CONTINUOUS
10
0.8799942125984251
20
1.5788016141732284
11
0.8800622834645669
21
1.5787230708661417
0
LINE
8
BLACK
6
CONTINUOUS
10
0.8800622834645669
20
1.5787230708661417
11
0.8803642913385826
21
1.5784752755905511
0
LINE
8
BLACK
6
CONTINUOUS
10
0.8803642913385826
20
1.5784752755905511
11
0.8822390157480314
21
1.5766005118110236
0
LINE
8
BLACK
6
CONTINUOUS
10
0.8822390157480314
20
1.5766005118110236
11
0.8824867322834645
21
1.5762986614173229
0
LINE
8
BLACK
6
CONTINUOUS
10
0.8824867322834645
20
1.5762986614173229
11
0.8825653937007873
21
1.5762304724409448
0
LINE
8
BLACK
6
CONTINUOUS
10
0.8825653937007873
20
1.5762304724409448
11
0.8826399212598425
21
1.5761120078740156
0
LINE
8
BLACK
6
CONTINUOUS
10
0.8826399212598425
20
1.5761120078740156
11
0.8827286614173229
21
1.576003937007874
0
LINE
8
BLACK
6
CONTINUOUS
10
0.8827286614173229
20
1.576003937007874
11
0.8827684251968504
21
1.5759078346456692
0
LINE
8
BLACK
6
CONTINUOUS
10
0.8827684251968504
20
1.5759078346456692
11
0.8829765354330709
21
1.5755772834645669
0
LINE
8
BLACK
6
CONTINUOUS
10
0.8829765354330709
20
1.5755772834645669
11
0.8848512992125984
21
1.5718277952755906
0
LINE
8
BLACK
6
CONTINUOUS
10
0.8848512992125984
20
1.5718277952755906
11
0.8851271259842519
21
1.5711069685039369
0
LINE
8
BLACK
6
CONTINUOUS
10
0.8851271259842519
20
1.5711069685039369
11
0.885137125984252
21
1.5709658661417323
0
LINE
8
BLACK
6
CONTINUOUS
10
0.885137125984252
20
1.5709658661417323
11
0.8851912992125984
21
1.570835157480315
0
LINE
8
BLACK
6
CONTINUOUS
10
0.8851912992125984
20
1.570835157480315
11
0.8852669291338583
21
1.5700670866141733
0
LINE
8
BLACK
6
CONTINUOUS
10
0.8852669291338583
20
1.5700670866141733
11
0.8852669291338583
21
1.5644427952755906
0
LINE
8
BLACK
6
CONTINUOUS
10
0.8852669291338583
20
1.5644427952755906
11
0.8851912992125984
21
1.5636747244094489
0
LINE
8
BLACK
6
CONTINUOUS
10
0.8851912992125984
20
1.5636747244094489
11
0.885137125984252
21
1.5635439763779526
0
LINE
8
BLACK
6
CONTINUOUS
10
0.885137125984252
20
1.5635439763779526
11
0.8851271259842519
21
1.5634029133858267
0
LINE
8
BLACK
6
CONTINUOUS
10
0.8851271259842519
20
1.5634029133858267
11
0.8848512992125984
21
1.5626820866141733
0
LINE
8
BLACK
6
CONTINUOUS
10
0.8848512992125984
20
1.5626820866141733
11
0.8829765354330709
21
1.5589325984251967
0
LINE
8
BLACK
6
CONTINUOUS
10
0.8829765354330709
20
1.5589325984251967
11
0.8827684251968504
21
1.5586020078740157
0
LINE
8
BLACK
6
CONTINUOUS
10
0.8827684251968504
20
1.5586020078740157
11
0.8827286614173229
21
1.5585059448818896
0
LINE
8
BLACK
6
CONTINUOUS
10
0.8827286614173229
20
1.5585059448818896
11
0.8826399212598425
21
1.5583978346456693
0
LINE
8
BLACK
6
CONTINUOUS
10
0.8826399212598425
20
1.5583978346456693
11
0.8825653937007873
21
1.5582794094488188
0
LINE
8
BLACK
6
CONTINUOUS
10
0.8825653937007873
20
1.5582794094488188
11
0.8824867322834645
21
1.5582111811023622
0
LINE
8
BLACK
6
CONTINUOUS
10
0.8824867322834645
20
1.5582111811023622
11
0.8822390157480314
21
1.5579093700787401
0
LINE
8
BLACK
6
CONTINUOUS
10
0.8822390157480314
20
1.5579093700787401
11
0.8803642913385826
21
1.5560346062992125
0
LINE
8
BLACK
6
CONTINUOUS
10
0.8803642913385826
20
1.5560346062992125
11
0.8800622834645669
21
1.5557867716535432
0
LINE
8
BLACK
6
CONTINUOUS
10
0.8800622834645669
20
1.5557867716535432
11
0.8799942125984251
21
1.5557082677165355
0
LINE
8
BLACK
6
CONTINUOUS
10
0.8799942125984251
20
1.5557082677165355
11
0.8798757874015748
21
1.5556337007874015
0
LINE
8
BLACK
6
CONTINUOUS
10
0.8798757874015748
20
1.5556337007874015
11
0.8797676771653543
21
1.555545
0
LINE
8
BLACK
6
CONTINUOUS
10
0.8797676771653543
20
1.555545
11
0.8796716141732284
21
1.5555051968503937
0
LINE
8
BLACK
6
CONTINUOUS
10
0.8796716141732284
20
1.5555051968503937
11
0.879341062992126
21
1.5552971259842518
0
LINE
8
BLACK
6
CONTINUOUS
10
0.879341062992126
20
1.5552971259842518
11
0.8755915354330709
21
1.5534223622047243
0
LINE
8
BLACK
6
CONTINUOUS
10
0.8755915354330709
20
1.5534223622047243
11
0.874870748031496
21
1.5531465354330709
0
LINE
8
BLACK
6
CONTINUOUS
10
0.874870748031496
20
1.5531465354330709
11
0.8747296456692913
21
1.5531364960629921
0
LINE
8
BLACK
6
CONTINUOUS
10
0.8747296456692913
20
1.5531364960629921
11
0.8745989370078739
21
1.5530823622047243
0
LINE
8
BLACK
6
CONTINUOUS
10
0.8745989370078739
20
1.5530823622047243
11
0.8738308661417322
21
1.5530067322834646
0
LINE
8
BLACK
6
CONTINUOUS
10
0.8738308661417322
20
1.5530067322834646
11
0.8627697637795275
21
1.5530067322834646
0
LINE
8
BLACK
6
CONTINUOUS
10
0.8627697637795275
20
1.5530067322834646
11
0.8627697637795275
21
1.5381960629921259
0
LINE
8
BLACK
6
CONTINUOUS
10
0.8627697637795275
20
1.5381960629921259
11
0.8626941338582677
21
1.5374279921259841
0
LINE
8
BLACK
6
CONTINUOUS
10
0.8626941338582677
20
1.5374279921259841
11
0.8621062598425197
21
1.536008779527559
0
LINE
8
BLACK
6
CONTINUOUS
10
0.8621062598425197
20
1.536008779527559
11
0.8610200393700788
21
1.5349225590551181
0
LINE
8
BLACK
6
CONTINUOUS
10
0.8610200393700788
20
1.5349225590551181
11
0.8596008267716535
21
1.53433468503937
0
LINE
8
BLACK
6
CONTINUOUS
10
0.8596008267716535
20
1.53433468503937
11
0.8580646850393701
21
1.53433468503937
0
LINE
8
BLACK
6
CONTINUOUS
10
0.8580646850393701
20
1.53433468503937
11
0.8566454724409449
21
1.5349225590551181
0
LINE
8
BLACK
6
CONTINUOUS
10
0.8566454724409449
20
1.5349225590551181
11
0.8555592519685039
21
1.536008779527559
0
LINE
8
BLACK
6
CONTINUOUS
10
0.8555592519685039
20
1.536008779527559
11
0.8549713779527559
21
1.5374279921259841
0
LINE
8
BLACK
6
CONTINUOUS
10
0.8549713779527559
20
1.5374279921259841
11
0.854895748031496
21
1.5381960629921259
0
LINE
8
BLACK
6
CONTINUOUS
10
0.854895748031496
20
1.5381960629921259
11
0.854895748031496
21
1.5775661417322835
0
LINE
8
BLACK
6
CONTINUOUS
10
0.854895748031496
20
1.5775661417322835
11
0.8549713779527559
21
1.5783342125984252
0
LINE
8
BLACK
6
CONTINUOUS
10
0.8549713779527559
20
1.5783342125984252
11
0.8555592519685039
21
1.5797534251968504
0
LINE
8
BLACK
6
CONTINUOUS
10
0.8555592519685039
20
1.5797534251968504
11
0.8566454724409449
21
1.5808396456692912
0
LINE
8
BLACK
6
CONTINUOUS
10
0.8566454724409449
20
1.5808396456692912
11
0.8580646850393701
21
1.5814275196850394
0
LINE
8
BLACK
6
CONTINUOUS
10
0.8580646850393701
20
1.5814275196850394
11
0.8588327559055118
21
1.5815031496062992
0
LINE
8
BLACK
6
CONTINUOUS
10
0.8588327559055118
20
1.5815031496062992
11
0.8738308661417322
21
1.5815031496062992
0
LINE
8
BLACK
6
CONTINUOUS
10
0.8738308661417322
20
1.5815031496062992
11
0.8745989370078739
21
1.5814275196850394
0
LINE
8
BLACK
6
CONTINUOUS
10
0.8627697637795275
20
1.5608807480314961
11
0.8729014566929134
21
1.5608807480314961
0
LINE
8
BLACK
6
CONTINUOUS
10
0.8729014566929134
20
1.5608807480314961
11
0.8752482677165354
21
1.5620541732283464
0
LINE
8
BLACK
6
CONTINUOUS
10
0.8752482677165354
20
1.5620541732283464
11
0.8762194881889763
21
1.5630253543307087
0
LINE
8
BLACK
6
CONTINUOUS
10
0.8762194881889763
20
1.5630253543307087
11
0.8773929133858267
21
1.5653722047244094
0
LINE
8
BLACK
6
CONTINUOUS
10
0.8773929133858267
20
1.5653722047244094
11
0.8773929133858267
21
1.5691376771653542
0
LINE
8
BLACK
6
CONTINUOUS
10
0.8773929133858267
20
1.5691376771653542
11
0.8762194881889763
21
1.5714844881889762
0
LINE
8
BLACK
6
CONTINUOUS
10
0.8762194881889763
20
1.5714844881889762
11
0.8752482677165354
21
1.5724556692913385
0
LINE
8
BLACK
6
CONTINUOUS
10
0.8752482677165354
20
1.5724556692913385
11
0.8729014566929134
21
1.5736291338582677
0
LINE
8
BLACK
6
CONTINUOUS
10
0.8729014566929134
20
1.5736291338582677
11
0.8627697637795275
21
1.5736291338582677
0
LINE
8
BLACK
6
CONTINUOUS
10
0.8627697637795275
20
1.5736291338582677
11
0.8627697637795275
21
1.5608807480314961
0
LINE
8
BLACK
6
CONTINUOUS
10
1.1895595669291339
20
1.5814275196850394
11
1.190978779527559
21
1.5808396456692912
0
LINE
8
BLACK
6
CONTINUOUS
10
1.190978779527559
20
1.5808396456692912
11
1.1920649999999999
21
1.5797534251968504
0
LINE
8
BLACK
6
CONTINUOUS
10
1.1920649999999999
20
1.5797534251968504
11
1.192652874015748
21
1.5783342125984252
0
LINE
8
BLACK
6
CONTINUOUS
10
1.192652874015748
20
1.5783342125984252
11
1.192652874015748
21
1.5767980708661418
0
LINE
8
BLACK
6
CONTINUOUS
10
1.192652874015748
20
1.5767980708661418
11
1.1920649999999999
21
1.5753788582677164
0
LINE
8
BLACK
6
CONTINUOUS
10
1.1920649999999999
20
1.5753788582677164
11
1.190978779527559
21
1.5742926377952755
0
LINE
8
BLACK
6
CONTINUOUS
10
1.190978779527559
20
1.5742926377952755
11
1.1895595669291339
21
1.5737047637795276
0
LINE
8
BLACK
6
CONTINUOUS
10
1.1895595669291339
20
1.5737047637795276
11
1.1887914960629922
21
1.5736291338582677
0
LINE
8
BLACK
6
CONTINUOUS
10
1.1887914960629922
20
1.5736291338582677
11
1.1814799212598426
21
1.5736291338582677
0
LINE
8
BLACK
6
CONTINUOUS
10
1.1814799212598426
20
1.5736291338582677
11
1.1814799212598426
21
1.5381960629921259
0
LINE
8
BLACK
6
CONTINUOUS
10
1.1814799212598426
20
1.5381960629921259
11
1.1814042913385827
21
1.5374279921259841
0
LINE
8
BLACK
6
CONTINUOUS
10
1.1814042913385827
20
1.5374279921259841
11
1.1808164173228346
21
1.536008779527559
0
LINE
8
BLACK
6
CONTINUOUS
10
1.1808164173228346
20
1.536008779527559
11
1.1797301968503937
21
1.5349225590551181
0
LINE
8
BLACK
6
CONTINUOUS
10
1.1797301968503937
20
1.5349225590551181
11
1.1783109842519686
21
1.53433468503937
0
LINE
8
BLACK
6
CONTINUOUS
10
1.1783109842519686
20
1.53433468503937
11
1.1767748425196851
21
1.53433468503937
0
LINE
8
BLACK
6
CONTINUOUS
10
1.1767748425196851
20
1.53433468503937
11
1.1753556299212597
21
1.5349225590551181
0
LINE
8
BLACK
6
CONTINUOUS
10
1.1753556299212597
20
1.5349225590551181
11
1.1742694094488189
21
1.536008779527559
0
LINE
8
BLACK
6
CONTINUOUS
10
1.1742694094488189
20
1.536008779527559
11
1.1736815354330707
21
1.5374279921259841
0
LINE
8
BLACK
6
CONTINUOUS
10
1.1736815354330707
20
1.5374279921259841
11
1.1736059055118111
21
1.5381960629921259
0
LINE
8
BLACK
6
CONTINUOUS
10
1.1736059055118111
20
1.5381960629921259
11
1.1736059055118111
21
1.5736291338582677
0
LINE
8
BLACK
6
CONTINUOUS
10
1.1736059055118111
20
1.5736291338582677
11
1.1662943307086613
21
1.5736291338582677
0
LINE
8
BLACK
6
CONTINUOUS
10
1.1662943307086613
20
1.5736291338582677
11
1.1655262598425196
21
1.5737047637795276
0
LINE
8
BLACK
6
CONTINUOUS
10
1.1655262598425196
20
1.5737047637795276
11
1.1641070472440944
21
1.5742926377952755
0
LINE
8
BLACK
6
CONTINUOUS
10
1.1641070472440944
20
1.5742926377952755
11
1.1630208267716535
21
1.5753788582677164
0
LINE
8
BLACK
6
CONTINUOUS
10
1.1630208267716535
20
1.5753788582677164
11
1.1624329527559054
21
1.5767980708661418
0
LINE
8
BLACK
6
CONTINUOUS
10
1.1624329527559054
20
1.5767980708661418
11
1.1624329527559054
21
1.5783342125984252
0
LINE
8
BLACK
6
CONTINUOUS
10
1.1624329527559054
20
1.5783342125984252
11
1.1630208267716535
21
1.5797534251968504
0
LINE
8
BLACK
6
CONTINUOUS
10
1.1630208267716535
20
1.5797534251968504
11
1.1641070472440944
21
1.5808396456692912
0
LINE
8
BLACK
6
CONTINUOUS
10
1.1641070472440944
20
1.5808396456692912
11
1.1655262598425196
21
1.5814275196850394
0
LINE
8
BLACK
6
CONTINUOUS
10
1.1655262598425196
20
1.5814275196850394
11
1.1662943307086613
21
1.5815031496062992
0
LINE
8
BLACK
6
CONTINUOUS
10
1.1662943307086613
20
1.5815031496062992
11
1.1887914960629922
21
1.5815031496062992
0
LINE
8
BLACK
6
CONTINUOUS
10
1.1887914960629922
20
1.5815031496062992
11
1.1895595669291339
21
1.5814275196850394
0
CIRCLE
8
BLACK
10
0.425
20
1.355
40
0.0068897637795276
0
CIRCLE
8
BLACK
10
0.525
20
1.355
40
0.0068897637795276
0
CIRCLE
8
BLACK
10
0.625
20
1.355
40
0.0068897637795276
0
CIRCLE
8
BLACK
10
0.725
20
1.355
40
0.0068897637795276
0
CIRCLE
8
BLACK
10
0.725
20
1.4550000000000001
40
0.0068897637795276
0
CIRCLE
8
BLACK
10
0.625
20
1.4550000000000001
40
0.0068897637795276
0
CIRCLE
8
BLACK
10
0.525
20
1.4550000000000001
40
0.0068897637795276
0
CIRCLE
8
BLACK
10
0.425
20
1.4550000000000001
40
0.0068897637795276
0
CIRCLE
8
BLACK
10
0.8774999999999999
20
0.2375
40
0.0068897637795276
0
CIRCLE
8
BLACK
10
0.8774999999999999
20
0.3375
40
0.0068897637795276
0
CIRCLE
8
BLACK
10
0.6775
20
0.2375
40
0.0068897637795276
0
CIRCLE
8
BLACK
10
0.6775
20
0.3375
40
0.0068897637795276
0
CIRCLE
8
BLACK
10
0.2
20
1.3999999999999999
40
0.0068897637795276
0
CIRCLE
8
BLACK
10
0.2
20
0.2
40
0.0068897637795276
0
CIRCLE
8
BLACK
10
1.3999999999999999
20
1.3999999999999999
40
0.0068897637795276
0
CIRCLE
8
BLACK
10
0.7775
20
0.2375
40
0.0068897637795276
0
CIRCLE
8
BLACK
10
0.7775
20
0.3375
40
0.0068897637795276
0
CIRCLE
8
BLACK
10
1.3999999999999999
20
0.2
40
0.0068897637795276
0
CIRCLE
8
BLACK
10
1.3868503937007874
20
1.165
40
0.0068897637795276
0
CIRCLE
8
BLACK
10
1.1899999999999999
20
1.165
40
0.0068897637795276
0
CIRCLE
8
BLACK
10
1.3868503937007874
20
0.9675
40
0.0068897637795276
0
CIRCLE
8
BLACK
10
1.1899999999999999
20
0.9675
40
0.0068897637795276
0
CIRCLE
8
BLACK
10
0.2106496062992126
20
0.905
40
0.0068897637795276
0
CIRCLE
8
BLACK
10
0.4075
20
0.905
40
0.0068897637795276
0
CIRCLE
8
BLACK
10
0.2106496062992126
20
1.1025
40
0.0068897637795276
0
CIRCLE
8
BLACK
10
0.4075
20
1.1025
40
0.0068897637795276
0
CIRCLE
8
BLACK
10
1.175
20
1.4746850393700788
40
0.0068897637795276
0
CIRCLE
8
BLACK
10
1.075
20
1.4746850393700788
40
0.0068897637795276
0
CIRCLE
8
BLACK
10
0.975
20
1.4746850393700788
40
0.0068897637795276
0
CIRCLE
8
BLACK
10
0.875
20
1.4746850393700788
40
0.0068897637795276
0
CIRCLE
8
BLACK
10
0.875
20
1.3746850393700787
40
0.0068897637795276
0
CIRCLE
8
BLACK
10
0.975
20
1.3746850393700787
40
0.0068897637795276
0
CIRCLE
8
BLACK
10
1.075
20
1.3746850393700787
40
0.0068897637795276
0
CIRCLE
8
BLACK
10
1.175
20
1.3746850393700787
40
0.0068897637795276
0
CIRCLE
8
WHITE
10
0.425
20
1.355
40
0.0068897637795276
0
CIRCLE
8
WHITE
10
0.525
20
1.355
40
0.0068897637795276
0
CIRCLE
8
WHITE
10
0.625
20
1.355
40
0.0068897637795276
0
CIRCLE
8
WHITE
10
0.725
20
1.355
40
0.0068897637795276
0
CIRCLE
8
WHITE
10
0.725
20
1.4550000000000001
40
0.0068897637795276
0
CIRCLE
8
WHITE
10
0.625
20
1.4550000000000001
40
0.0068897637795276
0
CIRCLE
8
WHITE
10
0.525
20
1.4550000000000001
40
0.0068897637795276
0
CIRCLE
8
WHITE
10
0.425
20
1.4550000000000001
40
0.0068897637795276
0
CIRCLE
8
WHITE
10
0.8774999999999999
20
0.2375
40
0.0068897637795276
0
CIRCLE
8
WHITE
10
0.8774999999999999
20
0.3375
40
0.0068897637795276
0
CIRCLE
8
WHITE
10
0.6775
20
0.2375
40
0.0068897637795276
0
CIRCLE
8
WHITE
10
0.6775
20
0.3375
40
0.0068897637795276
0
CIRCLE
8
BLACK
10
0.2
20
1.3999999999999999
40
0.0068897637795276
0
CIRCLE
8
BLACK
10
0.2
20
0.2
40
0.0068897637795276
0
CIRCLE
8
BLACK
10
1.3999999999999999
20
1.3999999999999999
40
0.0068897637795276
0
CIRCLE
8
WHITE
10
0.7775
20
0.2375
40
0.0068897637795276
0
CIRCLE
8
WHITE
10
0.7775
20
0.3375
40
0.0068897637795276
0
CIRCLE
8
BLACK
10
1.3999999999999999
20
0.2
40
0.0068897637795276
0
CIRCLE
8
WHITE
10
1.3868503937007874
20
1.165
40
0.0068897637795276
0
CIRCLE
8
WHITE
10
1.1899999999999999
20
1.165
40
0.0068897637795276
0
CIRCLE
8
WHITE
10
1.3868503937007874
20
0.9675
40
0.0068897637795276
0
CIRCLE
8
WHITE
10
1.1899999999999999
20
0.9675
40
0.0068897637795276
0
CIRCLE
8
WHITE
10
0.2106496062992126
20
0.905
40
0.0068897637795276
0
CIRCLE
8
WHITE
10
0.4075
20
0.905
40
0.0068897637795276
0
CIRCLE
8
WHITE
10
0.2106496062992126
20
1.1025
40
0.0068897637795276
0
CIRCLE
8
WHITE
10
0.4075
20
1.1025
40
0.0068897637795276
0
CIRCLE
8
WHITE
10
1.175
20
1.4746850393700788
40
0.0068897637795276
0
CIRCLE
8
WHITE
10
1.075
20
1.4746850393700788
40
0.0068897637795276
0
CIRCLE
8
WHITE
10
0.975
20
1.4746850393700788
40
0.0068897637795276
0
CIRCLE
8
WHITE
10
0.875
20
1.4746850393700788
40
0.0068897637795276
0
CIRCLE
8
WHITE
10
0.875
20
1.3746850393700787
40
0.0068897637795276
0
CIRCLE
8
WHITE
10
0.975
20
1.3746850393700787
40
0.0068897637795276
0
CIRCLE
8
WHITE
10
1.075
20
1.3746850393700787
40
0.0068897637795276
0
CIRCLE
8
WHITE
10
1.175
20
1.3746850393700787
40
0.0068897637795276
  0
ENDSEC
  0
EOF
