  0
SECTION
  2
HEADER
  9
$ANGBASE
  50
0.0
  9
$ANGDIR
  70
1
  9
$MEASUREMENT
  70
0
  0
ENDSEC
  0
SECTION
  2
TABLES
  0
TABLE
  2
LTYPE
  70
4
  0
LTYPE
  5
40F
  2
CONTINUOUS
  70
0
  3
Solid line
  72
65
  73
0
  40
0.0
  0
LTYPE
  5
410
  2
DASHDOT
 70
0
  3
Dash Dot ____ _ ____ _
 72
65
 73
4
 40
2.0
 49
1.25
 49
-0.25
 49
0.25
 49
-0.25
  0
LTYPE
  5
411
  2
DASHED
 70
0
  3
Dashed __ __ __ __ __
 72
65
 73
2
 40
0.75
 49
0.5
 49
-0.25
  0
LTYPE
  5
43B
  2
DOTTED
 70
0
  3
Dotted .  .  .  .
 72
65
 73
2
 40
0.2
 49
0.0
 49
-0.2
  0
ENDTAB
  0
TABLE
  2
STYLE
  70
4
  0
STYLE
  2
KICAD
  70
0
  40
0
  41
1
  42
1
  50
0
  71
0
  3
isocp.shx
  0
STYLE
  2
KICADB
  70
0
  40
0
  41
1
  42
1
  50
0
  71
0
  3
isocp.shx
  0
STYLE
  2
KICADI
  70
0
  40
0
  41
1
  42
1
  50
15
  71
0
  3
isocp.shx
  0
STYLE
  2
KICADBI
  70
0
  40
0
  41
1
  42
1
  50
15
  71
0
  3
isocp.shx
  0
ENDTAB
  0
TABLE
  2
LAYER
  70
1
  0
LAYER
  2
BLACK
  70
0
  62
7
  6
CONTINUOUS
  0
ENDTAB
  0
ENDSEC
  0
SECTION
  2
ENTITIES
0
LINE
8
BLACK
6
CONTINUOUS
10
0.6466404724409449
20
0.0974551181102362
11
0.6474551181102363
21
0.0966404724409449
0
LINE
8
BLACK
6
CONTINUOUS
10
0.6474551181102363
20
0.0966404724409449
11
0.6478960236220472
21
0.095576062992126
0
LINE
8
BLACK
6
CONTINUOUS
10
0.6478960236220472
20
0.095576062992126
11
0.6479527559055118
21
0.095
0
LINE
8
BLACK
6
CONTINUOUS
10
0.6479527559055118
20
0.095
11
0.6479527559055118
21
0.0579527559055118
0
LINE
8
BLACK
6
CONTINUOUS
10
0.6479527559055118
20
0.0579527559055118
11
0.7020472440944882
21
0.0579527559055118
0
LINE
8
BLACK
6
CONTINUOUS
10
0.7020472440944882
20
0.0579527559055118
11
0.7020472440944882
21
0.095
0
LINE
8
BLACK
6
CONTINUOUS
10
0.7020472440944882
20
0.095
11
0.7021039763779527
21
0.095576062992126
0
LINE
8
BLACK
6
CONTINUOUS
10
0.7021039763779527
20
0.095576062992126
11
0.7025448818897637
21
0.0966404724409449
0
LINE
8
BLACK
6
CONTINUOUS
10
0.7025448818897637
20
0.0966404724409449
11
0.7033595275590551
21
0.0974551181102362
0
LINE
8
BLACK
6
CONTINUOUS
10
0.7033595275590551
20
0.0974551181102362
11
0.704423937007874
21
0.0978960236220472
0
LINE
8
BLACK
6
CONTINUOUS
10
0.704423937007874
20
0.0978960236220472
11
0.7055760629921259
21
0.0978960236220472
0
LINE
8
BLACK
6
CONTINUOUS
10
0.7055760629921259
20
0.0978960236220472
11
0.7066404724409449
21
0.0974551181102362
0
LINE
8
BLACK
6
CONTINUOUS
10
0.7066404724409449
20
0.0974551181102362
11
0.7074551181102362
21
0.0966404724409449
0
LINE
8
BLACK
6
CONTINUOUS
10
0.7074551181102362
20
0.0966404724409449
11
0.7078960236220472
21
0.095576062992126
0
LINE
8
BLACK
6
CONTINUOUS
10
0.7078960236220472
20
0.095576062992126
11
0.7079527559055118
21
0.095
0
LINE
8
BLACK
6
CONTINUOUS
10
0.7079527559055118
20
0.095
11
0.7079527559055118
21
0.055
0
LINE
8
BLACK
6
CONTINUOUS
10
0.7079527559055118
20
0.055
11
0.7078960236220472
21
0.054423937007874
0
LINE
8
BLACK
6
CONTINUOUS
10
0.7078960236220472
20
0.054423937007874
11
0.7074551181102362
21
0.0533595275590551
0
LINE
8
BLACK
6
CONTINUOUS
10
0.7074551181102362
20
0.0533595275590551
11
0.7066404724409449
21
0.0525448818897638
0
LINE
8
BLACK
6
CONTINUOUS
10
0.7066404724409449
20
0.0525448818897638
11
0.7055760629921259
21
0.0521039763779528
0
LINE
8
BLACK
6
CONTINUOUS
10
0.7055760629921259
20
0.0521039763779528
11
0.705
21
0.0520472440944882
0
LINE
8
BLACK
6
CONTINUOUS
10
0.705
20
0.0520472440944882
11
0.645
21
0.0520472440944882
0
LINE
8
BLACK
6
CONTINUOUS
10
0.645
20
0.0520472440944882
11
0.644423937007874
21
0.0521039763779528
0
LINE
8
BLACK
6
CONTINUOUS
10
0.644423937007874
20
0.0521039763779528
11
0.6433595275590551
21
0.0525448818897638
0
LINE
8
BLACK
6
CONTINUOUS
10
0.6433595275590551
20
0.0525448818897638
11
0.6425448818897638
21
0.0533595275590551
0
LINE
8
BLACK
6
CONTINUOUS
10
0.6425448818897638
20
0.0533595275590551
11
0.6421039763779527
21
0.054423937007874
0
LINE
8
BLACK
6
CONTINUOUS
10
0.6421039763779527
20
0.054423937007874
11
0.6420472440944882
21
0.055
0
LINE
8
BLACK
6
CONTINUOUS
10
0.6420472440944882
20
0.055
11
0.6420472440944882
21
0.095
0
LINE
8
BLACK
6
CONTINUOUS
10
0.6420472440944882
20
0.095
11
0.6421039763779527
21
0.095576062992126
0
LINE
8
BLACK
6
CONTINUOUS
10
0.6421039763779527
20
0.095576062992126
11
0.6425448818897638
21
0.0966404724409449
0
LINE
8
BLACK
6
CONTINUOUS
10
0.6425448818897638
20
0.0966404724409449
11
0.6433595275590551
21
0.0974551181102362
0
LINE
8
BLACK
6
CONTINUOUS
10
0.6433595275590551
20
0.0974551181102362
11
0.644423937007874
21
0.0978960236220472
0
LINE
8
BLACK
6
CONTINUOUS
10
0.644423937007874
20
0.0978960236220472
11
0.645576062992126
21
0.0978960236220472
0
LINE
8
BLACK
6
CONTINUOUS
10
0.645576062992126
20
0.0978960236220472
11
0.6466404724409449
21
0.0974551181102362
0
LINE
8
BLACK
6
CONTINUOUS
10
0.7466404724409449
20
0.0974551181102362
11
0.7474551181102362
21
0.0966404724409449
0
LINE
8
BLACK
6
CONTINUOUS
10
0.7474551181102362
20
0.0966404724409449
11
0.7478960236220472
21
0.095576062992126
0
LINE
8
BLACK
6
CONTINUOUS
10
0.7478960236220472
20
0.095576062992126
11
0.7479527559055118
21
0.095
0
LINE
8
BLACK
6
CONTINUOUS
10
0.7479527559055118
20
0.095
11
0.7479527559055118
21
0.0579527559055118
0
LINE
8
BLACK
6
CONTINUOUS
10
0.7479527559055118
20
0.0579527559055118
11
0.8020472440944881
21
0.0579527559055118
0
LINE
8
BLACK
6
CONTINUOUS
10
0.8020472440944881
20
0.0579527559055118
11
0.8020472440944881
21
0.095
0
LINE
8
BLACK
6
CONTINUOUS
10
0.8020472440944881
20
0.095
11
0.8021039763779527
21
0.095576062992126
0
LINE
8
BLACK
6
CONTINUOUS
10
0.8021039763779527
20
0.095576062992126
11
0.8025448818897638
21
0.0966404724409449
0
LINE
8
BLACK
6
CONTINUOUS
10
0.8025448818897638
20
0.0966404724409449
11
0.8033595275590552
21
0.0974551181102362
0
LINE
8
BLACK
6
CONTINUOUS
10
0.8033595275590552
20
0.0974551181102362
11
0.804423937007874
21
0.0978960236220472
0
LINE
8
BLACK
6
CONTINUOUS
10
0.804423937007874
20
0.0978960236220472
11
0.8055760629921259
21
0.0978960236220472
0
LINE
8
BLACK
6
CONTINUOUS
10
0.8055760629921259
20
0.0978960236220472
11
0.8066404724409448
21
0.0974551181102362
0
LINE
8
BLACK
6
CONTINUOUS
10
0.8066404724409448
20
0.0974551181102362
11
0.8074551181102362
21
0.0966404724409449
0
LINE
8
BLACK
6
CONTINUOUS
10
0.8074551181102362
20
0.0966404724409449
11
0.8078960236220473
21
0.095576062992126
0
LINE
8
BLACK
6
CONTINUOUS
10
0.8078960236220473
20
0.095576062992126
11
0.8079527559055117
21
0.095
0
LINE
8
BLACK
6
CONTINUOUS
10
0.8079527559055117
20
0.095
11
0.8079527559055117
21
0.055
0
LINE
8
BLACK
6
CONTINUOUS
10
0.8079527559055117
20
0.055
11
0.8078960236220473
21
0.054423937007874
0
LINE
8
BLACK
6
CONTINUOUS
10
0.8078960236220473
20
0.054423937007874
11
0.8074551181102362
21
0.0533595275590551
0
LINE
8
BLACK
6
CONTINUOUS
10
0.8074551181102362
20
0.0533595275590551
11
0.8066404724409448
21
0.0525448818897638
0
LINE
8
BLACK
6
CONTINUOUS
10
0.8066404724409448
20
0.0525448818897638
11
0.8055760629921259
21
0.0521039763779528
0
LINE
8
BLACK
6
CONTINUOUS
10
0.8055760629921259
20
0.0521039763779528
11
0.8049999999999999
21
0.0520472440944882
0
LINE
8
BLACK
6
CONTINUOUS
10
0.8049999999999999
20
0.0520472440944882
11
0.745
21
0.0520472440944882
0
LINE
8
BLACK
6
CONTINUOUS
10
0.745
20
0.0520472440944882
11
0.744423937007874
21
0.0521039763779528
0
LINE
8
BLACK
6
CONTINUOUS
10
0.744423937007874
20
0.0521039763779528
11
0.7433595275590551
21
0.0525448818897638
0
LINE
8
BLACK
6
CONTINUOUS
10
0.7433595275590551
20
0.0525448818897638
11
0.7425448818897638
21
0.0533595275590551
0
LINE
8
BLACK
6
CONTINUOUS
10
0.7425448818897638
20
0.0533595275590551
11
0.7421039763779528
21
0.054423937007874
0
LINE
8
BLACK
6
CONTINUOUS
10
0.7421039763779528
20
0.054423937007874
11
0.7420472440944882
21
0.055
0
LINE
8
BLACK
6
CONTINUOUS
10
0.7420472440944882
20
0.055
11
0.7420472440944882
21
0.095
0
LINE
8
BLACK
6
CONTINUOUS
10
0.7420472440944882
20
0.095
11
0.7421039763779528
21
0.095576062992126
0
LINE
8
BLACK
6
CONTINUOUS
10
0.7421039763779528
20
0.095576062992126
11
0.7425448818897638
21
0.0966404724409449
0
LINE
8
BLACK
6
CONTINUOUS
10
0.7425448818897638
20
0.0966404724409449
11
0.7433595275590551
21
0.0974551181102362
0
LINE
8
BLACK
6
CONTINUOUS
10
0.7433595275590551
20
0.0974551181102362
11
0.744423937007874
21
0.0978960236220472
0
LINE
8
BLACK
6
CONTINUOUS
10
0.744423937007874
20
0.0978960236220472
11
0.745576062992126
21
0.0978960236220472
0
LINE
8
BLACK
6
CONTINUOUS
10
0.745576062992126
20
0.0978960236220472
11
0.7466404724409449
21
0.0974551181102362
0
LINE
8
BLACK
6
CONTINUOUS
10
0.8516404724409449
20
0.0974551181102362
11
0.8524551181102362
21
0.0966404724409449
0
LINE
8
BLACK
6
CONTINUOUS
10
0.8524551181102362
20
0.0966404724409449
11
0.8528960236220472
21
0.095576062992126
0
LINE
8
BLACK
6
CONTINUOUS
10
0.8528960236220472
20
0.095576062992126
11
0.8529527559055118
21
0.095
0
LINE
8
BLACK
6
CONTINUOUS
10
0.8529527559055118
20
0.095
11
0.8529527559055118
21
0.0579527559055118
0
LINE
8
BLACK
6
CONTINUOUS
10
0.8529527559055118
20
0.0579527559055118
11
0.9070472440944881
21
0.0579527559055118
0
LINE
8
BLACK
6
CONTINUOUS
10
0.9070472440944881
20
0.0579527559055118
11
0.9070472440944881
21
0.095
0
LINE
8
BLACK
6
CONTINUOUS
10
0.9070472440944881
20
0.095
11
0.9071039763779527
21
0.095576062992126
0
LINE
8
BLACK
6
CONTINUOUS
10
0.9071039763779527
20
0.095576062992126
11
0.9075448818897638
21
0.0966404724409449
0
LINE
8
BLACK
6
CONTINUOUS
10
0.9075448818897638
20
0.0966404724409449
11
0.9083595275590551
21
0.0974551181102362
0
LINE
8
BLACK
6
CONTINUOUS
10
0.9083595275590551
20
0.0974551181102362
11
0.9094239370078741
21
0.0978960236220472
0
LINE
8
BLACK
6
CONTINUOUS
10
0.9094239370078741
20
0.0978960236220472
11
0.910576062992126
21
0.0978960236220472
0
LINE
8
BLACK
6
CONTINUOUS
10
0.910576062992126
20
0.0978960236220472
11
0.9116404724409448
21
0.0974551181102362
0
LINE
8
BLACK
6
CONTINUOUS
10
0.9116404724409448
20
0.0974551181102362
11
0.9124551181102362
21
0.0966404724409449
0
LINE
8
BLACK
6
CONTINUOUS
10
0.9124551181102362
20
0.0966404724409449
11
0.9128960236220472
21
0.095576062992126
0
LINE
8
BLACK
6
CONTINUOUS
10
0.9128960236220472
20
0.095576062992126
11
0.9129527559055118
21
0.095
0
LINE
8
BLACK
6
CONTINUOUS
10
0.9129527559055118
20
0.095
11
0.9129527559055118
21
0.055
0
LINE
8
BLACK
6
CONTINUOUS
10
0.9129527559055118
20
0.055
11
0.9128960236220472
21
0.054423937007874
0
LINE
8
BLACK
6
CONTINUOUS
10
0.9128960236220472
20
0.054423937007874
11
0.9124551181102362
21
0.0533595275590551
0
LINE
8
BLACK
6
CONTINUOUS
10
0.9124551181102362
20
0.0533595275590551
11
0.9116404724409448
21
0.0525448818897638
0
LINE
8
BLACK
6
CONTINUOUS
10
0.9116404724409448
20
0.0525448818897638
11
0.910576062992126
21
0.0521039763779528
0
LINE
8
BLACK
6
CONTINUOUS
10
0.910576062992126
20
0.0521039763779528
11
0.91
21
0.0520472440944882
0
LINE
8
BLACK
6
CONTINUOUS
10
0.91
20
0.0520472440944882
11
0.85
21
0.0520472440944882
0
LINE
8
BLACK
6
CONTINUOUS
10
0.85
20
0.0520472440944882
11
0.849423937007874
21
0.0521039763779528
0
LINE
8
BLACK
6
CONTINUOUS
10
0.849423937007874
20
0.0521039763779528
11
0.8483595275590551
21
0.0525448818897638
0
LINE
8
BLACK
6
CONTINUOUS
10
0.8483595275590551
20
0.0525448818897638
11
0.8475448818897637
21
0.0533595275590551
0
LINE
8
BLACK
6
CONTINUOUS
10
0.8475448818897637
20
0.0533595275590551
11
0.8471039763779528
21
0.054423937007874
0
LINE
8
BLACK
6
CONTINUOUS
10
0.8471039763779528
20
0.054423937007874
11
0.8470472440944882
21
0.055
0
LINE
8
BLACK
6
CONTINUOUS
10
0.8470472440944882
20
0.055
11
0.8470472440944882
21
0.095
0
LINE
8
BLACK
6
CONTINUOUS
10
0.8470472440944882
20
0.095
11
0.8471039763779528
21
0.095576062992126
0
LINE
8
BLACK
6
CONTINUOUS
10
0.8471039763779528
20
0.095576062992126
11
0.8475448818897637
21
0.0966404724409449
0
LINE
8
BLACK
6
CONTINUOUS
10
0.8475448818897637
20
0.0966404724409449
11
0.8483595275590551
21
0.0974551181102362
0
LINE
8
BLACK
6
CONTINUOUS
10
0.8483595275590551
20
0.0974551181102362
11
0.849423937007874
21
0.0978960236220472
0
LINE
8
BLACK
6
CONTINUOUS
10
0.849423937007874
20
0.0978960236220472
11
0.850576062992126
21
0.0978960236220472
0
LINE
8
BLACK
6
CONTINUOUS
10
0.850576062992126
20
0.0978960236220472
11
0.8516404724409449
21
0.0974551181102362
0
LINE
8
BLACK
6
CONTINUOUS
10
0.8983715354330708
20
0.1183274803149606
11
0.8985351968503936
21
0.1175047244094488
0
LINE
8
BLACK
6
CONTINUOUS
10
0.8985351968503936
20
0.1175047244094488
11
0.8985351968503936
21
0.1024952362204724
0
LINE
8
BLACK
6
CONTINUOUS
10
0.8985351968503936
20
0.1024952362204724
11
0.8983715354330708
21
0.1016724803149606
0
LINE
8
BLACK
6
CONTINUOUS
10
0.8983715354330708
20
0.1016724803149606
11
0.8972079527559055
21
0.1005088976377953
0
LINE
8
BLACK
6
CONTINUOUS
10
0.8972079527559055
20
0.1005088976377953
11
0.8955624409448819
21
0.1005088976377953
0
LINE
8
BLACK
6
CONTINUOUS
10
0.8955624409448819
20
0.1005088976377953
11
0.8943988582677165
21
0.1016724803149606
0
LINE
8
BLACK
6
CONTINUOUS
10
0.8943988582677165
20
0.1016724803149606
11
0.8942351968503937
21
0.1024952362204724
0
LINE
8
BLACK
6
CONTINUOUS
10
0.8942351968503937
20
0.1024952362204724
11
0.8942351968503937
21
0.1175047244094488
0
LINE
8
BLACK
6
CONTINUOUS
10
0.8942351968503937
20
0.1175047244094488
11
0.8943988582677165
21
0.1183274803149606
0
LINE
8
BLACK
6
CONTINUOUS
10
0.8943988582677165
20
0.1183274803149606
11
0.8955624409448819
21
0.119491062992126
0
LINE
8
BLACK
6
CONTINUOUS
10
0.8955624409448819
20
0.119491062992126
11
0.8972079527559055
21
0.119491062992126
0
LINE
8
BLACK
6
CONTINUOUS
10
0.8972079527559055
20
0.119491062992126
11
0.8983715354330708
21
0.1183274803149606
0
LINE
8
BLACK
6
CONTINUOUS
10
0.8368762992125984
20
0.1455394094488189
11
0.8370399606299213
21
0.1447166535433071
0
LINE
8
BLACK
6
CONTINUOUS
10
0.8370399606299213
20
0.1447166535433071
11
0.8370399606299213
21
0.1325214173228347
0
LINE
8
BLACK
6
CONTINUOUS
10
0.8370399606299213
20
0.1325214173228347
11
0.8368762992125984
21
0.1316986614173228
0
LINE
8
BLACK
6
CONTINUOUS
10
0.8368762992125984
20
0.1316986614173228
11
0.835712716535433
21
0.1305350787401575
0
LINE
8
BLACK
6
CONTINUOUS
10
0.835712716535433
20
0.1305350787401575
11
0.8340672047244094
21
0.1305350787401575
0
LINE
8
BLACK
6
CONTINUOUS
10
0.8340672047244094
20
0.1305350787401575
11
0.8329036220472441
21
0.1316986614173228
0
LINE
8
BLACK
6
CONTINUOUS
10
0.8329036220472441
20
0.1316986614173228
11
0.8327399606299213
21
0.1325214173228347
0
LINE
8
BLACK
6
CONTINUOUS
10
0.8327399606299213
20
0.1325214173228347
11
0.8327399606299213
21
0.139526062992126
0
LINE
8
BLACK
6
CONTINUOUS
10
0.8327399606299213
20
0.139526062992126
11
0.8251531102362204
21
0.1319392125984252
0
LINE
8
BLACK
6
CONTINUOUS
10
0.8251531102362204
20
0.1319392125984252
11
0.8250635039370079
21
0.1318793307086614
0
LINE
8
BLACK
6
CONTINUOUS
10
0.8250635039370079
20
0.1318793307086614
11
0.8250414566929134
21
0.1318352362204724
0
LINE
8
BLACK
6
CONTINUOUS
10
0.8250414566929134
20
0.1318352362204724
11
0.8247422834645669
21
0.1316646850393701
0
LINE
8
BLACK
6
CONTINUOUS
10
0.8247422834645669
20
0.1316646850393701
11
0.8244556299212599
21
0.1314731496062992
0
LINE
8
BLACK
6
CONTINUOUS
10
0.8244556299212599
20
0.1314731496062992
11
0.8244062598425197
21
0.1314731496062992
0
LINE
8
BLACK
6
CONTINUOUS
10
0.8244062598425197
20
0.1314731496062992
11
0.8243126771653543
21
0.1314198031496063
0
LINE
8
BLACK
6
CONTINUOUS
10
0.8243126771653543
20
0.1314198031496063
11
0.8214984251968503
21
0.1304817322834646
0
LINE
8
BLACK
6
CONTINUOUS
10
0.8214984251968503
20
0.1304817322834646
11
0.8211564960629921
21
0.1304386220472441
0
LINE
8
BLACK
6
CONTINUOUS
10
0.8211564960629921
20
0.1304386220472441
11
0.8208185433070866
21
0.1303714173228346
0
LINE
8
BLACK
6
CONTINUOUS
10
0.8208185433070866
20
0.1303714173228346
11
0.8189423622047244
21
0.1303714173228346
0
LINE
8
BLACK
6
CONTINUOUS
10
0.8189423622047244
20
0.1303714173228346
11
0.8188367716535433
21
0.1303924015748031
0
LINE
8
BLACK
6
CONTINUOUS
10
0.8188367716535433
20
0.1303924015748031
11
0.81879
21
0.1303768110236221
0
LINE
8
BLACK
6
CONTINUOUS
10
0.81879
20
0.1303768110236221
11
0.8184575196850393
21
0.1304678346456693
0
LINE
8
BLACK
6
CONTINUOUS
10
0.8184575196850393
20
0.1304678346456693
11
0.8181196062992125
21
0.1305350787401575
0
LINE
8
BLACK
6
CONTINUOUS
10
0.8181196062992125
20
0.1305350787401575
11
0.8180847244094488
21
0.1305699212598425
0
LINE
8
BLACK
6
CONTINUOUS
10
0.8180847244094488
20
0.1305699212598425
11
0.817980905511811
21
0.1305983858267717
0
LINE
8
BLACK
6
CONTINUOUS
10
0.817980905511811
20
0.1305983858267717
11
0.8161046456692913
21
0.1315364566929134
0
LINE
8
BLACK
6
CONTINUOUS
10
0.8161046456692913
20
0.1315364566929134
11
0.8158323622047244
21
0.1317477559055118
0
LINE
8
BLACK
6
CONTINUOUS
10
0.8158323622047244
20
0.1317477559055118
11
0.8155458267716535
21
0.1319392519685039
0
LINE
8
BLACK
6
CONTINUOUS
10
0.8155458267716535
20
0.1319392519685039
11
0.8146077559055118
21
0.1328773622047244
0
LINE
8
BLACK
6
CONTINUOUS
10
0.8146077559055118
20
0.1328773622047244
11
0.8144164566929134
21
0.1331636614173228
0
LINE
8
BLACK
6
CONTINUOUS
10
0.8144164566929134
20
0.1331636614173228
11
0.8142050393700787
21
0.133436062992126
0
LINE
8
BLACK
6
CONTINUOUS
10
0.8142050393700787
20
0.133436062992126
11
0.813266968503937
21
0.1353122440944882
0
LINE
8
BLACK
6
CONTINUOUS
10
0.813266968503937
20
0.1353122440944882
11
0.8132385039370078
21
0.1354161023622047
0
LINE
8
BLACK
6
CONTINUOUS
10
0.8132385039370078
20
0.1354161023622047
11
0.8132036220472441
21
0.1354510236220473
0
LINE
8
BLACK
6
CONTINUOUS
10
0.8132036220472441
20
0.1354510236220473
11
0.8131363385826772
21
0.1357891732283465
0
LINE
8
BLACK
6
CONTINUOUS
10
0.8131363385826772
20
0.1357891732283465
11
0.8130453937007874
21
0.1361213385826772
0
LINE
8
BLACK
6
CONTINUOUS
10
0.8130453937007874
20
0.1361213385826772
11
0.8130609448818897
21
0.1361680708661417
0
LINE
8
BLACK
6
CONTINUOUS
10
0.8130609448818897
20
0.1361680708661417
11
0.8130399606299212
21
0.1362737795275591
0
LINE
8
BLACK
6
CONTINUOUS
10
0.8130399606299212
20
0.1362737795275591
11
0.8130399606299212
21
0.1409642519685039
0
LINE
8
BLACK
6
CONTINUOUS
10
0.8130399606299212
20
0.1409642519685039
11
0.8130609448818897
21
0.1410699212598425
0
LINE
8
BLACK
6
CONTINUOUS
10
0.8130609448818897
20
0.1410699212598425
11
0.8130453937007874
21
0.1411166929133858
0
LINE
8
BLACK
6
CONTINUOUS
10
0.8130453937007874
20
0.1411166929133858
11
0.8131363385826772
21
0.1414488188976378
0
LINE
8
BLACK
6
CONTINUOUS
10
0.8131363385826772
20
0.1414488188976378
11
0.8132036220472441
21
0.1417870078740157
0
LINE
8
BLACK
6
CONTINUOUS
10
0.8132036220472441
20
0.1417870078740157
11
0.8132385039370078
21
0.1418218897637795
0
LINE
8
BLACK
6
CONTINUOUS
10
0.8132385039370078
20
0.1418218897637795
11
0.813266968503937
21
0.1419257874015748
0
LINE
8
BLACK
6
CONTINUOUS
10
0.813266968503937
20
0.1419257874015748
11
0.8142050393700787
21
0.143801968503937
0
LINE
8
BLACK
6
CONTINUOUS
10
0.8142050393700787
20
0.143801968503937
11
0.8144164566929134
21
0.1440743307086614
0
LINE
8
BLACK
6
CONTINUOUS
10
0.8144164566929134
20
0.1440743307086614
11
0.8146077559055118
21
0.1443606692913386
0
LINE
8
BLACK
6
CONTINUOUS
10
0.8146077559055118
20
0.1443606692913386
11
0.8155458267716535
21
0.145298779527559
0
LINE
8
BLACK
6
CONTINUOUS
10
0.8155458267716535
20
0.145298779527559
11
0.8162433070866142
21
0.145764842519685
0
LINE
8
BLACK
6
CONTINUOUS
10
0.8162433070866142
20
0.145764842519685
11
0.8178888582677165
21
0.1457648818897638
0
LINE
8
BLACK
6
CONTINUOUS
10
0.8178888582677165
20
0.1457648818897638
11
0.8190524409448818
21
0.1446013385826772
0
LINE
8
BLACK
6
CONTINUOUS
10
0.8190524409448818
20
0.1446013385826772
11
0.8190524803149606
21
0.1429557874015748
0
LINE
8
BLACK
6
CONTINUOUS
10
0.8190524803149606
20
0.1429557874015748
11
0.8185864566929134
21
0.1422583070866142
0
LINE
8
BLACK
6
CONTINUOUS
10
0.8185864566929134
20
0.1422583070866142
11
0.8178950393700787
21
0.1415668503937008
0
LINE
8
BLACK
6
CONTINUOUS
10
0.8178950393700787
20
0.1415668503937008
11
0.8173399606299212
21
0.1404566929133858
0
LINE
8
BLACK
6
CONTINUOUS
10
0.8173399606299212
20
0.1404566929133858
11
0.8173399606299212
21
0.1367812992125984
0
LINE
8
BLACK
6
CONTINUOUS
10
0.8173399606299212
20
0.1367812992125984
11
0.8178950393700787
21
0.1356711417322835
0
LINE
8
BLACK
6
CONTINUOUS
10
0.8178950393700787
20
0.1356711417322835
11
0.81833968503937
21
0.1352264960629921
0
LINE
8
BLACK
6
CONTINUOUS
10
0.81833968503937
20
0.1352264960629921
11
0.8194499212598425
21
0.1346714173228346
0
LINE
8
BLACK
6
CONTINUOUS
10
0.8194499212598425
20
0.1346714173228346
11
0.8204696062992126
21
0.1346714173228346
0
LINE
8
BLACK
6
CONTINUOUS
10
0.8204696062992126
20
0.1346714173228346
11
0.8224714566929133
21
0.1353386614173228
0
LINE
8
BLACK
6
CONTINUOUS
10
0.8224714566929133
20
0.1353386614173228
11
0.83336968503937
21
0.1462369291338583
0
LINE
8
BLACK
6
CONTINUOUS
10
0.83336968503937
20
0.1462369291338583
11
0.8340671653543307
21
0.1467029921259843
0
LINE
8
BLACK
6
CONTINUOUS
10
0.8340671653543307
20
0.1467029921259843
11
0.835712716535433
21
0.1467029921259843
0
LINE
8
BLACK
6
CONTINUOUS
10
0.835712716535433
20
0.1467029921259843
11
0.8368762992125984
21
0.1455394094488189
0
LINE
8
BLACK
6
CONTINUOUS
10
0.6297921653543307
20
0.1467648818897638
11
0.6301460629921259
21
0.1467648818897638
0
LINE
8
BLACK
6
CONTINUOUS
10
0.6301460629921259
20
0.1467648818897638
11
0.6304999606299212
21
0.1464109842519685
0
LINE
8
BLACK
6
CONTINUOUS
10
0.6304999606299212
20
0.1464109842519685
11
0.6309475196850394
21
0.1461872047244094
0
LINE
8
BLACK
6
CONTINUOUS
10
0.6309475196850394
20
0.1461872047244094
11
0.6310594094488189
21
0.1458515354330709
0
LINE
8
BLACK
6
CONTINUOUS
10
0.6310594094488189
20
0.1458515354330709
11
0.6313096456692914
21
0.1456012992125984
0
LINE
8
BLACK
6
CONTINUOUS
10
0.6313096456692914
20
0.1456012992125984
11
0.6314733070866142
21
0.1447785433070866
0
LINE
8
BLACK
6
CONTINUOUS
10
0.6314733070866142
20
0.1447785433070866
11
0.6314733070866142
21
0.1375475984251968
0
LINE
8
BLACK
6
CONTINUOUS
10
0.6314733070866142
20
0.1375475984251968
11
0.6358899606299212
21
0.1375475984251968
0
LINE
8
BLACK
6
CONTINUOUS
10
0.6358899606299212
20
0.1375475984251968
11
0.636712716535433
21
0.137383937007874
0
LINE
8
BLACK
6
CONTINUOUS
10
0.636712716535433
20
0.137383937007874
11
0.6378762992125984
21
0.1362203543307087
0
LINE
8
BLACK
6
CONTINUOUS
10
0.6378762992125984
20
0.1362203543307087
11
0.6378762992125984
21
0.134574842519685
0
LINE
8
BLACK
6
CONTINUOUS
10
0.6378762992125984
20
0.134574842519685
11
0.636712716535433
21
0.1334112598425197
0
LINE
8
BLACK
6
CONTINUOUS
10
0.636712716535433
20
0.1334112598425197
11
0.6358899606299212
21
0.1332475984251968
0
LINE
8
BLACK
6
CONTINUOUS
10
0.6358899606299212
20
0.1332475984251968
11
0.6314733070866142
21
0.1332475984251968
0
LINE
8
BLACK
6
CONTINUOUS
10
0.6314733070866142
20
0.1332475984251968
11
0.6314733070866142
21
0.1325833070866142
0
LINE
8
BLACK
6
CONTINUOUS
10
0.6314733070866142
20
0.1325833070866142
11
0.6313096456692914
21
0.1317605511811024
0
LINE
8
BLACK
6
CONTINUOUS
10
0.6313096456692914
20
0.1317605511811024
11
0.6301460629921259
21
0.130596968503937
0
LINE
8
BLACK
6
CONTINUOUS
10
0.6301460629921259
20
0.130596968503937
11
0.6285005511811024
21
0.130596968503937
0
LINE
8
BLACK
6
CONTINUOUS
10
0.6285005511811024
20
0.130596968503937
11
0.6273369685039369
21
0.1317605511811024
0
LINE
8
BLACK
6
CONTINUOUS
10
0.6273369685039369
20
0.1317605511811024
11
0.6271733070866141
21
0.1325833070866142
0
LINE
8
BLACK
6
CONTINUOUS
10
0.6271733070866141
20
0.1325833070866142
11
0.6271733070866141
21
0.1332475984251968
0
LINE
8
BLACK
6
CONTINUOUS
10
0.6271733070866141
20
0.1332475984251968
11
0.6227566141732284
21
0.1332475984251968
0
LINE
8
BLACK
6
CONTINUOUS
10
0.6227566141732284
20
0.1332475984251968
11
0.6219338582677165
21
0.1334112598425197
0
LINE
8
BLACK
6
CONTINUOUS
10
0.6219338582677165
20
0.1334112598425197
11
0.6207702755905512
21
0.134574842519685
0
LINE
8
BLACK
6
CONTINUOUS
10
0.6207702755905512
20
0.134574842519685
11
0.6207702755905512
21
0.1362203543307087
0
LINE
8
BLACK
6
CONTINUOUS
10
0.6207702755905512
20
0.1362203543307087
11
0.6219338582677165
21
0.137383937007874
0
LINE
8
BLACK
6
CONTINUOUS
10
0.6219338582677165
20
0.137383937007874
11
0.6227566141732284
21
0.1375475984251968
0
LINE
8
BLACK
6
CONTINUOUS
10
0.6227566141732284
20
0.1375475984251968
11
0.6271733070866141
21
0.1375475984251968
0
LINE
8
BLACK
6
CONTINUOUS
10
0.6271733070866141
20
0.1375475984251968
11
0.6271733070866141
21
0.1417955511811023
0
LINE
8
BLACK
6
CONTINUOUS
10
0.6271733070866141
20
0.1417955511811023
11
0.6159317716535433
21
0.1380483858267716
0
LINE
8
BLACK
6
CONTINUOUS
10
0.6159317716535433
20
0.1380483858267716
11
0.6150994881889764
21
0.1379435039370079
0
LINE
8
BLACK
6
CONTINUOUS
10
0.6150994881889764
20
0.1379435039370079
11
0.6136276771653543
21
0.1386794094488189
0
LINE
8
BLACK
6
CONTINUOUS
10
0.6136276771653543
20
0.1386794094488189
11
0.6131073228346456
21
0.1402404724409449
0
LINE
8
BLACK
6
CONTINUOUS
10
0.6131073228346456
20
0.1402404724409449
11
0.6138432283464567
21
0.1417122834645669
0
LINE
8
BLACK
6
CONTINUOUS
10
0.6138432283464567
20
0.1417122834645669
11
0.6145720078740158
21
0.1421277559055118
0
LINE
8
BLACK
6
CONTINUOUS
10
0.6145720078740158
20
0.1421277559055118
11
0.6286433858267716
21
0.1468181889763779
0
LINE
8
BLACK
6
CONTINUOUS
10
0.6286433858267716
20
0.1468181889763779
11
0.6294757086614173
21
0.1469231102362205
0
LINE
8
BLACK
6
CONTINUOUS
10
0.6294757086614173
20
0.1469231102362205
11
0.6297921653543307
21
0.1467648818897638
0
LINE
8
BLACK
6
CONTINUOUS
10
0.7094183070866141
20
0.1866124803149606
11
0.7116124803149606
21
0.1844183070866142
0
LINE
8
BLACK
6
CONTINUOUS
10
0.7116124803149606
20
0.1844183070866142
11
0.7127999606299212
21
0.1815514960629921
0
LINE
8
BLACK
6
CONTINUOUS
10
0.7127999606299212
20
0.1815514960629921
11
0.7127999606299212
21
0.1784485039370079
0
LINE
8
BLACK
6
CONTINUOUS
10
0.7127999606299212
20
0.1784485039370079
11
0.7116124803149606
21
0.1755816929133858
0
LINE
8
BLACK
6
CONTINUOUS
10
0.7116124803149606
20
0.1755816929133858
11
0.7094183070866141
21
0.1733875196850394
0
LINE
8
BLACK
6
CONTINUOUS
10
0.7094183070866141
20
0.1733875196850394
11
0.7079527559055118
21
0.1727804330708661
0
LINE
8
BLACK
6
CONTINUOUS
10
0.7079527559055118
20
0.1727804330708661
11
0.7079527559055118
21
0.135
0
LINE
8
BLACK
6
CONTINUOUS
10
0.7079527559055118
20
0.135
11
0.7078960236220472
21
0.134423937007874
0
LINE
8
BLACK
6
CONTINUOUS
10
0.7078960236220472
20
0.134423937007874
11
0.7074551181102362
21
0.1333595275590551
0
LINE
8
BLACK
6
CONTINUOUS
10
0.7074551181102362
20
0.1333595275590551
11
0.7066404724409449
21
0.1325448818897638
0
LINE
8
BLACK
6
CONTINUOUS
10
0.7066404724409449
20
0.1325448818897638
11
0.7055760629921259
21
0.1321039763779528
0
LINE
8
BLACK
6
CONTINUOUS
10
0.7055760629921259
20
0.1321039763779528
11
0.704423937007874
21
0.1321039763779528
0
LINE
8
BLACK
6
CONTINUOUS
10
0.704423937007874
20
0.1321039763779528
11
0.7033595275590551
21
0.1325448818897638
0
LINE
8
BLACK
6
CONTINUOUS
10
0.7033595275590551
20
0.1325448818897638
11
0.7025448818897637
21
0.1333595275590551
0
LINE
8
BLACK
6
CONTINUOUS
10
0.7025448818897637
20
0.1333595275590551
11
0.7021039763779527
21
0.134423937007874
0
LINE
8
BLACK
6
CONTINUOUS
10
0.7021039763779527
20
0.134423937007874
11
0.7020472440944882
21
0.135
0
LINE
8
BLACK
6
CONTINUOUS
10
0.7020472440944882
20
0.135
11
0.7020472440944882
21
0.1720472440944882
0
LINE
8
BLACK
6
CONTINUOUS
10
0.7020472440944882
20
0.1720472440944882
11
0.6479527559055118
21
0.1720472440944882
0
LINE
8
BLACK
6
CONTINUOUS
10
0.6479527559055118
20
0.1720472440944882
11
0.6479527559055118
21
0.135
0
LINE
8
BLACK
6
CONTINUOUS
10
0.6479527559055118
20
0.135
11
0.6478960236220472
21
0.134423937007874
0
LINE
8
BLACK
6
CONTINUOUS
10
0.6478960236220472
20
0.134423937007874
11
0.6474551181102363
21
0.1333595275590551
0
LINE
8
BLACK
6
CONTINUOUS
10
0.6474551181102363
20
0.1333595275590551
11
0.6466404724409449
21
0.1325448818897638
0
LINE
8
BLACK
6
CONTINUOUS
10
0.6466404724409449
20
0.1325448818897638
11
0.645576062992126
21
0.1321039763779528
0
LINE
8
BLACK
6
CONTINUOUS
10
0.645576062992126
20
0.1321039763779528
11
0.644423937007874
21
0.1321039763779528
0
LINE
8
BLACK
6
CONTINUOUS
10
0.644423937007874
20
0.1321039763779528
11
0.6433595275590551
21
0.1325448818897638
0
LINE
8
BLACK
6
CONTINUOUS
10
0.6433595275590551
20
0.1325448818897638
11
0.6425448818897638
21
0.1333595275590551
0
LINE
8
BLACK
6
CONTINUOUS
10
0.6425448818897638
20
0.1333595275590551
11
0.6421039763779527
21
0.134423937007874
0
LINE
8
BLACK
6
CONTINUOUS
10
0.6421039763779527
20
0.134423937007874
11
0.6420472440944882
21
0.135
0
LINE
8
BLACK
6
CONTINUOUS
10
0.6420472440944882
20
0.135
11
0.6420472440944882
21
0.175
0
LINE
8
BLACK
6
CONTINUOUS
10
0.6420472440944882
20
0.175
11
0.6421039763779527
21
0.175576062992126
0
LINE
8
BLACK
6
CONTINUOUS
10
0.6421039763779527
20
0.175576062992126
11
0.6425448818897638
21
0.1766404724409449
0
LINE
8
BLACK
6
CONTINUOUS
10
0.6425448818897638
20
0.1766404724409449
11
0.6433595275590551
21
0.1774551181102362
0
LINE
8
BLACK
6
CONTINUOUS
10
0.6433595275590551
20
0.1774551181102362
11
0.644423937007874
21
0.1778960236220472
0
LINE
8
BLACK
6
CONTINUOUS
10
0.644423937007874
20
0.1778960236220472
11
0.645
21
0.1779527559055118
0
LINE
8
BLACK
6
CONTINUOUS
10
0.645
20
0.1779527559055118
11
0.6974053937007874
21
0.1779527559055118
0
LINE
8
BLACK
6
CONTINUOUS
10
0.6974053937007874
20
0.1779527559055118
11
0.6972000393700787
21
0.1784485039370079
0
LINE
8
BLACK
6
CONTINUOUS
10
0.6972000393700787
20
0.1784485039370079
11
0.6972000393700787
21
0.1808479921259842
0
LINE
8
BLACK
6
CONTINUOUS
10
0.6972000393700787
20
0.1808479921259842
11
0.6972000393700787
21
0.1815514960629921
0
LINE
8
BLACK
6
CONTINUOUS
10
0.6972000393700787
20
0.1815514960629921
11
0.6983875196850393
21
0.1844183070866142
0
LINE
8
BLACK
6
CONTINUOUS
10
0.6983875196850393
20
0.1844183070866142
11
0.7005816929133858
21
0.1866124803149606
0
LINE
8
BLACK
6
CONTINUOUS
10
0.7005816929133858
20
0.1866124803149606
11
0.7034485039370079
21
0.1877999606299212
0
LINE
8
BLACK
6
CONTINUOUS
10
0.7034485039370079
20
0.1877999606299212
11
0.7065514960629921
21
0.1877999606299212
0
LINE
8
BLACK
6
CONTINUOUS
10
0.7065514960629921
20
0.1877999606299212
11
0.7094183070866141
21
0.1866124803149606
0
LINE
8
BLACK
6
CONTINUOUS
10
0.7029527559055118
20
0.1791520078740158
11
0.7041520078740158
21
0.1779527559055118
0
LINE
8
BLACK
6
CONTINUOUS
10
0.7041520078740158
20
0.1779527559055118
11
0.7058479921259843
21
0.1779527559055118
0
LINE
8
BLACK
6
CONTINUOUS
10
0.7058479921259843
20
0.1779527559055118
11
0.7070472440944882
21
0.1791520078740158
0
LINE
8
BLACK
6
CONTINUOUS
10
0.7070472440944882
20
0.1791520078740158
11
0.7070472440944882
21
0.1808479921259842
0
LINE
8
BLACK
6
CONTINUOUS
10
0.7070472440944882
20
0.1808479921259842
11
0.7058479921259843
21
0.1820472440944882
0
LINE
8
BLACK
6
CONTINUOUS
10
0.7058479921259843
20
0.1820472440944882
11
0.7041520078740158
21
0.1820472440944882
0
LINE
8
BLACK
6
CONTINUOUS
10
0.7041520078740158
20
0.1820472440944882
11
0.7029527559055118
21
0.1808479921259842
0
LINE
8
BLACK
6
CONTINUOUS
10
0.7029527559055118
20
0.1808479921259842
11
0.7029527559055118
21
0.1791520078740158
0
LINE
8
BLACK
6
CONTINUOUS
10
0.8094183070866141
20
0.1866124803149606
11
0.8116124803149606
21
0.1844183070866142
0
LINE
8
BLACK
6
CONTINUOUS
10
0.8116124803149606
20
0.1844183070866142
11
0.8127999606299212
21
0.1815514960629921
0
LINE
8
BLACK
6
CONTINUOUS
10
0.8127999606299212
20
0.1815514960629921
11
0.8127999606299212
21
0.1784485039370079
0
LINE
8
BLACK
6
CONTINUOUS
10
0.8127999606299212
20
0.1784485039370079
11
0.8116124803149606
21
0.1755816929133858
0
LINE
8
BLACK
6
CONTINUOUS
10
0.8116124803149606
20
0.1755816929133858
11
0.8094183070866141
21
0.1733875196850394
0
LINE
8
BLACK
6
CONTINUOUS
10
0.8094183070866141
20
0.1733875196850394
11
0.8079527559055117
21
0.1727804330708661
0
LINE
8
BLACK
6
CONTINUOUS
10
0.8079527559055117
20
0.1727804330708661
11
0.8079527559055117
21
0.135
0
LINE
8
BLACK
6
CONTINUOUS
10
0.8079527559055117
20
0.135
11
0.8078960236220473
21
0.134423937007874
0
LINE
8
BLACK
6
CONTINUOUS
10
0.8078960236220473
20
0.134423937007874
11
0.8074551181102362
21
0.1333595275590551
0
LINE
8
BLACK
6
CONTINUOUS
10
0.8074551181102362
20
0.1333595275590551
11
0.8066404724409448
21
0.1325448818897638
0
LINE
8
BLACK
6
CONTINUOUS
10
0.8066404724409448
20
0.1325448818897638
11
0.8055760629921259
21
0.1321039763779528
0
LINE
8
BLACK
6
CONTINUOUS
10
0.8055760629921259
20
0.1321039763779528
11
0.804423937007874
21
0.1321039763779528
0
LINE
8
BLACK
6
CONTINUOUS
10
0.804423937007874
20
0.1321039763779528
11
0.8033595275590552
21
0.1325448818897638
0
LINE
8
BLACK
6
CONTINUOUS
10
0.8033595275590552
20
0.1325448818897638
11
0.8025448818897638
21
0.1333595275590551
0
LINE
8
BLACK
6
CONTINUOUS
10
0.8025448818897638
20
0.1333595275590551
11
0.8021039763779527
21
0.134423937007874
0
LINE
8
BLACK
6
CONTINUOUS
10
0.8021039763779527
20
0.134423937007874
11
0.8020472440944881
21
0.135
0
LINE
8
BLACK
6
CONTINUOUS
10
0.8020472440944881
20
0.135
11
0.8020472440944881
21
0.1720472440944882
0
LINE
8
BLACK
6
CONTINUOUS
10
0.8020472440944881
20
0.1720472440944882
11
0.7479527559055118
21
0.1720472440944882
0
LINE
8
BLACK
6
CONTINUOUS
10
0.7479527559055118
20
0.1720472440944882
11
0.7479527559055118
21
0.135
0
LINE
8
BLACK
6
CONTINUOUS
10
0.7479527559055118
20
0.135
11
0.7478960236220472
21
0.134423937007874
0
LINE
8
BLACK
6
CONTINUOUS
10
0.7478960236220472
20
0.134423937007874
11
0.7474551181102362
21
0.1333595275590551
0
LINE
8
BLACK
6
CONTINUOUS
10
0.7474551181102362
20
0.1333595275590551
11
0.7466404724409449
21
0.1325448818897638
0
LINE
8
BLACK
6
CONTINUOUS
10
0.7466404724409449
20
0.1325448818897638
11
0.745576062992126
21
0.1321039763779528
0
LINE
8
BLACK
6
CONTINUOUS
10
0.745576062992126
20
0.1321039763779528
11
0.744423937007874
21
0.1321039763779528
0
LINE
8
BLACK
6
CONTINUOUS
10
0.744423937007874
20
0.1321039763779528
11
0.7433595275590551
21
0.1325448818897638
0
LINE
8
BLACK
6
CONTINUOUS
10
0.7433595275590551
20
0.1325448818897638
11
0.7425448818897638
21
0.1333595275590551
0
LINE
8
BLACK
6
CONTINUOUS
10
0.7425448818897638
20
0.1333595275590551
11
0.7421039763779528
21
0.134423937007874
0
LINE
8
BLACK
6
CONTINUOUS
10
0.7421039763779528
20
0.134423937007874
11
0.7420472440944882
21
0.135
0
LINE
8
BLACK
6
CONTINUOUS
10
0.7420472440944882
20
0.135
11
0.7420472440944882
21
0.175
0
LINE
8
BLACK
6
CONTINUOUS
10
0.7420472440944882
20
0.175
11
0.7421039763779528
21
0.175576062992126
0
LINE
8
BLACK
6
CONTINUOUS
10
0.7421039763779528
20
0.175576062992126
11
0.7425448818897638
21
0.1766404724409449
0
LINE
8
BLACK
6
CONTINUOUS
10
0.7425448818897638
20
0.1766404724409449
11
0.7433595275590551
21
0.1774551181102362
0
LINE
8
BLACK
6
CONTINUOUS
10
0.7433595275590551
20
0.1774551181102362
11
0.744423937007874
21
0.1778960236220472
0
LINE
8
BLACK
6
CONTINUOUS
10
0.744423937007874
20
0.1778960236220472
11
0.745
21
0.1779527559055118
0
LINE
8
BLACK
6
CONTINUOUS
10
0.745
20
0.1779527559055118
11
0.7974053937007873
21
0.1779527559055118
0
LINE
8
BLACK
6
CONTINUOUS
10
0.7974053937007873
20
0.1779527559055118
11
0.7972000393700788
21
0.1784485039370079
0
LINE
8
BLACK
6
CONTINUOUS
10
0.7972000393700788
20
0.1784485039370079
11
0.7972000393700788
21
0.1808479921259842
0
LINE
8
BLACK
6
CONTINUOUS
10
0.7972000393700788
20
0.1808479921259842
11
0.7972000393700788
21
0.1815514960629921
0
LINE
8
BLACK
6
CONTINUOUS
10
0.7972000393700788
20
0.1815514960629921
11
0.7983875196850394
21
0.1844183070866142
0
LINE
8
BLACK
6
CONTINUOUS
10
0.7983875196850394
20
0.1844183070866142
11
0.8005816929133858
21
0.1866124803149606
0
LINE
8
BLACK
6
CONTINUOUS
10
0.8005816929133858
20
0.1866124803149606
11
0.8034485039370078
21
0.1877999606299212
0
LINE
8
BLACK
6
CONTINUOUS
10
0.8034485039370078
20
0.1877999606299212
11
0.8065514960629921
21
0.1877999606299212
0
LINE
8
BLACK
6
CONTINUOUS
10
0.8065514960629921
20
0.1877999606299212
11
0.8094183070866141
21
0.1866124803149606
0
LINE
8
BLACK
6
CONTINUOUS
10
0.8029527559055117
20
0.1791520078740158
11
0.8041520078740158
21
0.1779527559055118
0
LINE
8
BLACK
6
CONTINUOUS
10
0.8041520078740158
20
0.1779527559055118
11
0.8058479921259842
21
0.1779527559055118
0
LINE
8
BLACK
6
CONTINUOUS
10
0.8058479921259842
20
0.1779527559055118
11
0.8070472440944881
21
0.1791520078740158
0
LINE
8
BLACK
6
CONTINUOUS
10
0.8070472440944881
20
0.1791520078740158
11
0.8070472440944881
21
0.1808479921259842
0
LINE
8
BLACK
6
CONTINUOUS
10
0.8070472440944881
20
0.1808479921259842
11
0.8058479921259842
21
0.1820472440944882
0
LINE
8
BLACK
6
CONTINUOUS
10
0.8058479921259842
20
0.1820472440944882
11
0.8041520078740158
21
0.1820472440944882
0
LINE
8
BLACK
6
CONTINUOUS
10
0.8041520078740158
20
0.1820472440944882
11
0.8029527559055117
21
0.1808479921259842
0
LINE
8
BLACK
6
CONTINUOUS
10
0.8029527559055117
20
0.1808479921259842
11
0.8029527559055117
21
0.1791520078740158
0
LINE
8
BLACK
6
CONTINUOUS
10
0.9144183070866142
20
0.1866124803149606
11
0.9166124803149606
21
0.1844183070866142
0
LINE
8
BLACK
6
CONTINUOUS
10
0.9166124803149606
20
0.1844183070866142
11
0.9177999606299212
21
0.1815514960629921
0
LINE
8
BLACK
6
CONTINUOUS
10
0.9177999606299212
20
0.1815514960629921
11
0.9177999606299212
21
0.1784485039370079
0
LINE
8
BLACK
6
CONTINUOUS
10
0.9177999606299212
20
0.1784485039370079
11
0.9166124803149606
21
0.1755816929133858
0
LINE
8
BLACK
6
CONTINUOUS
10
0.9166124803149606
20
0.1755816929133858
11
0.9144183070866142
21
0.1733875196850394
0
LINE
8
BLACK
6
CONTINUOUS
10
0.9144183070866142
20
0.1733875196850394
11
0.9129527559055118
21
0.1727804330708661
0
LINE
8
BLACK
6
CONTINUOUS
10
0.9129527559055118
20
0.1727804330708661
11
0.9129527559055118
21
0.135
0
LINE
8
BLACK
6
CONTINUOUS
10
0.9129527559055118
20
0.135
11
0.9128960236220472
21
0.134423937007874
0
LINE
8
BLACK
6
CONTINUOUS
10
0.9128960236220472
20
0.134423937007874
11
0.9124551181102362
21
0.1333595275590551
0
LINE
8
BLACK
6
CONTINUOUS
10
0.9124551181102362
20
0.1333595275590551
11
0.9116404724409448
21
0.1325448818897638
0
LINE
8
BLACK
6
CONTINUOUS
10
0.9116404724409448
20
0.1325448818897638
11
0.910576062992126
21
0.1321039763779528
0
LINE
8
BLACK
6
CONTINUOUS
10
0.910576062992126
20
0.1321039763779528
11
0.9094239370078741
21
0.1321039763779528
0
LINE
8
BLACK
6
CONTINUOUS
10
0.9094239370078741
20
0.1321039763779528
11
0.9083595275590551
21
0.1325448818897638
0
LINE
8
BLACK
6
CONTINUOUS
10
0.9083595275590551
20
0.1325448818897638
11
0.9075448818897638
21
0.1333595275590551
0
LINE
8
BLACK
6
CONTINUOUS
10
0.9075448818897638
20
0.1333595275590551
11
0.9071039763779527
21
0.134423937007874
0
LINE
8
BLACK
6
CONTINUOUS
10
0.9071039763779527
20
0.134423937007874
11
0.9070472440944881
21
0.135
0
LINE
8
BLACK
6
CONTINUOUS
10
0.9070472440944881
20
0.135
11
0.9070472440944881
21
0.1720472440944882
0
LINE
8
BLACK
6
CONTINUOUS
10
0.9070472440944881
20
0.1720472440944882
11
0.8529527559055118
21
0.1720472440944882
0
LINE
8
BLACK
6
CONTINUOUS
10
0.8529527559055118
20
0.1720472440944882
11
0.8529527559055118
21
0.135
0
LINE
8
BLACK
6
CONTINUOUS
10
0.8529527559055118
20
0.135
11
0.8528960236220472
21
0.134423937007874
0
LINE
8
BLACK
6
CONTINUOUS
10
0.8528960236220472
20
0.134423937007874
11
0.8524551181102362
21
0.1333595275590551
0
LINE
8
BLACK
6
CONTINUOUS
10
0.8524551181102362
20
0.1333595275590551
11
0.8516404724409449
21
0.1325448818897638
0
LINE
8
BLACK
6
CONTINUOUS
10
0.8516404724409449
20
0.1325448818897638
11
0.850576062992126
21
0.1321039763779528
0
LINE
8
BLACK
6
CONTINUOUS
10
0.850576062992126
20
0.1321039763779528
11
0.849423937007874
21
0.1321039763779528
0
LINE
8
BLACK
6
CONTINUOUS
10
0.849423937007874
20
0.1321039763779528
11
0.8483595275590551
21
0.1325448818897638
0
LINE
8
BLACK
6
CONTINUOUS
10
0.8483595275590551
20
0.1325448818897638
11
0.8475448818897637
21
0.1333595275590551
0
LINE
8
BLACK
6
CONTINUOUS
10
0.8475448818897637
20
0.1333595275590551
11
0.8471039763779528
21
0.134423937007874
0
LINE
8
BLACK
6
CONTINUOUS
10
0.8471039763779528
20
0.134423937007874
11
0.8470472440944882
21
0.135
0
LINE
8
BLACK
6
CONTINUOUS
10
0.8470472440944882
20
0.135
11
0.8470472440944882
21
0.175
0
LINE
8
BLACK
6
CONTINUOUS
10
0.8470472440944882
20
0.175
11
0.8471039763779528
21
0.175576062992126
0
LINE
8
BLACK
6
CONTINUOUS
10
0.8471039763779528
20
0.175576062992126
11
0.8475448818897637
21
0.1766404724409449
0
LINE
8
BLACK
6
CONTINUOUS
10
0.8475448818897637
20
0.1766404724409449
11
0.8483595275590551
21
0.1774551181102362
0
LINE
8
BLACK
6
CONTINUOUS
10
0.8483595275590551
20
0.1774551181102362
11
0.849423937007874
21
0.1778960236220472
0
LINE
8
BLACK
6
CONTINUOUS
10
0.849423937007874
20
0.1778960236220472
11
0.85
21
0.1779527559055118
0
LINE
8
BLACK
6
CONTINUOUS
10
0.85
20
0.1779527559055118
11
0.9024053937007874
21
0.1779527559055118
0
LINE
8
BLACK
6
CONTINUOUS
10
0.9024053937007874
20
0.1779527559055118
11
0.9022000393700788
21
0.1784485039370079
0
LINE
8
BLACK
6
CONTINUOUS
10
0.9022000393700788
20
0.1784485039370079
11
0.9022000393700788
21
0.1808479921259842
0
LINE
8
BLACK
6
CONTINUOUS
10
0.9022000393700788
20
0.1808479921259842
11
0.9022000393700788
21
0.1815514960629921
0
LINE
8
BLACK
6
CONTINUOUS
10
0.9022000393700788
20
0.1815514960629921
11
0.9033875196850394
21
0.1844183070866142
0
LINE
8
BLACK
6
CONTINUOUS
10
0.9033875196850394
20
0.1844183070866142
11
0.9055816929133859
21
0.1866124803149606
0
LINE
8
BLACK
6
CONTINUOUS
10
0.9055816929133859
20
0.1866124803149606
11
0.9084485039370078
21
0.1877999606299212
0
LINE
8
BLACK
6
CONTINUOUS
10
0.9084485039370078
20
0.1877999606299212
11
0.9115514960629921
21
0.1877999606299212
0
LINE
8
BLACK
6
CONTINUOUS
10
0.9115514960629921
20
0.1877999606299212
11
0.9144183070866142
21
0.1866124803149606
0
LINE
8
BLACK
6
CONTINUOUS
10
0.9079527559055118
20
0.1791520078740158
11
0.9091520078740157
21
0.1779527559055118
0
LINE
8
BLACK
6
CONTINUOUS
10
0.9091520078740157
20
0.1779527559055118
11
0.9108479921259842
21
0.1779527559055118
0
LINE
8
BLACK
6
CONTINUOUS
10
0.9108479921259842
20
0.1779527559055118
11
0.9120472440944881
21
0.1791520078740158
0
LINE
8
BLACK
6
CONTINUOUS
10
0.9120472440944881
20
0.1791520078740158
11
0.9120472440944881
21
0.1808479921259842
0
LINE
8
BLACK
6
CONTINUOUS
10
0.9120472440944881
20
0.1808479921259842
11
0.9108479921259842
21
0.1820472440944882
0
LINE
8
BLACK
6
CONTINUOUS
10
0.9108479921259842
20
0.1820472440944882
11
0.9091520078740157
21
0.1820472440944882
0
LINE
8
BLACK
6
CONTINUOUS
10
0.9091520078740157
20
0.1820472440944882
11
0.9079527559055118
21
0.1808479921259842
0
LINE
8
BLACK
6
CONTINUOUS
10
0.9079527559055118
20
0.1808479921259842
11
0.9079527559055118
21
0.1791520078740158
0
LINE
8
BLACK
6
CONTINUOUS
10
0.9321918897637795
20
0.1508368897637795
11
0.9322798818897637
21
0.150764842519685
0
LINE
8
BLACK
6
CONTINUOUS
10
0.9322798818897637
20
0.150764842519685
11
0.9323936220472441
21
0.1507648818897638
0
LINE
8
BLACK
6
CONTINUOUS
10
0.9323936220472441
20
0.1507648818897638
11
0.9329053149606299
21
0.150253188976378
0
LINE
8
BLACK
6
CONTINUOUS
10
0.9329053149606299
20
0.150253188976378
11
0.9334655118110236
21
0.1497948818897638
0
LINE
8
BLACK
6
CONTINUOUS
10
0.9334655118110236
20
0.1497948818897638
11
0.933476811023622
21
0.1496816929133858
0
LINE
8
BLACK
6
CONTINUOUS
10
0.933476811023622
20
0.1496816929133858
11
0.9335572047244094
21
0.1496013385826772
0
LINE
8
BLACK
6
CONTINUOUS
10
0.9335572047244094
20
0.1496013385826772
11
0.9335572047244094
21
0.1488777952755906
0
LINE
8
BLACK
6
CONTINUOUS
10
0.9335572047244094
20
0.1488777952755906
11
0.9336292519685039
21
0.1481575196850394
0
LINE
8
BLACK
6
CONTINUOUS
10
0.9336292519685039
20
0.1481575196850394
11
0.9335572047244094
21
0.1480694881889764
0
LINE
8
BLACK
6
CONTINUOUS
10
0.9335572047244094
20
0.1480694881889764
11
0.9335572440944881
21
0.1479557874015748
0
LINE
8
BLACK
6
CONTINUOUS
10
0.9335572440944881
20
0.1479557874015748
11
0.933091220472441
21
0.1472583070866142
0
LINE
8
BLACK
6
CONTINUOUS
10
0.933091220472441
20
0.1472583070866142
11
0.9323998031496062
21
0.1465668503937008
0
LINE
8
BLACK
6
CONTINUOUS
10
0.9323998031496062
20
0.1465668503937008
11
0.9318447244094488
21
0.1454566929133858
0
LINE
8
BLACK
6
CONTINUOUS
10
0.9318447244094488
20
0.1454566929133858
11
0.9318447244094488
21
0.1417812992125984
0
LINE
8
BLACK
6
CONTINUOUS
10
0.9318447244094488
20
0.1417812992125984
11
0.9323998031496062
21
0.1406711417322835
0
LINE
8
BLACK
6
CONTINUOUS
10
0.9323998031496062
20
0.1406711417322835
11
0.9328444488188976
21
0.1402264960629921
0
LINE
8
BLACK
6
CONTINUOUS
10
0.9328444488188976
20
0.1402264960629921
11
0.9339546850393701
21
0.1396714173228346
0
LINE
8
BLACK
6
CONTINUOUS
10
0.9339546850393701
20
0.1396714173228346
11
0.9376300393700787
21
0.1396714173228346
0
LINE
8
BLACK
6
CONTINUOUS
10
0.9376300393700787
20
0.1396714173228346
11
0.9387402362204724
21
0.1402264960629921
0
LINE
8
BLACK
6
CONTINUOUS
10
0.9387402362204724
20
0.1402264960629921
11
0.939184842519685
21
0.1406711023622047
0
LINE
8
BLACK
6
CONTINUOUS
10
0.939184842519685
20
0.1406711023622047
11
0.9397399606299213
21
0.1417812992125984
0
LINE
8
BLACK
6
CONTINUOUS
10
0.9397399606299213
20
0.1417812992125984
11
0.9397399606299213
21
0.1454566929133858
0
LINE
8
BLACK
6
CONTINUOUS
10
0.9397399606299213
20
0.1454566929133858
11
0.939184842519685
21
0.1465668897637795
0
LINE
8
BLACK
6
CONTINUOUS
10
0.939184842519685
20
0.1465668897637795
11
0.9384935039370078
21
0.1472582677165354
0
LINE
8
BLACK
6
CONTINUOUS
10
0.9384935039370078
20
0.1472582677165354
11
0.9380274409448819
21
0.1479557480314961
0
LINE
8
BLACK
6
CONTINUOUS
10
0.9380274409448819
20
0.1479557480314961
11
0.9380274409448819
21
0.1496013385826772
0
LINE
8
BLACK
6
CONTINUOUS
10
0.9380274409448819
20
0.1496013385826772
11
0.9391909842519685
21
0.1507648818897638
0
LINE
8
BLACK
6
CONTINUOUS
10
0.9391909842519685
20
0.1507648818897638
11
0.9408365748031496
21
0.1507648818897638
0
LINE
8
BLACK
6
CONTINUOUS
10
0.9408365748031496
20
0.1507648818897638
11
0.9415340551181102
21
0.1502988188976378
0
LINE
8
BLACK
6
CONTINUOUS
10
0.9415340551181102
20
0.1502988188976378
11
0.9424721653543306
21
0.1493607086614173
0
LINE
8
BLACK
6
CONTINUOUS
10
0.9424721653543306
20
0.1493607086614173
11
0.9426635039370078
21
0.1490742913385827
0
LINE
8
BLACK
6
CONTINUOUS
10
0.9426635039370078
20
0.1490742913385827
11
0.9428749212598425
21
0.1488019291338583
0
LINE
8
BLACK
6
CONTINUOUS
10
0.9428749212598425
20
0.1488019291338583
11
0.9438129921259842
21
0.1469257480314961
0
LINE
8
BLACK
6
CONTINUOUS
10
0.9438129921259842
20
0.1469257480314961
11
0.9438414173228347
21
0.1468218503937008
0
LINE
8
BLACK
6
CONTINUOUS
10
0.9438414173228347
20
0.1468218503937008
11
0.9438762992125984
21
0.1467870078740157
0
LINE
8
BLACK
6
CONTINUOUS
10
0.9438762992125984
20
0.1467870078740157
11
0.9439434645669291
21
0.1464492125984252
0
LINE
8
BLACK
6
CONTINUOUS
10
0.9439434645669291
20
0.1464492125984252
11
0.9440345669291338
21
0.1461166535433071
0
LINE
8
BLACK
6
CONTINUOUS
10
0.9440345669291338
20
0.1461166535433071
11
0.944018937007874
21
0.1460698031496063
0
LINE
8
BLACK
6
CONTINUOUS
10
0.944018937007874
20
0.1460698031496063
11
0.9440399606299212
21
0.1459642519685039
0
LINE
8
BLACK
6
CONTINUOUS
10
0.9440399606299212
20
0.1459642519685039
11
0.9440399606299212
21
0.141273779527559
0
LINE
8
BLACK
6
CONTINUOUS
10
0.9440399606299212
20
0.141273779527559
11
0.944018937007874
21
0.141168188976378
0
LINE
8
BLACK
6
CONTINUOUS
10
0.944018937007874
20
0.141168188976378
11
0.9440345669291338
21
0.1411213779527559
0
LINE
8
BLACK
6
CONTINUOUS
10
0.9440345669291338
20
0.1411213779527559
11
0.9439434645669291
21
0.1407887795275591
0
LINE
8
BLACK
6
CONTINUOUS
10
0.9439434645669291
20
0.1407887795275591
11
0.9438762992125984
21
0.1404510236220472
0
LINE
8
BLACK
6
CONTINUOUS
10
0.9438762992125984
20
0.1404510236220472
11
0.9438414173228347
21
0.1404161417322835
0
LINE
8
BLACK
6
CONTINUOUS
10
0.9438414173228347
20
0.1404161417322835
11
0.9438129921259842
21
0.1403122834645669
0
LINE
8
BLACK
6
CONTINUOUS
10
0.9438129921259842
20
0.1403122834645669
11
0.9428749212598425
21
0.1384361023622047
0
LINE
8
BLACK
6
CONTINUOUS
10
0.9428749212598425
20
0.1384361023622047
11
0.9426635039370078
21
0.1381637007874016
0
LINE
8
BLACK
6
CONTINUOUS
10
0.9426635039370078
20
0.1381637007874016
11
0.9424721653543306
21
0.1378773228346457
0
LINE
8
BLACK
6
CONTINUOUS
10
0.9424721653543306
20
0.1378773228346457
11
0.9415340551181102
21
0.1369392125984252
0
LINE
8
BLACK
6
CONTINUOUS
10
0.9415340551181102
20
0.1369392125984252
11
0.9412475196850394
21
0.1367477559055118
0
LINE
8
BLACK
6
CONTINUOUS
10
0.9412475196850394
20
0.1367477559055118
11
0.9409752755905512
21
0.1365364566929134
0
LINE
8
BLACK
6
CONTINUOUS
10
0.9409752755905512
20
0.1365364566929134
11
0.939099094488189
21
0.1355983858267716
0
LINE
8
BLACK
6
CONTINUOUS
10
0.939099094488189
20
0.1355983858267716
11
0.9389951968503937
21
0.1355699212598425
0
LINE
8
BLACK
6
CONTINUOUS
10
0.9389951968503937
20
0.1355699212598425
11
0.9389603543307087
21
0.1355350787401575
0
LINE
8
BLACK
6
CONTINUOUS
10
0.9389603543307087
20
0.1355350787401575
11
0.9386222440944881
21
0.1354677952755906
0
LINE
8
BLACK
6
CONTINUOUS
10
0.9386222440944881
20
0.1354677952755906
11
0.93829
21
0.1353768503937008
0
LINE
8
BLACK
6
CONTINUOUS
10
0.93829
20
0.1353768503937008
11
0.9382432283464567
21
0.1353924015748031
0
LINE
8
BLACK
6
CONTINUOUS
10
0.9382432283464567
20
0.1353924015748031
11
0.9381375984251968
21
0.1353714173228346
0
LINE
8
BLACK
6
CONTINUOUS
10
0.9381375984251968
20
0.1353714173228346
11
0.9334471259842519
21
0.1353714173228346
0
LINE
8
BLACK
6
CONTINUOUS
10
0.9334471259842519
20
0.1353714173228346
11
0.9333415354330709
21
0.1353924015748031
0
LINE
8
BLACK
6
CONTINUOUS
10
0.9333415354330709
20
0.1353924015748031
11
0.9332947637795276
21
0.135376811023622
0
LINE
8
BLACK
6
CONTINUOUS
10
0.9332947637795276
20
0.135376811023622
11
0.9329622834645669
21
0.1354678346456693
0
LINE
8
BLACK
6
CONTINUOUS
10
0.9329622834645669
20
0.1354678346456693
11
0.9326243700787401
21
0.1355350787401575
0
LINE
8
BLACK
6
CONTINUOUS
10
0.9326243700787401
20
0.1355350787401575
11
0.9325894881889764
21
0.1355699212598425
0
LINE
8
BLACK
6
CONTINUOUS
10
0.9325894881889764
20
0.1355699212598425
11
0.9324856692913386
21
0.1355983858267716
0
LINE
8
BLACK
6
CONTINUOUS
10
0.9324856692913386
20
0.1355983858267716
11
0.9306094094488189
21
0.1365364566929134
0
LINE
8
BLACK
6
CONTINUOUS
10
0.9306094094488189
20
0.1365364566929134
11
0.930337125984252
21
0.1367477559055118
0
LINE
8
BLACK
6
CONTINUOUS
10
0.930337125984252
20
0.1367477559055118
11
0.9300505905511811
21
0.1369392519685039
0
LINE
8
BLACK
6
CONTINUOUS
10
0.9300505905511811
20
0.1369392519685039
11
0.9291125196850394
21
0.1378773622047244
0
LINE
8
BLACK
6
CONTINUOUS
10
0.9291125196850394
20
0.1378773622047244
11
0.928921220472441
21
0.1381636614173228
0
LINE
8
BLACK
6
CONTINUOUS
10
0.928921220472441
20
0.1381636614173228
11
0.9287098031496063
21
0.138436062992126
0
LINE
8
BLACK
6
CONTINUOUS
10
0.9287098031496063
20
0.138436062992126
11
0.9277717322834645
21
0.1403122440944882
0
LINE
8
BLACK
6
CONTINUOUS
10
0.9277717322834645
20
0.1403122440944882
11
0.9277432677165354
21
0.1404161023622047
0
LINE
8
BLACK
6
CONTINUOUS
10
0.9277432677165354
20
0.1404161023622047
11
0.9277083858267716
21
0.1404510236220472
0
LINE
8
BLACK
6
CONTINUOUS
10
0.9277083858267716
20
0.1404510236220472
11
0.9276411023622047
21
0.1407891732283464
0
LINE
8
BLACK
6
CONTINUOUS
10
0.9276411023622047
20
0.1407891732283464
11
0.9275501574803149
21
0.1411213385826772
0
LINE
8
BLACK
6
CONTINUOUS
10
0.9275501574803149
20
0.1411213385826772
11
0.9275657086614173
21
0.1411680708661417
0
LINE
8
BLACK
6
CONTINUOUS
10
0.9275657086614173
20
0.1411680708661417
11
0.9275447244094488
21
0.141273779527559
0
LINE
8
BLACK
6
CONTINUOUS
10
0.9275447244094488
20
0.141273779527559
11
0.9275447244094488
21
0.1459642519685039
0
LINE
8
BLACK
6
CONTINUOUS
10
0.9275447244094488
20
0.1459642519685039
11
0.9275657086614173
21
0.1460699212598425
0
LINE
8
BLACK
6
CONTINUOUS
10
0.9275657086614173
20
0.1460699212598425
11
0.9275501574803149
21
0.1461166929133858
0
LINE
8
BLACK
6
CONTINUOUS
10
0.9275501574803149
20
0.1461166929133858
11
0.927578031496063
21
0.1462185039370079
0
LINE
8
BLACK
6
CONTINUOUS
10
0.927578031496063
20
0.1462185039370079
11
0.9243399606299212
21
0.1458946850393701
0
LINE
8
BLACK
6
CONTINUOUS
10
0.9243399606299212
20
0.1458946850393701
11
0.9243399606299212
21
0.1384594881889764
0
LINE
8
BLACK
6
CONTINUOUS
10
0.9243399606299212
20
0.1384594881889764
11
0.9241762992125984
21
0.1376367322834646
0
LINE
8
BLACK
6
CONTINUOUS
10
0.9241762992125984
20
0.1376367322834646
11
0.923012716535433
21
0.1364731496062992
0
LINE
8
BLACK
6
CONTINUOUS
10
0.923012716535433
20
0.1364731496062992
11
0.9213672047244095
21
0.1364731496062992
0
LINE
8
BLACK
6
CONTINUOUS
10
0.9213672047244095
20
0.1364731496062992
11
0.920203622047244
21
0.1376367322834646
0
LINE
8
BLACK
6
CONTINUOUS
10
0.920203622047244
20
0.1376367322834646
11
0.9200399606299212
21
0.1384594881889764
0
LINE
8
BLACK
6
CONTINUOUS
10
0.9200399606299212
20
0.1384594881889764
11
0.9200399606299212
21
0.1478404330708661
0
LINE
8
BLACK
6
CONTINUOUS
10
0.9200399606299212
20
0.1478404330708661
11
0.9201422440944882
21
0.1483548031496063
0
LINE
8
BLACK
6
CONTINUOUS
10
0.9201422440944882
20
0.1483548031496063
11
0.9201316141732283
21
0.1484614566929134
0
LINE
8
BLACK
6
CONTINUOUS
10
0.9201316141732283
20
0.1484614566929134
11
0.9201737007874016
21
0.1485129133858268
0
LINE
8
BLACK
6
CONTINUOUS
10
0.9201737007874016
20
0.1485129133858268
11
0.920203622047244
21
0.148663188976378
0
LINE
8
BLACK
6
CONTINUOUS
10
0.920203622047244
20
0.148663188976378
11
0.9207153149606299
21
0.1491748818897638
0
LINE
8
BLACK
6
CONTINUOUS
10
0.9207153149606299
20
0.1491748818897638
11
0.9211736220472441
21
0.1497350393700787
0
LINE
8
BLACK
6
CONTINUOUS
10
0.9211736220472441
20
0.1497350393700787
11
0.9213201574803149
21
0.1497797244094488
0
LINE
8
BLACK
6
CONTINUOUS
10
0.9213201574803149
20
0.1497797244094488
11
0.9213672047244095
21
0.1498267716535433
0
LINE
8
BLACK
6
CONTINUOUS
10
0.9213672047244095
20
0.1498267716535433
11
0.9214744094488189
21
0.1498267716535433
0
LINE
8
BLACK
6
CONTINUOUS
10
0.9214744094488189
20
0.1498267716535433
11
0.9219760236220472
21
0.1499797637795275
0
LINE
8
BLACK
6
CONTINUOUS
10
0.9219760236220472
20
0.1499797637795275
11
0.931356968503937
21
0.150917874015748
0
LINE
8
BLACK
6
CONTINUOUS
10
0.931356968503937
20
0.150917874015748
11
0.9321918897637795
21
0.1508368897637795
0
LINE
8
BLACK
6
CONTINUOUS
10
0.835712716535433
20
0.1645267716535433
11
0.8368762992125984
21
0.1633631889763779
0
LINE
8
BLACK
6
CONTINUOUS
10
0.8368762992125984
20
0.1633631889763779
11
0.8368762992125984
21
0.1617176771653543
0
LINE
8
BLACK
6
CONTINUOUS
10
0.8368762992125984
20
0.1617176771653543
11
0.835712716535433
21
0.160554094488189
0
LINE
8
BLACK
6
CONTINUOUS
10
0.835712716535433
20
0.160554094488189
11
0.8348899606299213
21
0.1603904330708661
0
LINE
8
BLACK
6
CONTINUOUS
10
0.8348899606299213
20
0.1603904330708661
11
0.8276590157480315
21
0.1603904330708661
0
LINE
8
BLACK
6
CONTINUOUS
10
0.8276590157480315
20
0.1603904330708661
11
0.8276590157480315
21
0.1589693307086614
0
LINE
8
BLACK
6
CONTINUOUS
10
0.8276590157480315
20
0.1589693307086614
11
0.8361229133858268
21
0.1530446456692913
0
LINE
8
BLACK
6
CONTINUOUS
10
0.8361229133858268
20
0.1530446456692913
11
0.8367030708661417
21
0.1524387401574803
0
LINE
8
BLACK
6
CONTINUOUS
10
0.8367030708661417
20
0.1524387401574803
11
0.8369890551181102
21
0.1508182283464567
0
LINE
8
BLACK
6
CONTINUOUS
10
0.8369890551181102
20
0.1508182283464567
11
0.8360454330708661
21
0.1494701968503937
0
LINE
8
BLACK
6
CONTINUOUS
10
0.8360454330708661
20
0.1494701968503937
11
0.8344249212598425
21
0.1491842125984252
0
LINE
8
BLACK
6
CONTINUOUS
10
0.8344249212598425
20
0.1491842125984252
11
0.8336570078740158
21
0.149521968503937
0
LINE
8
BLACK
6
CONTINUOUS
10
0.8336570078740158
20
0.149521968503937
11
0.8273598818897637
21
0.1539299212598425
0
LINE
8
BLACK
6
CONTINUOUS
10
0.8273598818897637
20
0.1539299212598425
11
0.8264938976377952
21
0.1521979527559055
0
LINE
8
BLACK
6
CONTINUOUS
10
0.8264938976377952
20
0.1521979527559055
11
0.8262826377952756
21
0.1519257480314961
0
LINE
8
BLACK
6
CONTINUOUS
10
0.8262826377952756
20
0.1519257480314961
11
0.8260911811023622
21
0.1516392125984252
0
LINE
8
BLACK
6
CONTINUOUS
10
0.8260911811023622
20
0.1516392125984252
11
0.8251531102362204
21
0.1507011417322835
0
LINE
8
BLACK
6
CONTINUOUS
10
0.8251531102362204
20
0.1507011417322835
11
0.8248665748031496
21
0.1505096850393701
0
LINE
8
BLACK
6
CONTINUOUS
10
0.8248665748031496
20
0.1505096850393701
11
0.8245943307086614
21
0.1502983858267717
0
LINE
8
BLACK
6
CONTINUOUS
10
0.8245943307086614
20
0.1502983858267717
11
0.8227181102362204
21
0.1493602755905512
0
LINE
8
BLACK
6
CONTINUOUS
10
0.8227181102362204
20
0.1493602755905512
11
0.8226142125984252
21
0.1493318110236221
0
LINE
8
BLACK
6
CONTINUOUS
10
0.8226142125984252
20
0.1493318110236221
11
0.8225793700787402
21
0.149296968503937
0
LINE
8
BLACK
6
CONTINUOUS
10
0.8225793700787402
20
0.149296968503937
11
0.8222413385826771
21
0.1492297244094488
0
LINE
8
BLACK
6
CONTINUOUS
10
0.8222413385826771
20
0.1492297244094488
11
0.8219090551181102
21
0.1491387401574803
0
LINE
8
BLACK
6
CONTINUOUS
10
0.8219090551181102
20
0.1491387401574803
11
0.8218622834645669
21
0.1491542913385827
0
LINE
8
BLACK
6
CONTINUOUS
10
0.8218622834645669
20
0.1491542913385827
11
0.8217566141732283
21
0.1491333070866142
0
LINE
8
BLACK
6
CONTINUOUS
10
0.8217566141732283
20
0.1491333070866142
11
0.8189423622047244
21
0.1491333070866142
0
LINE
8
BLACK
6
CONTINUOUS
10
0.8189423622047244
20
0.1491333070866142
11
0.818836653543307
21
0.1491542913385827
0
LINE
8
BLACK
6
CONTINUOUS
10
0.818836653543307
20
0.1491542913385827
11
0.8187899212598425
21
0.1491387401574803
0
LINE
8
BLACK
6
CONTINUOUS
10
0.8187899212598425
20
0.1491387401574803
11
0.8184575984251968
21
0.1492297244094488
0
LINE
8
BLACK
6
CONTINUOUS
10
0.8184575984251968
20
0.1492297244094488
11
0.8181196062992125
21
0.149296968503937
0
LINE
8
BLACK
6
CONTINUOUS
10
0.8181196062992125
20
0.149296968503937
11
0.8180847244094488
21
0.1493318110236221
0
LINE
8
BLACK
6
CONTINUOUS
10
0.8180847244094488
20
0.1493318110236221
11
0.8179808661417323
21
0.1493602755905512
0
LINE
8
BLACK
6
CONTINUOUS
10
0.8179808661417323
20
0.1493602755905512
11
0.8161046456692913
21
0.1502983858267717
0
LINE
8
BLACK
6
CONTINUOUS
10
0.8161046456692913
20
0.1502983858267717
11
0.8158322047244094
21
0.1505098031496063
0
LINE
8
BLACK
6
CONTINUOUS
10
0.8158322047244094
20
0.1505098031496063
11
0.8155458661417323
21
0.1507011417322835
0
LINE
8
BLACK
6
CONTINUOUS
10
0.8155458661417323
20
0.1507011417322835
11
0.8146077952755906
21
0.1516392125984252
0
LINE
8
BLACK
6
CONTINUOUS
10
0.8146077952755906
20
0.1516392125984252
11
0.8144163385826771
21
0.1519256692913386
0
LINE
8
BLACK
6
CONTINUOUS
10
0.8144163385826771
20
0.1519256692913386
11
0.8142050393700787
21
0.1521979527559055
0
LINE
8
BLACK
6
CONTINUOUS
10
0.8142050393700787
20
0.1521979527559055
11
0.813266968503937
21
0.1540741338582677
0
LINE
8
BLACK
6
CONTINUOUS
10
0.813266968503937
20
0.1540741338582677
11
0.8132385039370078
21
0.1541779921259842
0
LINE
8
BLACK
6
CONTINUOUS
10
0.8132385039370078
20
0.1541779921259842
11
0.8132036220472441
21
0.1542129133858268
0
LINE
8
BLACK
6
CONTINUOUS
10
0.8132036220472441
20
0.1542129133858268
11
0.8131363385826772
21
0.154551062992126
0
LINE
8
BLACK
6
CONTINUOUS
10
0.8131363385826772
20
0.154551062992126
11
0.8130453937007874
21
0.1548832283464567
0
LINE
8
BLACK
6
CONTINUOUS
10
0.8130453937007874
20
0.1548832283464567
11
0.8130609448818897
21
0.1549299606299213
0
LINE
8
BLACK
6
CONTINUOUS
10
0.8130609448818897
20
0.1549299606299213
11
0.8130399606299212
21
0.1550356692913386
0
LINE
8
BLACK
6
CONTINUOUS
10
0.8130399606299212
20
0.1550356692913386
11
0.8130399606299212
21
0.1625404330708661
0
LINE
8
BLACK
6
CONTINUOUS
10
0.8130399606299212
20
0.1625404330708661
11
0.8132036220472441
21
0.1633631889763779
0
LINE
8
BLACK
6
CONTINUOUS
10
0.8132036220472441
20
0.1633631889763779
11
0.8143672047244094
21
0.1645267716535433
0
LINE
8
BLACK
6
CONTINUOUS
10
0.8143672047244094
20
0.1645267716535433
11
0.8151899606299212
21
0.1646904330708661
0
LINE
8
BLACK
6
CONTINUOUS
10
0.8151899606299212
20
0.1646904330708661
11
0.8348899606299213
21
0.1646904330708661
0
LINE
8
BLACK
6
CONTINUOUS
10
0.8348899606299213
20
0.1646904330708661
11
0.835712716535433
21
0.1645267716535433
0
LINE
8
BLACK
6
CONTINUOUS
10
0.8173399606299212
20
0.1555431889763779
11
0.8178949999999999
21
0.1544330708661417
0
LINE
8
BLACK
6
CONTINUOUS
10
0.8178949999999999
20
0.1544330708661417
11
0.81833968503937
21
0.1539884251968504
0
LINE
8
BLACK
6
CONTINUOUS
10
0.81833968503937
20
0.1539884251968504
11
0.8194499212598425
21
0.1534333070866142
0
LINE
8
BLACK
6
CONTINUOUS
10
0.8194499212598425
20
0.1534333070866142
11
0.8212490551181102
21
0.1534333070866142
0
LINE
8
BLACK
6
CONTINUOUS
10
0.8212490551181102
20
0.1534333070866142
11
0.8223592913385827
21
0.1539884251968504
0
LINE
8
BLACK
6
CONTINUOUS
10
0.8223592913385827
20
0.1539884251968504
11
0.8228038976377953
21
0.154433031496063
0
LINE
8
BLACK
6
CONTINUOUS
10
0.8228038976377953
20
0.154433031496063
11
0.8233590157480315
21
0.1555432283464567
0
LINE
8
BLACK
6
CONTINUOUS
10
0.8233590157480315
20
0.1555432283464567
11
0.8233590157480315
21
0.1603904330708661
0
LINE
8
BLACK
6
CONTINUOUS
10
0.8233590157480315
20
0.1603904330708661
11
0.8173399606299212
21
0.1603904330708661
0
LINE
8
BLACK
6
CONTINUOUS
10
0.8173399606299212
20
0.1603904330708661
11
0.8173399606299212
21
0.1555431889763779
0
LINE
8
BLACK
6
CONTINUOUS
10
0.636712716535433
20
0.1655267716535433
11
0.6378762992125984
21
0.1643631889763779
0
LINE
8
BLACK
6
CONTINUOUS
10
0.6378762992125984
20
0.1643631889763779
11
0.6378762992125984
21
0.1627176771653543
0
LINE
8
BLACK
6
CONTINUOUS
10
0.6378762992125984
20
0.1627176771653543
11
0.636712716535433
21
0.161554094488189
0
LINE
8
BLACK
6
CONTINUOUS
10
0.636712716535433
20
0.161554094488189
11
0.6358899606299212
21
0.1613904330708661
0
LINE
8
BLACK
6
CONTINUOUS
10
0.6358899606299212
20
0.1613904330708661
11
0.6286590157480315
21
0.1613904330708661
0
LINE
8
BLACK
6
CONTINUOUS
10
0.6286590157480315
20
0.1613904330708661
11
0.6286590157480315
21
0.1599693307086614
0
LINE
8
BLACK
6
CONTINUOUS
10
0.6286590157480315
20
0.1599693307086614
11
0.6371229133858267
21
0.1540446456692913
0
LINE
8
BLACK
6
CONTINUOUS
10
0.6371229133858267
20
0.1540446456692913
11
0.6377030708661418
21
0.1534387401574803
0
LINE
8
BLACK
6
CONTINUOUS
10
0.6377030708661418
20
0.1534387401574803
11
0.6379890551181102
21
0.1518182283464567
0
LINE
8
BLACK
6
CONTINUOUS
10
0.6379890551181102
20
0.1518182283464567
11
0.6370454330708661
21
0.1504701968503937
0
LINE
8
BLACK
6
CONTINUOUS
10
0.6370454330708661
20
0.1504701968503937
11
0.6354249212598425
21
0.1501842125984252
0
LINE
8
BLACK
6
CONTINUOUS
10
0.6354249212598425
20
0.1501842125984252
11
0.6346570078740157
21
0.150521968503937
0
LINE
8
BLACK
6
CONTINUOUS
10
0.6346570078740157
20
0.150521968503937
11
0.6283598818897638
21
0.1549299212598425
0
LINE
8
BLACK
6
CONTINUOUS
10
0.6283598818897638
20
0.1549299212598425
11
0.6274938976377953
21
0.1531979527559055
0
LINE
8
BLACK
6
CONTINUOUS
10
0.6274938976377953
20
0.1531979527559055
11
0.6272826377952756
21
0.1529257480314961
0
LINE
8
BLACK
6
CONTINUOUS
10
0.6272826377952756
20
0.1529257480314961
11
0.6270911811023622
21
0.1526392125984252
0
LINE
8
BLACK
6
CONTINUOUS
10
0.6270911811023622
20
0.1526392125984252
11
0.6261531102362204
21
0.1517011417322835
0
LINE
8
BLACK
6
CONTINUOUS
10
0.6261531102362204
20
0.1517011417322835
11
0.6258665748031496
21
0.1515096850393701
0
LINE
8
BLACK
6
CONTINUOUS
10
0.6258665748031496
20
0.1515096850393701
11
0.6255943307086614
21
0.1512983858267717
0
LINE
8
BLACK
6
CONTINUOUS
10
0.6255943307086614
20
0.1512983858267717
11
0.6237181102362205
21
0.1503602755905512
0
LINE
8
BLACK
6
CONTINUOUS
10
0.6237181102362205
20
0.1503602755905512
11
0.6236142125984252
21
0.150331811023622
0
LINE
8
BLACK
6
CONTINUOUS
10
0.6236142125984252
20
0.150331811023622
11
0.6235793700787401
21
0.150296968503937
0
LINE
8
BLACK
6
CONTINUOUS
10
0.6235793700787401
20
0.150296968503937
11
0.6232413385826772
21
0.1502297244094488
0
LINE
8
BLACK
6
CONTINUOUS
10
0.6232413385826772
20
0.1502297244094488
11
0.6229090551181102
21
0.1501387401574803
0
LINE
8
BLACK
6
CONTINUOUS
10
0.6229090551181102
20
0.1501387401574803
11
0.622862283464567
21
0.1501542913385827
0
LINE
8
BLACK
6
CONTINUOUS
10
0.622862283464567
20
0.1501542913385827
11
0.6227566141732284
21
0.1501333070866142
0
LINE
8
BLACK
6
CONTINUOUS
10
0.6227566141732284
20
0.1501333070866142
11
0.6199423622047244
21
0.1501333070866142
0
LINE
8
BLACK
6
CONTINUOUS
10
0.6199423622047244
20
0.1501333070866142
11
0.6198366535433071
21
0.1501542913385827
0
LINE
8
BLACK
6
CONTINUOUS
10
0.6198366535433071
20
0.1501542913385827
11
0.6197899212598426
21
0.1501387401574803
0
LINE
8
BLACK
6
CONTINUOUS
10
0.6197899212598426
20
0.1501387401574803
11
0.6194575984251969
21
0.1502297244094488
0
LINE
8
BLACK
6
CONTINUOUS
10
0.6194575984251969
20
0.1502297244094488
11
0.6191196062992126
21
0.150296968503937
0
LINE
8
BLACK
6
CONTINUOUS
10
0.6191196062992126
20
0.150296968503937
11
0.6190847244094488
21
0.150331811023622
0
LINE
8
BLACK
6
CONTINUOUS
10
0.6190847244094488
20
0.150331811023622
11
0.6189808661417323
21
0.1503602755905512
0
LINE
8
BLACK
6
CONTINUOUS
10
0.6189808661417323
20
0.1503602755905512
11
0.6171046456692914
21
0.1512983858267717
0
LINE
8
BLACK
6
CONTINUOUS
10
0.6171046456692914
20
0.1512983858267717
11
0.6168322047244095
21
0.1515098031496063
0
LINE
8
BLACK
6
CONTINUOUS
10
0.6168322047244095
20
0.1515098031496063
11
0.6165458661417322
21
0.1517011417322835
0
LINE
8
BLACK
6
CONTINUOUS
10
0.6165458661417322
20
0.1517011417322835
11
0.6156077952755905
21
0.1526392125984252
0
LINE
8
BLACK
6
CONTINUOUS
10
0.6156077952755905
20
0.1526392125984252
11
0.6154163385826772
21
0.1529256692913386
0
LINE
8
BLACK
6
CONTINUOUS
10
0.6154163385826772
20
0.1529256692913386
11
0.6152050393700788
21
0.1531979527559055
0
LINE
8
BLACK
6
CONTINUOUS
10
0.6152050393700788
20
0.1531979527559055
11
0.614266968503937
21
0.1550741338582677
0
LINE
8
BLACK
6
CONTINUOUS
10
0.614266968503937
20
0.1550741338582677
11
0.6142385039370079
21
0.1551779921259842
0
LINE
8
BLACK
6
CONTINUOUS
10
0.6142385039370079
20
0.1551779921259842
11
0.6142036220472441
21
0.1552129133858268
0
LINE
8
BLACK
6
CONTINUOUS
10
0.6142036220472441
20
0.1552129133858268
11
0.6141363385826771
21
0.155551062992126
0
LINE
8
BLACK
6
CONTINUOUS
10
0.6141363385826771
20
0.155551062992126
11
0.6140453937007874
21
0.1558832283464567
0
LINE
8
BLACK
6
CONTINUOUS
10
0.6140453937007874
20
0.1558832283464567
11
0.6140609448818898
21
0.1559299606299213
0
LINE
8
BLACK
6
CONTINUOUS
10
0.6140609448818898
20
0.1559299606299213
11
0.6140399606299213
21
0.1560356692913386
0
LINE
8
BLACK
6
CONTINUOUS
10
0.6140399606299213
20
0.1560356692913386
11
0.6140399606299213
21
0.1635404330708661
0
LINE
8
BLACK
6
CONTINUOUS
10
0.6140399606299213
20
0.1635404330708661
11
0.6142036220472441
21
0.1643631889763779
0
LINE
8
BLACK
6
CONTINUOUS
10
0.6142036220472441
20
0.1643631889763779
11
0.6153672047244094
21
0.1655267716535433
0
LINE
8
BLACK
6
CONTINUOUS
10
0.6153672047244094
20
0.1655267716535433
11
0.6161899606299213
21
0.1656904330708661
0
LINE
8
BLACK
6
CONTINUOUS
10
0.6161899606299213
20
0.1656904330708661
11
0.6358899606299212
21
0.1656904330708661
0
LINE
8
BLACK
6
CONTINUOUS
10
0.6358899606299212
20
0.1656904330708661
11
0.636712716535433
21
0.1655267716535433
0
LINE
8
BLACK
6
CONTINUOUS
10
0.6183399606299212
20
0.156543188976378
11
0.618895
21
0.1554330708661417
0
LINE
8
BLACK
6
CONTINUOUS
10
0.618895
20
0.1554330708661417
11
0.6193396850393701
21
0.1549884251968504
0
LINE
8
BLACK
6
CONTINUOUS
10
0.6193396850393701
20
0.1549884251968504
11
0.6204499212598426
21
0.1544333070866142
0
LINE
8
BLACK
6
CONTINUOUS
10
0.6204499212598426
20
0.1544333070866142
11
0.6222490551181102
21
0.1544333070866142
0
LINE
8
BLACK
6
CONTINUOUS
10
0.6222490551181102
20
0.1544333070866142
11
0.6233592913385827
21
0.1549884251968504
0
LINE
8
BLACK
6
CONTINUOUS
10
0.6233592913385827
20
0.1549884251968504
11
0.6238038976377953
21
0.155433031496063
0
LINE
8
BLACK
6
CONTINUOUS
10
0.6238038976377953
20
0.155433031496063
11
0.6243590157480314
21
0.1565432283464567
0
LINE
8
BLACK
6
CONTINUOUS
10
0.6243590157480314
20
0.1565432283464567
11
0.6243590157480314
21
0.1613904330708661
0
LINE
8
BLACK
6
CONTINUOUS
10
0.6243590157480314
20
0.1613904330708661
11
0.6183399606299212
21
0.1613904330708661
0
LINE
8
BLACK
6
CONTINUOUS
10
0.6183399606299212
20
0.1613904330708661
11
0.6183399606299212
21
0.156543188976378
0
LINE
8
BLACK
6
CONTINUOUS
10
0.9427127165354331
20
0.1695267716535433
11
0.9438762992125984
21
0.1683631889763779
0
LINE
8
BLACK
6
CONTINUOUS
10
0.9438762992125984
20
0.1683631889763779
11
0.9438762992125984
21
0.1667176771653543
0
LINE
8
BLACK
6
CONTINUOUS
10
0.9438762992125984
20
0.1667176771653543
11
0.9427127165354331
21
0.165554094488189
0
LINE
8
BLACK
6
CONTINUOUS
10
0.9427127165354331
20
0.165554094488189
11
0.9418899606299213
21
0.1653904330708661
0
LINE
8
BLACK
6
CONTINUOUS
10
0.9418899606299213
20
0.1653904330708661
11
0.9346590157480315
21
0.1653904330708661
0
LINE
8
BLACK
6
CONTINUOUS
10
0.9346590157480315
20
0.1653904330708661
11
0.9346590157480315
21
0.1639693307086614
0
LINE
8
BLACK
6
CONTINUOUS
10
0.9346590157480315
20
0.1639693307086614
11
0.9431229133858268
21
0.1580446456692913
0
LINE
8
BLACK
6
CONTINUOUS
10
0.9431229133858268
20
0.1580446456692913
11
0.9437030708661417
21
0.1574387401574803
0
LINE
8
BLACK
6
CONTINUOUS
10
0.9437030708661417
20
0.1574387401574803
11
0.9439890551181103
21
0.1558182283464567
0
LINE
8
BLACK
6
CONTINUOUS
10
0.9439890551181103
20
0.1558182283464567
11
0.9430454330708661
21
0.1544701968503937
0
LINE
8
BLACK
6
CONTINUOUS
10
0.9430454330708661
20
0.1544701968503937
11
0.9414249212598425
21
0.1541842125984252
0
LINE
8
BLACK
6
CONTINUOUS
10
0.9414249212598425
20
0.1541842125984252
11
0.9406570078740157
21
0.154521968503937
0
LINE
8
BLACK
6
CONTINUOUS
10
0.9406570078740157
20
0.154521968503937
11
0.9343598818897637
21
0.1589299212598425
0
LINE
8
BLACK
6
CONTINUOUS
10
0.9343598818897637
20
0.1589299212598425
11
0.9334938976377952
21
0.1571979527559055
0
LINE
8
BLACK
6
CONTINUOUS
10
0.9334938976377952
20
0.1571979527559055
11
0.9332826377952755
21
0.1569257480314961
0
LINE
8
BLACK
6
CONTINUOUS
10
0.9332826377952755
20
0.1569257480314961
11
0.9330911811023622
21
0.1566392125984252
0
LINE
8
BLACK
6
CONTINUOUS
10
0.9330911811023622
20
0.1566392125984252
11
0.9321531102362205
21
0.1557011417322835
0
LINE
8
BLACK
6
CONTINUOUS
10
0.9321531102362205
20
0.1557011417322835
11
0.9318665748031496
21
0.1555096850393701
0
LINE
8
BLACK
6
CONTINUOUS
10
0.9318665748031496
20
0.1555096850393701
11
0.9315943307086614
21
0.1552983858267717
0
LINE
8
BLACK
6
CONTINUOUS
10
0.9315943307086614
20
0.1552983858267717
11
0.9297181102362204
21
0.1543602755905512
0
LINE
8
BLACK
6
CONTINUOUS
10
0.9297181102362204
20
0.1543602755905512
11
0.9296142125984251
21
0.154331811023622
0
LINE
8
BLACK
6
CONTINUOUS
10
0.9296142125984251
20
0.154331811023622
11
0.9295793700787401
21
0.154296968503937
0
LINE
8
BLACK
6
CONTINUOUS
10
0.9295793700787401
20
0.154296968503937
11
0.9292413385826771
21
0.1542297244094488
0
LINE
8
BLACK
6
CONTINUOUS
10
0.9292413385826771
20
0.1542297244094488
11
0.9289090551181102
21
0.1541387401574803
0
LINE
8
BLACK
6
CONTINUOUS
10
0.9289090551181102
20
0.1541387401574803
11
0.9288622834645669
21
0.1541542913385827
0
LINE
8
BLACK
6
CONTINUOUS
10
0.9288622834645669
20
0.1541542913385827
11
0.9287566141732283
21
0.1541333070866142
0
LINE
8
BLACK
6
CONTINUOUS
10
0.9287566141732283
20
0.1541333070866142
11
0.9259423622047244
21
0.1541333070866142
0
LINE
8
BLACK
6
CONTINUOUS
10
0.9259423622047244
20
0.1541333070866142
11
0.925836653543307
21
0.1541542913385827
0
LINE
8
BLACK
6
CONTINUOUS
10
0.925836653543307
20
0.1541542913385827
11
0.9257899212598425
21
0.1541387401574803
0
LINE
8
BLACK
6
CONTINUOUS
10
0.9257899212598425
20
0.1541387401574803
11
0.9254575984251968
21
0.1542297244094488
0
LINE
8
BLACK
6
CONTINUOUS
10
0.9254575984251968
20
0.1542297244094488
11
0.9251196062992125
21
0.154296968503937
0
LINE
8
BLACK
6
CONTINUOUS
10
0.9251196062992125
20
0.154296968503937
11
0.9250847244094488
21
0.154331811023622
0
LINE
8
BLACK
6
CONTINUOUS
10
0.9250847244094488
20
0.154331811023622
11
0.9249808661417322
21
0.1543602755905512
0
LINE
8
BLACK
6
CONTINUOUS
10
0.9249808661417322
20
0.1543602755905512
11
0.9231046456692913
21
0.1552983858267717
0
LINE
8
BLACK
6
CONTINUOUS
10
0.9231046456692913
20
0.1552983858267717
11
0.9228322047244094
21
0.1555098031496063
0
LINE
8
BLACK
6
CONTINUOUS
10
0.9228322047244094
20
0.1555098031496063
11
0.9225458661417323
21
0.1557011417322835
0
LINE
8
BLACK
6
CONTINUOUS
10
0.9225458661417323
20
0.1557011417322835
11
0.9216077952755906
21
0.1566392125984252
0
LINE
8
BLACK
6
CONTINUOUS
10
0.9216077952755906
20
0.1566392125984252
11
0.9214163385826771
21
0.1569256692913386
0
LINE
8
BLACK
6
CONTINUOUS
10
0.9214163385826771
20
0.1569256692913386
11
0.9212050393700787
21
0.1571979527559055
0
LINE
8
BLACK
6
CONTINUOUS
10
0.9212050393700787
20
0.1571979527559055
11
0.920266968503937
21
0.1590741338582677
0
LINE
8
BLACK
6
CONTINUOUS
10
0.920266968503937
20
0.1590741338582677
11
0.9202385039370079
21
0.1591779921259842
0
LINE
8
BLACK
6
CONTINUOUS
10
0.9202385039370079
20
0.1591779921259842
11
0.920203622047244
21
0.1592129133858268
0
LINE
8
BLACK
6
CONTINUOUS
10
0.920203622047244
20
0.1592129133858268
11
0.9201363385826772
21
0.159551062992126
0
LINE
8
BLACK
6
CONTINUOUS
10
0.9201363385826772
20
0.159551062992126
11
0.9200453937007874
21
0.1598832283464567
0
LINE
8
BLACK
6
CONTINUOUS
10
0.9200453937007874
20
0.1598832283464567
11
0.9200609448818897
21
0.1599299606299213
0
LINE
8
BLACK
6
CONTINUOUS
10
0.9200609448818897
20
0.1599299606299213
11
0.9200399606299212
21
0.1600356692913386
0
LINE
8
BLACK
6
CONTINUOUS
10
0.9200399606299212
20
0.1600356692913386
11
0.9200399606299212
21
0.1675404330708661
0
LINE
8
BLACK
6
CONTINUOUS
10
0.9200399606299212
20
0.1675404330708661
11
0.920203622047244
21
0.1683631889763779
0
LINE
8
BLACK
6
CONTINUOUS
10
0.920203622047244
20
0.1683631889763779
11
0.9213672047244095
21
0.1695267716535433
0
LINE
8
BLACK
6
CONTINUOUS
10
0.9213672047244095
20
0.1695267716535433
11
0.9221899606299212
21
0.1696904330708661
0
LINE
8
BLACK
6
CONTINUOUS
10
0.9221899606299212
20
0.1696904330708661
11
0.9418899606299213
21
0.1696904330708661
0
LINE
8
BLACK
6
CONTINUOUS
10
0.9418899606299213
20
0.1696904330708661
11
0.9427127165354331
21
0.1695267716535433
0
LINE
8
BLACK
6
CONTINUOUS
10
0.9243399606299212
20
0.160543188976378
11
0.924895
21
0.1594330708661417
0
LINE
8
BLACK
6
CONTINUOUS
10
0.924895
20
0.1594330708661417
11
0.92533968503937
21
0.1589884251968504
0
LINE
8
BLACK
6
CONTINUOUS
10
0.92533968503937
20
0.1589884251968504
11
0.9264499212598425
21
0.1584333070866142
0
LINE
8
BLACK
6
CONTINUOUS
10
0.9264499212598425
20
0.1584333070866142
11
0.9282490551181102
21
0.1584333070866142
0
LINE
8
BLACK
6
CONTINUOUS
10
0.9282490551181102
20
0.1584333070866142
11
0.9293592913385826
21
0.1589884251968504
0
LINE
8
BLACK
6
CONTINUOUS
10
0.9293592913385826
20
0.1589884251968504
11
0.9298038976377953
21
0.159433031496063
0
LINE
8
BLACK
6
CONTINUOUS
10
0.9298038976377953
20
0.159433031496063
11
0.9303590157480315
21
0.1605432283464567
0
LINE
8
BLACK
6
CONTINUOUS
10
0.9303590157480315
20
0.1605432283464567
11
0.9303590157480315
21
0.1653904330708661
0
LINE
8
BLACK
6
CONTINUOUS
10
0.9303590157480315
20
0.1653904330708661
11
0.9243399606299212
21
0.1653904330708661
0
LINE
8
BLACK
6
CONTINUOUS
10
0.9243399606299212
20
0.1653904330708661
11
0.9243399606299212
21
0.160543188976378
0
LINE
8
BLACK
6
CONTINUOUS
10
0.4041404724409449
20
0.2049551181102362
11
0.4049551181102362
21
0.2041404724409449
0
LINE
8
BLACK
6
CONTINUOUS
10
0.4049551181102362
20
0.2041404724409449
11
0.4053960236220472
21
0.203076062992126
0
LINE
8
BLACK
6
CONTINUOUS
10
0.4053960236220472
20
0.203076062992126
11
0.4054527559055118
21
0.2025
0
LINE
8
BLACK
6
CONTINUOUS
10
0.4054527559055118
20
0.2025
11
0.4054527559055118
21
0.1654527559055118
0
LINE
8
BLACK
6
CONTINUOUS
10
0.4054527559055118
20
0.1654527559055118
11
0.4595472440944882
21
0.1654527559055118
0
LINE
8
BLACK
6
CONTINUOUS
10
0.4595472440944882
20
0.1654527559055118
11
0.4595472440944882
21
0.2025
0
LINE
8
BLACK
6
CONTINUOUS
10
0.4595472440944882
20
0.2025
11
0.4596039763779527
21
0.203076062992126
0
LINE
8
BLACK
6
CONTINUOUS
10
0.4596039763779527
20
0.203076062992126
11
0.4600448818897638
21
0.2041404724409449
0
LINE
8
BLACK
6
CONTINUOUS
10
0.4600448818897638
20
0.2041404724409449
11
0.4608595275590551
21
0.2049551181102362
0
LINE
8
BLACK
6
CONTINUOUS
10
0.4608595275590551
20
0.2049551181102362
11
0.461923937007874
21
0.2053960236220472
0
LINE
8
BLACK
6
CONTINUOUS
10
0.461923937007874
20
0.2053960236220472
11
0.4630760629921259
21
0.2053960236220472
0
LINE
8
BLACK
6
CONTINUOUS
10
0.4630760629921259
20
0.2053960236220472
11
0.4641404724409449
21
0.2049551181102362
0
LINE
8
BLACK
6
CONTINUOUS
10
0.4641404724409449
20
0.2049551181102362
11
0.4649551181102362
21
0.2041404724409449
0
LINE
8
BLACK
6
CONTINUOUS
10
0.4649551181102362
20
0.2041404724409449
11
0.4653960236220472
21
0.203076062992126
0
LINE
8
BLACK
6
CONTINUOUS
10
0.4653960236220472
20
0.203076062992126
11
0.4654527559055118
21
0.2025
0
LINE
8
BLACK
6
CONTINUOUS
10
0.4654527559055118
20
0.2025
11
0.4654527559055118
21
0.1625
0
LINE
8
BLACK
6
CONTINUOUS
10
0.4654527559055118
20
0.1625
11
0.4653960236220472
21
0.161923937007874
0
LINE
8
BLACK
6
CONTINUOUS
10
0.4653960236220472
20
0.161923937007874
11
0.4649551181102362
21
0.1608595275590551
0
LINE
8
BLACK
6
CONTINUOUS
10
0.4649551181102362
20
0.1608595275590551
11
0.4641404724409449
21
0.1600448818897638
0
LINE
8
BLACK
6
CONTINUOUS
10
0.4641404724409449
20
0.1600448818897638
11
0.4630760629921259
21
0.1596039763779528
0
LINE
8
BLACK
6
CONTINUOUS
10
0.4630760629921259
20
0.1596039763779528
11
0.4625
21
0.1595472440944882
0
LINE
8
BLACK
6
CONTINUOUS
10
0.4625
20
0.1595472440944882
11
0.4025
21
0.1595472440944882
0
LINE
8
BLACK
6
CONTINUOUS
10
0.4025
20
0.1595472440944882
11
0.401923937007874
21
0.1596039763779528
0
LINE
8
BLACK
6
CONTINUOUS
10
0.401923937007874
20
0.1596039763779528
11
0.4008595275590551
21
0.1600448818897638
0
LINE
8
BLACK
6
CONTINUOUS
10
0.4008595275590551
20
0.1600448818897638
11
0.4000448818897638
21
0.1608595275590551
0
LINE
8
BLACK
6
CONTINUOUS
10
0.4000448818897638
20
0.1608595275590551
11
0.3996039763779528
21
0.161923937007874
0
LINE
8
BLACK
6
CONTINUOUS
10
0.3996039763779528
20
0.161923937007874
11
0.3995472440944882
21
0.1625
0
LINE
8
BLACK
6
CONTINUOUS
10
0.3995472440944882
20
0.1625
11
0.3995472440944882
21
0.2025
0
LINE
8
BLACK
6
CONTINUOUS
10
0.3995472440944882
20
0.2025
11
0.3996039763779528
21
0.203076062992126
0
LINE
8
BLACK
6
CONTINUOUS
10
0.3996039763779528
20
0.203076062992126
11
0.4000448818897638
21
0.2041404724409449
0
LINE
8
BLACK
6
CONTINUOUS
10
0.4000448818897638
20
0.2041404724409449
11
0.4008595275590551
21
0.2049551181102362
0
LINE
8
BLACK
6
CONTINUOUS
10
0.4008595275590551
20
0.2049551181102362
11
0.401923937007874
21
0.2053960236220472
0
LINE
8
BLACK
6
CONTINUOUS
10
0.401923937007874
20
0.2053960236220472
11
0.4030760629921259
21
0.2053960236220472
0
LINE
8
BLACK
6
CONTINUOUS
10
0.4030760629921259
20
0.2053960236220472
11
0.4041404724409449
21
0.2049551181102362
0
LINE
8
BLACK
6
CONTINUOUS
10
0.4901918897637795
20
0.2258368897637795
11
0.4902798818897638
21
0.225764842519685
0
LINE
8
BLACK
6
CONTINUOUS
10
0.4902798818897638
20
0.225764842519685
11
0.4903936220472441
21
0.2257648818897638
0
LINE
8
BLACK
6
CONTINUOUS
10
0.4903936220472441
20
0.2257648818897638
11
0.4909053149606299
21
0.2252531889763779
0
LINE
8
BLACK
6
CONTINUOUS
10
0.4909053149606299
20
0.2252531889763779
11
0.4914655118110236
21
0.2247948818897638
0
LINE
8
BLACK
6
CONTINUOUS
10
0.4914655118110236
20
0.2247948818897638
11
0.4914768110236221
21
0.2246816929133858
0
LINE
8
BLACK
6
CONTINUOUS
10
0.4914768110236221
20
0.2246816929133858
11
0.4915572047244094
21
0.2246013385826772
0
LINE
8
BLACK
6
CONTINUOUS
10
0.4915572047244094
20
0.2246013385826772
11
0.4915572047244094
21
0.2238777952755905
0
LINE
8
BLACK
6
CONTINUOUS
10
0.4915572047244094
20
0.2238777952755905
11
0.4916292519685039
21
0.2231575196850394
0
LINE
8
BLACK
6
CONTINUOUS
10
0.4916292519685039
20
0.2231575196850394
11
0.4915572047244094
21
0.2230694881889764
0
LINE
8
BLACK
6
CONTINUOUS
10
0.4915572047244094
20
0.2230694881889764
11
0.4915572440944882
21
0.2229557874015748
0
LINE
8
BLACK
6
CONTINUOUS
10
0.4915572440944882
20
0.2229557874015748
11
0.4910912204724409
21
0.2222583070866142
0
LINE
8
BLACK
6
CONTINUOUS
10
0.4910912204724409
20
0.2222583070866142
11
0.4903998031496063
21
0.2215668503937008
0
LINE
8
BLACK
6
CONTINUOUS
10
0.4903998031496063
20
0.2215668503937008
11
0.4898447244094488
21
0.2204566929133858
0
LINE
8
BLACK
6
CONTINUOUS
10
0.4898447244094488
20
0.2204566929133858
11
0.4898447244094488
21
0.2167812992125984
0
LINE
8
BLACK
6
CONTINUOUS
10
0.4898447244094488
20
0.2167812992125984
11
0.4903998031496063
21
0.2156711417322835
0
LINE
8
BLACK
6
CONTINUOUS
10
0.4903998031496063
20
0.2156711417322835
11
0.4908444488188976
21
0.2152264960629921
0
LINE
8
BLACK
6
CONTINUOUS
10
0.4908444488188976
20
0.2152264960629921
11
0.4919546850393701
21
0.2146714173228347
0
LINE
8
BLACK
6
CONTINUOUS
10
0.4919546850393701
20
0.2146714173228347
11
0.4956300393700787
21
0.2146714173228347
0
LINE
8
BLACK
6
CONTINUOUS
10
0.4956300393700787
20
0.2146714173228347
11
0.4967402362204724
21
0.2152264960629921
0
LINE
8
BLACK
6
CONTINUOUS
10
0.4967402362204724
20
0.2152264960629921
11
0.497184842519685
21
0.2156711023622047
0
LINE
8
BLACK
6
CONTINUOUS
10
0.497184842519685
20
0.2156711023622047
11
0.4977399606299213
21
0.2167812992125984
0
LINE
8
BLACK
6
CONTINUOUS
10
0.4977399606299213
20
0.2167812992125984
11
0.4977399606299213
21
0.2204566929133858
0
LINE
8
BLACK
6
CONTINUOUS
10
0.4977399606299213
20
0.2204566929133858
11
0.497184842519685
21
0.2215668897637795
0
LINE
8
BLACK
6
CONTINUOUS
10
0.497184842519685
20
0.2215668897637795
11
0.4964935039370079
21
0.2222582677165354
0
LINE
8
BLACK
6
CONTINUOUS
10
0.4964935039370079
20
0.2222582677165354
11
0.4960274409448819
21
0.2229557480314961
0
LINE
8
BLACK
6
CONTINUOUS
10
0.4960274409448819
20
0.2229557480314961
11
0.4960274409448819
21
0.2246013385826772
0
LINE
8
BLACK
6
CONTINUOUS
10
0.4960274409448819
20
0.2246013385826772
11
0.4971909842519685
21
0.2257648818897638
0
LINE
8
BLACK
6
CONTINUOUS
10
0.4971909842519685
20
0.2257648818897638
11
0.4988365748031496
21
0.2257648818897638
0
LINE
8
BLACK
6
CONTINUOUS
10
0.4988365748031496
20
0.2257648818897638
11
0.4995340551181102
21
0.2252988188976378
0
LINE
8
BLACK
6
CONTINUOUS
10
0.4995340551181102
20
0.2252988188976378
11
0.5004721653543307
21
0.2243607086614173
0
LINE
8
BLACK
6
CONTINUOUS
10
0.5004721653543307
20
0.2243607086614173
11
0.5006635039370079
21
0.2240742913385827
0
LINE
8
BLACK
6
CONTINUOUS
10
0.5006635039370079
20
0.2240742913385827
11
0.5008749212598425
21
0.2238019291338583
0
LINE
8
BLACK
6
CONTINUOUS
10
0.5008749212598425
20
0.2238019291338583
11
0.5018129921259843
21
0.2219257480314961
0
LINE
8
BLACK
6
CONTINUOUS
10
0.5018129921259843
20
0.2219257480314961
11
0.5018414173228346
21
0.2218218503937008
0
LINE
8
BLACK
6
CONTINUOUS
10
0.5018414173228346
20
0.2218218503937008
11
0.5018762992125985
21
0.2217870078740157
0
LINE
8
BLACK
6
CONTINUOUS
10
0.5018762992125985
20
0.2217870078740157
11
0.5019434645669292
21
0.2214492125984252
0
LINE
8
BLACK
6
CONTINUOUS
10
0.5019434645669292
20
0.2214492125984252
11
0.5020345669291338
21
0.2211166535433071
0
LINE
8
BLACK
6
CONTINUOUS
10
0.5020345669291338
20
0.2211166535433071
11
0.502018937007874
21
0.2210698031496063
0
LINE
8
BLACK
6
CONTINUOUS
10
0.502018937007874
20
0.2210698031496063
11
0.5020399606299213
21
0.2209642519685039
0
LINE
8
BLACK
6
CONTINUOUS
10
0.5020399606299213
20
0.2209642519685039
11
0.5020399606299213
21
0.2162737795275591
0
LINE
8
BLACK
6
CONTINUOUS
10
0.5020399606299213
20
0.2162737795275591
11
0.502018937007874
21
0.2161681889763779
0
LINE
8
BLACK
6
CONTINUOUS
10
0.502018937007874
20
0.2161681889763779
11
0.5020345669291338
21
0.2161213779527559
0
LINE
8
BLACK
6
CONTINUOUS
10
0.5020345669291338
20
0.2161213779527559
11
0.5019434645669292
21
0.215788779527559
0
LINE
8
BLACK
6
CONTINUOUS
10
0.5019434645669292
20
0.215788779527559
11
0.5018762992125985
21
0.2154510236220472
0
LINE
8
BLACK
6
CONTINUOUS
10
0.5018762992125985
20
0.2154510236220472
11
0.5018414173228346
21
0.2154161417322835
0
LINE
8
BLACK
6
CONTINUOUS
10
0.5018414173228346
20
0.2154161417322835
11
0.5018129921259843
21
0.2153122834645669
0
LINE
8
BLACK
6
CONTINUOUS
10
0.5018129921259843
20
0.2153122834645669
11
0.5008749212598425
21
0.2134361023622047
0
LINE
8
BLACK
6
CONTINUOUS
10
0.5008749212598425
20
0.2134361023622047
11
0.5006635039370079
21
0.2131637007874016
0
LINE
8
BLACK
6
CONTINUOUS
10
0.5006635039370079
20
0.2131637007874016
11
0.5004721653543307
21
0.2128773228346457
0
LINE
8
BLACK
6
CONTINUOUS
10
0.5004721653543307
20
0.2128773228346457
11
0.4995340551181102
21
0.2119392125984252
0
LINE
8
BLACK
6
CONTINUOUS
10
0.4995340551181102
20
0.2119392125984252
11
0.4992475196850393
21
0.2117477559055118
0
LINE
8
BLACK
6
CONTINUOUS
10
0.4992475196850393
20
0.2117477559055118
11
0.4989752755905512
21
0.2115364566929134
0
LINE
8
BLACK
6
CONTINUOUS
10
0.4989752755905512
20
0.2115364566929134
11
0.497099094488189
21
0.2105983858267717
0
LINE
8
BLACK
6
CONTINUOUS
10
0.497099094488189
20
0.2105983858267717
11
0.4969951968503937
21
0.2105699212598425
0
LINE
8
BLACK
6
CONTINUOUS
10
0.4969951968503937
20
0.2105699212598425
11
0.4969603543307087
21
0.2105350787401575
0
LINE
8
BLACK
6
CONTINUOUS
10
0.4969603543307087
20
0.2105350787401575
11
0.4966222440944882
21
0.2104677952755905
0
LINE
8
BLACK
6
CONTINUOUS
10
0.4966222440944882
20
0.2104677952755905
11
0.49629
21
0.2103768503937008
0
LINE
8
BLACK
6
CONTINUOUS
10
0.49629
20
0.2103768503937008
11
0.4962432283464567
21
0.2103924015748032
0
LINE
8
BLACK
6
CONTINUOUS
10
0.4962432283464567
20
0.2103924015748032
11
0.4961375984251968
21
0.2103714173228347
0
LINE
8
BLACK
6
CONTINUOUS
10
0.4961375984251968
20
0.2103714173228347
11
0.4914471259842519
21
0.2103714173228347
0
LINE
8
BLACK
6
CONTINUOUS
10
0.4914471259842519
20
0.2103714173228347
11
0.4913415354330709
21
0.2103924015748032
0
LINE
8
BLACK
6
CONTINUOUS
10
0.4913415354330709
20
0.2103924015748032
11
0.4912947637795275
21
0.210376811023622
0
LINE
8
BLACK
6
CONTINUOUS
10
0.4912947637795275
20
0.210376811023622
11
0.4909622834645669
21
0.2104678346456693
0
LINE
8
BLACK
6
CONTINUOUS
10
0.4909622834645669
20
0.2104678346456693
11
0.4906243700787402
21
0.2105350787401575
0
LINE
8
BLACK
6
CONTINUOUS
10
0.4906243700787402
20
0.2105350787401575
11
0.4905894881889764
21
0.2105699212598425
0
LINE
8
BLACK
6
CONTINUOUS
10
0.4905894881889764
20
0.2105699212598425
11
0.4904856692913386
21
0.2105983858267717
0
LINE
8
BLACK
6
CONTINUOUS
10
0.4904856692913386
20
0.2105983858267717
11
0.4886094094488189
21
0.2115364566929134
0
LINE
8
BLACK
6
CONTINUOUS
10
0.4886094094488189
20
0.2115364566929134
11
0.4883371259842519
21
0.2117477559055118
0
LINE
8
BLACK
6
CONTINUOUS
10
0.4883371259842519
20
0.2117477559055118
11
0.4880505905511811
21
0.2119392519685039
0
LINE
8
BLACK
6
CONTINUOUS
10
0.4880505905511811
20
0.2119392519685039
11
0.4871125196850394
21
0.2128773622047244
0
LINE
8
BLACK
6
CONTINUOUS
10
0.4871125196850394
20
0.2128773622047244
11
0.4869212204724409
21
0.2131636614173228
0
LINE
8
BLACK
6
CONTINUOUS
10
0.4869212204724409
20
0.2131636614173228
11
0.4867098031496063
21
0.213436062992126
0
LINE
8
BLACK
6
CONTINUOUS
10
0.4867098031496063
20
0.213436062992126
11
0.4857717322834645
21
0.2153122440944882
0
LINE
8
BLACK
6
CONTINUOUS
10
0.4857717322834645
20
0.2153122440944882
11
0.4857432677165354
21
0.2154161023622047
0
LINE
8
BLACK
6
CONTINUOUS
10
0.4857432677165354
20
0.2154161023622047
11
0.4857083858267716
21
0.2154510236220472
0
LINE
8
BLACK
6
CONTINUOUS
10
0.4857083858267716
20
0.2154510236220472
11
0.4856411023622047
21
0.2157891732283465
0
LINE
8
BLACK
6
CONTINUOUS
10
0.4856411023622047
20
0.2157891732283465
11
0.4855501574803149
21
0.2161213385826772
0
LINE
8
BLACK
6
CONTINUOUS
10
0.4855501574803149
20
0.2161213385826772
11
0.4855657086614173
21
0.2161680708661417
0
LINE
8
BLACK
6
CONTINUOUS
10
0.4855657086614173
20
0.2161680708661417
11
0.4855447244094488
21
0.2162737795275591
0
LINE
8
BLACK
6
CONTINUOUS
10
0.4855447244094488
20
0.2162737795275591
11
0.4855447244094488
21
0.2209642519685039
0
LINE
8
BLACK
6
CONTINUOUS
10
0.4855447244094488
20
0.2209642519685039
11
0.4855657086614173
21
0.2210699212598425
0
LINE
8
BLACK
6
CONTINUOUS
10
0.4855657086614173
20
0.2210699212598425
11
0.4855501574803149
21
0.2211166929133858
0
LINE
8
BLACK
6
CONTINUOUS
10
0.4855501574803149
20
0.2211166929133858
11
0.485578031496063
21
0.2212185039370079
0
LINE
8
BLACK
6
CONTINUOUS
10
0.485578031496063
20
0.2212185039370079
11
0.4823399606299212
21
0.2208946850393701
0
LINE
8
BLACK
6
CONTINUOUS
10
0.4823399606299212
20
0.2208946850393701
11
0.4823399606299212
21
0.2134594881889764
0
LINE
8
BLACK
6
CONTINUOUS
10
0.4823399606299212
20
0.2134594881889764
11
0.4821762992125984
21
0.2126367322834646
0
LINE
8
BLACK
6
CONTINUOUS
10
0.4821762992125984
20
0.2126367322834646
11
0.481012716535433
21
0.2114731496062992
0
LINE
8
BLACK
6
CONTINUOUS
10
0.481012716535433
20
0.2114731496062992
11
0.4793672047244094
21
0.2114731496062992
0
LINE
8
BLACK
6
CONTINUOUS
10
0.4793672047244094
20
0.2114731496062992
11
0.4782036220472441
21
0.2126367322834646
0
LINE
8
BLACK
6
CONTINUOUS
10
0.4782036220472441
20
0.2126367322834646
11
0.4780399606299213
21
0.2134594881889764
0
LINE
8
BLACK
6
CONTINUOUS
10
0.4780399606299213
20
0.2134594881889764
11
0.4780399606299213
21
0.2228404330708661
0
LINE
8
BLACK
6
CONTINUOUS
10
0.4780399606299213
20
0.2228404330708661
11
0.4781422440944882
21
0.2233548031496063
0
LINE
8
BLACK
6
CONTINUOUS
10
0.4781422440944882
20
0.2233548031496063
11
0.4781316141732284
21
0.2234614566929134
0
LINE
8
BLACK
6
CONTINUOUS
10
0.4781316141732284
20
0.2234614566929134
11
0.4781737007874016
21
0.2235129133858268
0
LINE
8
BLACK
6
CONTINUOUS
10
0.4781737007874016
20
0.2235129133858268
11
0.4782036220472441
21
0.2236631889763779
0
LINE
8
BLACK
6
CONTINUOUS
10
0.4782036220472441
20
0.2236631889763779
11
0.4787153149606299
21
0.2241748818897638
0
LINE
8
BLACK
6
CONTINUOUS
10
0.4787153149606299
20
0.2241748818897638
11
0.4791736220472441
21
0.2247350393700787
0
LINE
8
BLACK
6
CONTINUOUS
10
0.4791736220472441
20
0.2247350393700787
11
0.4793201574803149
21
0.2247797244094488
0
LINE
8
BLACK
6
CONTINUOUS
10
0.4793201574803149
20
0.2247797244094488
11
0.4793672047244094
21
0.2248267716535433
0
LINE
8
BLACK
6
CONTINUOUS
10
0.4793672047244094
20
0.2248267716535433
11
0.4794744094488189
21
0.2248267716535433
0
LINE
8
BLACK
6
CONTINUOUS
10
0.4794744094488189
20
0.2248267716535433
11
0.4799760236220472
21
0.2249797637795276
0
LINE
8
BLACK
6
CONTINUOUS
10
0.4799760236220472
20
0.2249797637795276
11
0.489356968503937
21
0.225917874015748
0
LINE
8
BLACK
6
CONTINUOUS
10
0.489356968503937
20
0.225917874015748
11
0.4901918897637795
21
0.2258368897637795
0
LINE
8
BLACK
6
CONTINUOUS
10
0.995576062992126
20
0.290581062992126
11
0.9966404724409449
21
0.290140157480315
0
LINE
8
BLACK
6
CONTINUOUS
10
0.9966404724409449
20
0.290140157480315
11
0.9972766929133858
21
0.289503937007874
0
LINE
8
BLACK
6
CONTINUOUS
10
0.9972766929133858
20
0.289503937007874
11
1.0327233070866142
21
0.289503937007874
0
LINE
8
BLACK
6
CONTINUOUS
10
1.0327233070866142
20
0.289503937007874
11
1.033359527559055
21
0.290140157480315
0
LINE
8
BLACK
6
CONTINUOUS
10
1.033359527559055
20
0.290140157480315
11
1.0344239370078741
21
0.290581062992126
0
LINE
8
BLACK
6
CONTINUOUS
10
1.0344239370078741
20
0.290581062992126
11
1.0349999999999999
21
0.2906377952755905
0
LINE
8
BLACK
6
CONTINUOUS
10
1.0349999999999999
20
0.2906377952755905
11
1.075
21
0.2906377952755905
0
LINE
8
BLACK
6
CONTINUOUS
10
1.075
20
0.2906377952755905
11
1.075576062992126
21
0.290581062992126
0
LINE
8
BLACK
6
CONTINUOUS
10
1.075576062992126
20
0.290581062992126
11
1.0766404724409449
21
0.290140157480315
0
LINE
8
BLACK
6
CONTINUOUS
10
1.0766404724409449
20
0.290140157480315
11
1.0774551181102361
21
0.2893255118110236
0
LINE
8
BLACK
6
CONTINUOUS
10
1.0774551181102361
20
0.2893255118110236
11
1.0778960236220472
21
0.2882611023622047
0
LINE
8
BLACK
6
CONTINUOUS
10
1.0778960236220472
20
0.2882611023622047
11
1.0779527559055118
21
0.2876850393700787
0
LINE
8
BLACK
6
CONTINUOUS
10
1.0779527559055118
20
0.2876850393700787
11
1.0779527559055118
21
0.2352796456692913
0
LINE
8
BLACK
6
CONTINUOUS
10
1.0779527559055118
20
0.2352796456692913
11
1.0784485039370078
21
0.235485
0
LINE
8
BLACK
6
CONTINUOUS
10
1.0784485039370078
20
0.235485
11
1.0815514960629922
21
0.235485
0
LINE
8
BLACK
6
CONTINUOUS
10
1.0815514960629922
20
0.235485
11
1.0844183070866142
21
0.2342975196850394
0
LINE
8
BLACK
6
CONTINUOUS
10
1.0844183070866142
20
0.2342975196850394
11
1.0866124803149606
21
0.2321033464566929
0
LINE
8
BLACK
6
CONTINUOUS
10
1.0866124803149606
20
0.2321033464566929
11
1.0877999606299211
21
0.2292365354330708
0
LINE
8
BLACK
6
CONTINUOUS
10
1.0877999606299211
20
0.2292365354330708
11
1.0877999606299211
21
0.2261335433070866
0
LINE
8
BLACK
6
CONTINUOUS
10
1.0877999606299211
20
0.2261335433070866
11
1.0866124803149606
21
0.2232667322834646
0
LINE
8
BLACK
6
CONTINUOUS
10
1.0866124803149606
20
0.2232667322834646
11
1.0844183070866142
21
0.2210725590551181
0
LINE
8
BLACK
6
CONTINUOUS
10
1.0844183070866142
20
0.2210725590551181
11
1.0815514960629922
21
0.2198850787401575
0
LINE
8
BLACK
6
CONTINUOUS
10
1.0815514960629922
20
0.2198850787401575
11
1.0784485039370078
21
0.2198850787401575
0
LINE
8
BLACK
6
CONTINUOUS
10
1.0784485039370078
20
0.2198850787401575
11
1.0755816929133859
21
0.2210725590551181
0
LINE
8
BLACK
6
CONTINUOUS
10
1.0755816929133859
20
0.2210725590551181
11
1.0733875196850393
21
0.2232667322834646
0
LINE
8
BLACK
6
CONTINUOUS
10
1.0733875196850393
20
0.2232667322834646
11
1.0727804724409449
21
0.2247322834645669
0
LINE
8
BLACK
6
CONTINUOUS
10
1.0727804724409449
20
0.2247322834645669
11
1.0349999999999999
21
0.2247322834645669
0
LINE
8
BLACK
6
CONTINUOUS
10
1.0349999999999999
20
0.2247322834645669
11
1.0344239370078741
21
0.2247890157480315
0
LINE
8
BLACK
6
CONTINUOUS
10
1.0344239370078741
20
0.2247890157480315
11
1.033359527559055
21
0.2252299212598425
0
LINE
8
BLACK
6
CONTINUOUS
10
1.033359527559055
20
0.2252299212598425
11
1.0325448818897638
21
0.2260445669291339
0
LINE
8
BLACK
6
CONTINUOUS
10
1.0325448818897638
20
0.2260445669291339
11
1.0321039763779527
21
0.2271089763779527
0
LINE
8
BLACK
6
CONTINUOUS
10
1.0321039763779527
20
0.2271089763779527
11
1.0321039763779527
21
0.2282611023622047
0
LINE
8
BLACK
6
CONTINUOUS
10
1.0321039763779527
20
0.2282611023622047
11
1.0325448818897638
21
0.2293255118110236
0
LINE
8
BLACK
6
CONTINUOUS
10
1.0325448818897638
20
0.2293255118110236
11
1.033359527559055
21
0.230140157480315
0
LINE
8
BLACK
6
CONTINUOUS
10
1.033359527559055
20
0.230140157480315
11
1.0344239370078741
21
0.230581062992126
0
LINE
8
BLACK
6
CONTINUOUS
10
1.0344239370078741
20
0.230581062992126
11
1.0349999999999999
21
0.2306377952755906
0
LINE
8
BLACK
6
CONTINUOUS
10
1.0349999999999999
20
0.2306377952755906
11
1.0720472440944881
21
0.2306377952755906
0
LINE
8
BLACK
6
CONTINUOUS
10
1.0720472440944881
20
0.2306377952755906
11
1.0720472440944881
21
0.2847322834645669
0
LINE
8
BLACK
6
CONTINUOUS
10
1.0720472440944881
20
0.2847322834645669
11
1.0388987401574803
21
0.2847322834645669
0
LINE
8
BLACK
6
CONTINUOUS
10
1.0388987401574803
20
0.2847322834645669
11
1.0382625196850392
21
0.284096062992126
0
LINE
8
BLACK
6
CONTINUOUS
10
1.0382625196850392
20
0.284096062992126
11
1.0371981102362204
21
0.2836551574803149
0
LINE
8
BLACK
6
CONTINUOUS
10
1.0371981102362204
20
0.2836551574803149
11
1.0366220472440946
21
0.2835984251968504
0
LINE
8
BLACK
6
CONTINUOUS
10
1.0366220472440946
20
0.2835984251968504
11
0.9893779527559055
21
0.2835984251968504
0
LINE
8
BLACK
6
CONTINUOUS
10
0.9893779527559055
20
0.2835984251968504
11
0.9888018897637795
21
0.2836551574803149
0
LINE
8
BLACK
6
CONTINUOUS
10
0.9888018897637795
20
0.2836551574803149
11
0.9877374803149606
21
0.284096062992126
0
LINE
8
BLACK
6
CONTINUOUS
10
0.9877374803149606
20
0.284096062992126
11
0.9871012598425196
21
0.2847322834645669
0
LINE
8
BLACK
6
CONTINUOUS
10
0.9871012598425196
20
0.2847322834645669
11
0.9579527559055118
21
0.2847322834645669
0
LINE
8
BLACK
6
CONTINUOUS
10
0.9579527559055118
20
0.2847322834645669
11
0.9579527559055118
21
0.2306377952755906
0
LINE
8
BLACK
6
CONTINUOUS
10
0.9579527559055118
20
0.2306377952755906
11
0.995
21
0.2306377952755906
0
LINE
8
BLACK
6
CONTINUOUS
10
0.995
20
0.2306377952755906
11
0.995576062992126
21
0.230581062992126
0
LINE
8
BLACK
6
CONTINUOUS
10
0.995576062992126
20
0.230581062992126
11
0.9966404724409449
21
0.230140157480315
0
LINE
8
BLACK
6
CONTINUOUS
10
0.9966404724409449
20
0.230140157480315
11
0.9974551181102362
21
0.2293255118110236
0
LINE
8
BLACK
6
CONTINUOUS
10
0.9974551181102362
20
0.2293255118110236
11
0.9978960236220472
21
0.2282611023622047
0
LINE
8
BLACK
6
CONTINUOUS
10
0.9978960236220472
20
0.2282611023622047
11
0.9978960236220472
21
0.2271089763779527
0
LINE
8
BLACK
6
CONTINUOUS
10
0.9978960236220472
20
0.2271089763779527
11
0.9974551181102362
21
0.2260445669291339
0
LINE
8
BLACK
6
CONTINUOUS
10
0.9974551181102362
20
0.2260445669291339
11
0.9966404724409449
21
0.2252299212598425
0
LINE
8
BLACK
6
CONTINUOUS
10
0.9966404724409449
20
0.2252299212598425
11
0.995576062992126
21
0.2247890157480315
0
LINE
8
BLACK
6
CONTINUOUS
10
0.995576062992126
20
0.2247890157480315
11
0.995
21
0.2247322834645669
0
LINE
8
BLACK
6
CONTINUOUS
10
0.995
20
0.2247322834645669
11
0.955
21
0.2247322834645669
0
LINE
8
BLACK
6
CONTINUOUS
10
0.955
20
0.2247322834645669
11
0.954423937007874
21
0.2247890157480315
0
LINE
8
BLACK
6
CONTINUOUS
10
0.954423937007874
20
0.2247890157480315
11
0.9533595275590551
21
0.2252299212598425
0
LINE
8
BLACK
6
CONTINUOUS
10
0.9533595275590551
20
0.2252299212598425
11
0.9525448818897637
21
0.2260445669291339
0
LINE
8
BLACK
6
CONTINUOUS
10
0.9525448818897637
20
0.2260445669291339
11
0.9521039763779527
21
0.2271089763779527
0
LINE
8
BLACK
6
CONTINUOUS
10
0.9521039763779527
20
0.2271089763779527
11
0.9520472440944882
21
0.2276850393700787
0
LINE
8
BLACK
6
CONTINUOUS
10
0.9520472440944882
20
0.2276850393700787
11
0.9520472440944882
21
0.2876850393700787
0
LINE
8
BLACK
6
CONTINUOUS
10
0.9520472440944882
20
0.2876850393700787
11
0.9521039763779527
21
0.2882611023622047
0
LINE
8
BLACK
6
CONTINUOUS
10
0.9521039763779527
20
0.2882611023622047
11
0.9525448818897637
21
0.2893255118110236
0
LINE
8
BLACK
6
CONTINUOUS
10
0.9525448818897637
20
0.2893255118110236
11
0.9533595275590551
21
0.290140157480315
0
LINE
8
BLACK
6
CONTINUOUS
10
0.9533595275590551
20
0.290140157480315
11
0.954423937007874
21
0.290581062992126
0
LINE
8
BLACK
6
CONTINUOUS
10
0.954423937007874
20
0.290581062992126
11
0.955
21
0.2906377952755905
0
LINE
8
BLACK
6
CONTINUOUS
10
0.955
20
0.2906377952755905
11
0.995
21
0.2906377952755905
0
LINE
8
BLACK
6
CONTINUOUS
10
0.995
20
0.2906377952755905
11
0.995576062992126
21
0.290581062992126
0
LINE
8
BLACK
6
CONTINUOUS
10
1.0779527559055118
20
0.228533031496063
11
1.0779527559055118
21
0.2268370472440945
0
LINE
8
BLACK
6
CONTINUOUS
10
1.0779527559055118
20
0.2268370472440945
11
1.0791520078740158
21
0.2256377952755906
0
LINE
8
BLACK
6
CONTINUOUS
10
1.0791520078740158
20
0.2256377952755906
11
1.0808479921259841
21
0.2256377952755906
0
LINE
8
BLACK
6
CONTINUOUS
10
1.0808479921259841
20
0.2256377952755906
11
1.0820472440944882
21
0.2268370472440945
0
LINE
8
BLACK
6
CONTINUOUS
10
1.0820472440944882
20
0.2268370472440945
11
1.0820472440944882
21
0.228533031496063
0
LINE
8
BLACK
6
CONTINUOUS
10
1.0820472440944882
20
0.228533031496063
11
1.0808479921259841
21
0.2297322834645669
0
LINE
8
BLACK
6
CONTINUOUS
10
1.0808479921259841
20
0.2297322834645669
11
1.0791520078740158
21
0.2297322834645669
0
LINE
8
BLACK
6
CONTINUOUS
10
1.0791520078740158
20
0.2297322834645669
11
1.0779527559055118
21
0.228533031496063
0
LINE
8
BLACK
6
CONTINUOUS
10
0.4917055511811024
20
0.245577125984252
11
0.4919685826771654
21
0.2455643307086614
0
LINE
8
BLACK
6
CONTINUOUS
10
0.4919685826771654
20
0.2455643307086614
11
0.4957209448818898
21
0.2446262598425197
0
LINE
8
BLACK
6
CONTINUOUS
10
0.4957209448818898
20
0.2446262598425197
11
0.4959338976377953
21
0.2445256299212598
0
LINE
8
BLACK
6
CONTINUOUS
10
0.4959338976377953
20
0.2445256299212598
11
0.4961609842519685
21
0.2444634645669291
0
LINE
8
BLACK
6
CONTINUOUS
10
0.4961609842519685
20
0.2444634645669291
11
0.4980371653543307
21
0.2435253937007874
0
LINE
8
BLACK
6
CONTINUOUS
10
0.4980371653543307
20
0.2435253937007874
11
0.4983092913385826
21
0.2433141732283464
0
LINE
8
BLACK
6
CONTINUOUS
10
0.4983092913385826
20
0.2433141732283464
11
0.4985959448818897
21
0.2431226771653543
0
LINE
8
BLACK
6
CONTINUOUS
10
0.4985959448818897
20
0.2431226771653543
11
0.5004721653543307
21
0.2412464960629921
0
LINE
8
BLACK
6
CONTINUOUS
10
0.5004721653543307
20
0.2412464960629921
11
0.5005320078740157
21
0.2411568897637795
0
LINE
8
BLACK
6
CONTINUOUS
10
0.5005320078740157
20
0.2411568897637795
11
0.5005761417322835
21
0.241134842519685
0
LINE
8
BLACK
6
CONTINUOUS
10
0.5005761417322835
20
0.241134842519685
11
0.5007467322834646
21
0.2408355118110236
0
LINE
8
BLACK
6
CONTINUOUS
10
0.5007467322834646
20
0.2408355118110236
11
0.5009382283464566
21
0.2405489763779528
0
LINE
8
BLACK
6
CONTINUOUS
10
0.5009382283464566
20
0.2405489763779528
11
0.5009382283464566
21
0.2404996456692913
0
LINE
8
BLACK
6
CONTINUOUS
10
0.5009382283464566
20
0.2404996456692913
11
0.5009915748031496
21
0.240406062992126
0
LINE
8
BLACK
6
CONTINUOUS
10
0.5009915748031496
20
0.240406062992126
11
0.5019296456692913
21
0.2375917716535433
0
LINE
8
BLACK
6
CONTINUOUS
10
0.5019296456692913
20
0.2375917716535433
11
0.5019727165354331
21
0.237249842519685
0
LINE
8
BLACK
6
CONTINUOUS
10
0.5019727165354331
20
0.237249842519685
11
0.5020399606299213
21
0.2369118897637795
0
LINE
8
BLACK
6
CONTINUOUS
10
0.5020399606299213
20
0.2369118897637795
11
0.5020399606299213
21
0.2350356692913386
0
LINE
8
BLACK
6
CONTINUOUS
10
0.5020399606299213
20
0.2350356692913386
11
0.5019727559055118
21
0.234697874015748
0
LINE
8
BLACK
6
CONTINUOUS
10
0.5019727559055118
20
0.234697874015748
11
0.5019296456692913
21
0.2343557874015748
0
LINE
8
BLACK
6
CONTINUOUS
10
0.5019296456692913
20
0.2343557874015748
11
0.5009915748031496
21
0.2315415354330708
0
LINE
8
BLACK
6
CONTINUOUS
10
0.5009915748031496
20
0.2315415354330708
11
0.5009382283464566
21
0.2314479133858268
0
LINE
8
BLACK
6
CONTINUOUS
10
0.5009382283464566
20
0.2314479133858268
11
0.5009382283464566
21
0.2313986614173228
0
LINE
8
BLACK
6
CONTINUOUS
10
0.5009382283464566
20
0.2313986614173228
11
0.5007468897637796
21
0.2311123228346457
0
LINE
8
BLACK
6
CONTINUOUS
10
0.5007468897637796
20
0.2311123228346457
11
0.5005761417322835
21
0.2308127559055118
0
LINE
8
BLACK
6
CONTINUOUS
10
0.5005761417322835
20
0.2308127559055118
11
0.500531968503937
21
0.2307906692913386
0
LINE
8
BLACK
6
CONTINUOUS
10
0.500531968503937
20
0.2307906692913386
11
0.5004721653543307
21
0.2307011417322835
0
LINE
8
BLACK
6
CONTINUOUS
10
0.5004721653543307
20
0.2307011417322835
11
0.4995340551181102
21
0.229763031496063
0
LINE
8
BLACK
6
CONTINUOUS
10
0.4995340551181102
20
0.229763031496063
11
0.4988365748031496
21
0.229296968503937
0
LINE
8
BLACK
6
CONTINUOUS
10
0.4988365748031496
20
0.229296968503937
11
0.4971909842519685
21
0.229296968503937
0
LINE
8
BLACK
6
CONTINUOUS
10
0.4971909842519685
20
0.229296968503937
11
0.4960274409448819
21
0.2304605118110236
0
LINE
8
BLACK
6
CONTINUOUS
10
0.4960274409448819
20
0.2304605118110236
11
0.4960274409448819
21
0.2321061023622047
0
LINE
8
BLACK
6
CONTINUOUS
10
0.4960274409448819
20
0.2321061023622047
11
0.4964935039370079
21
0.2328035826771654
0
LINE
8
BLACK
6
CONTINUOUS
10
0.4964935039370079
20
0.2328035826771654
11
0.4970726771653543
21
0.2333827559055118
0
LINE
8
BLACK
6
CONTINUOUS
10
0.4970726771653543
20
0.2333827559055118
11
0.4977399606299213
21
0.2353845669291338
0
LINE
8
BLACK
6
CONTINUOUS
10
0.4977399606299213
20
0.2353845669291338
11
0.4977399606299213
21
0.2365629921259843
0
LINE
8
BLACK
6
CONTINUOUS
10
0.4977399606299213
20
0.2365629921259843
11
0.4970726771653543
21
0.2385648031496063
0
LINE
8
BLACK
6
CONTINUOUS
10
0.4970726771653543
20
0.2385648031496063
11
0.4958020472440945
21
0.2398353543307087
0
LINE
8
BLACK
6
CONTINUOUS
10
0.4958020472440945
20
0.2398353543307087
11
0.4944490157480315
21
0.2405118897637795
0
LINE
8
BLACK
6
CONTINUOUS
10
0.4944490157480315
20
0.2405118897637795
11
0.4911825196850393
21
0.2413285433070866
0
LINE
8
BLACK
6
CONTINUOUS
10
0.4911825196850393
20
0.2413285433070866
11
0.4888975984251969
21
0.2413285433070866
0
LINE
8
BLACK
6
CONTINUOUS
10
0.4888975984251969
20
0.2413285433070866
11
0.485630905511811
21
0.2405118897637795
0
LINE
8
BLACK
6
CONTINUOUS
10
0.485630905511811
20
0.2405118897637795
11
0.4842777559055118
21
0.2398353149606299
0
LINE
8
BLACK
6
CONTINUOUS
10
0.4842777559055118
20
0.2398353149606299
11
0.4830072440944882
21
0.2385648031496063
0
LINE
8
BLACK
6
CONTINUOUS
10
0.4830072440944882
20
0.2385648031496063
11
0.4823399606299212
21
0.2365629133858268
0
LINE
8
BLACK
6
CONTINUOUS
10
0.4823399606299212
20
0.2365629133858268
11
0.4823399606299212
21
0.2353845275590551
0
LINE
8
BLACK
6
CONTINUOUS
10
0.4823399606299212
20
0.2353845275590551
11
0.4830072047244094
21
0.2333827952755906
0
LINE
8
BLACK
6
CONTINUOUS
10
0.4830072047244094
20
0.2333827952755906
11
0.4835864566929134
21
0.2328035433070866
0
LINE
8
BLACK
6
CONTINUOUS
10
0.4835864566929134
20
0.2328035433070866
11
0.4840524803149606
21
0.232106062992126
0
LINE
8
BLACK
6
CONTINUOUS
10
0.4840524803149606
20
0.232106062992126
11
0.4840524409448819
21
0.2304605118110236
0
LINE
8
BLACK
6
CONTINUOUS
10
0.4840524409448819
20
0.2304605118110236
11
0.4828888582677165
21
0.229296968503937
0
LINE
8
BLACK
6
CONTINUOUS
10
0.4828888582677165
20
0.229296968503937
11
0.4812433070866142
21
0.2292970078740157
0
LINE
8
BLACK
6
CONTINUOUS
10
0.4812433070866142
20
0.2292970078740157
11
0.4805458267716535
21
0.2297630708661417
0
LINE
8
BLACK
6
CONTINUOUS
10
0.4805458267716535
20
0.2297630708661417
11
0.4796077559055118
21
0.2307011811023622
0
LINE
8
BLACK
6
CONTINUOUS
10
0.4796077559055118
20
0.2307011811023622
11
0.4795479527559055
21
0.2307906299212598
0
LINE
8
BLACK
6
CONTINUOUS
10
0.4795479527559055
20
0.2307906299212598
11
0.4795038582677165
21
0.2308127165354331
0
LINE
8
BLACK
6
CONTINUOUS
10
0.4795038582677165
20
0.2308127165354331
11
0.4793330708661417
21
0.2311122440944882
0
LINE
8
BLACK
6
CONTINUOUS
10
0.4793330708661417
20
0.2311122440944882
11
0.4791417322834646
21
0.2313987007874016
0
LINE
8
BLACK
6
CONTINUOUS
10
0.4791417322834646
20
0.2313987007874016
11
0.4791417322834646
21
0.2314479527559055
0
LINE
8
BLACK
6
CONTINUOUS
10
0.4791417322834646
20
0.2314479527559055
11
0.4790884251968504
21
0.2315414960629921
0
LINE
8
BLACK
6
CONTINUOUS
10
0.4790884251968504
20
0.2315414960629921
11
0.4781503149606299
21
0.2343557480314961
0
LINE
8
BLACK
6
CONTINUOUS
10
0.4781503149606299
20
0.2343557480314961
11
0.4781072047244094
21
0.2346974409448819
0
LINE
8
BLACK
6
CONTINUOUS
10
0.4781072047244094
20
0.2346974409448819
11
0.4780399606299213
21
0.2350356692913386
0
LINE
8
BLACK
6
CONTINUOUS
10
0.4780399606299213
20
0.2350356692913386
11
0.4780399606299213
21
0.2369118897637795
0
LINE
8
BLACK
6
CONTINUOUS
10
0.4780399606299213
20
0.2369118897637795
11
0.4781071653543307
21
0.237249842519685
0
LINE
8
BLACK
6
CONTINUOUS
10
0.4781071653543307
20
0.237249842519685
11
0.4781502755905512
21
0.2375917716535433
0
LINE
8
BLACK
6
CONTINUOUS
10
0.4781502755905512
20
0.2375917716535433
11
0.4790884251968504
21
0.2404061023622047
0
LINE
8
BLACK
6
CONTINUOUS
10
0.4790884251968504
20
0.2404061023622047
11
0.4791417322834646
21
0.2404996062992126
0
LINE
8
BLACK
6
CONTINUOUS
10
0.4791417322834646
20
0.2404996062992126
11
0.4791417322834646
21
0.2405489763779528
0
LINE
8
BLACK
6
CONTINUOUS
10
0.4791417322834646
20
0.2405489763779528
11
0.4793332283464567
21
0.2408355511811024
0
LINE
8
BLACK
6
CONTINUOUS
10
0.4793332283464567
20
0.2408355511811024
11
0.4795038582677165
21
0.2411348818897638
0
LINE
8
BLACK
6
CONTINUOUS
10
0.4795038582677165
20
0.2411348818897638
11
0.4795479527559055
21
0.2411569291338582
0
LINE
8
BLACK
6
CONTINUOUS
10
0.4795479527559055
20
0.2411569291338582
11
0.4796077952755906
21
0.2412464566929134
0
LINE
8
BLACK
6
CONTINUOUS
10
0.4796077952755906
20
0.2412464566929134
11
0.4814839763779528
21
0.2431226377952756
0
LINE
8
BLACK
6
CONTINUOUS
10
0.4814839763779528
20
0.2431226377952756
11
0.4817704724409449
21
0.2433140551181102
0
LINE
8
BLACK
6
CONTINUOUS
10
0.4817704724409449
20
0.2433140551181102
11
0.4820427559055118
21
0.2435253937007874
0
LINE
8
BLACK
6
CONTINUOUS
10
0.4820427559055118
20
0.2435253937007874
11
0.483918937007874
21
0.2444634645669291
0
LINE
8
BLACK
6
CONTINUOUS
10
0.483918937007874
20
0.2444634645669291
11
0.4841461417322834
21
0.2445256692913386
0
LINE
8
BLACK
6
CONTINUOUS
10
0.4841461417322834
20
0.2445256692913386
11
0.4843589763779527
21
0.244626220472441
0
LINE
8
BLACK
6
CONTINUOUS
10
0.4843589763779527
20
0.244626220472441
11
0.4881113779527559
21
0.2455643307086614
0
LINE
8
BLACK
6
CONTINUOUS
10
0.4881113779527559
20
0.2455643307086614
11
0.4883743700787401
21
0.245577125984252
0
LINE
8
BLACK
6
CONTINUOUS
10
0.4883743700787401
20
0.245577125984252
11
0.4886328346456693
21
0.2456285433070866
0
LINE
8
BLACK
6
CONTINUOUS
10
0.4886328346456693
20
0.2456285433070866
11
0.4914471259842519
21
0.2456285433070866
0
LINE
8
BLACK
6
CONTINUOUS
10
0.4914471259842519
20
0.2456285433070866
11
0.4917055511811024
21
0.245577125984252
0
LINE
8
BLACK
6
CONTINUOUS
10
0.4669183070866141
20
0.2941124803149606
11
0.4691124803149606
21
0.2919183070866141
0
LINE
8
BLACK
6
CONTINUOUS
10
0.4691124803149606
20
0.2919183070866141
11
0.4702999606299212
21
0.2890514960629921
0
LINE
8
BLACK
6
CONTINUOUS
10
0.4702999606299212
20
0.2890514960629921
11
0.4702999606299212
21
0.2859485039370079
0
LINE
8
BLACK
6
CONTINUOUS
10
0.4702999606299212
20
0.2859485039370079
11
0.4691124803149606
21
0.2830816929133858
0
LINE
8
BLACK
6
CONTINUOUS
10
0.4691124803149606
20
0.2830816929133858
11
0.4669183070866141
21
0.2808875196850394
0
LINE
8
BLACK
6
CONTINUOUS
10
0.4669183070866141
20
0.2808875196850394
11
0.4654527559055118
21
0.2802804330708661
0
LINE
8
BLACK
6
CONTINUOUS
10
0.4654527559055118
20
0.2802804330708661
11
0.4654527559055118
21
0.2425
0
LINE
8
BLACK
6
CONTINUOUS
10
0.4654527559055118
20
0.2425
11
0.4653960236220472
21
0.241923937007874
0
LINE
8
BLACK
6
CONTINUOUS
10
0.4653960236220472
20
0.241923937007874
11
0.4649551181102362
21
0.2408595275590551
0
LINE
8
BLACK
6
CONTINUOUS
10
0.4649551181102362
20
0.2408595275590551
11
0.4641404724409449
21
0.2400448818897638
0
LINE
8
BLACK
6
CONTINUOUS
10
0.4641404724409449
20
0.2400448818897638
11
0.4630760629921259
21
0.2396039763779527
0
LINE
8
BLACK
6
CONTINUOUS
10
0.4630760629921259
20
0.2396039763779527
11
0.461923937007874
21
0.2396039763779527
0
LINE
8
BLACK
6
CONTINUOUS
10
0.461923937007874
20
0.2396039763779527
11
0.4608595275590551
21
0.2400448818897638
0
LINE
8
BLACK
6
CONTINUOUS
10
0.4608595275590551
20
0.2400448818897638
11
0.4600448818897638
21
0.2408595275590551
0
LINE
8
BLACK
6
CONTINUOUS
10
0.4600448818897638
20
0.2408595275590551
11
0.4596039763779527
21
0.241923937007874
0
LINE
8
BLACK
6
CONTINUOUS
10
0.4596039763779527
20
0.241923937007874
11
0.4595472440944882
21
0.2425
0
LINE
8
BLACK
6
CONTINUOUS
10
0.4595472440944882
20
0.2425
11
0.4595472440944882
21
0.2795472440944882
0
LINE
8
BLACK
6
CONTINUOUS
10
0.4595472440944882
20
0.2795472440944882
11
0.4054527559055118
21
0.2795472440944882
0
LINE
8
BLACK
6
CONTINUOUS
10
0.4054527559055118
20
0.2795472440944882
11
0.4054527559055118
21
0.2425
0
LINE
8
BLACK
6
CONTINUOUS
10
0.4054527559055118
20
0.2425
11
0.4053960236220472
21
0.241923937007874
0
LINE
8
BLACK
6
CONTINUOUS
10
0.4053960236220472
20
0.241923937007874
11
0.4049551181102362
21
0.2408595275590551
0
LINE
8
BLACK
6
CONTINUOUS
10
0.4049551181102362
20
0.2408595275590551
11
0.4041404724409449
21
0.2400448818897638
0
LINE
8
BLACK
6
CONTINUOUS
10
0.4041404724409449
20
0.2400448818897638
11
0.4030760629921259
21
0.2396039763779527
0
LINE
8
BLACK
6
CONTINUOUS
10
0.4030760629921259
20
0.2396039763779527
11
0.401923937007874
21
0.2396039763779527
0
LINE
8
BLACK
6
CONTINUOUS
10
0.401923937007874
20
0.2396039763779527
11
0.4008595275590551
21
0.2400448818897638
0
LINE
8
BLACK
6
CONTINUOUS
10
0.4008595275590551
20
0.2400448818897638
11
0.4000448818897638
21
0.2408595275590551
0
LINE
8
BLACK
6
CONTINUOUS
10
0.4000448818897638
20
0.2408595275590551
11
0.3996039763779528
21
0.241923937007874
0
LINE
8
BLACK
6
CONTINUOUS
10
0.3996039763779528
20
0.241923937007874
11
0.3995472440944882
21
0.2425
0
LINE
8
BLACK
6
CONTINUOUS
10
0.3995472440944882
20
0.2425
11
0.3995472440944882
21
0.2825
0
LINE
8
BLACK
6
CONTINUOUS
10
0.3995472440944882
20
0.2825
11
0.3996039763779528
21
0.283076062992126
0
LINE
8
BLACK
6
CONTINUOUS
10
0.3996039763779528
20
0.283076062992126
11
0.4000448818897638
21
0.2841404724409449
0
LINE
8
BLACK
6
CONTINUOUS
10
0.4000448818897638
20
0.2841404724409449
11
0.4008595275590551
21
0.2849551181102362
0
LINE
8
BLACK
6
CONTINUOUS
10
0.4008595275590551
20
0.2849551181102362
11
0.401923937007874
21
0.2853960236220472
0
LINE
8
BLACK
6
CONTINUOUS
10
0.401923937007874
20
0.2853960236220472
11
0.4025
21
0.2854527559055118
0
LINE
8
BLACK
6
CONTINUOUS
10
0.4025
20
0.2854527559055118
11
0.4549053937007874
21
0.2854527559055118
0
LINE
8
BLACK
6
CONTINUOUS
10
0.4549053937007874
20
0.2854527559055118
11
0.4547000393700787
21
0.2859485039370079
0
LINE
8
BLACK
6
CONTINUOUS
10
0.4547000393700787
20
0.2859485039370079
11
0.4547000393700787
21
0.2883479921259842
0
LINE
8
BLACK
6
CONTINUOUS
10
0.4547000393700787
20
0.2883479921259842
11
0.4547000393700787
21
0.2890514960629921
0
LINE
8
BLACK
6
CONTINUOUS
10
0.4547000393700787
20
0.2890514960629921
11
0.4558875196850394
21
0.2919183070866141
0
LINE
8
BLACK
6
CONTINUOUS
10
0.4558875196850394
20
0.2919183070866141
11
0.4580816929133858
21
0.2941124803149606
0
LINE
8
BLACK
6
CONTINUOUS
10
0.4580816929133858
20
0.2941124803149606
11
0.4609485039370079
21
0.2952999606299213
0
LINE
8
BLACK
6
CONTINUOUS
10
0.4609485039370079
20
0.2952999606299213
11
0.4640514960629921
21
0.2952999606299213
0
LINE
8
BLACK
6
CONTINUOUS
10
0.4640514960629921
20
0.2952999606299213
11
0.4669183070866141
21
0.2941124803149606
0
LINE
8
BLACK
6
CONTINUOUS
10
0.4604527559055118
20
0.2866520078740157
11
0.4616520078740157
21
0.2854527559055118
0
LINE
8
BLACK
6
CONTINUOUS
10
0.4616520078740157
20
0.2854527559055118
11
0.4633479921259843
21
0.2854527559055118
0
LINE
8
BLACK
6
CONTINUOUS
10
0.4633479921259843
20
0.2854527559055118
11
0.4645472440944882
21
0.2866520078740157
0
LINE
8
BLACK
6
CONTINUOUS
10
0.4645472440944882
20
0.2866520078740157
11
0.4645472440944882
21
0.2883479921259842
0
LINE
8
BLACK
6
CONTINUOUS
10
0.4645472440944882
20
0.2883479921259842
11
0.4633479921259843
21
0.2895472440944882
0
LINE
8
BLACK
6
CONTINUOUS
10
0.4633479921259843
20
0.2895472440944882
11
0.4616520078740157
21
0.2895472440944882
0
LINE
8
BLACK
6
CONTINUOUS
10
0.4616520078740157
20
0.2895472440944882
11
0.4604527559055118
21
0.2883479921259842
0
LINE
8
BLACK
6
CONTINUOUS
10
0.4604527559055118
20
0.2883479921259842
11
0.4604527559055118
21
0.2866520078740157
0
LINE
8
BLACK
6
CONTINUOUS
10
1.1152498425196851
20
0.2648927559055118
11
1.1155917716535433
21
0.2648496850393701
0
LINE
8
BLACK
6
CONTINUOUS
10
1.1155917716535433
20
0.2648496850393701
11
1.1184061023622047
21
0.2639115354330709
0
LINE
8
BLACK
6
CONTINUOUS
10
1.1184061023622047
20
0.2639115354330709
11
1.1184996062992125
21
0.2638582283464567
0
LINE
8
BLACK
6
CONTINUOUS
10
1.1184996062992125
20
0.2638582283464567
11
1.1185489763779528
21
0.2638582283464567
0
LINE
8
BLACK
6
CONTINUOUS
10
1.1185489763779528
20
0.2638582283464567
11
1.1188355511811023
21
0.2636666929133858
0
LINE
8
BLACK
6
CONTINUOUS
10
1.1188355511811023
20
0.2636666929133858
11
1.1191348818897637
21
0.2634961023622047
0
LINE
8
BLACK
6
CONTINUOUS
10
1.1191348818897637
20
0.2634961023622047
11
1.1191569291338583
21
0.263451968503937
0
LINE
8
BLACK
6
CONTINUOUS
10
1.1191569291338583
20
0.263451968503937
11
1.1192464566929134
21
0.2633921653543307
0
LINE
8
BLACK
6
CONTINUOUS
10
1.1192464566929134
20
0.2633921653543307
11
1.1211226377952757
21
0.2615159842519685
0
LINE
8
BLACK
6
CONTINUOUS
10
1.1211226377952757
20
0.2615159842519685
11
1.1213140551181102
21
0.2612294488188976
0
LINE
8
BLACK
6
CONTINUOUS
10
1.1213140551181102
20
0.2612294488188976
11
1.1215253937007874
21
0.2609572047244094
0
LINE
8
BLACK
6
CONTINUOUS
10
1.1215253937007874
20
0.2609572047244094
11
1.1224634645669291
21
0.2590810236220472
0
LINE
8
BLACK
6
CONTINUOUS
10
1.1224634645669291
20
0.2590810236220472
11
1.1225256692913386
21
0.2588537795275591
0
LINE
8
BLACK
6
CONTINUOUS
10
1.1225256692913386
20
0.2588537795275591
11
1.1226262204724409
21
0.2586409842519685
0
LINE
8
BLACK
6
CONTINUOUS
10
1.1226262204724409
20
0.2586409842519685
11
1.1235643307086614
21
0.2548885826771654
0
LINE
8
BLACK
6
CONTINUOUS
10
1.1235643307086614
20
0.2548885826771654
11
1.123577125984252
21
0.2546255511811024
0
LINE
8
BLACK
6
CONTINUOUS
10
1.123577125984252
20
0.2546255511811024
11
1.1236285433070865
21
0.254367125984252
0
LINE
8
BLACK
6
CONTINUOUS
10
1.1236285433070865
20
0.254367125984252
11
1.1236285433070865
21
0.2515528346456693
0
LINE
8
BLACK
6
CONTINUOUS
10
1.1236285433070865
20
0.2515528346456693
11
1.123577125984252
21
0.2512943700787402
0
LINE
8
BLACK
6
CONTINUOUS
10
1.123577125984252
20
0.2512943700787402
11
1.1235643307086614
21
0.2510313385826772
0
LINE
8
BLACK
6
CONTINUOUS
10
1.1235643307086614
20
0.2510313385826772
11
1.1226262204724409
21
0.2472790157480315
0
LINE
8
BLACK
6
CONTINUOUS
10
1.1226262204724409
20
0.2472790157480315
11
1.1225256692913386
21
0.2470661811023622
0
LINE
8
BLACK
6
CONTINUOUS
10
1.1225256692913386
20
0.2470661811023622
11
1.1224634645669291
21
0.2468389763779527
0
LINE
8
BLACK
6
CONTINUOUS
10
1.1224634645669291
20
0.2468389763779527
11
1.1215253937007874
21
0.2449627952755905
0
LINE
8
BLACK
6
CONTINUOUS
10
1.1215253937007874
20
0.2449627952755905
11
1.1213140551181102
21
0.2446905118110236
0
LINE
8
BLACK
6
CONTINUOUS
10
1.1213140551181102
20
0.2446905118110236
11
1.1211226377952757
21
0.2444040157480315
0
LINE
8
BLACK
6
CONTINUOUS
10
1.1211226377952757
20
0.2444040157480315
11
1.1192464566929134
21
0.2425278346456693
0
LINE
8
BLACK
6
CONTINUOUS
10
1.1192464566929134
20
0.2425278346456693
11
1.1191569291338583
21
0.2424679921259842
0
LINE
8
BLACK
6
CONTINUOUS
10
1.1191569291338583
20
0.2424679921259842
11
1.1191348818897637
21
0.2424238976377953
0
LINE
8
BLACK
6
CONTINUOUS
10
1.1191348818897637
20
0.2424238976377953
11
1.1188355511811023
21
0.2422532677165354
0
LINE
8
BLACK
6
CONTINUOUS
10
1.1188355511811023
20
0.2422532677165354
11
1.1185489763779528
21
0.2420617716535433
0
LINE
8
BLACK
6
CONTINUOUS
10
1.1185489763779528
20
0.2420617716535433
11
1.1184996062992125
21
0.2420617716535433
0
LINE
8
BLACK
6
CONTINUOUS
10
1.1184996062992125
20
0.2420617716535433
11
1.1184061023622047
21
0.2420084645669291
0
LINE
8
BLACK
6
CONTINUOUS
10
1.1184061023622047
20
0.2420084645669291
11
1.1155917716535433
21
0.2410703149606299
0
LINE
8
BLACK
6
CONTINUOUS
10
1.1155917716535433
20
0.2410703149606299
11
1.1152498425196851
21
0.2410272047244094
0
LINE
8
BLACK
6
CONTINUOUS
10
1.1152498425196851
20
0.2410272047244094
11
1.1149118897637795
21
0.24096
0
LINE
8
BLACK
6
CONTINUOUS
10
1.1149118897637795
20
0.24096
11
1.1130356692913386
21
0.24096
0
LINE
8
BLACK
6
CONTINUOUS
10
1.1130356692913386
20
0.24096
11
1.1126975984251968
21
0.2410272440944882
0
LINE
8
BLACK
6
CONTINUOUS
10
1.1126975984251968
20
0.2410272440944882
11
1.1123557874015748
21
0.2410703543307087
0
LINE
8
BLACK
6
CONTINUOUS
10
1.1123557874015748
20
0.2410703543307087
11
1.1095414960629921
21
0.2420084645669291
0
LINE
8
BLACK
6
CONTINUOUS
10
1.1095414960629921
20
0.2420084645669291
11
1.1094479527559056
21
0.2420617716535433
0
LINE
8
BLACK
6
CONTINUOUS
10
1.1094479527559056
20
0.2420617716535433
11
1.1093986614173228
21
0.2420617716535433
0
LINE
8
BLACK
6
CONTINUOUS
10
1.1093986614173228
20
0.2420617716535433
11
1.1091120866141733
21
0.2422532283464567
0
LINE
8
BLACK
6
CONTINUOUS
10
1.1091120866141733
20
0.2422532283464567
11
1.1088127165354331
21
0.2424238976377953
0
LINE
8
BLACK
6
CONTINUOUS
10
1.1088127165354331
20
0.2424238976377953
11
1.1087906299212598
21
0.2424679921259842
0
LINE
8
BLACK
6
CONTINUOUS
10
1.1087906299212598
20
0.2424679921259842
11
1.1087011811023622
21
0.2425277952755905
0
LINE
8
BLACK
6
CONTINUOUS
10
1.1087011811023622
20
0.2425277952755905
11
1.1077630708661417
21
0.2434658661417323
0
LINE
8
BLACK
6
CONTINUOUS
10
1.1077630708661417
20
0.2434658661417323
11
1.1072970078740156
21
0.2441633464566929
0
LINE
8
BLACK
6
CONTINUOUS
10
1.1072970078740156
20
0.2441633464566929
11
1.1072969685039369
21
0.2458088976377953
0
LINE
8
BLACK
6
CONTINUOUS
10
1.1072969685039369
20
0.2458088976377953
11
1.1084604724409448
21
0.2469724803149606
0
LINE
8
BLACK
6
CONTINUOUS
10
1.1084604724409448
20
0.2469724803149606
11
1.1101060236220472
21
0.2469725196850394
0
LINE
8
BLACK
6
CONTINUOUS
10
1.1101060236220472
20
0.2469725196850394
11
1.1108035433070866
21
0.2465064960629921
0
LINE
8
BLACK
6
CONTINUOUS
10
1.1108035433070866
20
0.2465064960629921
11
1.1113827952755906
21
0.2459272440944882
0
LINE
8
BLACK
6
CONTINUOUS
10
1.1113827952755906
20
0.2459272440944882
11
1.113384527559055
21
0.24526
0
LINE
8
BLACK
6
CONTINUOUS
10
1.113384527559055
20
0.24526
11
1.1145629527559056
21
0.24526
0
LINE
8
BLACK
6
CONTINUOUS
10
1.1145629527559056
20
0.24526
11
1.1165648031496063
21
0.2459272834645669
0
LINE
8
BLACK
6
CONTINUOUS
10
1.1165648031496063
20
0.2459272834645669
11
1.1178353149606299
21
0.2471977952755905
0
LINE
8
BLACK
6
CONTINUOUS
10
1.1178353149606299
20
0.2471977952755905
11
1.1185118897637796
21
0.2485509448818898
0
LINE
8
BLACK
6
CONTINUOUS
10
1.1185118897637796
20
0.2485509448818898
11
1.1193285433070865
21
0.2518175590551181
0
LINE
8
BLACK
6
CONTINUOUS
10
1.1193285433070865
20
0.2518175590551181
11
1.1193285433070865
21
0.2541023622047244
0
LINE
8
BLACK
6
CONTINUOUS
10
1.1193285433070865
20
0.2541023622047244
11
1.1185118897637796
21
0.2573690157480315
0
LINE
8
BLACK
6
CONTINUOUS
10
1.1185118897637796
20
0.2573690157480315
11
1.1178353149606299
21
0.2587221653543307
0
LINE
8
BLACK
6
CONTINUOUS
10
1.1178353149606299
20
0.2587221653543307
11
1.1165648031496063
21
0.2599926771653543
0
LINE
8
BLACK
6
CONTINUOUS
10
1.1165648031496063
20
0.2599926771653543
11
1.1145629527559056
21
0.26066
0
LINE
8
BLACK
6
CONTINUOUS
10
1.1145629527559056
20
0.26066
11
1.113384527559055
21
0.26066
0
LINE
8
BLACK
6
CONTINUOUS
10
1.113384527559055
20
0.26066
11
1.1113827952755906
21
0.259992716535433
0
LINE
8
BLACK
6
CONTINUOUS
10
1.1113827952755906
20
0.259992716535433
11
1.1108035433070866
21
0.2594135039370078
0
LINE
8
BLACK
6
CONTINUOUS
10
1.1108035433070866
20
0.2594135039370078
11
1.1101060236220472
21
0.2589474803149606
0
LINE
8
BLACK
6
CONTINUOUS
10
1.1101060236220472
20
0.2589474803149606
11
1.1084604724409448
21
0.2589475196850394
0
LINE
8
BLACK
6
CONTINUOUS
10
1.1084604724409448
20
0.2589475196850394
11
1.1072969685039369
21
0.2601111023622047
0
LINE
8
BLACK
6
CONTINUOUS
10
1.1072969685039369
20
0.2601111023622047
11
1.1072970078740156
21
0.2617566535433071
0
LINE
8
BLACK
6
CONTINUOUS
10
1.1072970078740156
20
0.2617566535433071
11
1.1077630708661417
21
0.2624541338582677
0
LINE
8
BLACK
6
CONTINUOUS
10
1.1077630708661417
20
0.2624541338582677
11
1.1087011811023622
21
0.2633922047244094
0
LINE
8
BLACK
6
CONTINUOUS
10
1.1087011811023622
20
0.2633922047244094
11
1.1087906299212598
21
0.263451968503937
0
LINE
8
BLACK
6
CONTINUOUS
10
1.1087906299212598
20
0.263451968503937
11
1.1088127165354331
21
0.2634961023622047
0
LINE
8
BLACK
6
CONTINUOUS
10
1.1088127165354331
20
0.2634961023622047
11
1.1091120866141733
21
0.2636667322834645
0
LINE
8
BLACK
6
CONTINUOUS
10
1.1091120866141733
20
0.2636667322834645
11
1.1093986614173228
21
0.2638582283464567
0
LINE
8
BLACK
6
CONTINUOUS
10
1.1093986614173228
20
0.2638582283464567
11
1.1094479527559056
21
0.263858188976378
0
LINE
8
BLACK
6
CONTINUOUS
10
1.1094479527559056
20
0.263858188976378
11
1.1095414960629921
21
0.2639115354330709
0
LINE
8
BLACK
6
CONTINUOUS
10
1.1095414960629921
20
0.2639115354330709
11
1.1123557874015748
21
0.2648496456692913
0
LINE
8
BLACK
6
CONTINUOUS
10
1.1123557874015748
20
0.2648496456692913
11
1.1126975984251968
21
0.2648927165354331
0
LINE
8
BLACK
6
CONTINUOUS
10
1.1126975984251968
20
0.2648927165354331
11
1.1130356692913386
21
0.26496
0
LINE
8
BLACK
6
CONTINUOUS
10
1.1130356692913386
20
0.26496
11
1.1149118897637795
21
0.26496
0
LINE
8
BLACK
6
CONTINUOUS
10
1.1149118897637795
20
0.26496
11
1.1152498425196851
21
0.2648927559055118
0
LINE
8
BLACK
6
CONTINUOUS
10
1.0987122834645668
20
0.2651567716535433
11
1.0991277559055117
21
0.2644279921259842
0
LINE
8
BLACK
6
CONTINUOUS
10
1.0991277559055117
20
0.2644279921259842
11
1.1038181889763778
21
0.2503565748031496
0
LINE
8
BLACK
6
CONTINUOUS
10
1.1038181889763778
20
0.2503565748031496
11
1.1039231102362204
21
0.2495242519685039
0
LINE
8
BLACK
6
CONTINUOUS
10
1.1039231102362204
20
0.2495242519685039
11
1.1037648818897638
21
0.2492077952755905
0
LINE
8
BLACK
6
CONTINUOUS
10
1.1037648818897638
20
0.2492077952755905
11
1.1037648818897638
21
0.2488538976377953
0
LINE
8
BLACK
6
CONTINUOUS
10
1.1037648818897638
20
0.2488538976377953
11
1.1034109842519684
21
0.2485
0
LINE
8
BLACK
6
CONTINUOUS
10
1.1034109842519684
20
0.2485
11
1.1031872047244093
21
0.2480524409448819
0
LINE
8
BLACK
6
CONTINUOUS
10
1.1031872047244093
20
0.2480524409448819
11
1.1028515354330708
21
0.2479405511811024
0
LINE
8
BLACK
6
CONTINUOUS
10
1.1028515354330708
20
0.2479405511811024
11
1.1026012992125984
21
0.2476903149606299
0
LINE
8
BLACK
6
CONTINUOUS
10
1.1026012992125984
20
0.2476903149606299
11
1.1017785433070866
21
0.2475266535433071
0
LINE
8
BLACK
6
CONTINUOUS
10
1.1017785433070866
20
0.2475266535433071
11
1.0945475984251969
21
0.2475266535433071
0
LINE
8
BLACK
6
CONTINUOUS
10
1.0945475984251969
20
0.2475266535433071
11
1.0945475984251969
21
0.24311
0
LINE
8
BLACK
6
CONTINUOUS
10
1.0945475984251969
20
0.24311
11
1.0943839370078741
21
0.2422872440944882
0
LINE
8
BLACK
6
CONTINUOUS
10
1.0943839370078741
20
0.2422872440944882
11
1.0932203543307086
21
0.2411236614173228
0
LINE
8
BLACK
6
CONTINUOUS
10
1.0932203543307086
20
0.2411236614173228
11
1.091574842519685
21
0.2411236614173228
0
LINE
8
BLACK
6
CONTINUOUS
10
1.091574842519685
20
0.2411236614173228
11
1.0904112598425197
21
0.2422872440944882
0
LINE
8
BLACK
6
CONTINUOUS
10
1.0904112598425197
20
0.2422872440944882
11
1.0902475984251969
21
0.24311
0
LINE
8
BLACK
6
CONTINUOUS
10
1.0902475984251969
20
0.24311
11
1.0902475984251969
21
0.2475266535433071
0
LINE
8
BLACK
6
CONTINUOUS
10
1.0902475984251969
20
0.2475266535433071
11
1.0895833070866141
21
0.2475266535433071
0
LINE
8
BLACK
6
CONTINUOUS
10
1.0895833070866141
20
0.2475266535433071
11
1.0887605511811023
21
0.2476903149606299
0
LINE
8
BLACK
6
CONTINUOUS
10
1.0887605511811023
20
0.2476903149606299
11
1.0875969685039371
21
0.2488538976377953
0
LINE
8
BLACK
6
CONTINUOUS
10
1.0875969685039371
20
0.2488538976377953
11
1.0875969685039371
21
0.2504994094488189
0
LINE
8
BLACK
6
CONTINUOUS
10
1.0875969685039371
20
0.2504994094488189
11
1.0887605511811023
21
0.2516629921259843
0
LINE
8
BLACK
6
CONTINUOUS
10
1.0887605511811023
20
0.2516629921259843
11
1.0895833070866141
21
0.2518266535433071
0
LINE
8
BLACK
6
CONTINUOUS
10
1.0895833070866141
20
0.2518266535433071
11
1.0902475984251969
21
0.2518266535433071
0
LINE
8
BLACK
6
CONTINUOUS
10
1.0902475984251969
20
0.2518266535433071
11
1.0902475984251969
21
0.2562433464566929
0
LINE
8
BLACK
6
CONTINUOUS
10
1.0902475984251969
20
0.2562433464566929
11
1.0904112598425197
21
0.2570661023622047
0
LINE
8
BLACK
6
CONTINUOUS
10
1.0904112598425197
20
0.2570661023622047
11
1.091574842519685
21
0.25822968503937
0
LINE
8
BLACK
6
CONTINUOUS
10
1.091574842519685
20
0.25822968503937
11
1.0932203543307086
21
0.25822968503937
0
LINE
8
BLACK
6
CONTINUOUS
10
1.0932203543307086
20
0.25822968503937
11
1.0943839370078741
21
0.2570661023622047
0
LINE
8
BLACK
6
CONTINUOUS
10
1.0943839370078741
20
0.2570661023622047
11
1.0945475984251969
21
0.2562433464566929
0
LINE
8
BLACK
6
CONTINUOUS
10
1.0945475984251969
20
0.2562433464566929
11
1.0945475984251969
21
0.2518266535433071
0
LINE
8
BLACK
6
CONTINUOUS
10
1.0945475984251969
20
0.2518266535433071
11
1.0987955511811023
21
0.2518266535433071
0
LINE
8
BLACK
6
CONTINUOUS
10
1.0987955511811023
20
0.2518266535433071
11
1.0950483858267717
21
0.2630682283464567
0
LINE
8
BLACK
6
CONTINUOUS
10
1.0950483858267717
20
0.2630682283464567
11
1.0949435039370079
21
0.2639005118110236
0
LINE
8
BLACK
6
CONTINUOUS
10
1.0949435039370079
20
0.2639005118110236
11
1.0956794094488189
21
0.2653723228346457
0
LINE
8
BLACK
6
CONTINUOUS
10
1.0956794094488189
20
0.2653723228346457
11
1.0972404724409448
21
0.2658926771653543
0
LINE
8
BLACK
6
CONTINUOUS
10
1.0972404724409448
20
0.2658926771653543
11
1.0987122834645668
21
0.2651567716535433
0
LINE
8
BLACK
6
CONTINUOUS
10
1.1190143307086613
20
0.3473598031496063
11
1.1200787401574803
21
0.3469188976377953
0
LINE
8
BLACK
6
CONTINUOUS
10
1.1200787401574803
20
0.3469188976377953
11
1.1208933858267716
21
0.3461042519685039
0
LINE
8
BLACK
6
CONTINUOUS
10
1.1208933858267716
20
0.3461042519685039
11
1.1213342913385826
21
0.3450398425196851
0
LINE
8
BLACK
6
CONTINUOUS
10
1.1213342913385826
20
0.3450398425196851
11
1.1213342913385826
21
0.343887716535433
0
LINE
8
BLACK
6
CONTINUOUS
10
1.1213342913385826
20
0.343887716535433
11
1.1208933858267716
21
0.3428233070866142
0
LINE
8
BLACK
6
CONTINUOUS
10
1.1208933858267716
20
0.3428233070866142
11
1.1200787401574803
21
0.3420086614173228
0
LINE
8
BLACK
6
CONTINUOUS
10
1.1200787401574803
20
0.3420086614173228
11
1.1190143307086613
21
0.3415677559055118
0
LINE
8
BLACK
6
CONTINUOUS
10
1.1190143307086613
20
0.3415677559055118
11
1.1184382677165354
21
0.3415110236220472
0
LINE
8
BLACK
6
CONTINUOUS
10
1.1184382677165354
20
0.3415110236220472
11
1.1005735039370079
21
0.3415110236220472
0
LINE
8
BLACK
6
CONTINUOUS
10
1.1005735039370079
20
0.3415110236220472
11
1.1094118503937007
21
0.3314100787401575
0
LINE
8
BLACK
6
CONTINUOUS
10
1.1094118503937007
20
0.3314100787401575
11
1.1095898425196851
21
0.331161062992126
0
LINE
8
BLACK
6
CONTINUOUS
10
1.1095898425196851
20
0.331161062992126
11
1.1096448031496062
21
0.3311061417322835
0
LINE
8
BLACK
6
CONTINUOUS
10
1.1096448031496062
20
0.3311061417322835
11
1.1096663779527558
21
0.3310540157480315
0
LINE
8
BLACK
6
CONTINUOUS
10
1.1096663779527558
20
0.3310540157480315
11
1.1097485039370079
21
0.3309391732283464
0
LINE
8
BLACK
6
CONTINUOUS
10
1.1097485039370079
20
0.3309391732283464
11
1.1099020866141731
21
0.3304849212598425
0
LINE
8
BLACK
6
CONTINUOUS
10
1.1099020866141731
20
0.3304849212598425
11
1.1100857086614173
21
0.3300417322834646
0
LINE
8
BLACK
6
CONTINUOUS
10
1.1100857086614173
20
0.3300417322834646
11
1.1100857086614173
21
0.3299420866141732
0
LINE
8
BLACK
6
CONTINUOUS
10
1.1100857086614173
20
0.3299420866141732
11
1.1101175984251967
21
0.3298477952755905
0
LINE
8
BLACK
6
CONTINUOUS
10
1.1101175984251967
20
0.3298477952755905
11
1.1100857086614173
21
0.3293692913385827
0
LINE
8
BLACK
6
CONTINUOUS
10
1.1100857086614173
20
0.3293692913385827
11
1.1100857086614173
21
0.3288896062992126
0
LINE
8
BLACK
6
CONTINUOUS
10
1.1100857086614173
20
0.3288896062992126
11
1.1100475984251967
21
0.3287975984251968
0
LINE
8
BLACK
6
CONTINUOUS
10
1.1100475984251967
20
0.3287975984251968
11
1.1100409842519685
21
0.3286982677165354
0
LINE
8
BLACK
6
CONTINUOUS
10
1.1100409842519685
20
0.3286982677165354
11
1.1098282677165354
21
0.3282681102362205
0
LINE
8
BLACK
6
CONTINUOUS
10
1.1098282677165354
20
0.3282681102362205
11
1.1096448031496062
21
0.3278251968503937
0
LINE
8
BLACK
6
CONTINUOUS
10
1.1096448031496062
20
0.3278251968503937
11
1.1095744488188977
21
0.327754842519685
0
LINE
8
BLACK
6
CONTINUOUS
10
1.1095744488188977
20
0.327754842519685
11
1.1095302755905512
21
0.3276655118110236
0
LINE
8
BLACK
6
CONTINUOUS
10
1.1095302755905512
20
0.3276655118110236
11
1.1091691338582677
21
0.3273495275590551
0
LINE
8
BLACK
6
CONTINUOUS
10
1.1091691338582677
20
0.3273495275590551
11
1.108830157480315
21
0.3270105511811023
0
LINE
8
BLACK
6
CONTINUOUS
10
1.108830157480315
20
0.3270105511811023
11
1.1087381496062991
21
0.3269724015748031
0
LINE
8
BLACK
6
CONTINUOUS
10
1.1087381496062991
20
0.3269724015748031
11
1.1086631889763778
21
0.3269068503937008
0
LINE
8
BLACK
6
CONTINUOUS
10
1.1086631889763778
20
0.3269068503937008
11
1.108208937007874
21
0.3267532283464567
0
LINE
8
BLACK
6
CONTINUOUS
10
1.108208937007874
20
0.3267532283464567
11
1.107765748031496
21
0.3265696456692913
0
LINE
8
BLACK
6
CONTINUOUS
10
1.107765748031496
20
0.3265696456692913
11
1.1076251574803149
21
0.3265557874015748
0
LINE
8
BLACK
6
CONTINUOUS
10
1.1076251574803149
20
0.3265557874015748
11
1.1075718110236221
21
0.3265377559055118
0
LINE
8
BLACK
6
CONTINUOUS
10
1.1075718110236221
20
0.3265377559055118
11
1.1074943307086613
21
0.3265429133858267
0
LINE
8
BLACK
6
CONTINUOUS
10
1.1074943307086613
20
0.3265429133858267
11
1.1071896850393701
21
0.3265129133858268
0
LINE
8
BLACK
6
CONTINUOUS
10
1.1071896850393701
20
0.3265129133858268
11
1.1022624409448818
21
0.3265129133858268
0
LINE
8
BLACK
6
CONTINUOUS
10
1.1022624409448818
20
0.3265129133858268
11
1.0995649606299212
21
0.3251641732283465
0
LINE
8
BLACK
6
CONTINUOUS
10
1.0995649606299212
20
0.3251641732283465
11
1.0983678346456693
21
0.3239670472440945
0
LINE
8
BLACK
6
CONTINUOUS
10
1.0983678346456693
20
0.3239670472440945
11
1.097019094488189
21
0.3212695669291338
0
LINE
8
BLACK
6
CONTINUOUS
10
1.097019094488189
20
0.3212695669291338
11
1.097019094488189
21
0.3132898425196851
0
LINE
8
BLACK
6
CONTINUOUS
10
1.097019094488189
20
0.3132898425196851
11
1.0983678346456693
21
0.3105923622047244
0
LINE
8
BLACK
6
CONTINUOUS
10
1.0983678346456693
20
0.3105923622047244
11
1.0995649212598424
21
0.3093952362204724
0
LINE
8
BLACK
6
CONTINUOUS
10
1.0995649212598424
20
0.3093952362204724
11
1.1022624803149605
21
0.3080464566929134
0
LINE
8
BLACK
6
CONTINUOUS
10
1.1022624803149605
20
0.3080464566929134
11
1.1121168897637794
21
0.3080464566929134
0
LINE
8
BLACK
6
CONTINUOUS
10
1.1121168897637794
20
0.3080464566929134
11
1.1148143700787401
21
0.3093951968503937
0
LINE
8
BLACK
6
CONTINUOUS
10
1.1148143700787401
20
0.3093951968503937
11
1.1163503543307087
21
0.3109311811023622
0
LINE
8
BLACK
6
CONTINUOUS
10
1.1163503543307087
20
0.3109311811023622
11
1.1167977952755905
21
0.3112983858267717
0
LINE
8
BLACK
6
CONTINUOUS
10
1.1167977952755905
20
0.3112983858267717
11
1.1178622047244093
21
0.3117392913385827
0
LINE
8
BLACK
6
CONTINUOUS
10
1.1178622047244093
20
0.3117392913385827
11
1.1190142913385825
21
0.3117392913385827
0
LINE
8
BLACK
6
CONTINUOUS
10
1.1190142913385825
20
0.3117392913385827
11
1.1200787007874016
21
0.3112983858267717
0
LINE
8
BLACK
6
CONTINUOUS
10
1.1200787007874016
20
0.3112983858267717
11
1.1208933858267716
21
0.3104837007874016
0
LINE
8
BLACK
6
CONTINUOUS
10
1.1208933858267716
20
0.3104837007874016
11
1.1213342913385826
21
0.3094192913385826
0
LINE
8
BLACK
6
CONTINUOUS
10
1.1213342913385826
20
0.3094192913385826
11
1.1213342913385826
21
0.3082672047244094
0
LINE
8
BLACK
6
CONTINUOUS
10
1.1213342913385826
20
0.3082672047244094
11
1.1208933858267716
21
0.3072027952755905
0
LINE
8
BLACK
6
CONTINUOUS
10
1.1208933858267716
20
0.3072027952755905
11
1.1205261811023621
21
0.3067553543307087
0
LINE
8
BLACK
6
CONTINUOUS
10
1.1205261811023621
20
0.3067553543307087
11
1.1186514173228346
21
0.3048805905511811
0
LINE
8
BLACK
6
CONTINUOUS
10
1.1186514173228346
20
0.3048805905511811
11
1.1184250787401575
21
0.304694842519685
0
LINE
8
BLACK
6
CONTINUOUS
10
1.1184250787401575
20
0.304694842519685
11
1.118373937007874
21
0.3046358661417323
0
LINE
8
BLACK
6
CONTINUOUS
10
1.118373937007874
20
0.3046358661417323
11
1.1182849606299212
21
0.304579842519685
0
LINE
8
BLACK
6
CONTINUOUS
10
1.1182849606299212
20
0.304579842519685
11
1.1182039763779528
21
0.3045133858267716
0
LINE
8
BLACK
6
CONTINUOUS
10
1.1182039763779528
20
0.3045133858267716
11
1.1181320078740158
21
0.3044835826771654
0
LINE
8
BLACK
6
CONTINUOUS
10
1.1181320078740158
20
0.3044835826771654
11
1.1178840551181102
21
0.3043274803149606
0
LINE
8
BLACK
6
CONTINUOUS
10
1.1178840551181102
20
0.3043274803149606
11
1.1141345275590551
21
0.3024526771653543
0
LINE
8
BLACK
6
CONTINUOUS
10
1.1141345275590551
20
0.3024526771653543
11
1.1135938976377953
21
0.3022457874015748
0
LINE
8
BLACK
6
CONTINUOUS
10
1.1135938976377953
20
0.3022457874015748
11
1.1134879921259841
21
0.3022382283464567
0
LINE
8
BLACK
6
CONTINUOUS
10
1.1134879921259841
20
0.3022382283464567
11
1.1133900393700786
21
0.3021976771653543
0
LINE
8
BLACK
6
CONTINUOUS
10
1.1133900393700786
20
0.3021976771653543
11
1.1128139763779528
21
0.3021409448818898
0
LINE
8
BLACK
6
CONTINUOUS
10
1.1128139763779528
20
0.3021409448818898
11
1.1015653937007874
21
0.3021409448818898
0
LINE
8
BLACK
6
CONTINUOUS
10
1.1015653937007874
20
0.3021409448818898
11
1.1009893307086613
21
0.3021976771653543
0
LINE
8
BLACK
6
CONTINUOUS
10
1.1009893307086613
20
0.3021976771653543
11
1.1008913385826771
21
0.3022382283464567
0
LINE
8
BLACK
6
CONTINUOUS
10
1.1008913385826771
20
0.3022382283464567
11
1.1007854724409449
21
0.3022457874015748
0
LINE
8
BLACK
6
CONTINUOUS
10
1.1007854724409449
20
0.3022457874015748
11
1.1002448818897637
21
0.3024526771653543
0
LINE
8
BLACK
6
CONTINUOUS
10
1.1002448818897637
20
0.3024526771653543
11
1.0964953149606298
21
0.3043274803149606
0
LINE
8
BLACK
6
CONTINUOUS
10
1.0964953149606298
20
0.3043274803149606
11
1.0962473622047244
21
0.3044835433070866
0
LINE
8
BLACK
6
CONTINUOUS
10
1.0962473622047244
20
0.3044835433070866
11
1.0961753937007874
21
0.3045133858267716
0
LINE
8
BLACK
6
CONTINUOUS
10
1.0961753937007874
20
0.3045133858267716
11
1.096094251968504
21
0.3045799606299213
0
LINE
8
BLACK
6
CONTINUOUS
10
1.096094251968504
20
0.3045799606299213
11
1.0960054724409449
21
0.3046358661417323
0
LINE
8
BLACK
6
CONTINUOUS
10
1.0960054724409449
20
0.3046358661417323
11
1.0959544094488189
21
0.3046947244094488
0
LINE
8
BLACK
6
CONTINUOUS
10
1.0959544094488189
20
0.3046947244094488
11
1.0957279527559054
21
0.3048805905511811
0
LINE
8
BLACK
6
CONTINUOUS
10
1.0957279527559054
20
0.3048805905511811
11
1.0938531889763778
21
0.3067553543307087
0
LINE
8
BLACK
6
CONTINUOUS
10
1.0938531889763778
20
0.3067553543307087
11
1.0936674015748031
21
0.3069816929133858
0
LINE
8
BLACK
6
CONTINUOUS
10
1.0936674015748031
20
0.3069816929133858
11
1.0936084251968503
21
0.307032874015748
0
LINE
8
BLACK
6
CONTINUOUS
10
1.0936084251968503
20
0.307032874015748
11
1.0935524409448818
21
0.307121811023622
0
LINE
8
BLACK
6
CONTINUOUS
10
1.0935524409448818
20
0.307121811023622
11
1.0934859842519684
21
0.3072027952755905
0
LINE
8
BLACK
6
CONTINUOUS
10
1.0934859842519684
20
0.3072027952755905
11
1.0934561417322834
21
0.3072747244094488
0
LINE
8
BLACK
6
CONTINUOUS
10
1.0934561417322834
20
0.3072747244094488
11
1.0933000787401574
21
0.3075227559055118
0
LINE
8
BLACK
6
CONTINUOUS
10
1.0933000787401574
20
0.3075227559055118
11
1.0914253149606299
21
0.3112722834645669
0
LINE
8
BLACK
6
CONTINUOUS
10
1.0914253149606299
20
0.3112722834645669
11
1.0912184251968504
21
0.3118129133858268
0
LINE
8
BLACK
6
CONTINUOUS
10
1.0912184251968504
20
0.3118129133858268
11
1.0912109055118111
21
0.3119187007874016
0
LINE
8
BLACK
6
CONTINUOUS
10
1.0912109055118111
20
0.3119187007874016
11
1.09117031496063
21
0.3120167322834645
0
LINE
8
BLACK
6
CONTINUOUS
10
1.09117031496063
20
0.3120167322834645
11
1.0911135826771654
21
0.3125927952755905
0
LINE
8
BLACK
6
CONTINUOUS
10
1.0911135826771654
20
0.3125927952755905
11
1.0911135826771654
21
0.3219666141732284
0
LINE
8
BLACK
6
CONTINUOUS
10
1.0911135826771654
20
0.3219666141732284
11
1.09117031496063
21
0.3225426771653543
0
LINE
8
BLACK
6
CONTINUOUS
10
1.09117031496063
20
0.3225426771653543
11
1.0912109055118111
21
0.3226406692913386
0
LINE
8
BLACK
6
CONTINUOUS
10
1.0912109055118111
20
0.3226406692913386
11
1.0912184251968504
21
0.3227464960629921
0
LINE
8
BLACK
6
CONTINUOUS
10
1.0912184251968504
20
0.3227464960629921
11
1.0914253149606299
21
0.323287125984252
0
LINE
8
BLACK
6
CONTINUOUS
10
1.0914253149606299
20
0.323287125984252
11
1.0933000787401574
21
0.3270366535433071
0
LINE
8
BLACK
6
CONTINUOUS
10
1.0933000787401574
20
0.3270366535433071
11
1.0934561417322834
21
0.3272846456692913
0
LINE
8
BLACK
6
CONTINUOUS
10
1.0934561417322834
20
0.3272846456692913
11
1.0934859842519684
21
0.3273566141732284
0
LINE
8
BLACK
6
CONTINUOUS
10
1.0934859842519684
20
0.3273566141732284
11
1.0935524409448818
21
0.3274375590551181
0
LINE
8
BLACK
6
CONTINUOUS
10
1.0935524409448818
20
0.3274375590551181
11
1.0936084251968503
21
0.3275265354330709
0
LINE
8
BLACK
6
CONTINUOUS
10
1.0936084251968503
20
0.3275265354330709
11
1.0936674015748031
21
0.3275776771653543
0
LINE
8
BLACK
6
CONTINUOUS
10
1.0936674015748031
20
0.3275776771653543
11
1.0938531889763778
21
0.3278040551181102
0
LINE
8
BLACK
6
CONTINUOUS
10
1.0938531889763778
20
0.3278040551181102
11
1.0957279527559054
21
0.3296788188976378
0
LINE
8
BLACK
6
CONTINUOUS
10
1.0957279527559054
20
0.3296788188976378
11
1.0959542913385827
21
0.3298645669291339
0
LINE
8
BLACK
6
CONTINUOUS
10
1.0959542913385827
20
0.3298645669291339
11
1.0960054724409449
21
0.3299235826771654
0
LINE
8
BLACK
6
CONTINUOUS
10
1.0960054724409449
20
0.3299235826771654
11
1.096094409448819
21
0.3299795275590551
0
LINE
8
BLACK
6
CONTINUOUS
10
1.096094409448819
20
0.3299795275590551
11
1.0961753937007874
21
0.3300460236220472
0
LINE
8
BLACK
6
CONTINUOUS
10
1.0961753937007874
20
0.3300460236220472
11
1.0962473228346457
21
0.3300758267716535
0
LINE
8
BLACK
6
CONTINUOUS
10
1.0962473228346457
20
0.3300758267716535
11
1.0964953543307085
21
0.3302319291338582
0
LINE
8
BLACK
6
CONTINUOUS
10
1.0964953543307085
20
0.3302319291338582
11
1.1002448818897637
21
0.3321066929133858
0
LINE
8
BLACK
6
CONTINUOUS
10
1.1002448818897637
20
0.3321066929133858
11
1.1007770472440945
21
0.3323103543307087
0
LINE
8
BLACK
6
CONTINUOUS
10
1.1007770472440945
20
0.3323103543307087
11
1.0918441732283464
21
0.3425193700787402
0
LINE
8
BLACK
6
CONTINUOUS
10
1.0918441732283464
20
0.3425193700787402
11
1.0916661417322835
21
0.3427683464566929
0
LINE
8
BLACK
6
CONTINUOUS
10
1.0916661417322835
20
0.3427683464566929
11
1.0916112204724409
21
0.3428233070866142
0
LINE
8
BLACK
6
CONTINUOUS
10
1.0916112204724409
20
0.3428233070866142
11
1.0915896062992125
21
0.3428753937007874
0
LINE
8
BLACK
6
CONTINUOUS
10
1.0915896062992125
20
0.3428753937007874
11
1.0915075196850395
21
0.3429902755905512
0
LINE
8
BLACK
6
CONTINUOUS
10
1.0915075196850395
20
0.3429902755905512
11
1.0913538976377952
21
0.3434444881889764
0
LINE
8
BLACK
6
CONTINUOUS
10
1.0913538976377952
20
0.3434444881889764
11
1.09117031496063
21
0.343887716535433
0
LINE
8
BLACK
6
CONTINUOUS
10
1.09117031496063
20
0.343887716535433
11
1.09117031496063
21
0.3439873228346457
0
LINE
8
BLACK
6
CONTINUOUS
10
1.09117031496063
20
0.3439873228346457
11
1.0911384251968503
21
0.3440816535433071
0
LINE
8
BLACK
6
CONTINUOUS
10
1.0911384251968503
20
0.3440816535433071
11
1.09117031496063
21
0.3445601181102362
0
LINE
8
BLACK
6
CONTINUOUS
10
1.09117031496063
20
0.3445601181102362
11
1.09117031496063
21
0.3450398425196851
0
LINE
8
BLACK
6
CONTINUOUS
10
1.09117031496063
20
0.3450398425196851
11
1.0912083858267716
21
0.3451318110236221
0
LINE
8
BLACK
6
CONTINUOUS
10
1.0912083858267716
20
0.3451318110236221
11
1.0912150393700788
21
0.3452311811023622
0
LINE
8
BLACK
6
CONTINUOUS
10
1.0912150393700788
20
0.3452311811023622
11
1.0914277165354331
21
0.3456612992125984
0
LINE
8
BLACK
6
CONTINUOUS
10
1.0914277165354331
20
0.3456612992125984
11
1.0916112204724409
21
0.3461042519685039
0
LINE
8
BLACK
6
CONTINUOUS
10
1.0916112204724409
20
0.3461042519685039
11
1.0916815354330709
21
0.3461745669291338
0
LINE
8
BLACK
6
CONTINUOUS
10
1.0916815354330709
20
0.3461745669291338
11
1.0917257480314961
21
0.346263937007874
0
LINE
8
BLACK
6
CONTINUOUS
10
1.0917257480314961
20
0.346263937007874
11
1.0920868503937007
21
0.3465798818897638
0
LINE
8
BLACK
6
CONTINUOUS
10
1.0920868503937007
20
0.3465798818897638
11
1.0924258661417323
21
0.3469188976377953
0
LINE
8
BLACK
6
CONTINUOUS
10
1.0924258661417323
20
0.3469188976377953
11
1.0925178346456692
21
0.3469570078740157
0
LINE
8
BLACK
6
CONTINUOUS
10
1.0925178346456692
20
0.3469570078740157
11
1.0925928346456693
21
0.3470225984251968
0
LINE
8
BLACK
6
CONTINUOUS
10
1.0925928346456693
20
0.3470225984251968
11
1.0930470472440945
21
0.3471761811023622
0
LINE
8
BLACK
6
CONTINUOUS
10
1.0930470472440945
20
0.3471761811023622
11
1.0934902755905511
21
0.3473598031496063
0
LINE
8
BLACK
6
CONTINUOUS
10
1.0934902755905511
20
0.3473598031496063
11
1.0936308267716535
21
0.3473736220472441
0
LINE
8
BLACK
6
CONTINUOUS
10
1.0936308267716535
20
0.3473736220472441
11
1.0936842125984252
21
0.3473916929133858
0
LINE
8
BLACK
6
CONTINUOUS
10
1.0936842125984252
20
0.3473916929133858
11
1.093761653543307
21
0.3473864960629921
0
LINE
8
BLACK
6
CONTINUOUS
10
1.093761653543307
20
0.3473864960629921
11
1.0940663385826772
21
0.3474165354330709
0
LINE
8
BLACK
6
CONTINUOUS
10
1.0940663385826772
20
0.3474165354330709
11
1.1184382677165354
21
0.3474165354330709
0
LINE
8
BLACK
6
CONTINUOUS
10
1.1184382677165354
20
0.3474165354330709
11
1.1190143307086613
21
0.3473598031496063
0
LINE
8
BLACK
6
CONTINUOUS
10
1.1546348818897638
20
0.3473598031496063
11
1.1556992913385826
21
0.3469188976377953
0
LINE
8
BLACK
6
CONTINUOUS
10
1.1556992913385826
20
0.3469188976377953
11
1.1565139370078741
21
0.3461042519685039
0
LINE
8
BLACK
6
CONTINUOUS
10
1.1565139370078741
20
0.3461042519685039
11
1.1569548425196849
21
0.3450398425196851
0
LINE
8
BLACK
6
CONTINUOUS
10
1.1569548425196849
20
0.3450398425196851
11
1.1570115748031495
21
0.344463779527559
0
LINE
8
BLACK
6
CONTINUOUS
10
1.1570115748031495
20
0.344463779527559
11
1.1570115748031495
21
0.3050937007874016
0
LINE
8
BLACK
6
CONTINUOUS
10
1.1570115748031495
20
0.3050937007874016
11
1.1569548425196849
21
0.3045176377952756
0
LINE
8
BLACK
6
CONTINUOUS
10
1.1569548425196849
20
0.3045176377952756
11
1.1565139370078741
21
0.3034532283464567
0
LINE
8
BLACK
6
CONTINUOUS
10
1.1565139370078741
20
0.3034532283464567
11
1.1556992913385826
21
0.3026385826771654
0
LINE
8
BLACK
6
CONTINUOUS
10
1.1556992913385826
20
0.3026385826771654
11
1.1546348818897638
21
0.3021976771653543
0
LINE
8
BLACK
6
CONTINUOUS
10
1.1546348818897638
20
0.3021976771653543
11
1.1534827559055119
21
0.3021976771653543
0
LINE
8
BLACK
6
CONTINUOUS
10
1.1534827559055119
20
0.3021976771653543
11
1.1524183464566928
21
0.3026385826771654
0
LINE
8
BLACK
6
CONTINUOUS
10
1.1524183464566928
20
0.3026385826771654
11
1.1516037007874016
21
0.3034532283464567
0
LINE
8
BLACK
6
CONTINUOUS
10
1.1516037007874016
20
0.3034532283464567
11
1.1511627952755905
21
0.3045176377952756
0
LINE
8
BLACK
6
CONTINUOUS
10
1.1511627952755905
20
0.3045176377952756
11
1.1511060629921259
21
0.3050937007874016
0
LINE
8
BLACK
6
CONTINUOUS
10
1.1511060629921259
20
0.3050937007874016
11
1.1511060629921259
21
0.3208886220472441
0
LINE
8
BLACK
6
CONTINUOUS
10
1.1511060629921259
20
0.3208886220472441
11
1.1462223622047243
21
0.3208886220472441
0
LINE
8
BLACK
6
CONTINUOUS
10
1.1462223622047243
20
0.3208886220472441
11
1.1339806299212598
21
0.3034003937007874
0
LINE
8
BLACK
6
CONTINUOUS
10
1.1339806299212598
20
0.3034003937007874
11
1.1336038188976378
21
0.3029610236220472
0
LINE
8
BLACK
6
CONTINUOUS
10
1.1336038188976378
20
0.3029610236220472
11
1.1326322047244095
21
0.3023418503937008
0
LINE
8
BLACK
6
CONTINUOUS
10
1.1326322047244095
20
0.3023418503937008
11
1.1314976771653542
21
0.3021416535433071
0
LINE
8
BLACK
6
CONTINUOUS
10
1.1314976771653542
20
0.3021416535433071
11
1.1303728346456692
21
0.3023908267716535
0
LINE
8
BLACK
6
CONTINUOUS
10
1.1303728346456692
20
0.3023908267716535
11
1.1294289763779528
21
0.3030515354330708
0
LINE
8
BLACK
6
CONTINUOUS
10
1.1294289763779528
20
0.3030515354330708
11
1.1288098031496063
21
0.3040231496062992
0
LINE
8
BLACK
6
CONTINUOUS
10
1.1288098031496063
20
0.3040231496062992
11
1.1286096062992126
21
0.3051576771653543
0
LINE
8
BLACK
6
CONTINUOUS
10
1.1286096062992126
20
0.3051576771653543
11
1.1288587795275591
21
0.3062825196850394
0
LINE
8
BLACK
6
CONTINUOUS
10
1.1288587795275591
20
0.3062825196850394
11
1.1291426771653543
21
0.3067870078740157
0
LINE
8
BLACK
6
CONTINUOUS
10
1.1291426771653543
20
0.3067870078740157
11
1.1390168110236221
21
0.3208929133858268
0
LINE
8
BLACK
6
CONTINUOUS
10
1.1390168110236221
20
0.3208929133858268
11
1.1384846456692914
21
0.3209453543307086
0
LINE
8
BLACK
6
CONTINUOUS
10
1.1384846456692914
20
0.3209453543307086
11
1.1383866535433071
21
0.320985905511811
0
LINE
8
BLACK
6
CONTINUOUS
10
1.1383866535433071
20
0.320985905511811
11
1.1382807874015748
21
0.3209934645669291
0
LINE
8
BLACK
6
CONTINUOUS
10
1.1382807874015748
20
0.3209934645669291
11
1.1377401968503937
21
0.3212003543307086
0
LINE
8
BLACK
6
CONTINUOUS
10
1.1377401968503937
20
0.3212003543307086
11
1.1339906692913386
21
0.3230751181102362
0
LINE
8
BLACK
6
CONTINUOUS
10
1.1339906692913386
20
0.3230751181102362
11
1.1337426377952755
21
0.3232311811023622
0
LINE
8
BLACK
6
CONTINUOUS
10
1.1337426377952755
20
0.3232311811023622
11
1.1336707086614173
21
0.3232610236220472
0
LINE
8
BLACK
6
CONTINUOUS
10
1.1336707086614173
20
0.3232610236220472
11
1.1335897244094488
21
0.3233274803149606
0
LINE
8
BLACK
6
CONTINUOUS
10
1.1335897244094488
20
0.3233274803149606
11
1.1335007874015748
21
0.3233834645669291
0
LINE
8
BLACK
6
CONTINUOUS
10
1.1335007874015748
20
0.3233834645669291
11
1.1334496062992125
21
0.3234424409448819
0
LINE
8
BLACK
6
CONTINUOUS
10
1.1334496062992125
20
0.3234424409448819
11
1.1332232677165355
21
0.3236282283464567
0
LINE
8
BLACK
6
CONTINUOUS
10
1.1332232677165355
20
0.3236282283464567
11
1.1313485039370079
21
0.3255029921259843
0
LINE
8
BLACK
6
CONTINUOUS
10
1.1313485039370079
20
0.3255029921259843
11
1.131162716535433
21
0.3257293307086614
0
LINE
8
BLACK
6
CONTINUOUS
10
1.131162716535433
20
0.3257293307086614
11
1.1311037401574804
21
0.3257805118110236
0
LINE
8
BLACK
6
CONTINUOUS
10
1.1311037401574804
20
0.3257805118110236
11
1.1310477559055119
21
0.3258694488188976
0
LINE
8
BLACK
6
CONTINUOUS
10
1.1310477559055119
20
0.3258694488188976
11
1.1309812992125985
21
0.3259504330708661
0
LINE
8
BLACK
6
CONTINUOUS
10
1.1309812992125985
20
0.3259504330708661
11
1.1309514566929133
21
0.3260223622047244
0
LINE
8
BLACK
6
CONTINUOUS
10
1.1309514566929133
20
0.3260223622047244
11
1.1307953937007873
21
0.3262703937007874
0
LINE
8
BLACK
6
CONTINUOUS
10
1.1307953937007873
20
0.3262703937007874
11
1.1289206299212597
21
0.3300199212598425
0
LINE
8
BLACK
6
CONTINUOUS
10
1.1289206299212597
20
0.3300199212598425
11
1.1287137401574803
21
0.3305605511811023
0
LINE
8
BLACK
6
CONTINUOUS
10
1.1287137401574803
20
0.3305605511811023
11
1.128706220472441
21
0.3306663385826771
0
LINE
8
BLACK
6
CONTINUOUS
10
1.128706220472441
20
0.3306663385826771
11
1.1286656299212598
21
0.3307643700787402
0
LINE
8
BLACK
6
CONTINUOUS
10
1.1286656299212598
20
0.3307643700787402
11
1.1286088976377953
21
0.3313404330708661
0
LINE
8
BLACK
6
CONTINUOUS
10
1.1286088976377953
20
0.3313404330708661
11
1.1286088976377953
21
0.3369647244094488
0
LINE
8
BLACK
6
CONTINUOUS
10
1.1286088976377953
20
0.3369647244094488
11
1.1286656299212598
21
0.3375407874015748
0
LINE
8
BLACK
6
CONTINUOUS
10
1.1286656299212598
20
0.3375407874015748
11
1.128706220472441
21
0.3376387795275591
0
LINE
8
BLACK
6
CONTINUOUS
10
1.128706220472441
20
0.3376387795275591
11
1.1287137401574803
21
0.3377446062992126
0
LINE
8
BLACK
6
CONTINUOUS
10
1.1287137401574803
20
0.3377446062992126
11
1.1289206299212597
21
0.3382852362204724
0
LINE
8
BLACK
6
CONTINUOUS
10
1.1289206299212597
20
0.3382852362204724
11
1.1307953937007873
21
0.3420347637795276
0
LINE
8
BLACK
6
CONTINUOUS
10
1.1307953937007873
20
0.3420347637795276
11
1.1309514566929133
21
0.3422827559055118
0
LINE
8
BLACK
6
CONTINUOUS
10
1.1309514566929133
20
0.3422827559055118
11
1.1309812992125985
21
0.3423547244094488
0
LINE
8
BLACK
6
CONTINUOUS
10
1.1309812992125985
20
0.3423547244094488
11
1.1310477559055119
21
0.3424356692913386
0
LINE
8
BLACK
6
CONTINUOUS
10
1.1310477559055119
20
0.3424356692913386
11
1.1311037401574804
21
0.3425246456692913
0
LINE
8
BLACK
6
CONTINUOUS
10
1.1311037401574804
20
0.3425246456692913
11
1.131162716535433
21
0.3425757874015748
0
LINE
8
BLACK
6
CONTINUOUS
10
1.131162716535433
20
0.3425757874015748
11
1.1313485039370079
21
0.3428021653543307
0
LINE
8
BLACK
6
CONTINUOUS
10
1.1313485039370079
20
0.3428021653543307
11
1.1332232677165355
21
0.3446769291338583
0
LINE
8
BLACK
6
CONTINUOUS
10
1.1332232677165355
20
0.3446769291338583
11
1.1334496062992125
21
0.3448626771653543
0
LINE
8
BLACK
6
CONTINUOUS
10
1.1334496062992125
20
0.3448626771653543
11
1.1335007874015748
21
0.3449216929133858
0
LINE
8
BLACK
6
CONTINUOUS
10
1.1335007874015748
20
0.3449216929133858
11
1.1335897244094488
21
0.3449776377952756
0
LINE
8
BLACK
6
CONTINUOUS
10
1.1335897244094488
20
0.3449776377952756
11
1.1336707086614173
21
0.3450441338582677
0
LINE
8
BLACK
6
CONTINUOUS
10
1.1336707086614173
20
0.3450441338582677
11
1.1337426377952755
21
0.345073937007874
0
LINE
8
BLACK
6
CONTINUOUS
10
1.1337426377952755
20
0.345073937007874
11
1.1339906692913386
21
0.3452300393700787
0
LINE
8
BLACK
6
CONTINUOUS
10
1.1339906692913386
20
0.3452300393700787
11
1.1377401968503937
21
0.3471048031496063
0
LINE
8
BLACK
6
CONTINUOUS
10
1.1377401968503937
20
0.3471048031496063
11
1.1382807874015748
21
0.3473116929133858
0
LINE
8
BLACK
6
CONTINUOUS
10
1.1382807874015748
20
0.3473116929133858
11
1.1383866535433071
21
0.3473192125984252
0
LINE
8
BLACK
6
CONTINUOUS
10
1.1383866535433071
20
0.3473192125984252
11
1.1384846456692914
21
0.3473598031496063
0
LINE
8
BLACK
6
CONTINUOUS
10
1.1384846456692914
20
0.3473598031496063
11
1.1390607086614173
21
0.3474165354330709
0
LINE
8
BLACK
6
CONTINUOUS
10
1.1390607086614173
20
0.3474165354330709
11
1.1540588188976377
21
0.3474165354330709
0
LINE
8
BLACK
6
CONTINUOUS
10
1.1540588188976377
20
0.3474165354330709
11
1.1546348818897638
21
0.3473598031496063
0
LINE
8
BLACK
6
CONTINUOUS
10
1.1370602755905512
20
0.3401622834645669
11
1.1358631496062992
21
0.338965157480315
0
LINE
8
BLACK
6
CONTINUOUS
10
1.1358631496062992
20
0.338965157480315
11
1.1345144094488189
21
0.3362676771653543
0
LINE
8
BLACK
6
CONTINUOUS
10
1.1345144094488189
20
0.3362676771653543
11
1.1345144094488189
21
0.3320374803149606
0
LINE
8
BLACK
6
CONTINUOUS
10
1.1345144094488189
20
0.3320374803149606
11
1.1358631496062992
21
0.32934
0
LINE
8
BLACK
6
CONTINUOUS
10
1.1358631496062992
20
0.32934
11
1.1370602755905512
21
0.328142874015748
0
LINE
8
BLACK
6
CONTINUOUS
10
1.1370602755905512
20
0.328142874015748
11
1.1397577559055119
21
0.3267941338582677
0
LINE
8
BLACK
6
CONTINUOUS
10
1.1397577559055119
20
0.3267941338582677
11
1.1511060629921259
21
0.3267941338582677
0
LINE
8
BLACK
6
CONTINUOUS
10
1.1511060629921259
20
0.3267941338582677
11
1.1511060629921259
21
0.3415110236220472
0
LINE
8
BLACK
6
CONTINUOUS
10
1.1511060629921259
20
0.3415110236220472
11
1.1397577559055119
21
0.3415110236220472
0
LINE
8
BLACK
6
CONTINUOUS
10
1.1397577559055119
20
0.3415110236220472
11
1.1370602755905512
21
0.3401622834645669
0
LINE
8
BLACK
6
CONTINUOUS
10
0.4716404724409449
20
0.3624551181102362
11
0.4724551181102362
21
0.3616404724409449
0
LINE
8
BLACK
6
CONTINUOUS
10
0.4724551181102362
20
0.3616404724409449
11
0.4728960236220472
21
0.360576062992126
0
LINE
8
BLACK
6
CONTINUOUS
10
0.4728960236220472
20
0.360576062992126
11
0.4729527559055118
21
0.36
0
LINE
8
BLACK
6
CONTINUOUS
10
0.4729527559055118
20
0.36
11
0.4729527559055118
21
0.3229527559055118
0
LINE
8
BLACK
6
CONTINUOUS
10
0.4729527559055118
20
0.3229527559055118
11
0.5270472440944882
21
0.3229527559055118
0
LINE
8
BLACK
6
CONTINUOUS
10
0.5270472440944882
20
0.3229527559055118
11
0.5270472440944882
21
0.36
0
LINE
8
BLACK
6
CONTINUOUS
10
0.5270472440944882
20
0.36
11
0.5271039763779527
21
0.360576062992126
0
LINE
8
BLACK
6
CONTINUOUS
10
0.5271039763779527
20
0.360576062992126
11
0.5275448818897638
21
0.3616404724409449
0
LINE
8
BLACK
6
CONTINUOUS
10
0.5275448818897638
20
0.3616404724409449
11
0.5283595275590551
21
0.3624551181102362
0
LINE
8
BLACK
6
CONTINUOUS
10
0.5283595275590551
20
0.3624551181102362
11
0.529423937007874
21
0.3628960236220473
0
LINE
8
BLACK
6
CONTINUOUS
10
0.529423937007874
20
0.3628960236220473
11
0.530576062992126
21
0.3628960236220473
0
LINE
8
BLACK
6
CONTINUOUS
10
0.530576062992126
20
0.3628960236220473
11
0.5316404724409449
21
0.3624551181102362
0
LINE
8
BLACK
6
CONTINUOUS
10
0.5316404724409449
20
0.3624551181102362
11
0.5324551181102362
21
0.3616404724409449
0
LINE
8
BLACK
6
CONTINUOUS
10
0.5324551181102362
20
0.3616404724409449
11
0.5328960236220472
21
0.360576062992126
0
LINE
8
BLACK
6
CONTINUOUS
10
0.5328960236220472
20
0.360576062992126
11
0.5329527559055118
21
0.36
0
LINE
8
BLACK
6
CONTINUOUS
10
0.5329527559055118
20
0.36
11
0.5329527559055118
21
0.32
0
LINE
8
BLACK
6
CONTINUOUS
10
0.5329527559055118
20
0.32
11
0.5328960236220472
21
0.319423937007874
0
LINE
8
BLACK
6
CONTINUOUS
10
0.5328960236220472
20
0.319423937007874
11
0.5324551181102362
21
0.3183595275590551
0
LINE
8
BLACK
6
CONTINUOUS
10
0.5324551181102362
20
0.3183595275590551
11
0.5316404724409449
21
0.3175448818897638
0
LINE
8
BLACK
6
CONTINUOUS
10
0.5316404724409449
20
0.3175448818897638
11
0.530576062992126
21
0.3171039763779527
0
LINE
8
BLACK
6
CONTINUOUS
10
0.530576062992126
20
0.3171039763779527
11
0.53
21
0.3170472440944882
0
LINE
8
BLACK
6
CONTINUOUS
10
0.53
20
0.3170472440944882
11
0.47
21
0.3170472440944882
0
LINE
8
BLACK
6
CONTINUOUS
10
0.47
20
0.3170472440944882
11
0.469423937007874
21
0.3171039763779527
0
LINE
8
BLACK
6
CONTINUOUS
10
0.469423937007874
20
0.3171039763779527
11
0.4683595275590551
21
0.3175448818897638
0
LINE
8
BLACK
6
CONTINUOUS
10
0.4683595275590551
20
0.3175448818897638
11
0.4675448818897638
21
0.3183595275590551
0
LINE
8
BLACK
6
CONTINUOUS
10
0.4675448818897638
20
0.3183595275590551
11
0.4671039763779528
21
0.319423937007874
0
LINE
8
BLACK
6
CONTINUOUS
10
0.4671039763779528
20
0.319423937007874
11
0.4670472440944882
21
0.32
0
LINE
8
BLACK
6
CONTINUOUS
10
0.4670472440944882
20
0.32
11
0.4670472440944882
21
0.36
0
LINE
8
BLACK
6
CONTINUOUS
10
0.4670472440944882
20
0.36
11
0.4671039763779528
21
0.360576062992126
0
LINE
8
BLACK
6
CONTINUOUS
10
0.4671039763779528
20
0.360576062992126
11
0.4675448818897638
21
0.3616404724409449
0
LINE
8
BLACK
6
CONTINUOUS
10
0.4675448818897638
20
0.3616404724409449
11
0.4683595275590551
21
0.3624551181102362
0
LINE
8
BLACK
6
CONTINUOUS
10
0.4683595275590551
20
0.3624551181102362
11
0.469423937007874
21
0.3628960236220473
0
LINE
8
BLACK
6
CONTINUOUS
10
0.469423937007874
20
0.3628960236220473
11
0.470576062992126
21
0.3628960236220473
0
LINE
8
BLACK
6
CONTINUOUS
10
0.470576062992126
20
0.3628960236220473
11
0.4716404724409449
21
0.3624551181102362
0
LINE
8
BLACK
6
CONTINUOUS
10
1.0371981102362204
20
0.358344842519685
11
1.0382625196850392
21
0.357903937007874
0
LINE
8
BLACK
6
CONTINUOUS
10
1.0382625196850392
20
0.357903937007874
11
1.0390771653543307
21
0.3570892913385827
0
LINE
8
BLACK
6
CONTINUOUS
10
1.0390771653543307
20
0.3570892913385827
11
1.0395180708661418
21
0.3560248818897638
0
LINE
8
BLACK
6
CONTINUOUS
10
1.0395180708661418
20
0.3560248818897638
11
1.0395180708661418
21
0.3548727559055118
0
LINE
8
BLACK
6
CONTINUOUS
10
1.0395180708661418
20
0.3548727559055118
11
1.0390771653543307
21
0.3538083464566929
0
LINE
8
BLACK
6
CONTINUOUS
10
1.0390771653543307
20
0.3538083464566929
11
1.0382625196850392
21
0.3529937007874016
0
LINE
8
BLACK
6
CONTINUOUS
10
1.0382625196850392
20
0.3529937007874016
11
1.0371981102362204
21
0.3525527952755905
0
LINE
8
BLACK
6
CONTINUOUS
10
1.0371981102362204
20
0.3525527952755905
11
1.0366220472440946
21
0.352496062992126
0
LINE
8
BLACK
6
CONTINUOUS
10
1.0366220472440946
20
0.352496062992126
11
0.9893779527559055
21
0.352496062992126
0
LINE
8
BLACK
6
CONTINUOUS
10
0.9893779527559055
20
0.352496062992126
11
0.9888018897637795
21
0.3525527952755905
0
LINE
8
BLACK
6
CONTINUOUS
10
0.9888018897637795
20
0.3525527952755905
11
0.9877374803149606
21
0.3529937007874016
0
LINE
8
BLACK
6
CONTINUOUS
10
0.9877374803149606
20
0.3529937007874016
11
0.9869228346456693
21
0.3538083464566929
0
LINE
8
BLACK
6
CONTINUOUS
10
0.9869228346456693
20
0.3538083464566929
11
0.9864819291338582
21
0.3548727559055118
0
LINE
8
BLACK
6
CONTINUOUS
10
0.9864819291338582
20
0.3548727559055118
11
0.9864819291338582
21
0.3560248818897638
0
LINE
8
BLACK
6
CONTINUOUS
10
0.9864819291338582
20
0.3560248818897638
11
0.9869228346456693
21
0.3570892913385827
0
LINE
8
BLACK
6
CONTINUOUS
10
0.9869228346456693
20
0.3570892913385827
11
0.9877374803149606
21
0.357903937007874
0
LINE
8
BLACK
6
CONTINUOUS
10
0.9877374803149606
20
0.357903937007874
11
0.9888018897637795
21
0.358344842519685
0
LINE
8
BLACK
6
CONTINUOUS
10
0.9888018897637795
20
0.358344842519685
11
0.9893779527559055
21
0.3584015748031496
0
LINE
8
BLACK
6
CONTINUOUS
10
0.9893779527559055
20
0.3584015748031496
11
1.0366220472440946
21
0.3584015748031496
0
LINE
8
BLACK
6
CONTINUOUS
10
1.0366220472440946
20
0.3584015748031496
11
1.0371981102362204
21
0.358344842519685
0
LINE
8
BLACK
6
CONTINUOUS
10
0.4983762992125984
20
0.3775394094488189
11
0.4985399606299212
21
0.3767166535433071
0
LINE
8
BLACK
6
CONTINUOUS
10
0.4985399606299212
20
0.3767166535433071
11
0.4985399606299212
21
0.3645214173228347
0
LINE
8
BLACK
6
CONTINUOUS
10
0.4985399606299212
20
0.3645214173228347
11
0.4983762992125984
21
0.3636986614173228
0
LINE
8
BLACK
6
CONTINUOUS
10
0.4983762992125984
20
0.3636986614173228
11
0.4972127165354331
21
0.3625350787401574
0
LINE
8
BLACK
6
CONTINUOUS
10
0.4972127165354331
20
0.3625350787401574
11
0.4955672047244095
21
0.3625350787401574
0
LINE
8
BLACK
6
CONTINUOUS
10
0.4955672047244095
20
0.3625350787401574
11
0.4944036220472441
21
0.3636986614173228
0
LINE
8
BLACK
6
CONTINUOUS
10
0.4944036220472441
20
0.3636986614173228
11
0.4942399606299213
21
0.3645214173228347
0
LINE
8
BLACK
6
CONTINUOUS
10
0.4942399606299213
20
0.3645214173228347
11
0.4942399606299213
21
0.371526062992126
0
LINE
8
BLACK
6
CONTINUOUS
10
0.4942399606299213
20
0.371526062992126
11
0.4866531102362205
21
0.3639392125984252
0
LINE
8
BLACK
6
CONTINUOUS
10
0.4866531102362205
20
0.3639392125984252
11
0.4865635039370079
21
0.3638793307086614
0
LINE
8
BLACK
6
CONTINUOUS
10
0.4865635039370079
20
0.3638793307086614
11
0.4865414566929134
21
0.3638352362204724
0
LINE
8
BLACK
6
CONTINUOUS
10
0.4865414566929134
20
0.3638352362204724
11
0.4862422834645669
21
0.3636646850393701
0
LINE
8
BLACK
6
CONTINUOUS
10
0.4862422834645669
20
0.3636646850393701
11
0.4859556299212598
21
0.3634731496062992
0
LINE
8
BLACK
6
CONTINUOUS
10
0.4859556299212598
20
0.3634731496062992
11
0.4859062598425197
21
0.3634731496062992
0
LINE
8
BLACK
6
CONTINUOUS
10
0.4859062598425197
20
0.3634731496062992
11
0.4858126771653543
21
0.3634198031496063
0
LINE
8
BLACK
6
CONTINUOUS
10
0.4858126771653543
20
0.3634198031496063
11
0.4829984251968504
21
0.3624817322834646
0
LINE
8
BLACK
6
CONTINUOUS
10
0.4829984251968504
20
0.3624817322834646
11
0.4826564960629921
21
0.3624386220472441
0
LINE
8
BLACK
6
CONTINUOUS
10
0.4826564960629921
20
0.3624386220472441
11
0.4823185433070866
21
0.3623714173228346
0
LINE
8
BLACK
6
CONTINUOUS
10
0.4823185433070866
20
0.3623714173228346
11
0.4804423622047244
21
0.3623714173228346
0
LINE
8
BLACK
6
CONTINUOUS
10
0.4804423622047244
20
0.3623714173228346
11
0.4803367716535433
21
0.3623924015748031
0
LINE
8
BLACK
6
CONTINUOUS
10
0.4803367716535433
20
0.3623924015748031
11
0.48029
21
0.362376811023622
0
LINE
8
BLACK
6
CONTINUOUS
10
0.48029
20
0.362376811023622
11
0.4799575196850394
21
0.3624678346456693
0
LINE
8
BLACK
6
CONTINUOUS
10
0.4799575196850394
20
0.3624678346456693
11
0.4796196062992126
21
0.3625350787401574
0
LINE
8
BLACK
6
CONTINUOUS
10
0.4796196062992126
20
0.3625350787401574
11
0.4795847244094488
21
0.3625699212598425
0
LINE
8
BLACK
6
CONTINUOUS
10
0.4795847244094488
20
0.3625699212598425
11
0.479480905511811
21
0.3625983858267716
0
LINE
8
BLACK
6
CONTINUOUS
10
0.479480905511811
20
0.3625983858267716
11
0.4776046456692913
21
0.3635364566929134
0
LINE
8
BLACK
6
CONTINUOUS
10
0.4776046456692913
20
0.3635364566929134
11
0.4773323622047244
21
0.3637477559055118
0
LINE
8
BLACK
6
CONTINUOUS
10
0.4773323622047244
20
0.3637477559055118
11
0.4770458267716535
21
0.3639392519685039
0
LINE
8
BLACK
6
CONTINUOUS
10
0.4770458267716535
20
0.3639392519685039
11
0.4761077559055118
21
0.3648773622047244
0
LINE
8
BLACK
6
CONTINUOUS
10
0.4761077559055118
20
0.3648773622047244
11
0.4759164566929134
21
0.3651636614173228
0
LINE
8
BLACK
6
CONTINUOUS
10
0.4759164566929134
20
0.3651636614173228
11
0.4757050393700787
21
0.365436062992126
0
LINE
8
BLACK
6
CONTINUOUS
10
0.4757050393700787
20
0.365436062992126
11
0.474766968503937
21
0.3673122440944882
0
LINE
8
BLACK
6
CONTINUOUS
10
0.474766968503937
20
0.3673122440944882
11
0.4747385039370078
21
0.3674161023622047
0
LINE
8
BLACK
6
CONTINUOUS
10
0.4747385039370078
20
0.3674161023622047
11
0.4747036220472441
21
0.3674510236220472
0
LINE
8
BLACK
6
CONTINUOUS
10
0.4747036220472441
20
0.3674510236220472
11
0.4746363385826772
21
0.3677891732283464
0
LINE
8
BLACK
6
CONTINUOUS
10
0.4746363385826772
20
0.3677891732283464
11
0.4745453937007874
21
0.3681213385826771
0
LINE
8
BLACK
6
CONTINUOUS
10
0.4745453937007874
20
0.3681213385826771
11
0.4745609448818898
21
0.3681680708661417
0
LINE
8
BLACK
6
CONTINUOUS
10
0.4745609448818898
20
0.3681680708661417
11
0.4745399606299213
21
0.368273779527559
0
LINE
8
BLACK
6
CONTINUOUS
10
0.4745399606299213
20
0.368273779527559
11
0.4745399606299213
21
0.3729642519685039
0
LINE
8
BLACK
6
CONTINUOUS
10
0.4745399606299213
20
0.3729642519685039
11
0.4745609448818898
21
0.3730699212598425
0
LINE
8
BLACK
6
CONTINUOUS
10
0.4745609448818898
20
0.3730699212598425
11
0.4745453937007874
21
0.3731166929133858
0
LINE
8
BLACK
6
CONTINUOUS
10
0.4745453937007874
20
0.3731166929133858
11
0.4746363385826772
21
0.3734488188976378
0
LINE
8
BLACK
6
CONTINUOUS
10
0.4746363385826772
20
0.3734488188976378
11
0.4747036220472441
21
0.3737870078740158
0
LINE
8
BLACK
6
CONTINUOUS
10
0.4747036220472441
20
0.3737870078740158
11
0.4747385039370078
21
0.3738218897637795
0
LINE
8
BLACK
6
CONTINUOUS
10
0.4747385039370078
20
0.3738218897637795
11
0.474766968503937
21
0.3739257874015748
0
LINE
8
BLACK
6
CONTINUOUS
10
0.474766968503937
20
0.3739257874015748
11
0.4757050393700787
21
0.375801968503937
0
LINE
8
BLACK
6
CONTINUOUS
10
0.4757050393700787
20
0.375801968503937
11
0.4759164566929134
21
0.3760743307086614
0
LINE
8
BLACK
6
CONTINUOUS
10
0.4759164566929134
20
0.3760743307086614
11
0.4761077559055118
21
0.3763606692913386
0
LINE
8
BLACK
6
CONTINUOUS
10
0.4761077559055118
20
0.3763606692913386
11
0.4770458267716535
21
0.377298779527559
0
LINE
8
BLACK
6
CONTINUOUS
10
0.4770458267716535
20
0.377298779527559
11
0.4777433070866142
21
0.377764842519685
0
LINE
8
BLACK
6
CONTINUOUS
10
0.4777433070866142
20
0.377764842519685
11
0.4793888582677165
21
0.3777648818897638
0
LINE
8
BLACK
6
CONTINUOUS
10
0.4793888582677165
20
0.3777648818897638
11
0.4805524409448819
21
0.3766013385826771
0
LINE
8
BLACK
6
CONTINUOUS
10
0.4805524409448819
20
0.3766013385826771
11
0.4805524803149606
21
0.3749557874015748
0
LINE
8
BLACK
6
CONTINUOUS
10
0.4805524803149606
20
0.3749557874015748
11
0.4800864566929134
21
0.3742583070866142
0
LINE
8
BLACK
6
CONTINUOUS
10
0.4800864566929134
20
0.3742583070866142
11
0.4793950393700787
21
0.3735668503937008
0
LINE
8
BLACK
6
CONTINUOUS
10
0.4793950393700787
20
0.3735668503937008
11
0.4788399606299212
21
0.3724566929133858
0
LINE
8
BLACK
6
CONTINUOUS
10
0.4788399606299212
20
0.3724566929133858
11
0.4788399606299212
21
0.3687812992125984
0
LINE
8
BLACK
6
CONTINUOUS
10
0.4788399606299212
20
0.3687812992125984
11
0.4793950393700787
21
0.3676711417322834
0
LINE
8
BLACK
6
CONTINUOUS
10
0.4793950393700787
20
0.3676711417322834
11
0.4798396850393701
21
0.3672264960629921
0
LINE
8
BLACK
6
CONTINUOUS
10
0.4798396850393701
20
0.3672264960629921
11
0.4809499212598425
21
0.3666714173228346
0
LINE
8
BLACK
6
CONTINUOUS
10
0.4809499212598425
20
0.3666714173228346
11
0.4819696062992126
21
0.3666714173228346
0
LINE
8
BLACK
6
CONTINUOUS
10
0.4819696062992126
20
0.3666714173228346
11
0.4839714566929134
21
0.3673386614173229
0
LINE
8
BLACK
6
CONTINUOUS
10
0.4839714566929134
20
0.3673386614173229
11
0.4948696850393701
21
0.3782369291338583
0
LINE
8
BLACK
6
CONTINUOUS
10
0.4948696850393701
20
0.3782369291338583
11
0.4955671653543307
21
0.3787029921259842
0
LINE
8
BLACK
6
CONTINUOUS
10
0.4955671653543307
20
0.3787029921259842
11
0.4972127165354331
21
0.3787029921259842
0
LINE
8
BLACK
6
CONTINUOUS
10
0.4972127165354331
20
0.3787029921259842
11
0.4983762992125984
21
0.3775394094488189
0
LINE
8
BLACK
6
CONTINUOUS
10
1.0566404724409448
20
0.652140157480315
11
1.0574551181102363
21
0.6513255118110236
0
LINE
8
BLACK
6
CONTINUOUS
10
1.0574551181102363
20
0.6513255118110236
11
1.0578960236220472
21
0.6502611023622047
0
LINE
8
BLACK
6
CONTINUOUS
10
1.0578960236220472
20
0.6502611023622047
11
1.0579527559055117
21
0.6496850393700787
0
LINE
8
BLACK
6
CONTINUOUS
10
1.0579527559055117
20
0.6496850393700787
11
1.0579527559055117
21
0.6376377952755905
0
LINE
8
BLACK
6
CONTINUOUS
10
1.0579527559055117
20
0.6376377952755905
11
1.0700000000000001
21
0.6376377952755905
0
LINE
8
BLACK
6
CONTINUOUS
10
1.0700000000000001
20
0.6376377952755905
11
1.0705760629921259
21
0.637581062992126
0
LINE
8
BLACK
6
CONTINUOUS
10
1.0705760629921259
20
0.637581062992126
11
1.071640472440945
21
0.6371401574803149
0
LINE
8
BLACK
6
CONTINUOUS
10
1.071640472440945
20
0.6371401574803149
11
1.0724551181102362
21
0.6363255118110236
0
LINE
8
BLACK
6
CONTINUOUS
10
1.0724551181102362
20
0.6363255118110236
11
1.0728960236220473
21
0.6352611023622047
0
LINE
8
BLACK
6
CONTINUOUS
10
1.0728960236220473
20
0.6352611023622047
11
1.0728960236220473
21
0.6341089763779527
0
LINE
8
BLACK
6
CONTINUOUS
10
1.0728960236220473
20
0.6341089763779527
11
1.0724551181102362
21
0.6330445669291338
0
LINE
8
BLACK
6
CONTINUOUS
10
1.0724551181102362
20
0.6330445669291338
11
1.071640472440945
21
0.6322299212598425
0
LINE
8
BLACK
6
CONTINUOUS
10
1.071640472440945
20
0.6322299212598425
11
1.0705760629921259
21
0.6317890157480315
0
LINE
8
BLACK
6
CONTINUOUS
10
1.0705760629921259
20
0.6317890157480315
11
1.0700000000000001
21
0.6317322834645669
0
LINE
8
BLACK
6
CONTINUOUS
10
1.0700000000000001
20
0.6317322834645669
11
1.0579527559055117
21
0.6317322834645669
0
LINE
8
BLACK
6
CONTINUOUS
10
1.0579527559055117
20
0.6317322834645669
11
1.0579527559055117
21
0.6196850393700787
0
LINE
8
BLACK
6
CONTINUOUS
10
1.0579527559055117
20
0.6196850393700787
11
1.0578960236220472
21
0.6191089763779527
0
LINE
8
BLACK
6
CONTINUOUS
10
1.0578960236220472
20
0.6191089763779527
11
1.0574551181102363
21
0.6180445669291339
0
LINE
8
BLACK
6
CONTINUOUS
10
1.0574551181102363
20
0.6180445669291339
11
1.0566404724409448
21
0.6172299212598426
0
LINE
8
BLACK
6
CONTINUOUS
10
1.0566404724409448
20
0.6172299212598426
11
1.055576062992126
21
0.6167890157480315
0
LINE
8
BLACK
6
CONTINUOUS
10
1.055576062992126
20
0.6167890157480315
11
1.0544239370078741
21
0.6167890157480315
0
LINE
8
BLACK
6
CONTINUOUS
10
1.0544239370078741
20
0.6167890157480315
11
1.053359527559055
21
0.6172299212598426
0
LINE
8
BLACK
6
CONTINUOUS
10
1.053359527559055
20
0.6172299212598426
11
1.0525448818897638
21
0.6180445669291339
0
LINE
8
BLACK
6
CONTINUOUS
10
1.0525448818897638
20
0.6180445669291339
11
1.0521039763779527
21
0.6191089763779527
0
LINE
8
BLACK
6
CONTINUOUS
10
1.0521039763779527
20
0.6191089763779527
11
1.0520472440944881
21
0.6196850393700787
0
LINE
8
BLACK
6
CONTINUOUS
10
1.0520472440944881
20
0.6196850393700787
11
1.0520472440944881
21
0.6317322834645669
0
LINE
8
BLACK
6
CONTINUOUS
10
1.0520472440944881
20
0.6317322834645669
11
1.04
21
0.6317322834645669
0
LINE
8
BLACK
6
CONTINUOUS
10
1.04
20
0.6317322834645669
11
1.0394239370078739
21
0.6317890157480315
0
LINE
8
BLACK
6
CONTINUOUS
10
1.0394239370078739
20
0.6317890157480315
11
1.0383595275590551
21
0.6322299212598425
0
LINE
8
BLACK
6
CONTINUOUS
10
1.0383595275590551
20
0.6322299212598425
11
1.0375448818897637
21
0.6330445669291338
0
LINE
8
BLACK
6
CONTINUOUS
10
1.0375448818897637
20
0.6330445669291338
11
1.0371039763779528
21
0.6341089763779527
0
LINE
8
BLACK
6
CONTINUOUS
10
1.0371039763779528
20
0.6341089763779527
11
1.0371039763779528
21
0.6352611023622047
0
LINE
8
BLACK
6
CONTINUOUS
10
1.0371039763779528
20
0.6352611023622047
11
1.0375448818897637
21
0.6363255118110236
0
LINE
8
BLACK
6
CONTINUOUS
10
1.0375448818897637
20
0.6363255118110236
11
1.0383595275590551
21
0.6371401574803149
0
LINE
8
BLACK
6
CONTINUOUS
10
1.0383595275590551
20
0.6371401574803149
11
1.0394239370078739
21
0.637581062992126
0
LINE
8
BLACK
6
CONTINUOUS
10
1.0394239370078739
20
0.637581062992126
11
1.04
21
0.6376377952755905
0
LINE
8
BLACK
6
CONTINUOUS
10
1.04
20
0.6376377952755905
11
1.0520472440944881
21
0.6376377952755905
0
LINE
8
BLACK
6
CONTINUOUS
10
1.0520472440944881
20
0.6376377952755905
11
1.0520472440944881
21
0.6496850393700787
0
LINE
8
BLACK
6
CONTINUOUS
10
1.0520472440944881
20
0.6496850393700787
11
1.0521039763779527
21
0.6502611023622047
0
LINE
8
BLACK
6
CONTINUOUS
10
1.0521039763779527
20
0.6502611023622047
11
1.0525448818897638
21
0.6513255118110236
0
LINE
8
BLACK
6
CONTINUOUS
10
1.0525448818897638
20
0.6513255118110236
11
1.053359527559055
21
0.652140157480315
0
LINE
8
BLACK
6
CONTINUOUS
10
1.053359527559055
20
0.652140157480315
11
1.0544239370078741
21
0.6525810629921259
0
LINE
8
BLACK
6
CONTINUOUS
10
1.0544239370078741
20
0.6525810629921259
11
1.055576062992126
21
0.6525810629921259
0
LINE
8
BLACK
6
CONTINUOUS
10
1.055576062992126
20
0.6525810629921259
11
1.0566404724409448
21
0.652140157480315
0
LINE
8
BLACK
6
CONTINUOUS
10
1.1219404724409447
20
0.8984551181102362
11
1.1227551181102362
21
0.8976404724409449
0
LINE
8
BLACK
6
CONTINUOUS
10
1.1227551181102362
20
0.8976404724409449
11
1.1231960236220473
21
0.896576062992126
0
LINE
8
BLACK
6
CONTINUOUS
10
1.1231960236220473
20
0.896576062992126
11
1.1232527559055119
21
0.896
0
LINE
8
BLACK
6
CONTINUOUS
10
1.1232527559055119
20
0.896
11
1.1232527559055119
21
0.8935433070866141
0
LINE
8
BLACK
6
CONTINUOUS
10
1.1232527559055119
20
0.8935433070866141
11
1.4759055118110236
21
0.8935433070866141
0
LINE
8
BLACK
6
CONTINUOUS
10
1.4759055118110236
20
0.8935433070866141
11
1.4764815748031497
21
0.8934865748031496
0
LINE
8
BLACK
6
CONTINUOUS
10
1.4764815748031497
20
0.8934865748031496
11
1.4775459842519685
21
0.8930456692913386
0
LINE
8
BLACK
6
CONTINUOUS
10
1.4775459842519685
20
0.8930456692913386
11
1.4783606299212597
21
0.8922310236220472
0
LINE
8
BLACK
6
CONTINUOUS
10
1.4783606299212597
20
0.8922310236220472
11
1.4788015354330708
21
0.8911666141732283
0
LINE
8
BLACK
6
CONTINUOUS
10
1.4788015354330708
20
0.8911666141732283
11
1.4788582677165354
21
0.8905905511811023
0
LINE
8
BLACK
6
CONTINUOUS
10
1.4788582677165354
20
0.8905905511811023
11
1.4788582677165354
21
0.3787795275590551
0
LINE
8
BLACK
6
CONTINUOUS
10
1.4788582677165354
20
0.3787795275590551
11
1.4788015354330708
21
0.3782034645669291
0
LINE
8
BLACK
6
CONTINUOUS
10
1.4788015354330708
20
0.3782034645669291
11
1.4783606299212597
21
0.3771390551181102
0
LINE
8
BLACK
6
CONTINUOUS
10
1.4783606299212597
20
0.3771390551181102
11
1.4775459842519685
21
0.3763244094488189
0
LINE
8
BLACK
6
CONTINUOUS
10
1.4775459842519685
20
0.3763244094488189
11
1.4764815748031497
21
0.3758835039370079
0
LINE
8
BLACK
6
CONTINUOUS
10
1.4764815748031497
20
0.3758835039370079
11
1.4759055118110236
21
0.3758267716535433
0
LINE
8
BLACK
6
CONTINUOUS
10
1.4759055118110236
20
0.3758267716535433
11
0.9640944881889764
21
0.3758267716535433
0
LINE
8
BLACK
6
CONTINUOUS
10
0.9640944881889764
20
0.3758267716535433
11
0.9635184251968504
21
0.3758835039370079
0
LINE
8
BLACK
6
CONTINUOUS
10
0.9635184251968504
20
0.3758835039370079
11
0.9624540157480315
21
0.3763244094488189
0
LINE
8
BLACK
6
CONTINUOUS
10
0.9624540157480315
20
0.3763244094488189
11
0.9616393700787401
21
0.3771390551181102
0
LINE
8
BLACK
6
CONTINUOUS
10
0.9616393700787401
20
0.3771390551181102
11
0.9611984645669291
21
0.3782034645669291
0
LINE
8
BLACK
6
CONTINUOUS
10
0.9611984645669291
20
0.3782034645669291
11
0.9611417322834646
21
0.3787795275590551
0
LINE
8
BLACK
6
CONTINUOUS
10
0.9611417322834646
20
0.3787795275590551
11
0.9611417322834646
21
0.8905905511811023
0
LINE
8
BLACK
6
CONTINUOUS
10
0.9611417322834646
20
0.8905905511811023
11
0.9611984645669291
21
0.8911666141732283
0
LINE
8
BLACK
6
CONTINUOUS
10
0.9611984645669291
20
0.8911666141732283
11
0.9616393700787401
21
0.8922310236220472
0
LINE
8
BLACK
6
CONTINUOUS
10
0.9616393700787401
20
0.8922310236220472
11
0.9624540157480315
21
0.8930456692913386
0
LINE
8
BLACK
6
CONTINUOUS
10
0.9624540157480315
20
0.8930456692913386
11
0.9635184251968504
21
0.8934865748031496
0
LINE
8
BLACK
6
CONTINUOUS
10
0.9635184251968504
20
0.8934865748031496
11
0.9640944881889764
21
0.8935433070866141
0
LINE
8
BLACK
6
CONTINUOUS
10
0.9640944881889764
20
0.8935433070866141
11
1.1173472440944883
21
0.8935433070866141
0
LINE
8
BLACK
6
CONTINUOUS
10
1.1173472440944883
20
0.8935433070866141
11
1.1173472440944883
21
0.896
0
LINE
8
BLACK
6
CONTINUOUS
10
1.1173472440944883
20
0.896
11
1.1174039763779526
21
0.896576062992126
0
LINE
8
BLACK
6
CONTINUOUS
10
1.1174039763779526
20
0.896576062992126
11
1.1178448818897637
21
0.8976404724409449
0
LINE
8
BLACK
6
CONTINUOUS
10
1.1178448818897637
20
0.8976404724409449
11
1.1186595275590552
21
0.8984551181102362
0
LINE
8
BLACK
6
CONTINUOUS
10
1.1186595275590552
20
0.8984551181102362
11
1.119723937007874
21
0.8988960236220472
0
LINE
8
BLACK
6
CONTINUOUS
10
1.119723937007874
20
0.8988960236220472
11
1.1208760629921259
21
0.8988960236220472
0
LINE
8
BLACK
6
CONTINUOUS
10
1.1208760629921259
20
0.8988960236220472
11
1.1219404724409447
21
0.8984551181102362
0
LINE
8
BLACK
6
CONTINUOUS
10
1.1232527559055119
20
0.8876377952755905
11
1.1232527559055119
21
0.8753527559055118
0
LINE
8
BLACK
6
CONTINUOUS
10
1.1232527559055119
20
0.8753527559055118
11
1.1399999999999999
21
0.8753527559055118
0
LINE
8
BLACK
6
CONTINUOUS
10
1.1399999999999999
20
0.8753527559055118
11
1.140576062992126
21
0.8752960236220472
0
LINE
8
BLACK
6
CONTINUOUS
10
1.140576062992126
20
0.8752960236220472
11
1.1416404724409448
21
0.8748551181102362
0
LINE
8
BLACK
6
CONTINUOUS
10
1.1416404724409448
20
0.8748551181102362
11
1.1424551181102363
21
0.8740404724409448
0
LINE
8
BLACK
6
CONTINUOUS
10
1.1424551181102363
20
0.8740404724409448
11
1.1428960236220471
21
0.8729760629921259
0
LINE
8
BLACK
6
CONTINUOUS
10
1.1428960236220471
20
0.8729760629921259
11
1.1428960236220471
21
0.871823937007874
0
LINE
8
BLACK
6
CONTINUOUS
10
1.1428960236220471
20
0.871823937007874
11
1.1424551181102363
21
0.8707595275590551
0
LINE
8
BLACK
6
CONTINUOUS
10
1.1424551181102363
20
0.8707595275590551
11
1.1416404724409448
21
0.8699448818897637
0
LINE
8
BLACK
6
CONTINUOUS
10
1.1416404724409448
20
0.8699448818897637
11
1.140576062992126
21
0.8695039763779527
0
LINE
8
BLACK
6
CONTINUOUS
10
1.140576062992126
20
0.8695039763779527
11
1.1399999999999999
21
0.8694472440944881
0
LINE
8
BLACK
6
CONTINUOUS
10
1.1399999999999999
20
0.8694472440944881
11
1.1232527559055119
21
0.8694472440944881
0
LINE
8
BLACK
6
CONTINUOUS
10
1.1232527559055119
20
0.8694472440944881
11
1.1232527559055119
21
0.8488
0
LINE
8
BLACK
6
CONTINUOUS
10
1.1232527559055119
20
0.8488
11
1.1231960236220473
21
0.848223937007874
0
LINE
8
BLACK
6
CONTINUOUS
10
1.1231960236220473
20
0.848223937007874
11
1.1227551181102362
21
0.8471595275590551
0
LINE
8
BLACK
6
CONTINUOUS
10
1.1227551181102362
20
0.8471595275590551
11
1.1219404724409447
21
0.8463448818897638
0
LINE
8
BLACK
6
CONTINUOUS
10
1.1219404724409447
20
0.8463448818897638
11
1.1208760629921259
21
0.8459039763779528
0
LINE
8
BLACK
6
CONTINUOUS
10
1.1208760629921259
20
0.8459039763779528
11
1.119723937007874
21
0.8459039763779528
0
LINE
8
BLACK
6
CONTINUOUS
10
1.119723937007874
20
0.8459039763779528
11
1.1186595275590552
21
0.8463448818897638
0
LINE
8
BLACK
6
CONTINUOUS
10
1.1186595275590552
20
0.8463448818897638
11
1.1178448818897637
21
0.8471595275590551
0
LINE
8
BLACK
6
CONTINUOUS
10
1.1178448818897637
20
0.8471595275590551
11
1.1174039763779526
21
0.848223937007874
0
LINE
8
BLACK
6
CONTINUOUS
10
1.1174039763779526
20
0.848223937007874
11
1.1173472440944883
21
0.8488
0
LINE
8
BLACK
6
CONTINUOUS
10
1.1173472440944883
20
0.8488
11
1.1173472440944883
21
0.8694472440944881
0
LINE
8
BLACK
6
CONTINUOUS
10
1.1173472440944883
20
0.8694472440944881
11
1.0967
21
0.8694472440944881
0
LINE
8
BLACK
6
CONTINUOUS
10
1.0967
20
0.8694472440944881
11
1.0961239370078739
21
0.8695039763779527
0
LINE
8
BLACK
6
CONTINUOUS
10
1.0961239370078739
20
0.8695039763779527
11
1.0950595275590551
21
0.8699448818897637
0
LINE
8
BLACK
6
CONTINUOUS
10
1.0950595275590551
20
0.8699448818897637
11
1.0942448818897637
21
0.8707595275590551
0
LINE
8
BLACK
6
CONTINUOUS
10
1.0942448818897637
20
0.8707595275590551
11
1.0938039763779528
21
0.871823937007874
0
LINE
8
BLACK
6
CONTINUOUS
10
1.0938039763779528
20
0.871823937007874
11
1.0938039763779528
21
0.8729760629921259
0
LINE
8
BLACK
6
CONTINUOUS
10
1.0938039763779528
20
0.8729760629921259
11
1.0942448818897637
21
0.8740404724409448
0
LINE
8
BLACK
6
CONTINUOUS
10
1.0942448818897637
20
0.8740404724409448
11
1.0950595275590551
21
0.8748551181102362
0
LINE
8
BLACK
6
CONTINUOUS
10
1.0950595275590551
20
0.8748551181102362
11
1.0961239370078739
21
0.8752960236220472
0
LINE
8
BLACK
6
CONTINUOUS
10
1.0961239370078739
20
0.8752960236220472
11
1.0967
21
0.8753527559055118
0
LINE
8
BLACK
6
CONTINUOUS
10
1.0967
20
0.8753527559055118
11
1.1173472440944883
21
0.8753527559055118
0
LINE
8
BLACK
6
CONTINUOUS
10
1.1173472440944883
20
0.8753527559055118
11
1.1173472440944883
21
0.8876377952755905
0
LINE
8
BLACK
6
CONTINUOUS
10
1.1173472440944883
20
0.8876377952755905
11
0.9670472440944882
21
0.8876377952755905
0
LINE
8
BLACK
6
CONTINUOUS
10
0.9670472440944882
20
0.8876377952755905
11
0.9670472440944882
21
0.3817322834645669
0
LINE
8
BLACK
6
CONTINUOUS
10
0.9670472440944882
20
0.3817322834645669
11
1.4729527559055118
21
0.3817322834645669
0
LINE
8
BLACK
6
CONTINUOUS
10
1.4729527559055118
20
0.3817322834645669
11
1.4729527559055118
21
0.8876377952755905
0
LINE
8
BLACK
6
CONTINUOUS
10
1.4729527559055118
20
0.8876377952755905
11
1.1232527559055119
21
0.8876377952755905
0
LINE
8
BLACK
6
CONTINUOUS
10
0.4882055511811024
20
0.3975771259842519
11
0.4884685826771654
21
0.3975643307086614
0
LINE
8
BLACK
6
CONTINUOUS
10
0.4884685826771654
20
0.3975643307086614
11
0.4922209448818898
21
0.3966262598425197
0
LINE
8
BLACK
6
CONTINUOUS
10
0.4922209448818898
20
0.3966262598425197
11
0.4924338976377953
21
0.3965256299212598
0
LINE
8
BLACK
6
CONTINUOUS
10
0.4924338976377953
20
0.3965256299212598
11
0.4926609842519685
21
0.3964634645669291
0
LINE
8
BLACK
6
CONTINUOUS
10
0.4926609842519685
20
0.3964634645669291
11
0.4945371653543307
21
0.3955253937007874
0
LINE
8
BLACK
6
CONTINUOUS
10
0.4945371653543307
20
0.3955253937007874
11
0.4948092913385826
21
0.3953141732283464
0
LINE
8
BLACK
6
CONTINUOUS
10
0.4948092913385826
20
0.3953141732283464
11
0.4950959448818897
21
0.3951226771653543
0
LINE
8
BLACK
6
CONTINUOUS
10
0.4950959448818897
20
0.3951226771653543
11
0.4969721653543307
21
0.3932464960629921
0
LINE
8
BLACK
6
CONTINUOUS
10
0.4969721653543307
20
0.3932464960629921
11
0.4970320078740157
21
0.3931568897637795
0
LINE
8
BLACK
6
CONTINUOUS
10
0.4970320078740157
20
0.3931568897637795
11
0.4970761417322834
21
0.3931348425196851
0
LINE
8
BLACK
6
CONTINUOUS
10
0.4970761417322834
20
0.3931348425196851
11
0.4972467322834646
21
0.3928355118110236
0
LINE
8
BLACK
6
CONTINUOUS
10
0.4972467322834646
20
0.3928355118110236
11
0.4974382283464567
21
0.3925489763779528
0
LINE
8
BLACK
6
CONTINUOUS
10
0.4974382283464567
20
0.3925489763779528
11
0.4974382283464567
21
0.3924996456692914
0
LINE
8
BLACK
6
CONTINUOUS
10
0.4974382283464567
20
0.3924996456692914
11
0.4974915748031496
21
0.392406062992126
0
LINE
8
BLACK
6
CONTINUOUS
10
0.4974915748031496
20
0.392406062992126
11
0.4984296456692913
21
0.3895917716535433
0
LINE
8
BLACK
6
CONTINUOUS
10
0.4984296456692913
20
0.3895917716535433
11
0.4984727165354331
21
0.389249842519685
0
LINE
8
BLACK
6
CONTINUOUS
10
0.4984727165354331
20
0.389249842519685
11
0.4985399606299212
21
0.3889118897637795
0
LINE
8
BLACK
6
CONTINUOUS
10
0.4985399606299212
20
0.3889118897637795
11
0.4985399606299212
21
0.3870356692913386
0
LINE
8
BLACK
6
CONTINUOUS
10
0.4985399606299212
20
0.3870356692913386
11
0.4984727559055118
21
0.386697874015748
0
LINE
8
BLACK
6
CONTINUOUS
10
0.4984727559055118
20
0.386697874015748
11
0.4984296456692913
21
0.3863557874015748
0
LINE
8
BLACK
6
CONTINUOUS
10
0.4984296456692913
20
0.3863557874015748
11
0.4974915748031496
21
0.3835415354330708
0
LINE
8
BLACK
6
CONTINUOUS
10
0.4974915748031496
20
0.3835415354330708
11
0.4974382283464567
21
0.3834479133858268
0
LINE
8
BLACK
6
CONTINUOUS
10
0.4974382283464567
20
0.3834479133858268
11
0.4974382283464567
21
0.3833986614173228
0
LINE
8
BLACK
6
CONTINUOUS
10
0.4974382283464567
20
0.3833986614173228
11
0.4972468897637795
21
0.3831123228346456
0
LINE
8
BLACK
6
CONTINUOUS
10
0.4972468897637795
20
0.3831123228346456
11
0.4970761417322834
21
0.3828127559055118
0
LINE
8
BLACK
6
CONTINUOUS
10
0.4970761417322834
20
0.3828127559055118
11
0.497031968503937
21
0.3827906692913386
0
LINE
8
BLACK
6
CONTINUOUS
10
0.497031968503937
20
0.3827906692913386
11
0.4969721653543307
21
0.3827011417322835
0
LINE
8
BLACK
6
CONTINUOUS
10
0.4969721653543307
20
0.3827011417322835
11
0.4960340551181102
21
0.381763031496063
0
LINE
8
BLACK
6
CONTINUOUS
10
0.4960340551181102
20
0.381763031496063
11
0.4953365748031496
21
0.381296968503937
0
LINE
8
BLACK
6
CONTINUOUS
10
0.4953365748031496
20
0.381296968503937
11
0.4936909842519685
21
0.381296968503937
0
LINE
8
BLACK
6
CONTINUOUS
10
0.4936909842519685
20
0.381296968503937
11
0.4925274409448819
21
0.3824605118110236
0
LINE
8
BLACK
6
CONTINUOUS
10
0.4925274409448819
20
0.3824605118110236
11
0.4925274409448819
21
0.3841061023622047
0
LINE
8
BLACK
6
CONTINUOUS
10
0.4925274409448819
20
0.3841061023622047
11
0.4929935039370079
21
0.3848035826771654
0
LINE
8
BLACK
6
CONTINUOUS
10
0.4929935039370079
20
0.3848035826771654
11
0.4935726771653543
21
0.3853827559055118
0
LINE
8
BLACK
6
CONTINUOUS
10
0.4935726771653543
20
0.3853827559055118
11
0.4942399606299213
21
0.3873845669291339
0
LINE
8
BLACK
6
CONTINUOUS
10
0.4942399606299213
20
0.3873845669291339
11
0.4942399606299213
21
0.3885629921259842
0
LINE
8
BLACK
6
CONTINUOUS
10
0.4942399606299213
20
0.3885629921259842
11
0.4935726771653543
21
0.3905648031496063
0
LINE
8
BLACK
6
CONTINUOUS
10
0.4935726771653543
20
0.3905648031496063
11
0.4923020472440945
21
0.3918353543307087
0
LINE
8
BLACK
6
CONTINUOUS
10
0.4923020472440945
20
0.3918353543307087
11
0.4909490157480315
21
0.3925118897637795
0
LINE
8
BLACK
6
CONTINUOUS
10
0.4909490157480315
20
0.3925118897637795
11
0.4876825196850393
21
0.3933285433070866
0
LINE
8
BLACK
6
CONTINUOUS
10
0.4876825196850393
20
0.3933285433070866
11
0.4853975984251969
21
0.3933285433070866
0
LINE
8
BLACK
6
CONTINUOUS
10
0.4853975984251969
20
0.3933285433070866
11
0.482130905511811
21
0.3925118897637795
0
LINE
8
BLACK
6
CONTINUOUS
10
0.482130905511811
20
0.3925118897637795
11
0.4807777559055118
21
0.3918353149606299
0
LINE
8
BLACK
6
CONTINUOUS
10
0.4807777559055118
20
0.3918353149606299
11
0.4795072440944882
21
0.3905648031496063
0
LINE
8
BLACK
6
CONTINUOUS
10
0.4795072440944882
20
0.3905648031496063
11
0.4788399606299212
21
0.3885629133858268
0
LINE
8
BLACK
6
CONTINUOUS
10
0.4788399606299212
20
0.3885629133858268
11
0.4788399606299212
21
0.3873845275590551
0
LINE
8
BLACK
6
CONTINUOUS
10
0.4788399606299212
20
0.3873845275590551
11
0.4795072047244094
21
0.3853827952755906
0
LINE
8
BLACK
6
CONTINUOUS
10
0.4795072047244094
20
0.3853827952755906
11
0.4800864566929134
21
0.3848035433070866
0
LINE
8
BLACK
6
CONTINUOUS
10
0.4800864566929134
20
0.3848035433070866
11
0.4805524803149606
21
0.384106062992126
0
LINE
8
BLACK
6
CONTINUOUS
10
0.4805524803149606
20
0.384106062992126
11
0.4805524409448819
21
0.3824605118110236
0
LINE
8
BLACK
6
CONTINUOUS
10
0.4805524409448819
20
0.3824605118110236
11
0.4793888582677165
21
0.381296968503937
0
LINE
8
BLACK
6
CONTINUOUS
10
0.4793888582677165
20
0.381296968503937
11
0.4777433070866142
21
0.3812970078740157
0
LINE
8
BLACK
6
CONTINUOUS
10
0.4777433070866142
20
0.3812970078740157
11
0.4770458267716535
21
0.3817630708661417
0
LINE
8
BLACK
6
CONTINUOUS
10
0.4770458267716535
20
0.3817630708661417
11
0.4761077559055118
21
0.3827011811023622
0
LINE
8
BLACK
6
CONTINUOUS
10
0.4761077559055118
20
0.3827011811023622
11
0.4760479527559055
21
0.3827906299212598
0
LINE
8
BLACK
6
CONTINUOUS
10
0.4760479527559055
20
0.3827906299212598
11
0.4760038582677165
21
0.3828127165354331
0
LINE
8
BLACK
6
CONTINUOUS
10
0.4760038582677165
20
0.3828127165354331
11
0.4758330708661417
21
0.3831122440944882
0
LINE
8
BLACK
6
CONTINUOUS
10
0.4758330708661417
20
0.3831122440944882
11
0.4756417322834646
21
0.3833987007874016
0
LINE
8
BLACK
6
CONTINUOUS
10
0.4756417322834646
20
0.3833987007874016
11
0.4756417322834646
21
0.3834479527559055
0
LINE
8
BLACK
6
CONTINUOUS
10
0.4756417322834646
20
0.3834479527559055
11
0.4755884251968504
21
0.3835414960629921
0
LINE
8
BLACK
6
CONTINUOUS
10
0.4755884251968504
20
0.3835414960629921
11
0.4746503149606299
21
0.386355748031496
0
LINE
8
BLACK
6
CONTINUOUS
10
0.4746503149606299
20
0.386355748031496
11
0.4746072047244094
21
0.3866974409448819
0
LINE
8
BLACK
6
CONTINUOUS
10
0.4746072047244094
20
0.3866974409448819
11
0.4745399606299213
21
0.3870356692913386
0
LINE
8
BLACK
6
CONTINUOUS
10
0.4745399606299213
20
0.3870356692913386
11
0.4745399606299213
21
0.3889118897637795
0
LINE
8
BLACK
6
CONTINUOUS
10
0.4745399606299213
20
0.3889118897637795
11
0.4746071653543307
21
0.389249842519685
0
LINE
8
BLACK
6
CONTINUOUS
10
0.4746071653543307
20
0.389249842519685
11
0.4746502755905512
21
0.3895917716535433
0
LINE
8
BLACK
6
CONTINUOUS
10
0.4746502755905512
20
0.3895917716535433
11
0.4755884251968504
21
0.3924061023622047
0
LINE
8
BLACK
6
CONTINUOUS
10
0.4755884251968504
20
0.3924061023622047
11
0.4756417322834646
21
0.3924996062992126
0
LINE
8
BLACK
6
CONTINUOUS
10
0.4756417322834646
20
0.3924996062992126
11
0.4756417322834646
21
0.3925489763779528
0
LINE
8
BLACK
6
CONTINUOUS
10
0.4756417322834646
20
0.3925489763779528
11
0.4758332283464567
21
0.3928355511811024
0
LINE
8
BLACK
6
CONTINUOUS
10
0.4758332283464567
20
0.3928355511811024
11
0.4760038582677165
21
0.3931348818897638
0
LINE
8
BLACK
6
CONTINUOUS
10
0.4760038582677165
20
0.3931348818897638
11
0.4760479527559055
21
0.3931569291338582
0
LINE
8
BLACK
6
CONTINUOUS
10
0.4760479527559055
20
0.3931569291338582
11
0.4761077952755906
21
0.3932464566929134
0
LINE
8
BLACK
6
CONTINUOUS
10
0.4761077952755906
20
0.3932464566929134
11
0.4779839763779528
21
0.3951226377952756
0
LINE
8
BLACK
6
CONTINUOUS
10
0.4779839763779528
20
0.3951226377952756
11
0.4782704724409449
21
0.3953140551181102
0
LINE
8
BLACK
6
CONTINUOUS
10
0.4782704724409449
20
0.3953140551181102
11
0.4785427559055118
21
0.3955253937007874
0
LINE
8
BLACK
6
CONTINUOUS
10
0.4785427559055118
20
0.3955253937007874
11
0.480418937007874
21
0.3964634645669291
0
LINE
8
BLACK
6
CONTINUOUS
10
0.480418937007874
20
0.3964634645669291
11
0.4806461417322834
21
0.3965256692913386
0
LINE
8
BLACK
6
CONTINUOUS
10
0.4806461417322834
20
0.3965256692913386
11
0.4808589763779527
21
0.3966262204724409
0
LINE
8
BLACK
6
CONTINUOUS
10
0.4808589763779527
20
0.3966262204724409
11
0.4846113779527559
21
0.3975643307086614
0
LINE
8
BLACK
6
CONTINUOUS
10
0.4846113779527559
20
0.3975643307086614
11
0.4848743700787401
21
0.3975771259842519
0
LINE
8
BLACK
6
CONTINUOUS
10
0.4848743700787401
20
0.3975771259842519
11
0.4851328346456693
21
0.3976285433070866
0
LINE
8
BLACK
6
CONTINUOUS
10
0.4851328346456693
20
0.3976285433070866
11
0.4879471259842519
21
0.3976285433070866
0
LINE
8
BLACK
6
CONTINUOUS
10
0.4879471259842519
20
0.3976285433070866
11
0.4882055511811024
21
0.3975771259842519
0
LINE
8
BLACK
6
CONTINUOUS
10
0.4365209448818897
20
0.573840905511811
11
0.4375853543307087
21
0.5734
0
LINE
8
BLACK
6
CONTINUOUS
10
0.4375853543307087
20
0.5734
11
0.4384
21
0.5725853543307087
0
LINE
8
BLACK
6
CONTINUOUS
10
0.4384
20
0.5725853543307087
11
0.438840905511811
21
0.5715209448818898
0
LINE
8
BLACK
6
CONTINUOUS
10
0.438840905511811
20
0.5715209448818898
11
0.4388976377952756
21
0.5709448818897638
0
LINE
8
BLACK
6
CONTINUOUS
10
0.4388976377952756
20
0.5709448818897638
11
0.4388976377952756
21
0.4390551181102362
0
LINE
8
BLACK
6
CONTINUOUS
10
0.4388976377952756
20
0.4390551181102362
11
0.438840905511811
21
0.4384790551181103
0
LINE
8
BLACK
6
CONTINUOUS
10
0.438840905511811
20
0.4384790551181103
11
0.4384
21
0.4374146456692913
0
LINE
8
BLACK
6
CONTINUOUS
10
0.4384
20
0.4374146456692913
11
0.4375853543307087
21
0.4366
0
LINE
8
BLACK
6
CONTINUOUS
10
0.4375853543307087
20
0.4366
11
0.4365209448818897
21
0.436159094488189
0
LINE
8
BLACK
6
CONTINUOUS
10
0.4365209448818897
20
0.436159094488189
11
0.4359448818897638
21
0.4361023622047244
0
LINE
8
BLACK
6
CONTINUOUS
10
0.4359448818897638
20
0.4361023622047244
11
0.4290551181102362
21
0.4361023622047244
0
LINE
8
BLACK
6
CONTINUOUS
10
0.4290551181102362
20
0.4361023622047244
11
0.4290551181102362
21
0.3898425196850394
0
LINE
8
BLACK
6
CONTINUOUS
10
0.4290551181102362
20
0.3898425196850394
11
0.4289983858267716
21
0.3892664566929134
0
LINE
8
BLACK
6
CONTINUOUS
10
0.4289983858267716
20
0.3892664566929134
11
0.4285574803149606
21
0.3882020472440945
0
LINE
8
BLACK
6
CONTINUOUS
10
0.4285574803149606
20
0.3882020472440945
11
0.4277428346456693
21
0.3873874015748031
0
LINE
8
BLACK
6
CONTINUOUS
10
0.4277428346456693
20
0.3873874015748031
11
0.4266784251968504
21
0.3869464960629921
0
LINE
8
BLACK
6
CONTINUOUS
10
0.4266784251968504
20
0.3869464960629921
11
0.4255262992125984
21
0.3869464960629921
0
LINE
8
BLACK
6
CONTINUOUS
10
0.4255262992125984
20
0.3869464960629921
11
0.4244618897637795
21
0.3873874015748031
0
LINE
8
BLACK
6
CONTINUOUS
10
0.4244618897637795
20
0.3873874015748031
11
0.4236472440944882
21
0.3882020472440945
0
LINE
8
BLACK
6
CONTINUOUS
10
0.4236472440944882
20
0.3882020472440945
11
0.4232063385826771
21
0.3892664566929134
0
LINE
8
BLACK
6
CONTINUOUS
10
0.4232063385826771
20
0.3892664566929134
11
0.4231496062992126
21
0.3898425196850394
0
LINE
8
BLACK
6
CONTINUOUS
10
0.4231496062992126
20
0.3898425196850394
11
0.4231496062992126
21
0.4390551181102362
0
LINE
8
BLACK
6
CONTINUOUS
10
0.4231496062992126
20
0.4390551181102362
11
0.4232063385826771
21
0.4396311811023622
0
LINE
8
BLACK
6
CONTINUOUS
10
0.4232063385826771
20
0.4396311811023622
11
0.4236472440944882
21
0.4406955905511811
0
LINE
8
BLACK
6
CONTINUOUS
10
0.4236472440944882
20
0.4406955905511811
11
0.4244618897637795
21
0.4415102362204724
0
LINE
8
BLACK
6
CONTINUOUS
10
0.4244618897637795
20
0.4415102362204724
11
0.4255262992125984
21
0.4419511417322834
0
LINE
8
BLACK
6
CONTINUOUS
10
0.4255262992125984
20
0.4419511417322834
11
0.4261023622047244
21
0.442007874015748
0
LINE
8
BLACK
6
CONTINUOUS
10
0.4261023622047244
20
0.442007874015748
11
0.432992125984252
21
0.442007874015748
0
LINE
8
BLACK
6
CONTINUOUS
10
0.432992125984252
20
0.442007874015748
11
0.432992125984252
21
0.567992125984252
0
LINE
8
BLACK
6
CONTINUOUS
10
0.432992125984252
20
0.567992125984252
11
0.4261023622047244
21
0.567992125984252
0
LINE
8
BLACK
6
CONTINUOUS
10
0.4261023622047244
20
0.567992125984252
11
0.4255262992125984
21
0.5680488582677166
0
LINE
8
BLACK
6
CONTINUOUS
10
0.4255262992125984
20
0.5680488582677166
11
0.4244618897637795
21
0.5684897637795275
0
LINE
8
BLACK
6
CONTINUOUS
10
0.4244618897637795
20
0.5684897637795275
11
0.4236472440944882
21
0.5693044094488189
0
LINE
8
BLACK
6
CONTINUOUS
10
0.4236472440944882
20
0.5693044094488189
11
0.4232063385826771
21
0.5703688188976378
0
LINE
8
BLACK
6
CONTINUOUS
10
0.4232063385826771
20
0.5703688188976378
11
0.4232063385826771
21
0.5715209448818898
0
LINE
8
BLACK
6
CONTINUOUS
10
0.4232063385826771
20
0.5715209448818898
11
0.4236472440944882
21
0.5725853543307087
0
LINE
8
BLACK
6
CONTINUOUS
10
0.4236472440944882
20
0.5725853543307087
11
0.4244618897637795
21
0.5734
0
LINE
8
BLACK
6
CONTINUOUS
10
0.4244618897637795
20
0.5734
11
0.4255262992125984
21
0.573840905511811
0
LINE
8
BLACK
6
CONTINUOUS
10
0.4255262992125984
20
0.573840905511811
11
0.4261023622047244
21
0.5738976377952756
0
LINE
8
BLACK
6
CONTINUOUS
10
0.4261023622047244
20
0.5738976377952756
11
0.4359448818897638
21
0.5738976377952756
0
LINE
8
BLACK
6
CONTINUOUS
10
0.4359448818897638
20
0.5738976377952756
11
0.4365209448818897
21
0.573840905511811
0
LINE
8
BLACK
6
CONTINUOUS
10
1.5142411023622047
20
0.4130018897637795
11
1.5149254330708661
21
0.4130018897637795
0
LINE
8
BLACK
6
CONTINUOUS
10
1.5149254330708661
20
0.4130018897637795
11
1.515096496062992
21
0.4128307874015748
0
LINE
8
BLACK
6
CONTINUOUS
10
1.515096496062992
20
0.4128307874015748
11
1.5153337401574802
21
0.4127833464566929
0
LINE
8
BLACK
6
CONTINUOUS
10
1.5153337401574802
20
0.4127833464566929
11
1.5159814566929133
21
0.4121343307086614
0
LINE
8
BLACK
6
CONTINUOUS
10
1.5159814566929133
20
0.4121343307086614
11
1.5177286614173229
21
0.4095135433070866
0
LINE
8
BLACK
6
CONTINUOUS
10
1.5177286614173229
20
0.4095135433070866
11
1.5191705511811022
21
0.4080716535433071
0
LINE
8
BLACK
6
CONTINUOUS
10
1.5191705511811022
20
0.4080716535433071
11
1.5207057086614173
21
0.407304094488189
0
LINE
8
BLACK
6
CONTINUOUS
10
1.5207057086614173
20
0.407304094488189
11
1.5214300393700788
21
0.4067419291338583
0
LINE
8
BLACK
6
CONTINUOUS
10
1.5214300393700788
20
0.4067419291338583
11
1.5219987795275591
21
0.4050355905511811
0
LINE
8
BLACK
6
CONTINUOUS
10
1.5219987795275591
20
0.4050355905511811
11
1.5211944094488188
21
0.4034268897637795
0
LINE
8
BLACK
6
CONTINUOUS
10
1.5211944094488188
20
0.4034268897637795
11
1.5194881102362205
21
0.4028581496062992
0
LINE
8
BLACK
6
CONTINUOUS
10
1.5194881102362205
20
0.4028581496062992
11
1.5186037401574803
21
0.4031003149606299
0
LINE
8
BLACK
6
CONTINUOUS
10
1.5186037401574803
20
0.4031003149606299
11
1.5167275590551181
21
0.4040384251968504
0
LINE
8
BLACK
6
CONTINUOUS
10
1.5167275590551181
20
0.4040384251968504
11
1.5164300393700787
21
0.4042693307086614
0
LINE
8
BLACK
6
CONTINUOUS
10
1.5164300393700787
20
0.4042693307086614
11
1.5163761417322834
21
0.4043053543307086
0
LINE
8
BLACK
6
CONTINUOUS
10
1.5163761417322834
20
0.4043053543307086
11
1.5163761417322834
21
0.3934807874015748
0
LINE
8
BLACK
6
CONTINUOUS
10
1.5163761417322834
20
0.3934807874015748
11
1.5196547244094487
21
0.3934807874015748
0
LINE
8
BLACK
6
CONTINUOUS
10
1.5196547244094487
20
0.3934807874015748
11
1.5205540157480315
21
0.3933018897637795
0
LINE
8
BLACK
6
CONTINUOUS
10
1.5205540157480315
20
0.3933018897637795
11
1.5218258267716536
21
0.3920300787401575
0
LINE
8
BLACK
6
CONTINUOUS
10
1.5218258267716536
20
0.3920300787401575
11
1.5218258267716536
21
0.3902314960629921
0
LINE
8
BLACK
6
CONTINUOUS
10
1.5218258267716536
20
0.3902314960629921
11
1.5205540157480315
21
0.3889596850393701
0
LINE
8
BLACK
6
CONTINUOUS
10
1.5205540157480315
20
0.3889596850393701
11
1.5196547244094487
21
0.3887807874015748
0
LINE
8
BLACK
6
CONTINUOUS
10
1.5196547244094487
20
0.3887807874015748
11
1.5083975984251967
21
0.3887807874015748
0
LINE
8
BLACK
6
CONTINUOUS
10
1.5083975984251967
20
0.3887807874015748
11
1.5074983070866141
21
0.3889596850393701
0
LINE
8
BLACK
6
CONTINUOUS
10
1.5074983070866141
20
0.3889596850393701
11
1.5062264960629921
21
0.3902314960629921
0
LINE
8
BLACK
6
CONTINUOUS
10
1.5062264960629921
20
0.3902314960629921
11
1.5062264960629921
21
0.3920300787401575
0
LINE
8
BLACK
6
CONTINUOUS
10
1.5062264960629921
20
0.3920300787401575
11
1.5074983070866141
21
0.3933018897637795
0
LINE
8
BLACK
6
CONTINUOUS
10
1.5074983070866141
20
0.3933018897637795
11
1.5083975984251967
21
0.3934807874015748
0
LINE
8
BLACK
6
CONTINUOUS
10
1.5083975984251967
20
0.3934807874015748
11
1.5116761417322835
21
0.3934807874015748
0
LINE
8
BLACK
6
CONTINUOUS
10
1.5116761417322835
20
0.3934807874015748
11
1.5116761417322835
21
0.4108307874015748
0
LINE
8
BLACK
6
CONTINUOUS
10
1.5116761417322835
20
0.4108307874015748
11
1.5118550393700787
21
0.4117300787401575
0
LINE
8
BLACK
6
CONTINUOUS
10
1.5118550393700787
20
0.4117300787401575
11
1.5120261023622046
21
0.4119011417322835
0
LINE
8
BLACK
6
CONTINUOUS
10
1.5120261023622046
20
0.4119011417322835
11
1.5120735826771654
21
0.4121383858267716
0
LINE
8
BLACK
6
CONTINUOUS
10
1.5120735826771654
20
0.4121383858267716
11
1.5126429133858268
21
0.4125179527559055
0
LINE
8
BLACK
6
CONTINUOUS
10
1.5126429133858268
20
0.4125179527559055
11
1.5131268503937008
21
0.4130018897637795
0
LINE
8
BLACK
6
CONTINUOUS
10
1.5131268503937008
20
0.4130018897637795
11
1.513368779527559
21
0.4130018897637795
0
LINE
8
BLACK
6
CONTINUOUS
10
1.513368779527559
20
0.4130018897637795
11
1.5135700787401574
21
0.4131361023622047
0
LINE
8
BLACK
6
CONTINUOUS
10
1.5135700787401574
20
0.4131361023622047
11
1.5142411023622047
21
0.4130018897637795
0
LINE
8
BLACK
6
CONTINUOUS
10
1.5368353543307087
20
0.4117300787401575
11
1.5370142519685039
21
0.4108307874015748
0
LINE
8
BLACK
6
CONTINUOUS
10
1.5370142519685039
20
0.4108307874015748
11
1.5370142519685039
21
0.3911307874015748
0
LINE
8
BLACK
6
CONTINUOUS
10
1.5370142519685039
20
0.3911307874015748
11
1.5368353543307087
21
0.3902314960629921
0
LINE
8
BLACK
6
CONTINUOUS
10
1.5368353543307087
20
0.3902314960629921
11
1.5355635433070867
21
0.3889596850393701
0
LINE
8
BLACK
6
CONTINUOUS
10
1.5355635433070867
20
0.3889596850393701
11
1.5346642519685039
21
0.3887807874015748
0
LINE
8
BLACK
6
CONTINUOUS
10
1.5346642519685039
20
0.3887807874015748
11
1.5252833070866141
21
0.3887807874015748
0
LINE
8
BLACK
6
CONTINUOUS
10
1.5252833070866141
20
0.3887807874015748
11
1.5243840157480315
21
0.3889596850393701
0
LINE
8
BLACK
6
CONTINUOUS
10
1.5243840157480315
20
0.3889596850393701
11
1.5231122047244094
21
0.3902314960629921
0
LINE
8
BLACK
6
CONTINUOUS
10
1.5231122047244094
20
0.3902314960629921
11
1.5231122047244094
21
0.3920300787401575
0
LINE
8
BLACK
6
CONTINUOUS
10
1.5231122047244094
20
0.3920300787401575
11
1.5243840157480315
21
0.3933018897637795
0
LINE
8
BLACK
6
CONTINUOUS
10
1.5243840157480315
20
0.3933018897637795
11
1.5252833070866141
21
0.3934807874015748
0
LINE
8
BLACK
6
CONTINUOUS
10
1.5252833070866141
20
0.3934807874015748
11
1.5323142519685038
21
0.3934807874015748
0
LINE
8
BLACK
6
CONTINUOUS
10
1.5323142519685038
20
0.3934807874015748
11
1.5323142519685038
21
0.4108307874015748
0
LINE
8
BLACK
6
CONTINUOUS
10
1.5323142519685038
20
0.4108307874015748
11
1.5324931496062992
21
0.4117300787401575
0
LINE
8
BLACK
6
CONTINUOUS
10
1.5324931496062992
20
0.4117300787401575
11
1.5337649606299213
21
0.4130018897637795
0
LINE
8
BLACK
6
CONTINUOUS
10
1.5337649606299213
20
0.4130018897637795
11
1.5355635433070867
21
0.4130018897637795
0
LINE
8
BLACK
6
CONTINUOUS
10
1.5355635433070867
20
0.4130018897637795
11
1.5368353543307087
21
0.4117300787401575
0
LINE
8
BLACK
6
CONTINUOUS
10
0.2653490157480315
20
0.4244688976377953
11
0.2654976377952756
21
0.4244688976377953
0
LINE
8
BLACK
6
CONTINUOUS
10
0.2654976377952756
20
0.4244688976377953
11
0.2658962204724409
21
0.424303779527559
0
LINE
8
BLACK
6
CONTINUOUS
10
0.2658962204724409
20
0.424303779527559
11
0.2663096456692913
21
0.4241790551181102
0
LINE
8
BLACK
6
CONTINUOUS
10
0.2663096456692913
20
0.4241790551181102
11
0.2664247637795276
21
0.424084842519685
0
LINE
8
BLACK
6
CONTINUOUS
10
0.2664247637795276
20
0.424084842519685
11
0.2665620472440945
21
0.4240279921259842
0
LINE
8
BLACK
6
CONTINUOUS
10
0.2665620472440945
20
0.4240279921259842
11
0.2668670866141732
21
0.4237229133858267
0
LINE
8
BLACK
6
CONTINUOUS
10
0.2668670866141732
20
0.4237229133858267
11
0.2672012992125984
21
0.4234494881889764
0
LINE
8
BLACK
6
CONTINUOUS
10
0.2672012992125984
20
0.4234494881889764
11
0.2672715748031496
21
0.4233184251968504
0
LINE
8
BLACK
6
CONTINUOUS
10
0.2672715748031496
20
0.4233184251968504
11
0.2673767322834645
21
0.4232133070866141
0
LINE
8
BLACK
6
CONTINUOUS
10
0.2673767322834645
20
0.4232133070866141
11
0.2675418110236221
21
0.4228146850393701
0
LINE
8
BLACK
6
CONTINUOUS
10
0.2675418110236221
20
0.4228146850393701
11
0.2677459448818897
21
0.4224342519685039
0
LINE
8
BLACK
6
CONTINUOUS
10
0.2677459448818897
20
0.4224342519685039
11
0.2677607086614173
21
0.4222862204724409
0
LINE
8
BLACK
6
CONTINUOUS
10
0.2677607086614173
20
0.4222862204724409
11
0.2678176377952756
21
0.4221488976377953
0
LINE
8
BLACK
6
CONTINUOUS
10
0.2678176377952756
20
0.4221488976377953
11
0.2678176377952756
21
0.4217173228346456
0
LINE
8
BLACK
6
CONTINUOUS
10
0.2678176377952756
20
0.4217173228346456
11
0.2678605905511811
21
0.4212878346456693
0
LINE
8
BLACK
6
CONTINUOUS
10
0.2678605905511811
20
0.4212878346456693
11
0.2678176377952756
21
0.4211454724409449
0
LINE
8
BLACK
6
CONTINUOUS
10
0.2678176377952756
20
0.4211454724409449
11
0.2678176377952756
21
0.420996811023622
0
LINE
8
BLACK
6
CONTINUOUS
10
0.2678176377952756
20
0.420996811023622
11
0.2676524803149606
21
0.4205981102362205
0
LINE
8
BLACK
6
CONTINUOUS
10
0.2676524803149606
20
0.4205981102362205
11
0.2675277952755906
21
0.420184842519685
0
LINE
8
BLACK
6
CONTINUOUS
10
0.2675277952755906
20
0.420184842519685
11
0.2674336220472441
21
0.4200697244094488
0
LINE
8
BLACK
6
CONTINUOUS
10
0.2674336220472441
20
0.4200697244094488
11
0.2673767322834645
21
0.4199324015748032
0
LINE
8
BLACK
6
CONTINUOUS
10
0.2673767322834645
20
0.4199324015748032
11
0.2670095275590551
21
0.4194849606299212
0
LINE
8
BLACK
6
CONTINUOUS
10
0.2670095275590551
20
0.4194849606299212
11
0.2654735826771654
21
0.4179490157480315
0
LINE
8
BLACK
6
CONTINUOUS
10
0.2654735826771654
20
0.4179490157480315
11
0.264124842519685
21
0.4152515354330709
0
LINE
8
BLACK
6
CONTINUOUS
10
0.264124842519685
20
0.4152515354330709
11
0.264124842519685
21
0.407271811023622
0
LINE
8
BLACK
6
CONTINUOUS
10
0.264124842519685
20
0.407271811023622
11
0.2654735826771654
21
0.4045743307086614
0
LINE
8
BLACK
6
CONTINUOUS
10
0.2654735826771654
20
0.4045743307086614
11
0.2666707086614173
21
0.4033772047244095
0
LINE
8
BLACK
6
CONTINUOUS
10
0.2666707086614173
20
0.4033772047244095
11
0.2693681889763779
21
0.4020284645669291
0
LINE
8
BLACK
6
CONTINUOUS
10
0.2693681889763779
20
0.4020284645669291
11
0.2773479133858268
21
0.4020284645669291
0
LINE
8
BLACK
6
CONTINUOUS
10
0.2773479133858268
20
0.4020284645669291
11
0.2800453937007874
21
0.4033772047244095
0
LINE
8
BLACK
6
CONTINUOUS
10
0.2800453937007874
20
0.4033772047244095
11
0.2812425590551181
21
0.4045743307086614
0
LINE
8
BLACK
6
CONTINUOUS
10
0.2812425590551181
20
0.4045743307086614
11
0.2825912992125984
21
0.407271811023622
0
LINE
8
BLACK
6
CONTINUOUS
10
0.2825912992125984
20
0.407271811023622
11
0.2825912992125984
21
0.4152515354330709
0
LINE
8
BLACK
6
CONTINUOUS
10
0.2825912992125984
20
0.4152515354330709
11
0.2812425590551181
21
0.4179489763779528
0
LINE
8
BLACK
6
CONTINUOUS
10
0.2812425590551181
20
0.4179489763779528
11
0.2797066141732283
21
0.4194849212598425
0
LINE
8
BLACK
6
CONTINUOUS
10
0.2797066141732283
20
0.4194849212598425
11
0.2793393700787402
21
0.4199324015748032
0
LINE
8
BLACK
6
CONTINUOUS
10
0.2793393700787402
20
0.4199324015748032
11
0.2788984645669291
21
0.420996811023622
0
LINE
8
BLACK
6
CONTINUOUS
10
0.2788984645669291
20
0.420996811023622
11
0.2788984645669291
21
0.4221488976377953
0
LINE
8
BLACK
6
CONTINUOUS
10
0.2788984645669291
20
0.4221488976377953
11
0.2793393307086614
21
0.4232133070866141
0
LINE
8
BLACK
6
CONTINUOUS
10
0.2793393307086614
20
0.4232133070866141
11
0.2801540157480315
21
0.4240279921259842
0
LINE
8
BLACK
6
CONTINUOUS
10
0.2801540157480315
20
0.4240279921259842
11
0.2812184251968504
21
0.4244688976377953
0
LINE
8
BLACK
6
CONTINUOUS
10
0.2812184251968504
20
0.4244688976377953
11
0.2823705118110236
21
0.4244688976377953
0
LINE
8
BLACK
6
CONTINUOUS
10
0.2823705118110236
20
0.4244688976377953
11
0.2834349212598425
21
0.424028031496063
0
LINE
8
BLACK
6
CONTINUOUS
10
0.2834349212598425
20
0.424028031496063
11
0.2838823622047244
21
0.4236608267716535
0
LINE
8
BLACK
6
CONTINUOUS
10
0.2838823622047244
20
0.4236608267716535
11
0.2857571653543307
21
0.421786062992126
0
LINE
8
BLACK
6
CONTINUOUS
10
0.2857571653543307
20
0.421786062992126
11
0.2859429133858268
21
0.4215596850393701
0
LINE
8
BLACK
6
CONTINUOUS
10
0.2859429133858268
20
0.4215596850393701
11
0.286001968503937
21
0.4215085039370078
0
LINE
8
BLACK
6
CONTINUOUS
10
0.286001968503937
20
0.4215085039370078
11
0.2860579527559055
21
0.4214195275590551
0
LINE
8
BLACK
6
CONTINUOUS
10
0.2860579527559055
20
0.4214195275590551
11
0.2861244094488189
21
0.4213385826771653
0
LINE
8
BLACK
6
CONTINUOUS
10
0.2861244094488189
20
0.4213385826771653
11
0.2861542125984252
21
0.4212666141732284
0
LINE
8
BLACK
6
CONTINUOUS
10
0.2861542125984252
20
0.4212666141732284
11
0.2863103149606299
21
0.4210186220472441
0
LINE
8
BLACK
6
CONTINUOUS
10
0.2863103149606299
20
0.4210186220472441
11
0.2881850787401575
21
0.4172690944881889
0
LINE
8
BLACK
6
CONTINUOUS
10
0.2881850787401575
20
0.4172690944881889
11
0.288391968503937
21
0.4167285039370079
0
LINE
8
BLACK
6
CONTINUOUS
10
0.288391968503937
20
0.4167285039370079
11
0.2883994881889764
21
0.4166225984251968
0
LINE
8
BLACK
6
CONTINUOUS
10
0.2883994881889764
20
0.4166225984251968
11
0.2884400787401575
21
0.4165246456692913
0
LINE
8
BLACK
6
CONTINUOUS
10
0.2884400787401575
20
0.4165246456692913
11
0.2884968110236221
21
0.4159485826771653
0
LINE
8
BLACK
6
CONTINUOUS
10
0.2884968110236221
20
0.4159485826771653
11
0.2884968110236221
21
0.4065747637795276
0
LINE
8
BLACK
6
CONTINUOUS
10
0.2884968110236221
20
0.4065747637795276
11
0.2884400787401575
21
0.4059987007874016
0
LINE
8
BLACK
6
CONTINUOUS
10
0.2884400787401575
20
0.4059987007874016
11
0.2883994881889764
21
0.4059007086614173
0
LINE
8
BLACK
6
CONTINUOUS
10
0.2883994881889764
20
0.4059007086614173
11
0.288391968503937
21
0.405794842519685
0
LINE
8
BLACK
6
CONTINUOUS
10
0.288391968503937
20
0.405794842519685
11
0.2881850787401575
21
0.405254251968504
0
LINE
8
BLACK
6
CONTINUOUS
10
0.2881850787401575
20
0.405254251968504
11
0.2863103149606299
21
0.4015047244094488
0
LINE
8
BLACK
6
CONTINUOUS
10
0.2863103149606299
20
0.4015047244094488
11
0.2861542125984252
21
0.4012566929133858
0
LINE
8
BLACK
6
CONTINUOUS
10
0.2861542125984252
20
0.4012566929133858
11
0.2861244094488189
21
0.4011847637795276
0
LINE
8
BLACK
6
CONTINUOUS
10
0.2861244094488189
20
0.4011847637795276
11
0.2860579527559055
21
0.401103779527559
0
LINE
8
BLACK
6
CONTINUOUS
10
0.2860579527559055
20
0.401103779527559
11
0.286001968503937
21
0.4010148425196851
0
LINE
8
BLACK
6
CONTINUOUS
10
0.286001968503937
20
0.4010148425196851
11
0.2859429133858268
21
0.4009636220472441
0
LINE
8
BLACK
6
CONTINUOUS
10
0.2859429133858268
20
0.4009636220472441
11
0.2857571653543307
21
0.4007372834645669
0
LINE
8
BLACK
6
CONTINUOUS
10
0.2857571653543307
20
0.4007372834645669
11
0.2838823622047244
21
0.3988625196850394
0
LINE
8
BLACK
6
CONTINUOUS
10
0.2838823622047244
20
0.3988625196850394
11
0.2836560236220472
21
0.3986767716535433
0
LINE
8
BLACK
6
CONTINUOUS
10
0.2836560236220472
20
0.3986767716535433
11
0.2836048818897638
21
0.3986177952755905
0
LINE
8
BLACK
6
CONTINUOUS
10
0.2836048818897638
20
0.3986177952755905
11
0.2835159448818897
21
0.398561811023622
0
LINE
8
BLACK
6
CONTINUOUS
10
0.2835159448818897
20
0.398561811023622
11
0.2834349212598425
21
0.3984953149606299
0
LINE
8
BLACK
6
CONTINUOUS
10
0.2834349212598425
20
0.3984953149606299
11
0.283362874015748
21
0.3984654724409449
0
LINE
8
BLACK
6
CONTINUOUS
10
0.283362874015748
20
0.3984654724409449
11
0.283115
21
0.3983094488188976
0
LINE
8
BLACK
6
CONTINUOUS
10
0.283115
20
0.3983094488188976
11
0.2793654724409449
21
0.3964346850393701
0
LINE
8
BLACK
6
CONTINUOUS
10
0.2793654724409449
20
0.3964346850393701
11
0.278824842519685
21
0.3962277952755905
0
LINE
8
BLACK
6
CONTINUOUS
10
0.278824842519685
20
0.3962277952755905
11
0.2787190157480315
21
0.3962202755905512
0
LINE
8
BLACK
6
CONTINUOUS
10
0.2787190157480315
20
0.3962202755905512
11
0.2786210236220472
21
0.3961796850393701
0
LINE
8
BLACK
6
CONTINUOUS
10
0.2786210236220472
20
0.3961796850393701
11
0.2780449606299212
21
0.3961229527559055
0
LINE
8
BLACK
6
CONTINUOUS
10
0.2780449606299212
20
0.3961229527559055
11
0.2686711417322835
21
0.3961229527559055
0
LINE
8
BLACK
6
CONTINUOUS
10
0.2686711417322835
20
0.3961229527559055
11
0.2680950787401575
21
0.3961796850393701
0
LINE
8
BLACK
6
CONTINUOUS
10
0.2680950787401575
20
0.3961796850393701
11
0.2679970866141732
21
0.3962202362204724
0
LINE
8
BLACK
6
CONTINUOUS
10
0.2679970866141732
20
0.3962202362204724
11
0.267891220472441
21
0.3962277952755905
0
LINE
8
BLACK
6
CONTINUOUS
10
0.267891220472441
20
0.3962277952755905
11
0.2673506299212599
21
0.3964346850393701
0
LINE
8
BLACK
6
CONTINUOUS
10
0.2673506299212599
20
0.3964346850393701
11
0.2636011023622047
21
0.3983094488188976
0
LINE
8
BLACK
6
CONTINUOUS
10
0.2636011023622047
20
0.3983094488188976
11
0.2633530708661417
21
0.3984655118110236
0
LINE
8
BLACK
6
CONTINUOUS
10
0.2633530708661417
20
0.3984655118110236
11
0.2632811417322835
21
0.3984953543307087
0
LINE
8
BLACK
6
CONTINUOUS
10
0.2632811417322835
20
0.3984953543307087
11
0.2632001574803149
21
0.398561811023622
0
LINE
8
BLACK
6
CONTINUOUS
10
0.2632001574803149
20
0.398561811023622
11
0.263111220472441
21
0.3986177952755905
0
LINE
8
BLACK
6
CONTINUOUS
10
0.263111220472441
20
0.3986177952755905
11
0.2630600393700787
21
0.3986767716535433
0
LINE
8
BLACK
6
CONTINUOUS
10
0.2630600393700787
20
0.3986767716535433
11
0.2628337007874016
21
0.3988625590551181
0
LINE
8
BLACK
6
CONTINUOUS
10
0.2628337007874016
20
0.3988625590551181
11
0.260958937007874
21
0.4007373228346456
0
LINE
8
BLACK
6
CONTINUOUS
10
0.260958937007874
20
0.4007373228346456
11
0.2607731496062992
21
0.4009636614173228
0
LINE
8
BLACK
6
CONTINUOUS
10
0.2607731496062992
20
0.4009636614173228
11
0.2607141732283464
21
0.4010148425196851
0
LINE
8
BLACK
6
CONTINUOUS
10
0.2607141732283464
20
0.4010148425196851
11
0.2606581889763779
21
0.401103779527559
0
LINE
8
BLACK
6
CONTINUOUS
10
0.2606581889763779
20
0.401103779527559
11
0.2605917322834645
21
0.4011847637795276
0
LINE
8
BLACK
6
CONTINUOUS
10
0.2605917322834645
20
0.4011847637795276
11
0.2605618897637795
21
0.4012566929133858
0
LINE
8
BLACK
6
CONTINUOUS
10
0.2605618897637795
20
0.4012566929133858
11
0.2604058267716535
21
0.4015047244094488
0
LINE
8
BLACK
6
CONTINUOUS
10
0.2604058267716535
20
0.4015047244094488
11
0.258531062992126
21
0.405254251968504
0
LINE
8
BLACK
6
CONTINUOUS
10
0.258531062992126
20
0.405254251968504
11
0.2583241732283464
21
0.4057948818897638
0
LINE
8
BLACK
6
CONTINUOUS
10
0.2583241732283464
20
0.4057948818897638
11
0.2583166535433071
21
0.4059006692913386
0
LINE
8
BLACK
6
CONTINUOUS
10
0.2583166535433071
20
0.4059006692913386
11
0.258276062992126
21
0.4059987007874016
0
LINE
8
BLACK
6
CONTINUOUS
10
0.258276062992126
20
0.4059987007874016
11
0.2582193307086614
21
0.4065747637795276
0
LINE
8
BLACK
6
CONTINUOUS
10
0.2582193307086614
20
0.4065747637795276
11
0.2582193307086614
21
0.4159485826771653
0
LINE
8
BLACK
6
CONTINUOUS
10
0.2582193307086614
20
0.4159485826771653
11
0.258276062992126
21
0.4165246456692913
0
LINE
8
BLACK
6
CONTINUOUS
10
0.258276062992126
20
0.4165246456692913
11
0.2583166535433071
21
0.4166226377952756
0
LINE
8
BLACK
6
CONTINUOUS
10
0.2583166535433071
20
0.4166226377952756
11
0.2583241732283464
21
0.4167284645669291
0
LINE
8
BLACK
6
CONTINUOUS
10
0.2583241732283464
20
0.4167284645669291
11
0.258531062992126
21
0.4172690944881889
0
LINE
8
BLACK
6
CONTINUOUS
10
0.258531062992126
20
0.4172690944881889
11
0.2588979921259842
21
0.4180029921259842
0
LINE
8
BLACK
6
CONTINUOUS
10
0.2588979921259842
20
0.4180029921259842
11
0.2491267322834646
21
0.4170258661417323
0
LINE
8
BLACK
6
CONTINUOUS
10
0.2491267322834646
20
0.4170258661417323
11
0.2491267322834646
21
0.4009504724409449
0
LINE
8
BLACK
6
CONTINUOUS
10
0.2491267322834646
20
0.4009504724409449
11
0.24907
21
0.4003744094488189
0
LINE
8
BLACK
6
CONTINUOUS
10
0.24907
20
0.4003744094488189
11
0.248629094488189
21
0.39931
0
LINE
8
BLACK
6
CONTINUOUS
10
0.248629094488189
20
0.39931
11
0.2478144488188976
21
0.3984953543307087
0
LINE
8
BLACK
6
CONTINUOUS
10
0.2478144488188976
20
0.3984953543307087
11
0.2467500393700787
21
0.3980544488188976
0
LINE
8
BLACK
6
CONTINUOUS
10
0.2467500393700787
20
0.3980544488188976
11
0.2455979133858268
21
0.3980544488188976
0
LINE
8
BLACK
6
CONTINUOUS
10
0.2455979133858268
20
0.3980544488188976
11
0.2445335039370079
21
0.3984953543307087
0
LINE
8
BLACK
6
CONTINUOUS
10
0.2445335039370079
20
0.3984953543307087
11
0.2437188582677165
21
0.39931
0
LINE
8
BLACK
6
CONTINUOUS
10
0.2437188582677165
20
0.39931
11
0.2432779527559055
21
0.4003744094488189
0
LINE
8
BLACK
6
CONTINUOUS
10
0.2432779527559055
20
0.4003744094488189
11
0.2432212204724409
21
0.4009504724409449
0
LINE
8
BLACK
6
CONTINUOUS
10
0.2432212204724409
20
0.4009504724409449
11
0.2432212204724409
21
0.4196981102362204
0
LINE
8
BLACK
6
CONTINUOUS
10
0.2432212204724409
20
0.4196981102362204
11
0.2432421653543307
21
0.4199111417322834
0
LINE
8
BLACK
6
CONTINUOUS
10
0.2432421653543307
20
0.4199111417322834
11
0.243235
21
0.4199831496062992
0
LINE
8
BLACK
6
CONTINUOUS
10
0.243235
20
0.4199831496062992
11
0.2432561811023622
21
0.4200534645669291
0
LINE
8
BLACK
6
CONTINUOUS
10
0.2432561811023622
20
0.4200534645669291
11
0.2432779527559055
21
0.4202741732283464
0
LINE
8
BLACK
6
CONTINUOUS
10
0.2432779527559055
20
0.4202741732283464
11
0.2434430708661417
21
0.4206728346456693
0
LINE
8
BLACK
6
CONTINUOUS
10
0.2434430708661417
20
0.4206728346456693
11
0.2435677952755906
21
0.4210861417322835
0
LINE
8
BLACK
6
CONTINUOUS
10
0.2435677952755906
20
0.4210861417322835
11
0.2436619291338583
21
0.421201220472441
0
LINE
8
BLACK
6
CONTINUOUS
10
0.2436619291338583
20
0.421201220472441
11
0.2437188582677165
21
0.4213385826771653
0
LINE
8
BLACK
6
CONTINUOUS
10
0.2437188582677165
20
0.4213385826771653
11
0.244024094488189
21
0.4216438188976378
0
LINE
8
BLACK
6
CONTINUOUS
10
0.244024094488189
20
0.4216438188976378
11
0.2442973622047244
21
0.4219777952755905
0
LINE
8
BLACK
6
CONTINUOUS
10
0.2442973622047244
20
0.4219777952755905
11
0.2444283070866142
21
0.422048031496063
0
LINE
8
BLACK
6
CONTINUOUS
10
0.2444283070866142
20
0.422048031496063
11
0.2445335039370079
21
0.4221532283464567
0
LINE
8
BLACK
6
CONTINUOUS
10
0.2445335039370079
20
0.4221532283464567
11
0.2449322834645669
21
0.4223183858267717
0
LINE
8
BLACK
6
CONTINUOUS
10
0.2449322834645669
20
0.4223183858267717
11
0.2453125984251968
21
0.4225224409448819
0
LINE
8
BLACK
6
CONTINUOUS
10
0.2453125984251968
20
0.4225224409448819
11
0.2455300787401575
21
0.4225660236220473
0
LINE
8
BLACK
6
CONTINUOUS
10
0.2455300787401575
20
0.4225660236220473
11
0.2455979133858268
21
0.4225941338582677
0
LINE
8
BLACK
6
CONTINUOUS
10
0.2455979133858268
20
0.4225941338582677
11
0.2456702362204724
21
0.4225941338582677
0
LINE
8
BLACK
6
CONTINUOUS
10
0.2456702362204724
20
0.4225941338582677
11
0.2458801574803149
21
0.4226362204724409
0
LINE
8
BLACK
6
CONTINUOUS
10
0.2458801574803149
20
0.4226362204724409
11
0.2646277952755905
21
0.4245109842519685
0
LINE
8
BLACK
6
CONTINUOUS
10
0.2646277952755905
20
0.4245109842519685
11
0.2652066535433071
21
0.4245118503937008
0
LINE
8
BLACK
6
CONTINUOUS
10
0.2652066535433071
20
0.4245118503937008
11
0.2653490157480315
21
0.4244688976377953
0
LINE
8
BLACK
6
CONTINUOUS
10
0.617476062992126
20
0.4585960236220472
11
0.6185404724409449
21
0.4581551181102362
0
LINE
8
BLACK
6
CONTINUOUS
10
0.6185404724409449
20
0.4581551181102362
11
0.6193551181102362
21
0.4573404724409449
0
LINE
8
BLACK
6
CONTINUOUS
10
0.6193551181102362
20
0.4573404724409449
11
0.6197960236220472
21
0.456276062992126
0
LINE
8
BLACK
6
CONTINUOUS
10
0.6197960236220472
20
0.456276062992126
11
0.6197960236220472
21
0.455123937007874
0
LINE
8
BLACK
6
CONTINUOUS
10
0.6197960236220472
20
0.455123937007874
11
0.6193551181102362
21
0.4540595275590551
0
LINE
8
BLACK
6
CONTINUOUS
10
0.6193551181102362
20
0.4540595275590551
11
0.6185404724409449
21
0.4532448818897638
0
LINE
8
BLACK
6
CONTINUOUS
10
0.6185404724409449
20
0.4532448818897638
11
0.617476062992126
21
0.4528039763779527
0
LINE
8
BLACK
6
CONTINUOUS
10
0.617476062992126
20
0.4528039763779527
11
0.6169
21
0.4527472440944882
0
LINE
8
BLACK
6
CONTINUOUS
10
0.6169
20
0.4527472440944882
11
0.531678779527559
21
0.4527472440944882
0
LINE
8
BLACK
6
CONTINUOUS
10
0.531678779527559
20
0.4527472440944882
11
0.5344183070866142
21
0.4516124803149606
0
LINE
8
BLACK
6
CONTINUOUS
10
0.5344183070866142
20
0.4516124803149606
11
0.5366124803149607
21
0.4494183070866142
0
LINE
8
BLACK
6
CONTINUOUS
10
0.5366124803149607
20
0.4494183070866142
11
0.5377999606299212
21
0.4465514960629921
0
LINE
8
BLACK
6
CONTINUOUS
10
0.5377999606299212
20
0.4465514960629921
11
0.5377999606299212
21
0.4434485039370079
0
LINE
8
BLACK
6
CONTINUOUS
10
0.5377999606299212
20
0.4434485039370079
11
0.5366124803149607
21
0.4405816929133858
0
LINE
8
BLACK
6
CONTINUOUS
10
0.5366124803149607
20
0.4405816929133858
11
0.5344183070866142
21
0.4383875196850394
0
LINE
8
BLACK
6
CONTINUOUS
10
0.5344183070866142
20
0.4383875196850394
11
0.5329527559055118
21
0.4377804330708661
0
LINE
8
BLACK
6
CONTINUOUS
10
0.5329527559055118
20
0.4377804330708661
11
0.5329527559055118
21
0.4
0
LINE
8
BLACK
6
CONTINUOUS
10
0.5329527559055118
20
0.4
11
0.5328960236220472
21
0.399423937007874
0
LINE
8
BLACK
6
CONTINUOUS
10
0.5328960236220472
20
0.399423937007874
11
0.5324551181102362
21
0.3983595275590551
0
LINE
8
BLACK
6
CONTINUOUS
10
0.5324551181102362
20
0.3983595275590551
11
0.5316404724409449
21
0.3975448818897638
0
LINE
8
BLACK
6
CONTINUOUS
10
0.5316404724409449
20
0.3975448818897638
11
0.530576062992126
21
0.3971039763779527
0
LINE
8
BLACK
6
CONTINUOUS
10
0.530576062992126
20
0.3971039763779527
11
0.529423937007874
21
0.3971039763779527
0
LINE
8
BLACK
6
CONTINUOUS
10
0.529423937007874
20
0.3971039763779527
11
0.5283595275590551
21
0.3975448818897638
0
LINE
8
BLACK
6
CONTINUOUS
10
0.5283595275590551
20
0.3975448818897638
11
0.5275448818897638
21
0.3983595275590551
0
LINE
8
BLACK
6
CONTINUOUS
10
0.5275448818897638
20
0.3983595275590551
11
0.5271039763779527
21
0.399423937007874
0
LINE
8
BLACK
6
CONTINUOUS
10
0.5271039763779527
20
0.399423937007874
11
0.5270472440944882
21
0.4
0
LINE
8
BLACK
6
CONTINUOUS
10
0.5270472440944882
20
0.4
11
0.5270472440944882
21
0.4370472440944882
0
LINE
8
BLACK
6
CONTINUOUS
10
0.5270472440944882
20
0.4370472440944882
11
0.4729527559055118
21
0.4370472440944882
0
LINE
8
BLACK
6
CONTINUOUS
10
0.4729527559055118
20
0.4370472440944882
11
0.4729527559055118
21
0.4
0
LINE
8
BLACK
6
CONTINUOUS
10
0.4729527559055118
20
0.4
11
0.4728960236220472
21
0.399423937007874
0
LINE
8
BLACK
6
CONTINUOUS
10
0.4728960236220472
20
0.399423937007874
11
0.4724551181102362
21
0.3983595275590551
0
LINE
8
BLACK
6
CONTINUOUS
10
0.4724551181102362
20
0.3983595275590551
11
0.4716404724409449
21
0.3975448818897638
0
LINE
8
BLACK
6
CONTINUOUS
10
0.4716404724409449
20
0.3975448818897638
11
0.470576062992126
21
0.3971039763779527
0
LINE
8
BLACK
6
CONTINUOUS
10
0.470576062992126
20
0.3971039763779527
11
0.469423937007874
21
0.3971039763779527
0
LINE
8
BLACK
6
CONTINUOUS
10
0.469423937007874
20
0.3971039763779527
11
0.4683595275590551
21
0.3975448818897638
0
LINE
8
BLACK
6
CONTINUOUS
10
0.4683595275590551
20
0.3975448818897638
11
0.4675448818897638
21
0.3983595275590551
0
LINE
8
BLACK
6
CONTINUOUS
10
0.4675448818897638
20
0.3983595275590551
11
0.4671039763779528
21
0.399423937007874
0
LINE
8
BLACK
6
CONTINUOUS
10
0.4671039763779528
20
0.399423937007874
11
0.4670472440944882
21
0.4
0
LINE
8
BLACK
6
CONTINUOUS
10
0.4670472440944882
20
0.4
11
0.4670472440944882
21
0.44
0
LINE
8
BLACK
6
CONTINUOUS
10
0.4670472440944882
20
0.44
11
0.4671039763779528
21
0.440576062992126
0
LINE
8
BLACK
6
CONTINUOUS
10
0.4671039763779528
20
0.440576062992126
11
0.4675448818897638
21
0.4416404724409449
0
LINE
8
BLACK
6
CONTINUOUS
10
0.4675448818897638
20
0.4416404724409449
11
0.4683595275590551
21
0.4424551181102362
0
LINE
8
BLACK
6
CONTINUOUS
10
0.4683595275590551
20
0.4424551181102362
11
0.469423937007874
21
0.4428960236220472
0
LINE
8
BLACK
6
CONTINUOUS
10
0.469423937007874
20
0.4428960236220472
11
0.47
21
0.4429527559055118
0
LINE
8
BLACK
6
CONTINUOUS
10
0.47
20
0.4429527559055118
11
0.5224053937007874
21
0.4429527559055118
0
LINE
8
BLACK
6
CONTINUOUS
10
0.5224053937007874
20
0.4429527559055118
11
0.5222000393700788
21
0.4434485039370079
0
LINE
8
BLACK
6
CONTINUOUS
10
0.5222000393700788
20
0.4434485039370079
11
0.5222000393700788
21
0.4458479921259842
0
LINE
8
BLACK
6
CONTINUOUS
10
0.5222000393700788
20
0.4458479921259842
11
0.5222000393700788
21
0.4465514960629921
0
LINE
8
BLACK
6
CONTINUOUS
10
0.5222000393700788
20
0.4465514960629921
11
0.5233875196850394
21
0.4494183070866142
0
LINE
8
BLACK
6
CONTINUOUS
10
0.5233875196850394
20
0.4494183070866142
11
0.5255816929133859
21
0.4516124803149606
0
LINE
8
BLACK
6
CONTINUOUS
10
0.5255816929133859
20
0.4516124803149606
11
0.5283212204724409
21
0.4527472440944882
0
LINE
8
BLACK
6
CONTINUOUS
10
0.5283212204724409
20
0.4527472440944882
11
0.4831
21
0.4527472440944882
0
LINE
8
BLACK
6
CONTINUOUS
10
0.4831
20
0.4527472440944882
11
0.482523937007874
21
0.4528039763779527
0
LINE
8
BLACK
6
CONTINUOUS
10
0.482523937007874
20
0.4528039763779527
11
0.4814595275590551
21
0.4532448818897638
0
LINE
8
BLACK
6
CONTINUOUS
10
0.4814595275590551
20
0.4532448818897638
11
0.4806448818897638
21
0.4540595275590551
0
LINE
8
BLACK
6
CONTINUOUS
10
0.4806448818897638
20
0.4540595275590551
11
0.4802039763779528
21
0.455123937007874
0
LINE
8
BLACK
6
CONTINUOUS
10
0.4802039763779528
20
0.455123937007874
11
0.4802039763779528
21
0.456276062992126
0
LINE
8
BLACK
6
CONTINUOUS
10
0.4802039763779528
20
0.456276062992126
11
0.4806448818897638
21
0.4573404724409449
0
LINE
8
BLACK
6
CONTINUOUS
10
0.4806448818897638
20
0.4573404724409449
11
0.4814595275590551
21
0.4581551181102362
0
LINE
8
BLACK
6
CONTINUOUS
10
0.4814595275590551
20
0.4581551181102362
11
0.482523937007874
21
0.4585960236220472
0
LINE
8
BLACK
6
CONTINUOUS
10
0.482523937007874
20
0.4585960236220472
11
0.4831
21
0.4586527559055118
0
LINE
8
BLACK
6
CONTINUOUS
10
0.4831
20
0.4586527559055118
11
0.6169
21
0.4586527559055118
0
LINE
8
BLACK
6
CONTINUOUS
10
0.6169
20
0.4586527559055118
11
0.617476062992126
21
0.4585960236220472
0
LINE
8
BLACK
6
CONTINUOUS
10
0.5279527559055118
20
0.4441520078740158
11
0.5291520078740157
21
0.4429527559055118
0
LINE
8
BLACK
6
CONTINUOUS
10
0.5291520078740157
20
0.4429527559055118
11
0.5308479921259842
21
0.4429527559055118
0
LINE
8
BLACK
6
CONTINUOUS
10
0.5308479921259842
20
0.4429527559055118
11
0.5320472440944882
21
0.4441520078740158
0
LINE
8
BLACK
6
CONTINUOUS
10
0.5320472440944882
20
0.4441520078740158
11
0.5320472440944882
21
0.4458479921259842
0
LINE
8
BLACK
6
CONTINUOUS
10
0.5320472440944882
20
0.4458479921259842
11
0.5308479921259842
21
0.4470472440944882
0
LINE
8
BLACK
6
CONTINUOUS
10
0.5308479921259842
20
0.4470472440944882
11
0.5291520078740157
21
0.4470472440944882
0
LINE
8
BLACK
6
CONTINUOUS
10
0.5291520078740157
20
0.4470472440944882
11
0.5279527559055118
21
0.4458479921259842
0
LINE
8
BLACK
6
CONTINUOUS
10
0.5279527559055118
20
0.4458479921259842
11
0.5279527559055118
21
0.4441520078740158
0
LINE
8
BLACK
6
CONTINUOUS
10
0.6580094094488189
20
0.456045905511811
11
0.6596648031496063
21
0.4543905118110236
0
LINE
8
BLACK
6
CONTINUOUS
10
0.6596648031496063
20
0.4543905118110236
11
0.6605607086614174
21
0.4522276377952756
0
LINE
8
BLACK
6
CONTINUOUS
10
0.6605607086614174
20
0.4522276377952756
11
0.6606759842519685
21
0.4510570866141732
0
LINE
8
BLACK
6
CONTINUOUS
10
0.6606759842519685
20
0.4510570866141732
11
0.6606759842519685
21
0.4341999606299212
0
LINE
8
BLACK
6
CONTINUOUS
10
0.6606759842519685
20
0.4341999606299212
11
0.6775331102362204
21
0.4341999606299212
0
LINE
8
BLACK
6
CONTINUOUS
10
0.6775331102362204
20
0.4341999606299212
11
0.6787036614173229
21
0.4340846850393701
0
LINE
8
BLACK
6
CONTINUOUS
10
0.6787036614173229
20
0.4340846850393701
11
0.6808665354330709
21
0.433188779527559
0
LINE
8
BLACK
6
CONTINUOUS
10
0.6808665354330709
20
0.433188779527559
11
0.6825219291338582
21
0.4315333858267716
0
LINE
8
BLACK
6
CONTINUOUS
10
0.6825219291338582
20
0.4315333858267716
11
0.6834178346456693
21
0.4293705118110236
0
LINE
8
BLACK
6
CONTINUOUS
10
0.6834178346456693
20
0.4293705118110236
11
0.6834178346456693
21
0.4270294094488189
0
LINE
8
BLACK
6
CONTINUOUS
10
0.6834178346456693
20
0.4270294094488189
11
0.6825219291338582
21
0.4248665354330708
0
LINE
8
BLACK
6
CONTINUOUS
10
0.6825219291338582
20
0.4248665354330708
11
0.6808665354330709
21
0.4232111417322835
0
LINE
8
BLACK
6
CONTINUOUS
10
0.6808665354330709
20
0.4232111417322835
11
0.6787036614173229
21
0.4223152362204725
0
LINE
8
BLACK
6
CONTINUOUS
10
0.6787036614173229
20
0.4223152362204725
11
0.6775331102362204
21
0.4221999606299213
0
LINE
8
BLACK
6
CONTINUOUS
10
0.6775331102362204
20
0.4221999606299213
11
0.6606759842519685
21
0.4221999606299213
0
LINE
8
BLACK
6
CONTINUOUS
10
0.6606759842519685
20
0.4221999606299213
11
0.6606759842519685
21
0.4053428346456693
0
LINE
8
BLACK
6
CONTINUOUS
10
0.6606759842519685
20
0.4053428346456693
11
0.6605607086614174
21
0.4041722834645669
0
LINE
8
BLACK
6
CONTINUOUS
10
0.6605607086614174
20
0.4041722834645669
11
0.6596648031496063
21
0.4020094094488189
0
LINE
8
BLACK
6
CONTINUOUS
10
0.6596648031496063
20
0.4020094094488189
11
0.6580094094488189
21
0.4003540157480315
0
LINE
8
BLACK
6
CONTINUOUS
10
0.6580094094488189
20
0.4003540157480315
11
0.6558465354330708
21
0.3994581102362205
0
LINE
8
BLACK
6
CONTINUOUS
10
0.6558465354330708
20
0.3994581102362205
11
0.6535054330708662
21
0.3994581102362205
0
LINE
8
BLACK
6
CONTINUOUS
10
0.6535054330708662
20
0.3994581102362205
11
0.6513425590551181
21
0.4003540157480315
0
LINE
8
BLACK
6
CONTINUOUS
10
0.6513425590551181
20
0.4003540157480315
11
0.6500925984251968
21
0.4016039763779528
0
LINE
8
BLACK
6
CONTINUOUS
10
0.6500925984251968
20
0.4016039763779528
11
0.649923937007874
21
0.4016039763779528
0
LINE
8
BLACK
6
CONTINUOUS
10
0.649923937007874
20
0.4016039763779528
11
0.6488595275590551
21
0.4020448818897638
0
LINE
8
BLACK
6
CONTINUOUS
10
0.6488595275590551
20
0.4020448818897638
11
0.6480448818897637
21
0.4028595275590551
0
LINE
8
BLACK
6
CONTINUOUS
10
0.6480448818897637
20
0.4028595275590551
11
0.6476039763779528
21
0.403923937007874
0
LINE
8
BLACK
6
CONTINUOUS
10
0.6476039763779528
20
0.403923937007874
11
0.6475472440944882
21
0.4045
0
LINE
8
BLACK
6
CONTINUOUS
10
0.6475472440944882
20
0.4045
11
0.6475472440944882
21
0.4221999606299213
0
LINE
8
BLACK
6
CONTINUOUS
10
0.6475472440944882
20
0.4221999606299213
11
0.6318188188976378
21
0.4221999606299213
0
LINE
8
BLACK
6
CONTINUOUS
10
0.6318188188976378
20
0.4221999606299213
11
0.6306482677165354
21
0.4223152362204725
0
LINE
8
BLACK
6
CONTINUOUS
10
0.6306482677165354
20
0.4223152362204725
11
0.6284853937007874
21
0.4232111417322835
0
LINE
8
BLACK
6
CONTINUOUS
10
0.6284853937007874
20
0.4232111417322835
11
0.62683
21
0.4248665354330708
0
LINE
8
BLACK
6
CONTINUOUS
10
0.62683
20
0.4248665354330708
11
0.6267057874015748
21
0.4251663385826772
0
LINE
8
BLACK
6
CONTINUOUS
10
0.6267057874015748
20
0.4251663385826772
11
0.626323937007874
21
0.4252039763779528
0
LINE
8
BLACK
6
CONTINUOUS
10
0.626323937007874
20
0.4252039763779528
11
0.6252595275590551
21
0.4256448818897638
0
LINE
8
BLACK
6
CONTINUOUS
10
0.6252595275590551
20
0.4256448818897638
11
0.6244448818897638
21
0.4264595275590551
0
LINE
8
BLACK
6
CONTINUOUS
10
0.6244448818897638
20
0.4264595275590551
11
0.6240039763779528
21
0.427523937007874
0
LINE
8
BLACK
6
CONTINUOUS
10
0.6240039763779528
20
0.427523937007874
11
0.6240039763779528
21
0.428676062992126
0
LINE
8
BLACK
6
CONTINUOUS
10
0.6240039763779528
20
0.428676062992126
11
0.6244448818897638
21
0.4297404724409449
0
LINE
8
BLACK
6
CONTINUOUS
10
0.6244448818897638
20
0.4297404724409449
11
0.6252595275590551
21
0.4305551181102362
0
LINE
8
BLACK
6
CONTINUOUS
10
0.6252595275590551
20
0.4305551181102362
11
0.626323937007874
21
0.4309960236220473
0
LINE
8
BLACK
6
CONTINUOUS
10
0.626323937007874
20
0.4309960236220473
11
0.6266194488188976
21
0.4310251181102362
0
LINE
8
BLACK
6
CONTINUOUS
10
0.6266194488188976
20
0.4310251181102362
11
0.62683
21
0.4315333858267716
0
LINE
8
BLACK
6
CONTINUOUS
10
0.62683
20
0.4315333858267716
11
0.6284853937007874
21
0.433188779527559
0
LINE
8
BLACK
6
CONTINUOUS
10
0.6284853937007874
20
0.433188779527559
11
0.6306482677165354
21
0.4340846850393701
0
LINE
8
BLACK
6
CONTINUOUS
10
0.6306482677165354
20
0.4340846850393701
11
0.6318188188976378
21
0.4341999606299212
0
LINE
8
BLACK
6
CONTINUOUS
10
0.6318188188976378
20
0.4341999606299212
11
0.6475472440944882
21
0.4341999606299212
0
LINE
8
BLACK
6
CONTINUOUS
10
0.6475472440944882
20
0.4341999606299212
11
0.6475472440944882
21
0.4517
0
LINE
8
BLACK
6
CONTINUOUS
10
0.6475472440944882
20
0.4517
11
0.6476039763779528
21
0.452276062992126
0
LINE
8
BLACK
6
CONTINUOUS
10
0.6476039763779528
20
0.452276062992126
11
0.6480448818897637
21
0.4533404724409449
0
LINE
8
BLACK
6
CONTINUOUS
10
0.6480448818897637
20
0.4533404724409449
11
0.6488595275590551
21
0.4541551181102362
0
LINE
8
BLACK
6
CONTINUOUS
10
0.6488595275590551
20
0.4541551181102362
11
0.6498705511811024
21
0.4545738976377953
0
LINE
8
BLACK
6
CONTINUOUS
10
0.6498705511811024
20
0.4545738976377953
11
0.6513425590551181
21
0.456045905511811
0
LINE
8
BLACK
6
CONTINUOUS
10
0.6513425590551181
20
0.456045905511811
11
0.6535054330708662
21
0.456941811023622
0
LINE
8
BLACK
6
CONTINUOUS
10
0.6535054330708662
20
0.456941811023622
11
0.6558465354330708
21
0.456941811023622
0
LINE
8
BLACK
6
CONTINUOUS
10
0.6558465354330708
20
0.456941811023622
11
0.6580094094488189
21
0.456045905511811
0
LINE
8
BLACK
6
CONTINUOUS
10
0.8294562598425197
20
0.4987515748031496
11
0.8296554724409448
21
0.4986690157480315
0
LINE
8
BLACK
6
CONTINUOUS
10
0.8296554724409448
20
0.4986690157480315
11
0.8298704330708662
21
0.4986537795275591
0
LINE
8
BLACK
6
CONTINUOUS
10
0.8298704330708662
20
0.4986537795275591
11
0.8309689763779528
21
0.4982334251968504
0
LINE
8
BLACK
6
CONTINUOUS
10
0.8309689763779528
20
0.4982334251968504
11
0.8366832677165355
21
0.4953762992125984
0
LINE
8
BLACK
6
CONTINUOUS
10
0.8366832677165355
20
0.4953762992125984
11
0.8371870078740157
21
0.4950591732283465
0
LINE
8
BLACK
6
CONTINUOUS
10
0.8371870078740157
20
0.4950591732283465
11
0.8373334251968504
21
0.4949985433070866
0
LINE
8
BLACK
6
CONTINUOUS
10
0.8373334251968504
20
0.4949985433070866
11
0.8374982283464567
21
0.4948632677165354
0
LINE
8
BLACK
6
CONTINUOUS
10
0.8374982283464567
20
0.4948632677165354
11
0.8376787007874016
21
0.4947496850393701
0
LINE
8
BLACK
6
CONTINUOUS
10
0.8376787007874016
20
0.4947496850393701
11
0.8377825196850394
21
0.4946299606299213
0
LINE
8
BLACK
6
CONTINUOUS
10
0.8377825196850394
20
0.4946299606299213
11
0.8382426377952755
21
0.4942523622047244
0
LINE
8
BLACK
6
CONTINUOUS
10
0.8382426377952755
20
0.4942523622047244
11
0.8439568897637795
21
0.4885380708661417
0
LINE
8
BLACK
6
CONTINUOUS
10
0.8439568897637795
20
0.4885380708661417
11
0.8447030708661417
21
0.4876288582677165
0
LINE
8
BLACK
6
CONTINUOUS
10
0.8447030708661417
20
0.4876288582677165
11
0.8448737401574803
21
0.4872167322834646
0
LINE
8
BLACK
6
CONTINUOUS
10
0.8448737401574803
20
0.4872167322834646
11
0.8451393700787402
21
0.4868583070866142
0
LINE
8
BLACK
6
CONTINUOUS
10
0.8451393700787402
20
0.4868583070866142
11
0.8455351181102362
21
0.4857506692913386
0
LINE
8
BLACK
6
CONTINUOUS
10
0.8455351181102362
20
0.4857506692913386
11
0.848392283464567
21
0.4743220866141732
0
LINE
8
BLACK
6
CONTINUOUS
10
0.848392283464567
20
0.4743220866141732
11
0.8484222834645669
21
0.474119094488189
0
LINE
8
BLACK
6
CONTINUOUS
10
0.8484222834645669
20
0.474119094488189
11
0.8484561417322835
21
0.4740374015748031
0
LINE
8
BLACK
6
CONTINUOUS
10
0.8484561417322835
20
0.4740374015748031
11
0.8484995275590551
21
0.4735966141732283
0
LINE
8
BLACK
6
CONTINUOUS
10
0.8484995275590551
20
0.4735966141732283
11
0.8485643307086614
21
0.4731585039370079
0
LINE
8
BLACK
6
CONTINUOUS
10
0.8485643307086614
20
0.4731585039370079
11
0.8485512992125984
21
0.4730709842519685
0
LINE
8
BLACK
6
CONTINUOUS
10
0.8485512992125984
20
0.4730709842519685
11
0.8485714173228346
21
0.4728668503937008
0
LINE
8
BLACK
6
CONTINUOUS
10
0.8485714173228346
20
0.4728668503937008
11
0.8485714173228346
21
0.4528668503937008
0
LINE
8
BLACK
6
CONTINUOUS
10
0.8485714173228346
20
0.4528668503937008
11
0.8485512992125984
21
0.4526626771653543
0
LINE
8
BLACK
6
CONTINUOUS
10
0.8485512992125984
20
0.4526626771653543
11
0.8485643307086614
21
0.4525751968503937
0
LINE
8
BLACK
6
CONTINUOUS
10
0.8485643307086614
20
0.4525751968503937
11
0.8484995275590551
21
0.4521370472440945
0
LINE
8
BLACK
6
CONTINUOUS
10
0.8484995275590551
20
0.4521370472440945
11
0.8484561417322835
21
0.4516962992125984
0
LINE
8
BLACK
6
CONTINUOUS
10
0.8484561417322835
20
0.4516962992125984
11
0.8484222834645669
21
0.4516145669291338
0
LINE
8
BLACK
6
CONTINUOUS
10
0.8484222834645669
20
0.4516145669291338
11
0.848392283464567
21
0.4514116141732283
0
LINE
8
BLACK
6
CONTINUOUS
10
0.848392283464567
20
0.4514116141732283
11
0.8455351181102362
21
0.439983031496063
0
LINE
8
BLACK
6
CONTINUOUS
10
0.8455351181102362
20
0.439983031496063
11
0.8451393700787402
21
0.4388753937007874
0
LINE
8
BLACK
6
CONTINUOUS
10
0.8451393700787402
20
0.4388753937007874
11
0.8448738188976378
21
0.4385170078740158
0
LINE
8
BLACK
6
CONTINUOUS
10
0.8448738188976378
20
0.4385170078740158
11
0.8447031102362205
21
0.438104842519685
0
LINE
8
BLACK
6
CONTINUOUS
10
0.8447031102362205
20
0.438104842519685
11
0.8439568897637795
21
0.4371956299212598
0
LINE
8
BLACK
6
CONTINUOUS
10
0.8439568897637795
20
0.4371956299212598
11
0.8382426377952755
21
0.4314813779527559
0
LINE
8
BLACK
6
CONTINUOUS
10
0.8382426377952755
20
0.4314813779527559
11
0.8377825196850394
21
0.4311037401574803
0
LINE
8
BLACK
6
CONTINUOUS
10
0.8377825196850394
20
0.4311037401574803
11
0.8376787007874016
21
0.4309840551181102
0
LINE
8
BLACK
6
CONTINUOUS
10
0.8376787007874016
20
0.4309840551181102
11
0.837498188976378
21
0.4308703937007874
0
LINE
8
BLACK
6
CONTINUOUS
10
0.837498188976378
20
0.4308703937007874
11
0.8373334251968504
21
0.4307351968503937
0
LINE
8
BLACK
6
CONTINUOUS
10
0.8373334251968504
20
0.4307351968503937
11
0.8371870866141732
21
0.4306745669291339
0
LINE
8
BLACK
6
CONTINUOUS
10
0.8371870866141732
20
0.4306745669291339
11
0.8366833070866142
21
0.4303574409448819
0
LINE
8
BLACK
6
CONTINUOUS
10
0.8366833070866142
20
0.4303574409448819
11
0.8309690157480315
21
0.4275002755905511
0
LINE
8
BLACK
6
CONTINUOUS
10
0.8309690157480315
20
0.4275002755905511
11
0.8298704724409449
21
0.4270799212598425
0
LINE
8
BLACK
6
CONTINUOUS
10
0.8298704724409449
20
0.4270799212598425
11
0.8296554330708661
21
0.4270646062992126
0
LINE
8
BLACK
6
CONTINUOUS
10
0.8296554330708661
20
0.4270646062992126
11
0.8294562598425197
21
0.4269821259842519
0
LINE
8
BLACK
6
CONTINUOUS
10
0.8294562598425197
20
0.4269821259842519
11
0.8282857086614173
21
0.4268668503937008
0
LINE
8
BLACK
6
CONTINUOUS
10
0.8282857086614173
20
0.4268668503937008
11
0.816857125984252
21
0.4268668503937008
0
LINE
8
BLACK
6
CONTINUOUS
10
0.816857125984252
20
0.4268668503937008
11
0.8156865748031495
21
0.4269821259842519
0
LINE
8
BLACK
6
CONTINUOUS
10
0.8156865748031495
20
0.4269821259842519
11
0.8154873622047244
21
0.4270646062992126
0
LINE
8
BLACK
6
CONTINUOUS
10
0.8154873622047244
20
0.4270646062992126
11
0.8152723622047244
21
0.4270799212598425
0
LINE
8
BLACK
6
CONTINUOUS
10
0.8152723622047244
20
0.4270799212598425
11
0.8141738188976377
21
0.4275002755905511
0
LINE
8
BLACK
6
CONTINUOUS
10
0.8141738188976377
20
0.4275002755905511
11
0.8123275196850394
21
0.4284234251968504
0
LINE
8
BLACK
6
CONTINUOUS
10
0.8123275196850394
20
0.4284234251968504
11
0.8096711811023621
21
0.4257670866141732
0
LINE
8
BLACK
6
CONTINUOUS
10
0.8096711811023621
20
0.4257670866141732
11
0.809211062992126
21
0.4253894488188976
0
LINE
8
BLACK
6
CONTINUOUS
10
0.809211062992126
20
0.4253894488188976
11
0.8091072440944882
21
0.4252697637795276
0
LINE
8
BLACK
6
CONTINUOUS
10
0.8091072440944882
20
0.4252697637795276
11
0.8089267322834646
21
0.4251561023622047
0
LINE
8
BLACK
6
CONTINUOUS
10
0.8089267322834646
20
0.4251561023622047
11
0.808761968503937
21
0.425020905511811
0
LINE
8
BLACK
6
CONTINUOUS
10
0.808761968503937
20
0.425020905511811
11
0.8086156299212598
21
0.4249602755905512
0
LINE
8
BLACK
6
CONTINUOUS
10
0.8086156299212598
20
0.4249602755905512
11
0.8081118503937008
21
0.4246431496062992
0
LINE
8
BLACK
6
CONTINUOUS
10
0.8081118503937008
20
0.4246431496062992
11
0.8023975590551181
21
0.4217859842519685
0
LINE
8
BLACK
6
CONTINUOUS
10
0.8023975590551181
20
0.4217859842519685
11
0.8012990157480315
21
0.4213656299212598
0
LINE
8
BLACK
6
CONTINUOUS
10
0.8012990157480315
20
0.4213656299212598
11
0.7989638188976378
21
0.4211996850393701
0
LINE
8
BLACK
6
CONTINUOUS
10
0.7989638188976378
20
0.4211996850393701
11
0.7967428740157481
21
0.4219399606299212
0
LINE
8
BLACK
6
CONTINUOUS
10
0.7967428740157481
20
0.4219399606299212
11
0.7949742913385827
21
0.4234738582677166
0
LINE
8
BLACK
6
CONTINUOUS
10
0.7949742913385827
20
0.4234738582677166
11
0.7939273228346456
21
0.4255677952755905
0
LINE
8
BLACK
6
CONTINUOUS
10
0.7939273228346456
20
0.4255677952755905
11
0.7937613779527559
21
0.4279029921259843
0
LINE
8
BLACK
6
CONTINUOUS
10
0.7937613779527559
20
0.4279029921259843
11
0.794501653543307
21
0.430123937007874
0
LINE
8
BLACK
6
CONTINUOUS
10
0.794501653543307
20
0.430123937007874
11
0.7960355511811024
21
0.4318925196850393
0
LINE
8
BLACK
6
CONTINUOUS
10
0.7960355511811024
20
0.4318925196850393
11
0.7970309448818897
21
0.4325191338582677
0
LINE
8
BLACK
6
CONTINUOUS
10
0.7970309448818897
20
0.4325191338582677
11
0.8018744094488188
21
0.4349408661417323
0
LINE
8
BLACK
6
CONTINUOUS
10
0.8018744094488188
20
0.4349408661417323
11
0.8026575196850394
21
0.4357239763779527
0
LINE
8
BLACK
6
CONTINUOUS
10
0.8026575196850394
20
0.4357239763779527
11
0.801185905511811
21
0.4371956299212598
0
LINE
8
BLACK
6
CONTINUOUS
10
0.801185905511811
20
0.4371956299212598
11
0.8004397244094488
21
0.438104842519685
0
LINE
8
BLACK
6
CONTINUOUS
10
0.8004397244094488
20
0.438104842519685
11
0.8002689763779527
21
0.4385170078740158
0
LINE
8
BLACK
6
CONTINUOUS
10
0.8002689763779527
20
0.4385170078740158
11
0.8000034251968504
21
0.4388754330708661
0
LINE
8
BLACK
6
CONTINUOUS
10
0.8000034251968504
20
0.4388754330708661
11
0.7996076771653543
21
0.4399830708661417
0
LINE
8
BLACK
6
CONTINUOUS
10
0.7996076771653543
20
0.4399830708661417
11
0.7967505511811024
21
0.4514116535433071
0
LINE
8
BLACK
6
CONTINUOUS
10
0.7967505511811024
20
0.4514116535433071
11
0.7967205118110237
21
0.4516145669291338
0
LINE
8
BLACK
6
CONTINUOUS
10
0.7967205118110237
20
0.4516145669291338
11
0.7966866929133858
21
0.4516962992125984
0
LINE
8
BLACK
6
CONTINUOUS
10
0.7966866929133858
20
0.4516962992125984
11
0.7966432677165354
21
0.4521370866141732
0
LINE
8
BLACK
6
CONTINUOUS
10
0.7966432677165354
20
0.4521370866141732
11
0.7965785039370079
21
0.4525751968503937
0
LINE
8
BLACK
6
CONTINUOUS
10
0.7965785039370079
20
0.4525751968503937
11
0.7965914960629921
21
0.4526626771653543
0
LINE
8
BLACK
6
CONTINUOUS
10
0.7965914960629921
20
0.4526626771653543
11
0.7965714173228347
21
0.4528668503937008
0
LINE
8
BLACK
6
CONTINUOUS
10
0.7965714173228347
20
0.4528668503937008
11
0.7965714173228347
21
0.4728668503937008
0
LINE
8
BLACK
6
CONTINUOUS
10
0.7965714173228347
20
0.4728668503937008
11
0.7965914960629921
21
0.4730709842519685
0
LINE
8
BLACK
6
CONTINUOUS
10
0.7965914960629921
20
0.4730709842519685
11
0.7965785039370079
21
0.4731585039370079
0
LINE
8
BLACK
6
CONTINUOUS
10
0.7965785039370079
20
0.4731585039370079
11
0.7966432677165354
21
0.4735965748031496
0
LINE
8
BLACK
6
CONTINUOUS
10
0.7966432677165354
20
0.4735965748031496
11
0.7966866929133858
21
0.4740374015748031
0
LINE
8
BLACK
6
CONTINUOUS
10
0.7966866929133858
20
0.4740374015748031
11
0.7967205118110237
21
0.474119094488189
0
LINE
8
BLACK
6
CONTINUOUS
10
0.7967205118110237
20
0.474119094488189
11
0.7967505511811024
21
0.4743220472440945
0
LINE
8
BLACK
6
CONTINUOUS
10
0.7967505511811024
20
0.4743220472440945
11
0.7996076771653543
21
0.4857506299212598
0
LINE
8
BLACK
6
CONTINUOUS
10
0.7996076771653543
20
0.4857506299212598
11
0.8000034251968504
21
0.4868582677165354
0
LINE
8
BLACK
6
CONTINUOUS
10
0.8000034251968504
20
0.4868582677165354
11
0.8002689763779527
21
0.4872166535433071
0
LINE
8
BLACK
6
CONTINUOUS
10
0.8002689763779527
20
0.4872166535433071
11
0.8004397244094488
21
0.4876288582677165
0
LINE
8
BLACK
6
CONTINUOUS
10
0.8004397244094488
20
0.4876288582677165
11
0.801185905511811
21
0.4885380708661417
0
LINE
8
BLACK
6
CONTINUOUS
10
0.801185905511811
20
0.4885380708661417
11
0.8069001968503937
21
0.4942523622047244
0
LINE
8
BLACK
6
CONTINUOUS
10
0.8069001968503937
20
0.4942523622047244
11
0.807360157480315
21
0.494629842519685
0
LINE
8
BLACK
6
CONTINUOUS
10
0.807360157480315
20
0.494629842519685
11
0.8074641338582677
21
0.4947497244094488
0
LINE
8
BLACK
6
CONTINUOUS
10
0.8074641338582677
20
0.4947497244094488
11
0.8076447637795275
21
0.4948634251968504
0
LINE
8
BLACK
6
CONTINUOUS
10
0.8076447637795275
20
0.4948634251968504
11
0.8078094094488188
21
0.4949985433070866
0
LINE
8
BLACK
6
CONTINUOUS
10
0.8078094094488188
20
0.4949985433070866
11
0.8079556692913386
21
0.4950591338582677
0
LINE
8
BLACK
6
CONTINUOUS
10
0.8079556692913386
20
0.4950591338582677
11
0.8084595669291338
21
0.4953762992125984
0
LINE
8
BLACK
6
CONTINUOUS
10
0.8084595669291338
20
0.4953762992125984
11
0.8141738582677165
21
0.4982334251968504
0
LINE
8
BLACK
6
CONTINUOUS
10
0.8141738582677165
20
0.4982334251968504
11
0.8152724015748032
21
0.4986538188976378
0
LINE
8
BLACK
6
CONTINUOUS
10
0.8152724015748032
20
0.4986538188976378
11
0.8154874409448819
21
0.498669094488189
0
LINE
8
BLACK
6
CONTINUOUS
10
0.8154874409448819
20
0.498669094488189
11
0.8156865748031495
21
0.4987515748031496
0
LINE
8
BLACK
6
CONTINUOUS
10
0.8156865748031495
20
0.4987515748031496
11
0.816857125984252
21
0.4988668503937008
0
LINE
8
BLACK
6
CONTINUOUS
10
0.816857125984252
20
0.4988668503937008
11
0.8282857086614173
21
0.4988668503937008
0
LINE
8
BLACK
6
CONTINUOUS
10
0.8282857086614173
20
0.4988668503937008
11
0.8294562598425197
21
0.4987515748031496
0
LINE
8
BLACK
6
CONTINUOUS
10
0.8232683464566929
20
0.4393642519685039
11
0.8227709448818897
21
0.4388668503937008
0
LINE
8
BLACK
6
CONTINUOUS
10
0.8227709448818897
20
0.4388668503937008
11
0.8268692519685039
21
0.4388668503937008
0
LINE
8
BLACK
6
CONTINUOUS
10
0.8268692519685039
20
0.4388668503937008
11
0.8304458661417322
21
0.440655157480315
0
LINE
8
BLACK
6
CONTINUOUS
10
0.8304458661417322
20
0.440655157480315
11
0.8309432677165354
21
0.4411525590551181
0
LINE
8
BLACK
6
CONTINUOUS
10
0.8309432677165354
20
0.4411525590551181
11
0.8268449606299212
21
0.4411525590551181
0
LINE
8
BLACK
6
CONTINUOUS
10
0.8268449606299212
20
0.4411525590551181
11
0.8232683464566929
21
0.4393642519685039
0
LINE
8
BLACK
6
CONTINUOUS
10
0.8146969291338583
20
0.4850785433070866
11
0.8108463385826772
21
0.4812279527559055
0
LINE
8
BLACK
6
CONTINUOUS
10
0.8108463385826772
20
0.4812279527559055
11
0.8085714173228347
21
0.4721281889763779
0
LINE
8
BLACK
6
CONTINUOUS
10
0.8085714173228347
20
0.4721281889763779
11
0.8085714173228347
21
0.4536054724409448
0
LINE
8
BLACK
6
CONTINUOUS
10
0.8085714173228347
20
0.4536054724409448
11
0.8108463385826772
21
0.4445057480314961
0
LINE
8
BLACK
6
CONTINUOUS
10
0.8108463385826772
20
0.4445057480314961
11
0.8111427952755905
21
0.4442092519685039
0
LINE
8
BLACK
6
CONTINUOUS
10
0.8111427952755905
20
0.4442092519685039
11
0.8154716141732283
21
0.4485380708661417
0
LINE
8
BLACK
6
CONTINUOUS
10
0.8154716141732283
20
0.4485380708661417
11
0.8159315748031496
21
0.4489155511811024
0
LINE
8
BLACK
6
CONTINUOUS
10
0.8159315748031496
20
0.4489155511811024
11
0.8160355511811024
21
0.4490354330708661
0
LINE
8
BLACK
6
CONTINUOUS
10
0.8160355511811024
20
0.4490354330708661
11
0.8162161811023622
21
0.4491491338582677
0
LINE
8
BLACK
6
CONTINUOUS
10
0.8162161811023622
20
0.4491491338582677
11
0.8163808267716536
21
0.4492842519685039
0
LINE
8
BLACK
6
CONTINUOUS
10
0.8163808267716536
20
0.4492842519685039
11
0.8165270866141732
21
0.449344842519685
0
LINE
8
BLACK
6
CONTINUOUS
10
0.8165270866141732
20
0.449344842519685
11
0.8170309842519685
21
0.4496620078740157
0
LINE
8
BLACK
6
CONTINUOUS
10
0.8170309842519685
20
0.4496620078740157
11
0.8227452755905512
21
0.4525191338582677
0
LINE
8
BLACK
6
CONTINUOUS
10
0.8227452755905512
20
0.4525191338582677
11
0.8238438188976378
21
0.4529395275590551
0
LINE
8
BLACK
6
CONTINUOUS
10
0.8238438188976378
20
0.4529395275590551
11
0.8240588582677165
21
0.4529548031496063
0
LINE
8
BLACK
6
CONTINUOUS
10
0.8240588582677165
20
0.4529548031496063
11
0.8242579921259843
21
0.4530372834645669
0
LINE
8
BLACK
6
CONTINUOUS
10
0.8242579921259843
20
0.4530372834645669
11
0.8254285433070866
21
0.4531525590551181
0
LINE
8
BLACK
6
CONTINUOUS
10
0.8254285433070866
20
0.4531525590551181
11
0.8311428346456693
21
0.4531525590551181
0
LINE
8
BLACK
6
CONTINUOUS
10
0.8311428346456693
20
0.4531525590551181
11
0.8323133858267716
21
0.4530372834645669
0
LINE
8
BLACK
6
CONTINUOUS
10
0.8323133858267716
20
0.4530372834645669
11
0.8344762598425197
21
0.4521413779527559
0
LINE
8
BLACK
6
CONTINUOUS
10
0.8344762598425197
20
0.4521413779527559
11
0.8358595275590551
21
0.4507580708661417
0
LINE
8
BLACK
6
CONTINUOUS
10
0.8358595275590551
20
0.4507580708661417
11
0.8365714173228346
21
0.4536055511811024
0
LINE
8
BLACK
6
CONTINUOUS
10
0.8365714173228346
20
0.4536055511811024
11
0.8365714173228346
21
0.4721281102362205
0
LINE
8
BLACK
6
CONTINUOUS
10
0.8365714173228346
20
0.4721281102362205
11
0.8342964173228347
21
0.4812279527559055
0
LINE
8
BLACK
6
CONTINUOUS
10
0.8342964173228347
20
0.4812279527559055
11
0.8304458267716536
21
0.4850785433070866
0
LINE
8
BLACK
6
CONTINUOUS
10
0.8304458267716536
20
0.4850785433070866
11
0.8268692913385827
21
0.4868668503937008
0
LINE
8
BLACK
6
CONTINUOUS
10
0.8268692913385827
20
0.4868668503937008
11
0.8182735433070866
21
0.4868668503937008
0
LINE
8
BLACK
6
CONTINUOUS
10
0.8182735433070866
20
0.4868668503937008
11
0.8146969291338583
21
0.4850785433070866
0
LINE
8
BLACK
6
CONTINUOUS
10
0.7631540551181102
20
0.4987515748031496
11
0.7637419685039369
21
0.4987515748031496
0
LINE
8
BLACK
6
CONTINUOUS
10
0.7637419685039369
20
0.4987515748031496
11
0.7642908661417323
21
0.4985241732283465
0
LINE
8
BLACK
6
CONTINUOUS
10
0.7642908661417323
20
0.4985241732283465
11
0.7648733070866142
21
0.498407716535433
0
LINE
8
BLACK
6
CONTINUOUS
10
0.7648733070866142
20
0.498407716535433
11
0.7653616929133858
21
0.4980806299212598
0
LINE
8
BLACK
6
CONTINUOUS
10
0.7653616929133858
20
0.4980806299212598
11
0.765904842519685
21
0.4978556692913386
0
LINE
8
BLACK
6
CONTINUOUS
10
0.765904842519685
20
0.4978556692913386
11
0.766324842519685
21
0.4974356299212598
0
LINE
8
BLACK
6
CONTINUOUS
10
0.766324842519685
20
0.4974356299212598
11
0.7668185039370079
21
0.4971050787401575
0
LINE
8
BLACK
6
CONTINUOUS
10
0.7668185039370079
20
0.4971050787401575
11
0.7675556692913386
21
0.4962048031496063
0
LINE
8
BLACK
6
CONTINUOUS
10
0.7675556692913386
20
0.4962048031496063
11
0.7675602362204724
21
0.4962002755905512
0
LINE
8
BLACK
6
CONTINUOUS
10
0.7675602362204724
20
0.4962002755905512
11
0.767561062992126
21
0.4961982283464567
0
LINE
8
BLACK
6
CONTINUOUS
10
0.767561062992126
20
0.4961982283464567
11
0.7675637007874015
21
0.4961950393700787
0
LINE
8
BLACK
6
CONTINUOUS
10
0.7675637007874015
20
0.4961950393700787
11
0.7729483464566929
21
0.488118031496063
0
LINE
8
BLACK
6
CONTINUOUS
10
0.7729483464566929
20
0.488118031496063
11
0.7775540944881889
21
0.4835122834645669
0
LINE
8
BLACK
6
CONTINUOUS
10
0.7775540944881889
20
0.4835122834645669
11
0.7823975590551181
21
0.4810905905511811
0
LINE
8
BLACK
6
CONTINUOUS
10
0.7823975590551181
20
0.4810905905511811
11
0.7833929921259842
21
0.4804639763779527
0
LINE
8
BLACK
6
CONTINUOUS
10
0.7833929921259842
20
0.4804639763779527
11
0.7849268897637796
21
0.4786953937007874
0
LINE
8
BLACK
6
CONTINUOUS
10
0.7849268897637796
20
0.4786953937007874
11
0.7856672047244094
21
0.4764744488188976
0
LINE
8
BLACK
6
CONTINUOUS
10
0.7856672047244094
20
0.4764744488188976
11
0.7855012598425196
21
0.4741392519685039
0
LINE
8
BLACK
6
CONTINUOUS
10
0.7855012598425196
20
0.4741392519685039
11
0.7844542913385827
21
0.4720453149606299
0
LINE
8
BLACK
6
CONTINUOUS
10
0.7844542913385827
20
0.4720453149606299
11
0.7826857086614173
21
0.4705114566929134
0
LINE
8
BLACK
6
CONTINUOUS
10
0.7826857086614173
20
0.4705114566929134
11
0.7804647637795276
21
0.4697711417322835
0
LINE
8
BLACK
6
CONTINUOUS
10
0.7804647637795276
20
0.4697711417322835
11
0.7781295669291338
21
0.4699370472440945
0
LINE
8
BLACK
6
CONTINUOUS
10
0.7781295669291338
20
0.4699370472440945
11
0.7770310236220472
21
0.4703574409448819
0
LINE
8
BLACK
6
CONTINUOUS
10
0.7770310236220472
20
0.4703574409448819
11
0.7713167322834645
21
0.4732145669291338
0
LINE
8
BLACK
6
CONTINUOUS
10
0.7713167322834645
20
0.4732145669291338
11
0.7708128346456693
21
0.4735316929133858
0
LINE
8
BLACK
6
CONTINUOUS
10
0.7708128346456693
20
0.4735316929133858
11
0.7706665748031496
21
0.4735923228346456
0
LINE
8
BLACK
6
CONTINUOUS
10
0.7706665748031496
20
0.4735923228346456
11
0.7705019291338583
21
0.4737274015748031
0
LINE
8
BLACK
6
CONTINUOUS
10
0.7705019291338583
20
0.4737274015748031
11
0.7703212992125984
21
0.4738411417322835
0
LINE
8
BLACK
6
CONTINUOUS
10
0.7703212992125984
20
0.4738411417322835
11
0.7702173228346456
21
0.4739609842519685
0
LINE
8
BLACK
6
CONTINUOUS
10
0.7702173228346456
20
0.4739609842519685
11
0.7697573622047243
21
0.4743385039370079
0
LINE
8
BLACK
6
CONTINUOUS
10
0.7697573622047243
20
0.4743385039370079
11
0.7685714173228346
21
0.4755244488188976
0
LINE
8
BLACK
6
CONTINUOUS
10
0.7685714173228346
20
0.4755244488188976
11
0.7685714173228346
21
0.4388668503937008
0
LINE
8
BLACK
6
CONTINUOUS
10
0.7685714173228346
20
0.4388668503937008
11
0.7797142913385826
21
0.4388668503937008
0
LINE
8
BLACK
6
CONTINUOUS
10
0.7797142913385826
20
0.4388668503937008
11
0.780884842519685
21
0.4387515748031496
0
LINE
8
BLACK
6
CONTINUOUS
10
0.780884842519685
20
0.4387515748031496
11
0.783047716535433
21
0.4378556692913386
0
LINE
8
BLACK
6
CONTINUOUS
10
0.783047716535433
20
0.4378556692913386
11
0.7847031102362204
21
0.4362002755905512
0
LINE
8
BLACK
6
CONTINUOUS
10
0.7847031102362204
20
0.4362002755905512
11
0.7855990157480315
21
0.4340374015748031
0
LINE
8
BLACK
6
CONTINUOUS
10
0.7855990157480315
20
0.4340374015748031
11
0.7855990157480315
21
0.4316962992125984
0
LINE
8
BLACK
6
CONTINUOUS
10
0.7855990157480315
20
0.4316962992125984
11
0.7847031102362204
21
0.4295334251968504
0
LINE
8
BLACK
6
CONTINUOUS
10
0.7847031102362204
20
0.4295334251968504
11
0.783047716535433
21
0.427878031496063
0
LINE
8
BLACK
6
CONTINUOUS
10
0.783047716535433
20
0.427878031496063
11
0.780884842519685
21
0.4269821259842519
0
LINE
8
BLACK
6
CONTINUOUS
10
0.780884842519685
20
0.4269821259842519
11
0.7797142913385826
21
0.4268668503937008
0
LINE
8
BLACK
6
CONTINUOUS
10
0.7797142913385826
20
0.4268668503937008
11
0.7454285826771654
21
0.4268668503937008
0
LINE
8
BLACK
6
CONTINUOUS
10
0.7454285826771654
20
0.4268668503937008
11
0.744258031496063
21
0.4269821259842519
0
LINE
8
BLACK
6
CONTINUOUS
10
0.744258031496063
20
0.4269821259842519
11
0.742095157480315
21
0.427878031496063
0
LINE
8
BLACK
6
CONTINUOUS
10
0.742095157480315
20
0.427878031496063
11
0.7404397637795276
21
0.4295334251968504
0
LINE
8
BLACK
6
CONTINUOUS
10
0.7404397637795276
20
0.4295334251968504
11
0.7395438582677165
21
0.4316962992125984
0
LINE
8
BLACK
6
CONTINUOUS
10
0.7395438582677165
20
0.4316962992125984
11
0.7395438582677165
21
0.4340374015748031
0
LINE
8
BLACK
6
CONTINUOUS
10
0.7395438582677165
20
0.4340374015748031
11
0.7404397637795276
21
0.4362002755905512
0
LINE
8
BLACK
6
CONTINUOUS
10
0.7404397637795276
20
0.4362002755905512
11
0.742095157480315
21
0.4378556692913386
0
LINE
8
BLACK
6
CONTINUOUS
10
0.742095157480315
20
0.4378556692913386
11
0.744258031496063
21
0.4387515748031496
0
LINE
8
BLACK
6
CONTINUOUS
10
0.744258031496063
20
0.4387515748031496
11
0.7454285826771654
21
0.4388668503937008
0
LINE
8
BLACK
6
CONTINUOUS
10
0.7454285826771654
20
0.4388668503937008
11
0.7565714173228346
21
0.4388668503937008
0
LINE
8
BLACK
6
CONTINUOUS
10
0.7565714173228346
20
0.4388668503937008
11
0.7565714173228346
21
0.4928668503937008
0
LINE
8
BLACK
6
CONTINUOUS
10
0.7565714173228346
20
0.4928668503937008
11
0.756571811023622
21
0.4928710236220472
0
LINE
8
BLACK
6
CONTINUOUS
10
0.756571811023622
20
0.4928710236220472
11
0.7565714173228346
21
0.4928731102362204
0
LINE
8
BLACK
6
CONTINUOUS
10
0.7565714173228346
20
0.4928731102362204
11
0.7565725984251969
21
0.4928791732283465
0
LINE
8
BLACK
6
CONTINUOUS
10
0.7565725984251969
20
0.4928791732283465
11
0.7566866929133859
21
0.4940374015748031
0
LINE
8
BLACK
6
CONTINUOUS
10
0.7566866929133859
20
0.4940374015748031
11
0.7569140551181103
21
0.4945862992125984
0
LINE
8
BLACK
6
CONTINUOUS
10
0.7569140551181103
20
0.4945862992125984
11
0.7570305511811023
21
0.4951687401574803
0
LINE
8
BLACK
6
CONTINUOUS
10
0.7570305511811023
20
0.4951687401574803
11
0.7573575984251968
21
0.4956571259842519
0
LINE
8
BLACK
6
CONTINUOUS
10
0.7573575984251968
20
0.4956571259842519
11
0.7575825984251968
21
0.4962002755905512
0
LINE
8
BLACK
6
CONTINUOUS
10
0.7575825984251968
20
0.4962002755905512
11
0.7580025984251968
21
0.4966202755905512
0
LINE
8
BLACK
6
CONTINUOUS
10
0.7580025984251968
20
0.4966202755905512
11
0.7583331889763779
21
0.497113937007874
0
LINE
8
BLACK
6
CONTINUOUS
10
0.7583331889763779
20
0.497113937007874
11
0.7588224015748032
21
0.4974400787401574
0
LINE
8
BLACK
6
CONTINUOUS
10
0.7588224015748032
20
0.4974400787401574
11
0.7592379921259842
21
0.4978556692913386
0
LINE
8
BLACK
6
CONTINUOUS
10
0.7592379921259842
20
0.4978556692913386
11
0.7597866929133859
21
0.4980829527559055
0
LINE
8
BLACK
6
CONTINUOUS
10
0.7597866929133859
20
0.4980829527559055
11
0.7602811023622047
21
0.4984125590551181
0
LINE
8
BLACK
6
CONTINUOUS
10
0.7602811023622047
20
0.4984125590551181
11
0.7608578346456693
21
0.4985266141732284
0
LINE
8
BLACK
6
CONTINUOUS
10
0.7608578346456693
20
0.4985266141732284
11
0.7614008661417323
21
0.4987515748031496
0
LINE
8
BLACK
6
CONTINUOUS
10
0.7614008661417323
20
0.4987515748031496
11
0.7619949212598425
21
0.4987515748031496
0
LINE
8
BLACK
6
CONTINUOUS
10
0.7619949212598425
20
0.4987515748031496
11
0.7625776771653543
21
0.4988668503937008
0
LINE
8
BLACK
6
CONTINUOUS
10
0.7625776771653543
20
0.4988668503937008
11
0.7631540551181102
21
0.4987515748031496
0
LINE
8
BLACK
6
CONTINUOUS
10
0.2561238582677166
20
0.4619642125984252
11
0.2562218503937008
21
0.4619235826771653
0
LINE
8
BLACK
6
CONTINUOUS
10
0.2562218503937008
20
0.4619235826771653
11
0.2563276771653543
21
0.4619161023622047
0
LINE
8
BLACK
6
CONTINUOUS
10
0.2563276771653543
20
0.4619161023622047
11
0.2568683070866142
21
0.4617092125984252
0
LINE
8
BLACK
6
CONTINUOUS
10
0.2568683070866142
20
0.4617092125984252
11
0.2606178346456693
21
0.4598344488188976
0
LINE
8
BLACK
6
CONTINUOUS
10
0.2606178346456693
20
0.4598344488188976
11
0.2608658267716535
21
0.4596783464566929
0
LINE
8
BLACK
6
CONTINUOUS
10
0.2608658267716535
20
0.4596783464566929
11
0.2609377952755905
21
0.4596485433070866
0
LINE
8
BLACK
6
CONTINUOUS
10
0.2609377952755905
20
0.4596485433070866
11
0.2610187401574803
21
0.4595820472440945
0
LINE
8
BLACK
6
CONTINUOUS
10
0.2610187401574803
20
0.4595820472440945
11
0.2611077165354331
21
0.4595261023622047
0
LINE
8
BLACK
6
CONTINUOUS
10
0.2611077165354331
20
0.4595261023622047
11
0.2611588582677165
21
0.4594670866141732
0
LINE
8
BLACK
6
CONTINUOUS
10
0.2611588582677165
20
0.4594670866141732
11
0.2613852362204724
21
0.4592813385826772
0
LINE
8
BLACK
6
CONTINUOUS
10
0.2613852362204724
20
0.4592813385826772
11
0.2630468503937008
21
0.4576197244094488
0
LINE
8
BLACK
6
CONTINUOUS
10
0.2630468503937008
20
0.4576197244094488
11
0.2647084645669291
21
0.4592813385826772
0
LINE
8
BLACK
6
CONTINUOUS
10
0.2647084645669291
20
0.4592813385826772
11
0.2649348031496063
21
0.4594670866141732
0
LINE
8
BLACK
6
CONTINUOUS
10
0.2649348031496063
20
0.4594670866141732
11
0.2649859842519685
21
0.4595261023622047
0
LINE
8
BLACK
6
CONTINUOUS
10
0.2649859842519685
20
0.4595261023622047
11
0.2650749212598425
21
0.4595820472440945
0
LINE
8
BLACK
6
CONTINUOUS
10
0.2650749212598425
20
0.4595820472440945
11
0.265155905511811
21
0.4596485433070866
0
LINE
8
BLACK
6
CONTINUOUS
10
0.265155905511811
20
0.4596485433070866
11
0.2652278346456693
21
0.4596783464566929
0
LINE
8
BLACK
6
CONTINUOUS
10
0.2652278346456693
20
0.4596783464566929
11
0.2654758661417323
21
0.4598344488188976
0
LINE
8
BLACK
6
CONTINUOUS
10
0.2654758661417323
20
0.4598344488188976
11
0.2692253937007874
21
0.4617092125984252
0
LINE
8
BLACK
6
CONTINUOUS
10
0.2692253937007874
20
0.4617092125984252
11
0.2697659842519685
21
0.4619161023622047
0
LINE
8
BLACK
6
CONTINUOUS
10
0.2697659842519685
20
0.4619161023622047
11
0.2698718503937008
21
0.4619236220472441
0
LINE
8
BLACK
6
CONTINUOUS
10
0.2698718503937008
20
0.4619236220472441
11
0.269969842519685
21
0.4619642125984252
0
LINE
8
BLACK
6
CONTINUOUS
10
0.269969842519685
20
0.4619642125984252
11
0.270545905511811
21
0.4620209448818898
0
LINE
8
BLACK
6
CONTINUOUS
10
0.270545905511811
20
0.4620209448818898
11
0.2780449606299212
21
0.4620209448818898
0
LINE
8
BLACK
6
CONTINUOUS
10
0.2780449606299212
20
0.4620209448818898
11
0.2786210236220472
21
0.4619642125984252
0
LINE
8
BLACK
6
CONTINUOUS
10
0.2786210236220472
20
0.4619642125984252
11
0.2787190157480315
21
0.4619235826771653
0
LINE
8
BLACK
6
CONTINUOUS
10
0.2787190157480315
20
0.4619235826771653
11
0.278824842519685
21
0.4619161023622047
0
LINE
8
BLACK
6
CONTINUOUS
10
0.278824842519685
20
0.4619161023622047
11
0.2793654724409449
21
0.4617092125984252
0
LINE
8
BLACK
6
CONTINUOUS
10
0.2793654724409449
20
0.4617092125984252
11
0.283115
21
0.4598344488188976
0
LINE
8
BLACK
6
CONTINUOUS
10
0.283115
20
0.4598344488188976
11
0.283362874015748
21
0.4596783858267716
0
LINE
8
BLACK
6
CONTINUOUS
10
0.283362874015748
20
0.4596783858267716
11
0.2834349212598425
21
0.4596485826771654
0
LINE
8
BLACK
6
CONTINUOUS
10
0.2834349212598425
20
0.4596485826771654
11
0.2835159448818897
21
0.4595820472440945
0
LINE
8
BLACK
6
CONTINUOUS
10
0.2835159448818897
20
0.4595820472440945
11
0.2836048818897638
21
0.4595261023622047
0
LINE
8
BLACK
6
CONTINUOUS
10
0.2836048818897638
20
0.4595261023622047
11
0.2836560236220472
21
0.4594670866141732
0
LINE
8
BLACK
6
CONTINUOUS
10
0.2836560236220472
20
0.4594670866141732
11
0.2838823622047244
21
0.4592813779527559
0
LINE
8
BLACK
6
CONTINUOUS
10
0.2838823622047244
20
0.4592813779527559
11
0.2857571653543307
21
0.4574066141732283
0
LINE
8
BLACK
6
CONTINUOUS
10
0.2857571653543307
20
0.4574066141732283
11
0.2859429133858268
21
0.4571802362204724
0
LINE
8
BLACK
6
CONTINUOUS
10
0.2859429133858268
20
0.4571802362204724
11
0.286001968503937
21
0.4571290551181103
0
LINE
8
BLACK
6
CONTINUOUS
10
0.286001968503937
20
0.4571290551181103
11
0.2860579527559055
21
0.4570400787401575
0
LINE
8
BLACK
6
CONTINUOUS
10
0.2860579527559055
20
0.4570400787401575
11
0.2861244094488189
21
0.4569591338582677
0
LINE
8
BLACK
6
CONTINUOUS
10
0.2861244094488189
20
0.4569591338582677
11
0.2861542125984252
21
0.4568871653543307
0
LINE
8
BLACK
6
CONTINUOUS
10
0.2861542125984252
20
0.4568871653543307
11
0.2863103149606299
21
0.4566391732283465
0
LINE
8
BLACK
6
CONTINUOUS
10
0.2863103149606299
20
0.4566391732283465
11
0.2881850787401575
21
0.4528896456692914
0
LINE
8
BLACK
6
CONTINUOUS
10
0.2881850787401575
20
0.4528896456692914
11
0.288391968503937
21
0.4523490551181102
0
LINE
8
BLACK
6
CONTINUOUS
10
0.288391968503937
20
0.4523490551181102
11
0.2883994881889764
21
0.4522431496062992
0
LINE
8
BLACK
6
CONTINUOUS
10
0.2883994881889764
20
0.4522431496062992
11
0.2884400787401575
21
0.4521451968503937
0
LINE
8
BLACK
6
CONTINUOUS
10
0.2884400787401575
20
0.4521451968503937
11
0.2884968110236221
21
0.4515691338582677
0
LINE
8
BLACK
6
CONTINUOUS
10
0.2884968110236221
20
0.4515691338582677
11
0.2884968110236221
21
0.4440700787401575
0
LINE
8
BLACK
6
CONTINUOUS
10
0.2884968110236221
20
0.4440700787401575
11
0.2884400787401575
21
0.4434940157480315
0
LINE
8
BLACK
6
CONTINUOUS
10
0.2884400787401575
20
0.4434940157480315
11
0.2883994881889764
21
0.4433960236220472
0
LINE
8
BLACK
6
CONTINUOUS
10
0.2883994881889764
20
0.4433960236220472
11
0.288391968503937
21
0.443290157480315
0
LINE
8
BLACK
6
CONTINUOUS
10
0.288391968503937
20
0.443290157480315
11
0.2881850787401575
21
0.4427495669291339
0
LINE
8
BLACK
6
CONTINUOUS
10
0.2881850787401575
20
0.4427495669291339
11
0.2863103149606299
21
0.4390000393700788
0
LINE
8
BLACK
6
CONTINUOUS
10
0.2863103149606299
20
0.4390000393700788
11
0.2861542125984252
21
0.4387520078740157
0
LINE
8
BLACK
6
CONTINUOUS
10
0.2861542125984252
20
0.4387520078740157
11
0.2861244094488189
21
0.4386800787401575
0
LINE
8
BLACK
6
CONTINUOUS
10
0.2861244094488189
20
0.4386800787401575
11
0.2860579527559055
21
0.438599094488189
0
LINE
8
BLACK
6
CONTINUOUS
10
0.2860579527559055
20
0.438599094488189
11
0.286001968503937
21
0.438510157480315
0
LINE
8
BLACK
6
CONTINUOUS
10
0.286001968503937
20
0.438510157480315
11
0.2859429133858268
21
0.438458937007874
0
LINE
8
BLACK
6
CONTINUOUS
10
0.2859429133858268
20
0.438458937007874
11
0.2857571653543307
21
0.4382325984251969
0
LINE
8
BLACK
6
CONTINUOUS
10
0.2857571653543307
20
0.4382325984251969
11
0.2838823622047244
21
0.4363578346456693
0
LINE
8
BLACK
6
CONTINUOUS
10
0.2838823622047244
20
0.4363578346456693
11
0.2836560236220472
21
0.4361720866141732
0
LINE
8
BLACK
6
CONTINUOUS
10
0.2836560236220472
20
0.4361720866141732
11
0.2836048818897638
21
0.4361131102362205
0
LINE
8
BLACK
6
CONTINUOUS
10
0.2836048818897638
20
0.4361131102362205
11
0.2835159448818897
21
0.4360571259842519
0
LINE
8
BLACK
6
CONTINUOUS
10
0.2835159448818897
20
0.4360571259842519
11
0.2834349212598425
21
0.4359906299212598
0
LINE
8
BLACK
6
CONTINUOUS
10
0.2834349212598425
20
0.4359906299212598
11
0.283362874015748
21
0.4359607874015748
0
LINE
8
BLACK
6
CONTINUOUS
10
0.283362874015748
20
0.4359607874015748
11
0.283115
21
0.4358047637795275
0
LINE
8
BLACK
6
CONTINUOUS
10
0.283115
20
0.4358047637795275
11
0.2793654724409449
21
0.43393
0
LINE
8
BLACK
6
CONTINUOUS
10
0.2793654724409449
20
0.43393
11
0.278824842519685
21
0.4337231102362205
0
LINE
8
BLACK
6
CONTINUOUS
10
0.278824842519685
20
0.4337231102362205
11
0.2787190157480315
21
0.4337155905511811
0
LINE
8
BLACK
6
CONTINUOUS
10
0.2787190157480315
20
0.4337155905511811
11
0.2786210236220472
21
0.433675
0
LINE
8
BLACK
6
CONTINUOUS
10
0.2786210236220472
20
0.433675
11
0.2780449606299212
21
0.4336182677165354
0
LINE
8
BLACK
6
CONTINUOUS
10
0.2780449606299212
20
0.4336182677165354
11
0.270545905511811
21
0.4336182677165354
0
LINE
8
BLACK
6
CONTINUOUS
10
0.270545905511811
20
0.4336182677165354
11
0.269969842519685
21
0.433675
0
LINE
8
BLACK
6
CONTINUOUS
10
0.269969842519685
20
0.433675
11
0.2698718503937008
21
0.4337155511811023
0
LINE
8
BLACK
6
CONTINUOUS
10
0.2698718503937008
20
0.4337155511811023
11
0.2697659842519685
21
0.4337231102362205
0
LINE
8
BLACK
6
CONTINUOUS
10
0.2697659842519685
20
0.4337231102362205
11
0.2692253937007874
21
0.43393
0
LINE
8
BLACK
6
CONTINUOUS
10
0.2692253937007874
20
0.43393
11
0.2654758661417323
21
0.4358047637795275
0
LINE
8
BLACK
6
CONTINUOUS
10
0.2654758661417323
20
0.4358047637795275
11
0.2652278346456693
21
0.4359608267716535
0
LINE
8
BLACK
6
CONTINUOUS
10
0.2652278346456693
20
0.4359608267716535
11
0.265155905511811
21
0.4359906692913386
0
LINE
8
BLACK
6
CONTINUOUS
10
0.265155905511811
20
0.4359906692913386
11
0.2650749212598425
21
0.4360571259842519
0
LINE
8
BLACK
6
CONTINUOUS
10
0.2650749212598425
20
0.4360571259842519
11
0.2649859842519685
21
0.4361131102362205
0
LINE
8
BLACK
6
CONTINUOUS
10
0.2649859842519685
20
0.4361131102362205
11
0.2649348031496063
21
0.4361720866141732
0
LINE
8
BLACK
6
CONTINUOUS
10
0.2649348031496063
20
0.4361720866141732
11
0.2647084645669291
21
0.436357874015748
0
LINE
8
BLACK
6
CONTINUOUS
10
0.2647084645669291
20
0.436357874015748
11
0.2630468503937008
21
0.4380194881889763
0
LINE
8
BLACK
6
CONTINUOUS
10
0.2630468503937008
20
0.4380194881889763
11
0.2613852362204724
21
0.436357874015748
0
LINE
8
BLACK
6
CONTINUOUS
10
0.2613852362204724
20
0.436357874015748
11
0.2611588582677165
21
0.4361720866141732
0
LINE
8
BLACK
6
CONTINUOUS
10
0.2611588582677165
20
0.4361720866141732
11
0.2611077165354331
21
0.4361131102362205
0
LINE
8
BLACK
6
CONTINUOUS
10
0.2611077165354331
20
0.4361131102362205
11
0.2610187401574803
21
0.4360571259842519
0
LINE
8
BLACK
6
CONTINUOUS
10
0.2610187401574803
20
0.4360571259842519
11
0.2609377952755905
21
0.4359906692913386
0
LINE
8
BLACK
6
CONTINUOUS
10
0.2609377952755905
20
0.4359906692913386
11
0.2608658267716535
21
0.4359608267716535
0
LINE
8
BLACK
6
CONTINUOUS
10
0.2608658267716535
20
0.4359608267716535
11
0.2606178346456693
21
0.4358047637795275
0
LINE
8
BLACK
6
CONTINUOUS
10
0.2606178346456693
20
0.4358047637795275
11
0.2568683070866142
21
0.43393
0
LINE
8
BLACK
6
CONTINUOUS
10
0.2568683070866142
20
0.43393
11
0.2563276771653543
21
0.4337231102362205
0
LINE
8
BLACK
6
CONTINUOUS
10
0.2563276771653543
20
0.4337231102362205
11
0.2562218503937008
21
0.4337155905511811
0
LINE
8
BLACK
6
CONTINUOUS
10
0.2562218503937008
20
0.4337155905511811
11
0.2561238582677166
21
0.433675
0
LINE
8
BLACK
6
CONTINUOUS
10
0.2561238582677166
20
0.433675
11
0.2555477952755906
21
0.4336182677165354
0
LINE
8
BLACK
6
CONTINUOUS
10
0.2555477952755906
20
0.4336182677165354
11
0.253673031496063
21
0.4336182677165354
0
LINE
8
BLACK
6
CONTINUOUS
10
0.253673031496063
20
0.4336182677165354
11
0.253096968503937
21
0.433675
0
LINE
8
BLACK
6
CONTINUOUS
10
0.253096968503937
20
0.433675
11
0.2529989763779528
21
0.4337155511811023
0
LINE
8
BLACK
6
CONTINUOUS
10
0.2529989763779528
20
0.4337155511811023
11
0.2528931102362205
21
0.4337231102362205
0
LINE
8
BLACK
6
CONTINUOUS
10
0.2528931102362205
20
0.4337231102362205
11
0.2523525196850394
21
0.43393
0
LINE
8
BLACK
6
CONTINUOUS
10
0.2523525196850394
20
0.43393
11
0.2486029921259842
21
0.4358047637795275
0
LINE
8
BLACK
6
CONTINUOUS
10
0.2486029921259842
20
0.4358047637795275
11
0.2483549606299213
21
0.4359608267716535
0
LINE
8
BLACK
6
CONTINUOUS
10
0.2483549606299213
20
0.4359608267716535
11
0.248283031496063
21
0.4359906692913386
0
LINE
8
BLACK
6
CONTINUOUS
10
0.248283031496063
20
0.4359906692913386
11
0.2482020472440945
21
0.4360571259842519
0
LINE
8
BLACK
6
CONTINUOUS
10
0.2482020472440945
20
0.4360571259842519
11
0.2481131102362205
21
0.4361131102362205
0
LINE
8
BLACK
6
CONTINUOUS
10
0.2481131102362205
20
0.4361131102362205
11
0.2480619291338583
21
0.4361720866141732
0
LINE
8
BLACK
6
CONTINUOUS
10
0.2480619291338583
20
0.4361720866141732
11
0.2478355905511811
21
0.436357874015748
0
LINE
8
BLACK
6
CONTINUOUS
10
0.2478355905511811
20
0.436357874015748
11
0.2459608267716535
21
0.4382326377952756
0
LINE
8
BLACK
6
CONTINUOUS
10
0.2459608267716535
20
0.4382326377952756
11
0.2457750393700787
21
0.4384589763779527
0
LINE
8
BLACK
6
CONTINUOUS
10
0.2457750393700787
20
0.4384589763779527
11
0.245716062992126
21
0.438510157480315
0
LINE
8
BLACK
6
CONTINUOUS
10
0.245716062992126
20
0.438510157480315
11
0.2456600787401575
21
0.438599094488189
0
LINE
8
BLACK
6
CONTINUOUS
10
0.2456600787401575
20
0.438599094488189
11
0.2455936220472441
21
0.4386800787401575
0
LINE
8
BLACK
6
CONTINUOUS
10
0.2455936220472441
20
0.4386800787401575
11
0.2455637795275591
21
0.4387520078740157
0
LINE
8
BLACK
6
CONTINUOUS
10
0.2455637795275591
20
0.4387520078740157
11
0.2454077165354331
21
0.4390000393700788
0
LINE
8
BLACK
6
CONTINUOUS
10
0.2454077165354331
20
0.4390000393700788
11
0.2435329527559055
21
0.4427495669291339
0
LINE
8
BLACK
6
CONTINUOUS
10
0.2435329527559055
20
0.4427495669291339
11
0.243326062992126
21
0.4432901968503937
0
LINE
8
BLACK
6
CONTINUOUS
10
0.243326062992126
20
0.4432901968503937
11
0.2433185433070866
21
0.4433959842519685
0
LINE
8
BLACK
6
CONTINUOUS
10
0.2433185433070866
20
0.4433959842519685
11
0.2432779527559055
21
0.4434940157480315
0
LINE
8
BLACK
6
CONTINUOUS
10
0.2432779527559055
20
0.4434940157480315
11
0.2432212204724409
21
0.4440700787401575
0
LINE
8
BLACK
6
CONTINUOUS
10
0.2432212204724409
20
0.4440700787401575
11
0.2432212204724409
21
0.4515691338582677
0
LINE
8
BLACK
6
CONTINUOUS
10
0.2432212204724409
20
0.4515691338582677
11
0.2432779527559055
21
0.4521451968503937
0
LINE
8
BLACK
6
CONTINUOUS
10
0.2432779527559055
20
0.4521451968503937
11
0.2433185433070866
21
0.4522431889763779
0
LINE
8
BLACK
6
CONTINUOUS
10
0.2433185433070866
20
0.4522431889763779
11
0.243326062992126
21
0.4523490157480315
0
LINE
8
BLACK
6
CONTINUOUS
10
0.243326062992126
20
0.4523490157480315
11
0.2435329527559055
21
0.4528896456692914
0
LINE
8
BLACK
6
CONTINUOUS
10
0.2435329527559055
20
0.4528896456692914
11
0.2454077165354331
21
0.4566391732283465
0
LINE
8
BLACK
6
CONTINUOUS
10
0.2454077165354331
20
0.4566391732283465
11
0.2455637795275591
21
0.4568871653543307
0
LINE
8
BLACK
6
CONTINUOUS
10
0.2455637795275591
20
0.4568871653543307
11
0.2455936220472441
21
0.4569591338582677
0
LINE
8
BLACK
6
CONTINUOUS
10
0.2455936220472441
20
0.4569591338582677
11
0.2456600787401575
21
0.4570400787401575
0
LINE
8
BLACK
6
CONTINUOUS
10
0.2456600787401575
20
0.4570400787401575
11
0.245716062992126
21
0.4571290551181103
0
LINE
8
BLACK
6
CONTINUOUS
10
0.245716062992126
20
0.4571290551181103
11
0.2457750393700787
21
0.4571801968503937
0
LINE
8
BLACK
6
CONTINUOUS
10
0.2457750393700787
20
0.4571801968503937
11
0.2459608267716535
21
0.4574065748031496
0
LINE
8
BLACK
6
CONTINUOUS
10
0.2459608267716535
20
0.4574065748031496
11
0.2478355905511811
21
0.4592813385826772
0
LINE
8
BLACK
6
CONTINUOUS
10
0.2478355905511811
20
0.4592813385826772
11
0.2480619291338583
21
0.4594670866141732
0
LINE
8
BLACK
6
CONTINUOUS
10
0.2480619291338583
20
0.4594670866141732
11
0.2481131102362205
21
0.4595261023622047
0
LINE
8
BLACK
6
CONTINUOUS
10
0.2481131102362205
20
0.4595261023622047
11
0.2482020472440945
21
0.4595820472440945
0
LINE
8
BLACK
6
CONTINUOUS
10
0.2482020472440945
20
0.4595820472440945
11
0.248283031496063
21
0.4596485433070866
0
LINE
8
BLACK
6
CONTINUOUS
10
0.248283031496063
20
0.4596485433070866
11
0.2483549606299213
21
0.4596783464566929
0
LINE
8
BLACK
6
CONTINUOUS
10
0.2483549606299213
20
0.4596783464566929
11
0.2486029921259842
21
0.4598344488188976
0
LINE
8
BLACK
6
CONTINUOUS
10
0.2486029921259842
20
0.4598344488188976
11
0.2523525196850394
21
0.4617092125984252
0
LINE
8
BLACK
6
CONTINUOUS
10
0.2523525196850394
20
0.4617092125984252
11
0.2528931102362205
21
0.4619161023622047
0
LINE
8
BLACK
6
CONTINUOUS
10
0.2528931102362205
20
0.4619161023622047
11
0.2529989763779528
21
0.4619236220472441
0
LINE
8
BLACK
6
CONTINUOUS
10
0.2529989763779528
20
0.4619236220472441
11
0.253096968503937
21
0.4619642125984252
0
LINE
8
BLACK
6
CONTINUOUS
10
0.253096968503937
20
0.4619642125984252
11
0.253673031496063
21
0.4620209448818898
0
LINE
8
BLACK
6
CONTINUOUS
10
0.253673031496063
20
0.4620209448818898
11
0.2555477952755906
21
0.4620209448818898
0
LINE
8
BLACK
6
CONTINUOUS
10
0.2555477952755906
20
0.4620209448818898
11
0.2561238582677166
21
0.4619642125984252
0
LINE
8
BLACK
6
CONTINUOUS
10
0.2516725984251968
20
0.4547666929133858
11
0.2504754724409449
21
0.4535695669291339
0
LINE
8
BLACK
6
CONTINUOUS
10
0.2504754724409449
20
0.4535695669291339
11
0.2491267322834646
21
0.4508720866141732
0
LINE
8
BLACK
6
CONTINUOUS
10
0.2491267322834646
20
0.4508720866141732
11
0.2491267322834646
21
0.4447671259842519
0
LINE
8
BLACK
6
CONTINUOUS
10
0.2491267322834646
20
0.4447671259842519
11
0.2504754724409449
21
0.4420696456692914
0
LINE
8
BLACK
6
CONTINUOUS
10
0.2504754724409449
20
0.4420696456692914
11
0.2516725984251968
21
0.4408725196850394
0
LINE
8
BLACK
6
CONTINUOUS
10
0.2516725984251968
20
0.4408725196850394
11
0.2543700787401575
21
0.4395237795275591
0
LINE
8
BLACK
6
CONTINUOUS
10
0.2543700787401575
20
0.4395237795275591
11
0.254850748031496
21
0.4395237795275591
0
LINE
8
BLACK
6
CONTINUOUS
10
0.254850748031496
20
0.4395237795275591
11
0.2575482283464567
21
0.4408725196850394
0
LINE
8
BLACK
6
CONTINUOUS
10
0.2575482283464567
20
0.4408725196850394
11
0.2587453543307087
21
0.4420696456692914
0
LINE
8
BLACK
6
CONTINUOUS
10
0.2587453543307087
20
0.4420696456692914
11
0.260094094488189
21
0.4447671259842519
0
LINE
8
BLACK
6
CONTINUOUS
10
0.260094094488189
20
0.4447671259842519
11
0.260094094488189
21
0.4508720866141732
0
LINE
8
BLACK
6
CONTINUOUS
10
0.260094094488189
20
0.4508720866141732
11
0.2587453543307087
21
0.4535695669291339
0
LINE
8
BLACK
6
CONTINUOUS
10
0.2587453543307087
20
0.4535695669291339
11
0.2575482283464567
21
0.4547666929133858
0
LINE
8
BLACK
6
CONTINUOUS
10
0.2575482283464567
20
0.4547666929133858
11
0.254850748031496
21
0.4561154330708661
0
LINE
8
BLACK
6
CONTINUOUS
10
0.254850748031496
20
0.4561154330708661
11
0.2543700787401575
21
0.4561154330708661
0
LINE
8
BLACK
6
CONTINUOUS
10
0.2543700787401575
20
0.4561154330708661
11
0.2516725984251968
21
0.4547666929133858
0
LINE
8
BLACK
6
CONTINUOUS
10
0.2685454724409449
20
0.4547666929133858
11
0.2673483464566929
21
0.4535695669291339
0
LINE
8
BLACK
6
CONTINUOUS
10
0.2673483464566929
20
0.4535695669291339
11
0.2659996062992126
21
0.4508720866141732
0
LINE
8
BLACK
6
CONTINUOUS
10
0.2659996062992126
20
0.4508720866141732
11
0.2659996062992126
21
0.4447671259842519
0
LINE
8
BLACK
6
CONTINUOUS
10
0.2659996062992126
20
0.4447671259842519
11
0.2673483464566929
21
0.4420696456692914
0
LINE
8
BLACK
6
CONTINUOUS
10
0.2673483464566929
20
0.4420696456692914
11
0.2685454724409449
21
0.4408725196850394
0
LINE
8
BLACK
6
CONTINUOUS
10
0.2685454724409449
20
0.4408725196850394
11
0.2712429527559055
21
0.4395237795275591
0
LINE
8
BLACK
6
CONTINUOUS
10
0.2712429527559055
20
0.4395237795275591
11
0.2773479133858268
21
0.4395237795275591
0
LINE
8
BLACK
6
CONTINUOUS
10
0.2773479133858268
20
0.4395237795275591
11
0.2800453937007874
21
0.4408725196850394
0
LINE
8
BLACK
6
CONTINUOUS
10
0.2800453937007874
20
0.4408725196850394
11
0.2812425590551181
21
0.4420696456692914
0
LINE
8
BLACK
6
CONTINUOUS
10
0.2812425590551181
20
0.4420696456692914
11
0.2825912992125984
21
0.4447671259842519
0
LINE
8
BLACK
6
CONTINUOUS
10
0.2825912992125984
20
0.4447671259842519
11
0.2825912992125984
21
0.4508720866141732
0
LINE
8
BLACK
6
CONTINUOUS
10
0.2825912992125984
20
0.4508720866141732
11
0.2812425590551181
21
0.4535695275590551
0
LINE
8
BLACK
6
CONTINUOUS
10
0.2812425590551181
20
0.4535695275590551
11
0.2800453937007874
21
0.4547666535433071
0
LINE
8
BLACK
6
CONTINUOUS
10
0.2800453937007874
20
0.4547666535433071
11
0.2773479133858268
21
0.4561154330708661
0
LINE
8
BLACK
6
CONTINUOUS
10
0.2773479133858268
20
0.4561154330708661
11
0.2712429527559055
21
0.4561154330708661
0
LINE
8
BLACK
6
CONTINUOUS
10
0.2712429527559055
20
0.4561154330708661
11
0.2685454724409449
21
0.4547666929133858
0
LINE
8
BLACK
6
CONTINUOUS
10
0.3144737007874016
20
0.573840905511811
11
0.3155381102362205
21
0.5734
0
LINE
8
BLACK
6
CONTINUOUS
10
0.3155381102362205
20
0.5734
11
0.3163527559055118
21
0.5725853543307087
0
LINE
8
BLACK
6
CONTINUOUS
10
0.3163527559055118
20
0.5725853543307087
11
0.3167936614173228
21
0.5715209448818898
0
LINE
8
BLACK
6
CONTINUOUS
10
0.3167936614173228
20
0.5715209448818898
11
0.3167936614173228
21
0.5703688188976378
0
LINE
8
BLACK
6
CONTINUOUS
10
0.3167936614173228
20
0.5703688188976378
11
0.3163527559055118
21
0.5693044094488189
0
LINE
8
BLACK
6
CONTINUOUS
10
0.3163527559055118
20
0.5693044094488189
11
0.3155381102362205
21
0.5684897637795275
0
LINE
8
BLACK
6
CONTINUOUS
10
0.3155381102362205
20
0.5684897637795275
11
0.3144737007874016
21
0.5680488582677166
0
LINE
8
BLACK
6
CONTINUOUS
10
0.3144737007874016
20
0.5680488582677166
11
0.3138976377952756
21
0.567992125984252
0
LINE
8
BLACK
6
CONTINUOUS
10
0.3138976377952756
20
0.567992125984252
11
0.307007874015748
21
0.567992125984252
0
LINE
8
BLACK
6
CONTINUOUS
10
0.307007874015748
20
0.567992125984252
11
0.307007874015748
21
0.442007874015748
0
LINE
8
BLACK
6
CONTINUOUS
10
0.307007874015748
20
0.442007874015748
11
0.3138976377952756
21
0.442007874015748
0
LINE
8
BLACK
6
CONTINUOUS
10
0.3138976377952756
20
0.442007874015748
11
0.3144737007874016
21
0.4419511417322834
0
LINE
8
BLACK
6
CONTINUOUS
10
0.3144737007874016
20
0.4419511417322834
11
0.3155381102362205
21
0.4415102362204724
0
LINE
8
BLACK
6
CONTINUOUS
10
0.3155381102362205
20
0.4415102362204724
11
0.3163527559055118
21
0.4406955905511811
0
LINE
8
BLACK
6
CONTINUOUS
10
0.3163527559055118
20
0.4406955905511811
11
0.3167936614173228
21
0.4396311811023622
0
LINE
8
BLACK
6
CONTINUOUS
10
0.3167936614173228
20
0.4396311811023622
11
0.3167936614173228
21
0.4384790551181103
0
LINE
8
BLACK
6
CONTINUOUS
10
0.3167936614173228
20
0.4384790551181103
11
0.3163527559055118
21
0.4374146456692913
0
LINE
8
BLACK
6
CONTINUOUS
10
0.3163527559055118
20
0.4374146456692913
11
0.3155381102362205
21
0.4366
0
LINE
8
BLACK
6
CONTINUOUS
10
0.3155381102362205
20
0.4366
11
0.3144737007874016
21
0.436159094488189
0
LINE
8
BLACK
6
CONTINUOUS
10
0.3144737007874016
20
0.436159094488189
11
0.3138976377952756
21
0.4361023622047244
0
LINE
8
BLACK
6
CONTINUOUS
10
0.3138976377952756
20
0.4361023622047244
11
0.3040551181102362
21
0.4361023622047244
0
LINE
8
BLACK
6
CONTINUOUS
10
0.3040551181102362
20
0.4361023622047244
11
0.3034790551181102
21
0.436159094488189
0
LINE
8
BLACK
6
CONTINUOUS
10
0.3034790551181102
20
0.436159094488189
11
0.3024146456692913
21
0.4366
0
LINE
8
BLACK
6
CONTINUOUS
10
0.3024146456692913
20
0.4366
11
0.3016
21
0.4374146456692913
0
LINE
8
BLACK
6
CONTINUOUS
10
0.3016
20
0.4374146456692913
11
0.3011590944881889
21
0.4384790551181103
0
LINE
8
BLACK
6
CONTINUOUS
10
0.3011590944881889
20
0.4384790551181103
11
0.3011023622047244
21
0.4390551181102362
0
LINE
8
BLACK
6
CONTINUOUS
10
0.3011023622047244
20
0.4390551181102362
11
0.3011023622047244
21
0.5709448818897638
0
LINE
8
BLACK
6
CONTINUOUS
10
0.3011023622047244
20
0.5709448818897638
11
0.3011590944881889
21
0.5715209448818898
0
LINE
8
BLACK
6
CONTINUOUS
10
0.3011590944881889
20
0.5715209448818898
11
0.3016
21
0.5725853543307087
0
LINE
8
BLACK
6
CONTINUOUS
10
0.3016
20
0.5725853543307087
11
0.3024146456692913
21
0.5734
0
LINE
8
BLACK
6
CONTINUOUS
10
0.3024146456692913
20
0.5734
11
0.3034790551181102
21
0.573840905511811
0
LINE
8
BLACK
6
CONTINUOUS
10
0.3034790551181102
20
0.573840905511811
11
0.3040551181102362
21
0.5738976377952756
0
LINE
8
BLACK
6
CONTINUOUS
10
0.3040551181102362
20
0.5738976377952756
11
0.3138976377952756
21
0.5738976377952756
0
LINE
8
BLACK
6
CONTINUOUS
10
0.3138976377952756
20
0.5738976377952756
11
0.3144737007874016
21
0.573840905511811
0
LINE
8
BLACK
6
CONTINUOUS
10
0.272523188976378
20
0.4994595275590551
11
0.2729967322834645
21
0.4994595275590551
0
LINE
8
BLACK
6
CONTINUOUS
10
0.2729967322834645
20
0.4994595275590551
11
0.2730948031496063
21
0.4994188582677165
0
LINE
8
BLACK
6
CONTINUOUS
10
0.2730948031496063
20
0.4994188582677165
11
0.2732005511811024
21
0.4994113779527559
0
LINE
8
BLACK
6
CONTINUOUS
10
0.2732005511811024
20
0.4994113779527559
11
0.2736236614173228
21
0.4991998031496063
0
LINE
8
BLACK
6
CONTINUOUS
10
0.2736236614173228
20
0.4991998031496063
11
0.2740611417322835
21
0.4990186220472441
0
LINE
8
BLACK
6
CONTINUOUS
10
0.2740611417322835
20
0.4990186220472441
11
0.2741361417322835
21
0.4989435826771653
0
LINE
8
BLACK
6
CONTINUOUS
10
0.2741361417322835
20
0.4989435826771653
11
0.2742310236220473
21
0.4988961811023622
0
LINE
8
BLACK
6
CONTINUOUS
10
0.2742310236220473
20
0.4988961811023622
11
0.2745410236220472
21
0.4985387007874016
0
LINE
8
BLACK
6
CONTINUOUS
10
0.2745410236220472
20
0.4985387007874016
11
0.2748757874015748
21
0.4982039763779527
0
LINE
8
BLACK
6
CONTINUOUS
10
0.2748757874015748
20
0.4982039763779527
11
0.2749163779527559
21
0.498105905511811
0
LINE
8
BLACK
6
CONTINUOUS
10
0.2749163779527559
20
0.498105905511811
11
0.274985905511811
21
0.4980257874015748
0
LINE
8
BLACK
6
CONTINUOUS
10
0.274985905511811
20
0.4980257874015748
11
0.2751355118110236
21
0.4975769291338583
0
LINE
8
BLACK
6
CONTINUOUS
10
0.2751355118110236
20
0.4975769291338583
11
0.2753166929133858
21
0.4971395669291339
0
LINE
8
BLACK
6
CONTINUOUS
10
0.2753166929133858
20
0.4971395669291339
11
0.2753314960629921
21
0.4969888976377952
0
LINE
8
BLACK
6
CONTINUOUS
10
0.2753314960629921
20
0.4969888976377952
11
0.2753502362204724
21
0.4969327952755905
0
LINE
8
BLACK
6
CONTINUOUS
10
0.2753502362204724
20
0.4969327952755905
11
0.2753446850393701
21
0.4968550393700787
0
LINE
8
BLACK
6
CONTINUOUS
10
0.2753446850393701
20
0.4968550393700787
11
0.2753734251968504
21
0.4965635039370079
0
LINE
8
BLACK
6
CONTINUOUS
10
0.2753734251968504
20
0.4965635039370079
11
0.2753734251968504
21
0.4807686220472441
0
LINE
8
BLACK
6
CONTINUOUS
10
0.2753734251968504
20
0.4807686220472441
11
0.2855440551181102
21
0.4807686220472441
0
LINE
8
BLACK
6
CONTINUOUS
10
0.2855440551181102
20
0.4807686220472441
11
0.2861201181102362
21
0.4807118897637795
0
LINE
8
BLACK
6
CONTINUOUS
10
0.2861201181102362
20
0.4807118897637795
11
0.2871845275590551
21
0.4802709842519685
0
LINE
8
BLACK
6
CONTINUOUS
10
0.2871845275590551
20
0.4802709842519685
11
0.2879991732283465
21
0.4794563385826772
0
LINE
8
BLACK
6
CONTINUOUS
10
0.2879991732283465
20
0.4794563385826772
11
0.2884400787401575
21
0.4783919291338583
0
LINE
8
BLACK
6
CONTINUOUS
10
0.2884400787401575
20
0.4783919291338583
11
0.2884400787401575
21
0.4772398031496063
0
LINE
8
BLACK
6
CONTINUOUS
10
0.2884400787401575
20
0.4772398031496063
11
0.2879991732283465
21
0.4761753937007874
0
LINE
8
BLACK
6
CONTINUOUS
10
0.2879991732283465
20
0.4761753937007874
11
0.2871845275590551
21
0.475360748031496
0
LINE
8
BLACK
6
CONTINUOUS
10
0.2871845275590551
20
0.475360748031496
11
0.2861201181102362
21
0.4749198425196851
0
LINE
8
BLACK
6
CONTINUOUS
10
0.2861201181102362
20
0.4749198425196851
11
0.2855440551181102
21
0.4748631102362205
0
LINE
8
BLACK
6
CONTINUOUS
10
0.2855440551181102
20
0.4748631102362205
11
0.2753734251968504
21
0.4748631102362205
0
LINE
8
BLACK
6
CONTINUOUS
10
0.2753734251968504
20
0.4748631102362205
11
0.2753734251968504
21
0.4721915748031496
0
LINE
8
BLACK
6
CONTINUOUS
10
0.2753734251968504
20
0.4721915748031496
11
0.2753166929133858
21
0.4716155118110236
0
LINE
8
BLACK
6
CONTINUOUS
10
0.2753166929133858
20
0.4716155118110236
11
0.2748757874015748
21
0.4705511023622047
0
LINE
8
BLACK
6
CONTINUOUS
10
0.2748757874015748
20
0.4705511023622047
11
0.2740611417322835
21
0.4697364566929134
0
LINE
8
BLACK
6
CONTINUOUS
10
0.2740611417322835
20
0.4697364566929134
11
0.2729967322834645
21
0.4692955511811023
0
LINE
8
BLACK
6
CONTINUOUS
10
0.2729967322834645
20
0.4692955511811023
11
0.2718446062992126
21
0.4692955511811023
0
LINE
8
BLACK
6
CONTINUOUS
10
0.2718446062992126
20
0.4692955511811023
11
0.2707801968503937
21
0.4697364566929134
0
LINE
8
BLACK
6
CONTINUOUS
10
0.2707801968503937
20
0.4697364566929134
11
0.2699655511811024
21
0.4705511023622047
0
LINE
8
BLACK
6
CONTINUOUS
10
0.2699655511811024
20
0.4705511023622047
11
0.2695246456692914
21
0.4716155118110236
0
LINE
8
BLACK
6
CONTINUOUS
10
0.2695246456692914
20
0.4716155118110236
11
0.2694679133858268
21
0.4721915748031496
0
LINE
8
BLACK
6
CONTINUOUS
10
0.2694679133858268
20
0.4721915748031496
11
0.2694679133858268
21
0.4748631102362205
0
LINE
8
BLACK
6
CONTINUOUS
10
0.2694679133858268
20
0.4748631102362205
11
0.2592973228346457
21
0.4748631102362205
0
LINE
8
BLACK
6
CONTINUOUS
10
0.2592973228346457
20
0.4748631102362205
11
0.2587212598425197
21
0.4749198425196851
0
LINE
8
BLACK
6
CONTINUOUS
10
0.2587212598425197
20
0.4749198425196851
11
0.2576568503937008
21
0.475360748031496
0
LINE
8
BLACK
6
CONTINUOUS
10
0.2576568503937008
20
0.475360748031496
11
0.2568422047244094
21
0.4761753937007874
0
LINE
8
BLACK
6
CONTINUOUS
10
0.2568422047244094
20
0.4761753937007874
11
0.2564012992125984
21
0.4772398031496063
0
LINE
8
BLACK
6
CONTINUOUS
10
0.2564012992125984
20
0.4772398031496063
11
0.2564012992125984
21
0.4783919291338583
0
LINE
8
BLACK
6
CONTINUOUS
10
0.2564012992125984
20
0.4783919291338583
11
0.2568422047244094
21
0.4794563385826772
0
LINE
8
BLACK
6
CONTINUOUS
10
0.2568422047244094
20
0.4794563385826772
11
0.2576568503937008
21
0.4802709842519685
0
LINE
8
BLACK
6
CONTINUOUS
10
0.2576568503937008
20
0.4802709842519685
11
0.2587212598425197
21
0.4807118897637795
0
LINE
8
BLACK
6
CONTINUOUS
10
0.2587212598425197
20
0.4807118897637795
11
0.2592973228346457
21
0.4807686220472441
0
LINE
8
BLACK
6
CONTINUOUS
10
0.2592973228346457
20
0.4807686220472441
11
0.2694679133858268
21
0.4807686220472441
0
LINE
8
BLACK
6
CONTINUOUS
10
0.2694679133858268
20
0.4807686220472441
11
0.2694679133858268
21
0.4924667716535433
0
LINE
8
BLACK
6
CONTINUOUS
10
0.2694679133858268
20
0.4924667716535433
11
0.2452329527559055
21
0.4843884645669291
0
LINE
8
BLACK
6
CONTINUOUS
10
0.2452329527559055
20
0.4843884645669291
11
0.2446685039370079
21
0.4842601181102362
0
LINE
8
BLACK
6
CONTINUOUS
10
0.2446685039370079
20
0.4842601181102362
11
0.2435192913385827
21
0.4843418110236221
0
LINE
8
BLACK
6
CONTINUOUS
10
0.2435192913385827
20
0.4843418110236221
11
0.2424888582677165
21
0.4848570078740158
0
LINE
8
BLACK
6
CONTINUOUS
10
0.2424888582677165
20
0.4848570078740158
11
0.2417339763779527
21
0.4857273622047244
0
LINE
8
BLACK
6
CONTINUOUS
10
0.2417339763779527
20
0.4857273622047244
11
0.2413696456692913
21
0.4868203937007874
0
LINE
8
BLACK
6
CONTINUOUS
10
0.2413696456692913
20
0.4868203937007874
11
0.2414513385826772
21
0.4879696062992126
0
LINE
8
BLACK
6
CONTINUOUS
10
0.2414513385826772
20
0.4879696062992126
11
0.2419665354330709
21
0.4890000393700787
0
LINE
8
BLACK
6
CONTINUOUS
10
0.2419665354330709
20
0.4890000393700787
11
0.2428368897637795
21
0.4897549212598425
0
LINE
8
BLACK
6
CONTINUOUS
10
0.2428368897637795
20
0.4897549212598425
11
0.2433654724409449
21
0.489990905511811
0
LINE
8
BLACK
6
CONTINUOUS
10
0.2433654724409449
20
0.489990905511811
11
0.2714868897637795
21
0.4993647244094488
0
LINE
8
BLACK
6
CONTINUOUS
10
0.2714868897637795
20
0.4993647244094488
11
0.2717725196850393
21
0.4994296456692913
0
LINE
8
BLACK
6
CONTINUOUS
10
0.2717725196850393
20
0.4994296456692913
11
0.2718446062992126
21
0.4994595275590551
0
LINE
8
BLACK
6
CONTINUOUS
10
0.2718446062992126
20
0.4994595275590551
11
0.2719038188976378
21
0.4994595275590551
0
LINE
8
BLACK
6
CONTINUOUS
10
0.2719038188976378
20
0.4994595275590551
11
0.2720513385826772
21
0.4994930708661417
0
LINE
8
BLACK
6
CONTINUOUS
10
0.2720513385826772
20
0.4994930708661417
11
0.272523188976378
21
0.4994595275590551
0
LINE
8
BLACK
6
CONTINUOUS
10
0.1945646456692913
20
0.5064740551181103
11
0.1955951574803149
21
0.5059587795275591
0
LINE
8
BLACK
6
CONTINUOUS
10
0.1955951574803149
20
0.5059587795275591
11
0.19635
21
0.5050884251968504
0
LINE
8
BLACK
6
CONTINUOUS
10
0.19635
20
0.5050884251968504
11
0.1967143307086614
21
0.5039954330708661
0
LINE
8
BLACK
6
CONTINUOUS
10
0.1967143307086614
20
0.5039954330708661
11
0.1966326771653543
21
0.502846220472441
0
LINE
8
BLACK
6
CONTINUOUS
10
0.1966326771653543
20
0.502846220472441
11
0.1964257874015748
21
0.5023056299212598
0
LINE
8
BLACK
6
CONTINUOUS
10
0.1964257874015748
20
0.5023056299212598
11
0.1945510236220472
21
0.4985561023622047
0
LINE
8
BLACK
6
CONTINUOUS
10
0.1945510236220472
20
0.4985561023622047
11
0.194395
21
0.4983082677165354
0
LINE
8
BLACK
6
CONTINUOUS
10
0.194395
20
0.4983082677165354
11
0.194365157480315
21
0.4982361417322835
0
LINE
8
BLACK
6
CONTINUOUS
10
0.194365157480315
20
0.4982361417322835
11
0.1942985433070866
21
0.4981549606299213
0
LINE
8
BLACK
6
CONTINUOUS
10
0.1942985433070866
20
0.4981549606299213
11
0.1942426771653543
21
0.4980662204724409
0
LINE
8
BLACK
6
CONTINUOUS
10
0.1942426771653543
20
0.4980662204724409
11
0.1941837401574803
21
0.4980150787401575
0
LINE
8
BLACK
6
CONTINUOUS
10
0.1941837401574803
20
0.4980150787401575
11
0.1939979133858268
21
0.4977887007874016
0
LINE
8
BLACK
6
CONTINUOUS
10
0.1939979133858268
20
0.4977887007874016
11
0.1915395275590551
21
0.4953303149606299
0
LINE
8
BLACK
6
CONTINUOUS
10
0.1915395275590551
20
0.4953303149606299
11
0.2189535039370079
21
0.4953303149606299
0
LINE
8
BLACK
6
CONTINUOUS
10
0.2189535039370079
20
0.4953303149606299
11
0.2189535039370079
21
0.5036261417322835
0
LINE
8
BLACK
6
CONTINUOUS
10
0.2189535039370079
20
0.5036261417322835
11
0.2190102362204724
21
0.5042022047244095
0
LINE
8
BLACK
6
CONTINUOUS
10
0.2190102362204724
20
0.5042022047244095
11
0.2194511417322835
21
0.5052666141732284
0
LINE
8
BLACK
6
CONTINUOUS
10
0.2194511417322835
20
0.5052666141732284
11
0.2202657874015748
21
0.5060812598425197
0
LINE
8
BLACK
6
CONTINUOUS
10
0.2202657874015748
20
0.5060812598425197
11
0.2213301968503937
21
0.5065221653543307
0
LINE
8
BLACK
6
CONTINUOUS
10
0.2213301968503937
20
0.5065221653543307
11
0.2224823228346457
21
0.5065221653543307
0
LINE
8
BLACK
6
CONTINUOUS
10
0.2224823228346457
20
0.5065221653543307
11
0.2235467322834646
21
0.5060812598425197
0
LINE
8
BLACK
6
CONTINUOUS
10
0.2235467322834646
20
0.5060812598425197
11
0.2243613779527559
21
0.5052666141732284
0
LINE
8
BLACK
6
CONTINUOUS
10
0.2243613779527559
20
0.5052666141732284
11
0.2248022834645669
21
0.5042022047244095
0
LINE
8
BLACK
6
CONTINUOUS
10
0.2248022834645669
20
0.5042022047244095
11
0.2248590157480315
21
0.5036261417322835
0
LINE
8
BLACK
6
CONTINUOUS
10
0.2248590157480315
20
0.5036261417322835
11
0.2248590157480315
21
0.4811289763779528
0
LINE
8
BLACK
6
CONTINUOUS
10
0.2248590157480315
20
0.4811289763779528
11
0.2248022834645669
21
0.4805529133858268
0
LINE
8
BLACK
6
CONTINUOUS
10
0.2248022834645669
20
0.4805529133858268
11
0.2243613779527559
21
0.4794885039370079
0
LINE
8
BLACK
6
CONTINUOUS
10
0.2243613779527559
20
0.4794885039370079
11
0.2235467322834646
21
0.4786738582677165
0
LINE
8
BLACK
6
CONTINUOUS
10
0.2235467322834646
20
0.4786738582677165
11
0.2224823228346457
21
0.4782329527559055
0
LINE
8
BLACK
6
CONTINUOUS
10
0.2224823228346457
20
0.4782329527559055
11
0.2213301968503937
21
0.4782329527559055
0
LINE
8
BLACK
6
CONTINUOUS
10
0.2213301968503937
20
0.4782329527559055
11
0.2202657874015748
21
0.4786738582677165
0
LINE
8
BLACK
6
CONTINUOUS
10
0.2202657874015748
20
0.4786738582677165
11
0.2194511417322835
21
0.4794885039370079
0
LINE
8
BLACK
6
CONTINUOUS
10
0.2194511417322835
20
0.4794885039370079
11
0.2190102362204724
21
0.4805529133858268
0
LINE
8
BLACK
6
CONTINUOUS
10
0.2190102362204724
20
0.4805529133858268
11
0.2189535039370079
21
0.4811289763779528
0
LINE
8
BLACK
6
CONTINUOUS
10
0.2189535039370079
20
0.4811289763779528
11
0.2189535039370079
21
0.4894248031496063
0
LINE
8
BLACK
6
CONTINUOUS
10
0.2189535039370079
20
0.4894248031496063
11
0.1825361811023622
21
0.4894248031496063
0
LINE
8
BLACK
6
CONTINUOUS
10
0.1825361811023622
20
0.4894248031496063
11
0.182534094488189
21
0.489425
0
LINE
8
BLACK
6
CONTINUOUS
10
0.182534094488189
20
0.489425
11
0.1825330708661417
21
0.4894248031496063
0
LINE
8
BLACK
6
CONTINUOUS
10
0.1825330708661417
20
0.4894248031496063
11
0.1825300393700787
21
0.4894253937007874
0
LINE
8
BLACK
6
CONTINUOUS
10
0.1825300393700787
20
0.4894253937007874
11
0.1819601181102362
21
0.4894815354330709
0
LINE
8
BLACK
6
CONTINUOUS
10
0.1819601181102362
20
0.4894815354330709
11
0.18169
21
0.4895933858267716
0
LINE
8
BLACK
6
CONTINUOUS
10
0.18169
20
0.4895933858267716
11
0.1814033858267717
21
0.4896507480314961
0
LINE
8
BLACK
6
CONTINUOUS
10
0.1814033858267717
20
0.4896507480314961
11
0.1811629921259842
21
0.4898116929133858
0
LINE
8
BLACK
6
CONTINUOUS
10
0.1811629921259842
20
0.4898116929133858
11
0.1808957086614173
21
0.4899224409448819
0
LINE
8
BLACK
6
CONTINUOUS
10
0.1808957086614173
20
0.4899224409448819
11
0.1806889763779528
21
0.4901291338582677
0
LINE
8
BLACK
6
CONTINUOUS
10
0.1806889763779528
20
0.4901291338582677
11
0.1804461023622047
21
0.490291811023622
0
LINE
8
BLACK
6
CONTINUOUS
10
0.1804461023622047
20
0.490291811023622
11
0.1802855905511811
21
0.4905325196850394
0
LINE
8
BLACK
6
CONTINUOUS
10
0.1802855905511811
20
0.4905325196850394
11
0.180081062992126
21
0.4907370866141732
0
LINE
8
BLACK
6
CONTINUOUS
10
0.180081062992126
20
0.4907370866141732
11
0.1799691732283465
21
0.4910071653543307
0
LINE
8
BLACK
6
CONTINUOUS
10
0.1799691732283465
20
0.4910071653543307
11
0.1798070078740157
21
0.4912504330708661
0
LINE
8
BLACK
6
CONTINUOUS
10
0.1798070078740157
20
0.4912504330708661
11
0.1797508661417323
21
0.4915342125984252
0
LINE
8
BLACK
6
CONTINUOUS
10
0.1797508661417323
20
0.4915342125984252
11
0.1796401574803149
21
0.4918014960629921
0
LINE
8
BLACK
6
CONTINUOUS
10
0.1796401574803149
20
0.4918014960629921
11
0.1796401574803149
21
0.4920938582677165
0
LINE
8
BLACK
6
CONTINUOUS
10
0.1796401574803149
20
0.4920938582677165
11
0.1795834251968504
21
0.4923806692913386
0
LINE
8
BLACK
6
CONTINUOUS
10
0.1795834251968504
20
0.4923806692913386
11
0.1796401574803149
21
0.4926642913385826
0
LINE
8
BLACK
6
CONTINUOUS
10
0.1796401574803149
20
0.4926642913385826
11
0.1796401574803149
21
0.4929536220472441
0
LINE
8
BLACK
6
CONTINUOUS
10
0.1796401574803149
20
0.4929536220472441
11
0.1797520078740157
21
0.4932237007874016
0
LINE
8
BLACK
6
CONTINUOUS
10
0.1797520078740157
20
0.4932237007874016
11
0.1798093700787401
21
0.4935103543307087
0
LINE
8
BLACK
6
CONTINUOUS
10
0.1798093700787401
20
0.4935103543307087
11
0.1799703149606299
21
0.4937507086614173
0
LINE
8
BLACK
6
CONTINUOUS
10
0.1799703149606299
20
0.4937507086614173
11
0.180081062992126
21
0.494018031496063
0
LINE
8
BLACK
6
CONTINUOUS
10
0.180081062992126
20
0.494018031496063
11
0.1802877559055118
21
0.4942247244094488
0
LINE
8
BLACK
6
CONTINUOUS
10
0.1802877559055118
20
0.4942247244094488
11
0.1804504330708661
21
0.4944676377952756
0
LINE
8
BLACK
6
CONTINUOUS
10
0.1804504330708661
20
0.4944676377952756
11
0.1808936614173228
21
0.4948306299212598
0
LINE
8
BLACK
6
CONTINUOUS
10
0.1808936614173228
20
0.4948306299212598
11
0.1808957086614173
21
0.4948326771653543
0
LINE
8
BLACK
6
CONTINUOUS
10
0.1808957086614173
20
0.4948326771653543
11
0.1808965748031496
21
0.494833031496063
0
LINE
8
BLACK
6
CONTINUOUS
10
0.1808965748031496
20
0.494833031496063
11
0.1808982677165354
21
0.4948344094488189
0
LINE
8
BLACK
6
CONTINUOUS
10
0.1808982677165354
20
0.4948344094488189
11
0.1862792913385827
21
0.4984217322834645
0
LINE
8
BLACK
6
CONTINUOUS
10
0.1862792913385827
20
0.4984217322834645
11
0.1894832677165354
21
0.5016257086614173
0
LINE
8
BLACK
6
CONTINUOUS
10
0.1894832677165354
20
0.5016257086614173
11
0.1911437401574803
21
0.504946653543307
0
LINE
8
BLACK
6
CONTINUOUS
10
0.1911437401574803
20
0.504946653543307
11
0.1914520866141732
21
0.5054365354330709
0
LINE
8
BLACK
6
CONTINUOUS
10
0.1914520866141732
20
0.5054365354330709
11
0.1923224803149606
21
0.5061913779527559
0
LINE
8
BLACK
6
CONTINUOUS
10
0.1923224803149606
20
0.5061913779527559
11
0.1934154330708661
21
0.5065557086614173
0
LINE
8
BLACK
6
CONTINUOUS
10
0.1934154330708661
20
0.5065557086614173
11
0.1945646456692913
21
0.5064740551181103
0
LINE
8
BLACK
6
CONTINUOUS
10
0.4847404724409449
20
0.7455551181102362
11
0.4855551181102362
21
0.7447404724409449
0
LINE
8
BLACK
6
CONTINUOUS
10
0.4855551181102362
20
0.7447404724409449
11
0.4859960236220472
21
0.743676062992126
0
LINE
8
BLACK
6
CONTINUOUS
10
0.4859960236220472
20
0.743676062992126
11
0.4860527559055118
21
0.7431
0
LINE
8
BLACK
6
CONTINUOUS
10
0.4860527559055118
20
0.7431
11
0.4860527559055118
21
0.5069
0
LINE
8
BLACK
6
CONTINUOUS
10
0.4860527559055118
20
0.5069
11
0.4859960236220472
21
0.506323937007874
0
LINE
8
BLACK
6
CONTINUOUS
10
0.4859960236220472
20
0.506323937007874
11
0.4855551181102362
21
0.5052595275590551
0
LINE
8
BLACK
6
CONTINUOUS
10
0.4855551181102362
20
0.5052595275590551
11
0.4847404724409449
21
0.5044448818897638
0
LINE
8
BLACK
6
CONTINUOUS
10
0.4847404724409449
20
0.5044448818897638
11
0.483676062992126
21
0.5040039763779527
0
LINE
8
BLACK
6
CONTINUOUS
10
0.483676062992126
20
0.5040039763779527
11
0.482523937007874
21
0.5040039763779527
0
LINE
8
BLACK
6
CONTINUOUS
10
0.482523937007874
20
0.5040039763779527
11
0.4814595275590551
21
0.5044448818897638
0
LINE
8
BLACK
6
CONTINUOUS
10
0.4814595275590551
20
0.5044448818897638
11
0.4806448818897638
21
0.5052595275590551
0
LINE
8
BLACK
6
CONTINUOUS
10
0.4806448818897638
20
0.5052595275590551
11
0.4802039763779528
21
0.506323937007874
0
LINE
8
BLACK
6
CONTINUOUS
10
0.4802039763779528
20
0.506323937007874
11
0.4801472440944882
21
0.5069
0
LINE
8
BLACK
6
CONTINUOUS
10
0.4801472440944882
20
0.5069
11
0.4801472440944882
21
0.7431
0
LINE
8
BLACK
6
CONTINUOUS
10
0.4801472440944882
20
0.7431
11
0.4802039763779528
21
0.743676062992126
0
LINE
8
BLACK
6
CONTINUOUS
10
0.4802039763779528
20
0.743676062992126
11
0.4806448818897638
21
0.7447404724409449
0
LINE
8
BLACK
6
CONTINUOUS
10
0.4806448818897638
20
0.7447404724409449
11
0.4814595275590551
21
0.7455551181102362
0
LINE
8
BLACK
6
CONTINUOUS
10
0.4814595275590551
20
0.7455551181102362
11
0.482523937007874
21
0.7459960236220472
0
LINE
8
BLACK
6
CONTINUOUS
10
0.482523937007874
20
0.7459960236220472
11
0.483676062992126
21
0.7459960236220472
0
LINE
8
BLACK
6
CONTINUOUS
10
0.483676062992126
20
0.7459960236220472
11
0.4847404724409449
21
0.7455551181102362
0
LINE
8
BLACK
6
CONTINUOUS
10
0.6185404724409449
20
0.7455551181102362
11
0.6193551181102362
21
0.7447404724409449
0
LINE
8
BLACK
6
CONTINUOUS
10
0.6193551181102362
20
0.7447404724409449
11
0.6197960236220472
21
0.743676062992126
0
LINE
8
BLACK
6
CONTINUOUS
10
0.6197960236220472
20
0.743676062992126
11
0.6198527559055118
21
0.7431
0
LINE
8
BLACK
6
CONTINUOUS
10
0.6198527559055118
20
0.7431
11
0.6198527559055118
21
0.5069
0
LINE
8
BLACK
6
CONTINUOUS
10
0.6198527559055118
20
0.5069
11
0.6197960236220472
21
0.506323937007874
0
LINE
8
BLACK
6
CONTINUOUS
10
0.6197960236220472
20
0.506323937007874
11
0.6193551181102362
21
0.5052595275590551
0
LINE
8
BLACK
6
CONTINUOUS
10
0.6193551181102362
20
0.5052595275590551
11
0.6185404724409449
21
0.5044448818897638
0
LINE
8
BLACK
6
CONTINUOUS
10
0.6185404724409449
20
0.5044448818897638
11
0.617476062992126
21
0.5040039763779527
0
LINE
8
BLACK
6
CONTINUOUS
10
0.617476062992126
20
0.5040039763779527
11
0.616323937007874
21
0.5040039763779527
0
LINE
8
BLACK
6
CONTINUOUS
10
0.616323937007874
20
0.5040039763779527
11
0.6152595275590551
21
0.5044448818897638
0
LINE
8
BLACK
6
CONTINUOUS
10
0.6152595275590551
20
0.5044448818897638
11
0.6144448818897638
21
0.5052595275590551
0
LINE
8
BLACK
6
CONTINUOUS
10
0.6144448818897638
20
0.5052595275590551
11
0.6140039763779528
21
0.506323937007874
0
LINE
8
BLACK
6
CONTINUOUS
10
0.6140039763779528
20
0.506323937007874
11
0.6139472440944882
21
0.5069
0
LINE
8
BLACK
6
CONTINUOUS
10
0.6139472440944882
20
0.5069
11
0.6139472440944882
21
0.7431
0
LINE
8
BLACK
6
CONTINUOUS
10
0.6139472440944882
20
0.7431
11
0.6140039763779528
21
0.743676062992126
0
LINE
8
BLACK
6
CONTINUOUS
10
0.6140039763779528
20
0.743676062992126
11
0.6144448818897638
21
0.7447404724409449
0
LINE
8
BLACK
6
CONTINUOUS
10
0.6144448818897638
20
0.7447404724409449
11
0.6152595275590551
21
0.7455551181102362
0
LINE
8
BLACK
6
CONTINUOUS
10
0.6152595275590551
20
0.7455551181102362
11
0.616323937007874
21
0.7459960236220472
0
LINE
8
BLACK
6
CONTINUOUS
10
0.616323937007874
20
0.7459960236220472
11
0.617476062992126
21
0.7459960236220472
0
LINE
8
BLACK
6
CONTINUOUS
10
0.617476062992126
20
0.7459960236220472
11
0.6185404724409449
21
0.7455551181102362
0
LINE
8
BLACK
6
CONTINUOUS
10
0.2478144488188976
20
0.5383887007874015
11
0.248629094488189
21
0.5375740551181102
0
LINE
8
BLACK
6
CONTINUOUS
10
0.248629094488189
20
0.5375740551181102
11
0.24907
21
0.5365096456692914
0
LINE
8
BLACK
6
CONTINUOUS
10
0.24907
20
0.5365096456692914
11
0.2491267322834646
21
0.5359335826771653
0
LINE
8
BLACK
6
CONTINUOUS
10
0.2491267322834646
20
0.5359335826771653
11
0.2491267322834646
21
0.5180688188976378
0
LINE
8
BLACK
6
CONTINUOUS
10
0.2491267322834646
20
0.5180688188976378
11
0.2592276771653543
21
0.5269071653543307
0
LINE
8
BLACK
6
CONTINUOUS
10
0.2592276771653543
20
0.5269071653543307
11
0.2594766535433071
21
0.5270851574803149
0
LINE
8
BLACK
6
CONTINUOUS
10
0.2594766535433071
20
0.5270851574803149
11
0.2595316141732283
21
0.5271401181102362
0
LINE
8
BLACK
6
CONTINUOUS
10
0.2595316141732283
20
0.5271401181102362
11
0.2595837007874016
21
0.5271616929133858
0
LINE
8
BLACK
6
CONTINUOUS
10
0.2595837007874016
20
0.5271616929133858
11
0.2596985826771653
21
0.5272438188976378
0
LINE
8
BLACK
6
CONTINUOUS
10
0.2596985826771653
20
0.5272438188976378
11
0.2601527952755905
21
0.5273974015748032
0
LINE
8
BLACK
6
CONTINUOUS
10
0.2601527952755905
20
0.5273974015748032
11
0.2605960236220473
21
0.5275810236220473
0
LINE
8
BLACK
6
CONTINUOUS
10
0.2605960236220473
20
0.5275810236220473
11
0.2606956692913386
21
0.5275810236220473
0
LINE
8
BLACK
6
CONTINUOUS
10
0.2606956692913386
20
0.5275810236220473
11
0.2607899606299213
21
0.5276129133858267
0
LINE
8
BLACK
6
CONTINUOUS
10
0.2607899606299213
20
0.5276129133858267
11
0.2612684251968504
21
0.5275810236220473
0
LINE
8
BLACK
6
CONTINUOUS
10
0.2612684251968504
20
0.5275810236220473
11
0.2617481496062992
21
0.5275810236220473
0
LINE
8
BLACK
6
CONTINUOUS
10
0.2617481496062992
20
0.5275810236220473
11
0.2618401181102362
21
0.5275429133858267
0
LINE
8
BLACK
6
CONTINUOUS
10
0.2618401181102362
20
0.5275429133858267
11
0.2619394881889764
21
0.5275362992125984
0
LINE
8
BLACK
6
CONTINUOUS
10
0.2619394881889764
20
0.5275362992125984
11
0.2623696062992126
21
0.5273235826771654
0
LINE
8
BLACK
6
CONTINUOUS
10
0.2623696062992126
20
0.5273235826771654
11
0.2628125590551181
21
0.5271401181102362
0
LINE
8
BLACK
6
CONTINUOUS
10
0.2628125590551181
20
0.5271401181102362
11
0.262882874015748
21
0.5270697637795275
0
LINE
8
BLACK
6
CONTINUOUS
10
0.262882874015748
20
0.5270697637795275
11
0.2629722440944882
21
0.5270255905511811
0
LINE
8
BLACK
6
CONTINUOUS
10
0.2629722440944882
20
0.5270255905511811
11
0.263288188976378
21
0.5266644488188976
0
LINE
8
BLACK
6
CONTINUOUS
10
0.263288188976378
20
0.5266644488188976
11
0.2636272047244094
21
0.5263254724409449
0
LINE
8
BLACK
6
CONTINUOUS
10
0.2636272047244094
20
0.5263254724409449
11
0.2636653149606299
21
0.5262334645669291
0
LINE
8
BLACK
6
CONTINUOUS
10
0.2636653149606299
20
0.5262334645669291
11
0.263730905511811
21
0.5261585039370079
0
LINE
8
BLACK
6
CONTINUOUS
10
0.263730905511811
20
0.5261585039370079
11
0.2638844881889764
21
0.5257042519685039
0
LINE
8
BLACK
6
CONTINUOUS
10
0.2638844881889764
20
0.5257042519685039
11
0.2640681102362205
21
0.5252610629921259
0
LINE
8
BLACK
6
CONTINUOUS
10
0.2640681102362205
20
0.5252610629921259
11
0.2640819291338583
21
0.5251204724409448
0
LINE
8
BLACK
6
CONTINUOUS
10
0.2640819291338583
20
0.5251204724409448
11
0.2641
21
0.525067125984252
0
LINE
8
BLACK
6
CONTINUOUS
10
0.2641
20
0.525067125984252
11
0.2640948031496063
21
0.5249896456692913
0
LINE
8
BLACK
6
CONTINUOUS
10
0.2640948031496063
20
0.5249896456692913
11
0.264124842519685
21
0.524685
0
LINE
8
BLACK
6
CONTINUOUS
10
0.264124842519685
20
0.524685
11
0.264124842519685
21
0.5197577559055118
0
LINE
8
BLACK
6
CONTINUOUS
10
0.264124842519685
20
0.5197577559055118
11
0.2654735826771654
21
0.5170602755905511
0
LINE
8
BLACK
6
CONTINUOUS
10
0.2654735826771654
20
0.5170602755905511
11
0.2666707086614173
21
0.5158631496062992
0
LINE
8
BLACK
6
CONTINUOUS
10
0.2666707086614173
20
0.5158631496062992
11
0.2693681889763779
21
0.5145144094488189
0
LINE
8
BLACK
6
CONTINUOUS
10
0.2693681889763779
20
0.5145144094488189
11
0.2773479133858268
21
0.5145144094488189
0
LINE
8
BLACK
6
CONTINUOUS
10
0.2773479133858268
20
0.5145144094488189
11
0.2800453937007874
21
0.5158631496062992
0
LINE
8
BLACK
6
CONTINUOUS
10
0.2800453937007874
20
0.5158631496062992
11
0.2812425590551181
21
0.5170602755905511
0
LINE
8
BLACK
6
CONTINUOUS
10
0.2812425590551181
20
0.5170602755905511
11
0.2825912992125984
21
0.5197577559055118
0
LINE
8
BLACK
6
CONTINUOUS
10
0.2825912992125984
20
0.5197577559055118
11
0.2825912992125984
21
0.5296122440944881
0
LINE
8
BLACK
6
CONTINUOUS
10
0.2825912992125984
20
0.5296122440944881
11
0.2812425590551181
21
0.53230968503937
0
LINE
8
BLACK
6
CONTINUOUS
10
0.2812425590551181
20
0.53230968503937
11
0.2797066141732283
21
0.5338456299212598
0
LINE
8
BLACK
6
CONTINUOUS
10
0.2797066141732283
20
0.5338456299212598
11
0.2793393700787402
21
0.5342931102362205
0
LINE
8
BLACK
6
CONTINUOUS
10
0.2793393700787402
20
0.5342931102362205
11
0.2788984645669291
21
0.5353575196850393
0
LINE
8
BLACK
6
CONTINUOUS
10
0.2788984645669291
20
0.5353575196850393
11
0.2788984645669291
21
0.5365096062992126
0
LINE
8
BLACK
6
CONTINUOUS
10
0.2788984645669291
20
0.5365096062992126
11
0.2793393307086614
21
0.5375740157480314
0
LINE
8
BLACK
6
CONTINUOUS
10
0.2793393307086614
20
0.5375740157480314
11
0.2801540157480315
21
0.5383887007874015
0
LINE
8
BLACK
6
CONTINUOUS
10
0.2801540157480315
20
0.5383887007874015
11
0.2812184251968504
21
0.5388296062992126
0
LINE
8
BLACK
6
CONTINUOUS
10
0.2812184251968504
20
0.5388296062992126
11
0.2823705118110236
21
0.5388296062992126
0
LINE
8
BLACK
6
CONTINUOUS
10
0.2823705118110236
20
0.5388296062992126
11
0.2834349212598425
21
0.5383887401574803
0
LINE
8
BLACK
6
CONTINUOUS
10
0.2834349212598425
20
0.5383887401574803
11
0.2838823622047244
21
0.5380215354330709
0
LINE
8
BLACK
6
CONTINUOUS
10
0.2838823622047244
20
0.5380215354330709
11
0.2857571653543307
21
0.5361467716535433
0
LINE
8
BLACK
6
CONTINUOUS
10
0.2857571653543307
20
0.5361467716535433
11
0.2859429133858268
21
0.5359203937007874
0
LINE
8
BLACK
6
CONTINUOUS
10
0.2859429133858268
20
0.5359203937007874
11
0.286001968503937
21
0.5358692125984252
0
LINE
8
BLACK
6
CONTINUOUS
10
0.286001968503937
20
0.5358692125984252
11
0.2860579527559055
21
0.5357802362204724
0
LINE
8
BLACK
6
CONTINUOUS
10
0.2860579527559055
20
0.5357802362204724
11
0.2861244094488189
21
0.5356992913385826
0
LINE
8
BLACK
6
CONTINUOUS
10
0.2861244094488189
20
0.5356992913385826
11
0.2861542125984252
21
0.5356273228346456
0
LINE
8
BLACK
6
CONTINUOUS
10
0.2861542125984252
20
0.5356273228346456
11
0.2863103149606299
21
0.5353793307086614
0
LINE
8
BLACK
6
CONTINUOUS
10
0.2863103149606299
20
0.5353793307086614
11
0.2881850787401575
21
0.5316298031496063
0
LINE
8
BLACK
6
CONTINUOUS
10
0.2881850787401575
20
0.5316298031496063
11
0.288391968503937
21
0.5310892125984252
0
LINE
8
BLACK
6
CONTINUOUS
10
0.288391968503937
20
0.5310892125984252
11
0.2883994881889764
21
0.5309833070866141
0
LINE
8
BLACK
6
CONTINUOUS
10
0.2883994881889764
20
0.5309833070866141
11
0.2884400787401575
21
0.5308853543307086
0
LINE
8
BLACK
6
CONTINUOUS
10
0.2884400787401575
20
0.5308853543307086
11
0.2884968110236221
21
0.5303092913385826
0
LINE
8
BLACK
6
CONTINUOUS
10
0.2884968110236221
20
0.5303092913385826
11
0.2884968110236221
21
0.5190607086614173
0
LINE
8
BLACK
6
CONTINUOUS
10
0.2884968110236221
20
0.5190607086614173
11
0.2884400787401575
21
0.5184846456692913
0
LINE
8
BLACK
6
CONTINUOUS
10
0.2884400787401575
20
0.5184846456692913
11
0.2883994881889764
21
0.518386653543307
0
LINE
8
BLACK
6
CONTINUOUS
10
0.2883994881889764
20
0.518386653543307
11
0.288391968503937
21
0.5182807874015748
0
LINE
8
BLACK
6
CONTINUOUS
10
0.288391968503937
20
0.5182807874015748
11
0.2881850787401575
21
0.5177401968503937
0
LINE
8
BLACK
6
CONTINUOUS
10
0.2881850787401575
20
0.5177401968503937
11
0.2863103149606299
21
0.5139906692913385
0
LINE
8
BLACK
6
CONTINUOUS
10
0.2863103149606299
20
0.5139906692913385
11
0.2861542125984252
21
0.5137426377952756
0
LINE
8
BLACK
6
CONTINUOUS
10
0.2861542125984252
20
0.5137426377952756
11
0.2861244094488189
21
0.5136707086614173
0
LINE
8
BLACK
6
CONTINUOUS
10
0.2861244094488189
20
0.5136707086614173
11
0.2860579527559055
21
0.5135897244094488
0
LINE
8
BLACK
6
CONTINUOUS
10
0.2860579527559055
20
0.5135897244094488
11
0.286001968503937
21
0.5135007874015748
0
LINE
8
BLACK
6
CONTINUOUS
10
0.286001968503937
20
0.5135007874015748
11
0.2859429133858268
21
0.5134495669291338
0
LINE
8
BLACK
6
CONTINUOUS
10
0.2859429133858268
20
0.5134495669291338
11
0.2857571653543307
21
0.5132232283464567
0
LINE
8
BLACK
6
CONTINUOUS
10
0.2857571653543307
20
0.5132232283464567
11
0.2838823622047244
21
0.5113484645669292
0
LINE
8
BLACK
6
CONTINUOUS
10
0.2838823622047244
20
0.5113484645669292
11
0.2836560236220472
21
0.5111627165354331
0
LINE
8
BLACK
6
CONTINUOUS
10
0.2836560236220472
20
0.5111627165354331
11
0.2836048818897638
21
0.5111037401574803
0
LINE
8
BLACK
6
CONTINUOUS
10
0.2836048818897638
20
0.5111037401574803
11
0.2835159448818897
21
0.5110477559055118
0
LINE
8
BLACK
6
CONTINUOUS
10
0.2835159448818897
20
0.5110477559055118
11
0.2834349212598425
21
0.5109812598425196
0
LINE
8
BLACK
6
CONTINUOUS
10
0.2834349212598425
20
0.5109812598425196
11
0.283362874015748
21
0.5109514173228347
0
LINE
8
BLACK
6
CONTINUOUS
10
0.283362874015748
20
0.5109514173228347
11
0.283115
21
0.5107953937007874
0
LINE
8
BLACK
6
CONTINUOUS
10
0.283115
20
0.5107953937007874
11
0.2793654724409449
21
0.5089206299212599
0
LINE
8
BLACK
6
CONTINUOUS
10
0.2793654724409449
20
0.5089206299212599
11
0.278824842519685
21
0.5087137401574803
0
LINE
8
BLACK
6
CONTINUOUS
10
0.278824842519685
20
0.5087137401574803
11
0.2787190157480315
21
0.508706220472441
0
LINE
8
BLACK
6
CONTINUOUS
10
0.2787190157480315
20
0.508706220472441
11
0.2786210236220472
21
0.5086656299212599
0
LINE
8
BLACK
6
CONTINUOUS
10
0.2786210236220472
20
0.5086656299212599
11
0.2780449606299212
21
0.5086088976377953
0
LINE
8
BLACK
6
CONTINUOUS
10
0.2780449606299212
20
0.5086088976377953
11
0.2686711417322835
21
0.5086088976377953
0
LINE
8
BLACK
6
CONTINUOUS
10
0.2686711417322835
20
0.5086088976377953
11
0.2680950787401575
21
0.5086656299212599
0
LINE
8
BLACK
6
CONTINUOUS
10
0.2680950787401575
20
0.5086656299212599
11
0.2679970866141732
21
0.5087061811023622
0
LINE
8
BLACK
6
CONTINUOUS
10
0.2679970866141732
20
0.5087061811023622
11
0.267891220472441
21
0.5087137401574803
0
LINE
8
BLACK
6
CONTINUOUS
10
0.267891220472441
20
0.5087137401574803
11
0.2673506299212599
21
0.5089206299212599
0
LINE
8
BLACK
6
CONTINUOUS
10
0.2673506299212599
20
0.5089206299212599
11
0.2636011023622047
21
0.5107953937007874
0
LINE
8
BLACK
6
CONTINUOUS
10
0.2636011023622047
20
0.5107953937007874
11
0.2633530708661417
21
0.5109514566929134
0
LINE
8
BLACK
6
CONTINUOUS
10
0.2633530708661417
20
0.5109514566929134
11
0.2632811417322835
21
0.5109812992125984
0
LINE
8
BLACK
6
CONTINUOUS
10
0.2632811417322835
20
0.5109812992125984
11
0.2632001574803149
21
0.5110477559055118
0
LINE
8
BLACK
6
CONTINUOUS
10
0.2632001574803149
20
0.5110477559055118
11
0.263111220472441
21
0.5111037401574803
0
LINE
8
BLACK
6
CONTINUOUS
10
0.263111220472441
20
0.5111037401574803
11
0.2630600393700787
21
0.5111627165354331
0
LINE
8
BLACK
6
CONTINUOUS
10
0.2630600393700787
20
0.5111627165354331
11
0.2628337007874016
21
0.5113485039370078
0
LINE
8
BLACK
6
CONTINUOUS
10
0.2628337007874016
20
0.5113485039370078
11
0.260958937007874
21
0.5132232677165354
0
LINE
8
BLACK
6
CONTINUOUS
10
0.260958937007874
20
0.5132232677165354
11
0.2607731496062992
21
0.5134496062992125
0
LINE
8
BLACK
6
CONTINUOUS
10
0.2607731496062992
20
0.5134496062992125
11
0.2607141732283464
21
0.5135007874015748
0
LINE
8
BLACK
6
CONTINUOUS
10
0.2607141732283464
20
0.5135007874015748
11
0.2606581889763779
21
0.5135897244094488
0
LINE
8
BLACK
6
CONTINUOUS
10
0.2606581889763779
20
0.5135897244094488
11
0.2605917322834645
21
0.5136707086614173
0
LINE
8
BLACK
6
CONTINUOUS
10
0.2605917322834645
20
0.5136707086614173
11
0.2605618897637795
21
0.5137426377952756
0
LINE
8
BLACK
6
CONTINUOUS
10
0.2605618897637795
20
0.5137426377952756
11
0.2604058267716535
21
0.5139906692913385
0
LINE
8
BLACK
6
CONTINUOUS
10
0.2604058267716535
20
0.5139906692913385
11
0.258531062992126
21
0.5177401968503937
0
LINE
8
BLACK
6
CONTINUOUS
10
0.258531062992126
20
0.5177401968503937
11
0.2583274015748032
21
0.5182723622047244
0
LINE
8
BLACK
6
CONTINUOUS
10
0.2583274015748032
20
0.5182723622047244
11
0.2481183858267716
21
0.5093394881889763
0
LINE
8
BLACK
6
CONTINUOUS
10
0.2481183858267716
20
0.5093394881889763
11
0.2478693700787402
21
0.5091614566929134
0
LINE
8
BLACK
6
CONTINUOUS
10
0.2478693700787402
20
0.5091614566929134
11
0.2478144488188976
21
0.5091065354330708
0
LINE
8
BLACK
6
CONTINUOUS
10
0.2478144488188976
20
0.5091065354330708
11
0.2477623228346457
21
0.5090849212598425
0
LINE
8
BLACK
6
CONTINUOUS
10
0.2477623228346457
20
0.5090849212598425
11
0.2476474803149606
21
0.5090028346456693
0
LINE
8
BLACK
6
CONTINUOUS
10
0.2476474803149606
20
0.5090028346456693
11
0.2471932283464567
21
0.5088492125984252
0
LINE
8
BLACK
6
CONTINUOUS
10
0.2471932283464567
20
0.5088492125984252
11
0.2467500393700787
21
0.5086656299212599
0
LINE
8
BLACK
6
CONTINUOUS
10
0.2467500393700787
20
0.5086656299212599
11
0.2466503937007874
21
0.5086656299212599
0
LINE
8
BLACK
6
CONTINUOUS
10
0.2466503937007874
20
0.5086656299212599
11
0.2465561023622047
21
0.5086337401574803
0
LINE
8
BLACK
6
CONTINUOUS
10
0.2465561023622047
20
0.5086337401574803
11
0.2460776377952756
21
0.5086656299212599
0
LINE
8
BLACK
6
CONTINUOUS
10
0.2460776377952756
20
0.5086656299212599
11
0.2455979133858268
21
0.5086656299212599
0
LINE
8
BLACK
6
CONTINUOUS
10
0.2455979133858268
20
0.5086656299212599
11
0.245505905511811
21
0.5087037007874016
0
LINE
8
BLACK
6
CONTINUOUS
10
0.245505905511811
20
0.5087037007874016
11
0.2454065748031496
21
0.5087103543307087
0
LINE
8
BLACK
6
CONTINUOUS
10
0.2454065748031496
20
0.5087103543307087
11
0.2449764173228346
21
0.508923031496063
0
LINE
8
BLACK
6
CONTINUOUS
10
0.2449764173228346
20
0.508923031496063
11
0.2445335039370079
21
0.5091065354330708
0
LINE
8
BLACK
6
CONTINUOUS
10
0.2445335039370079
20
0.5091065354330708
11
0.2444631496062992
21
0.5091768503937008
0
LINE
8
BLACK
6
CONTINUOUS
10
0.2444631496062992
20
0.5091768503937008
11
0.2443738188976378
21
0.509221062992126
0
LINE
8
BLACK
6
CONTINUOUS
10
0.2443738188976378
20
0.509221062992126
11
0.2440578346456693
21
0.5095821653543307
0
LINE
8
BLACK
6
CONTINUOUS
10
0.2440578346456693
20
0.5095821653543307
11
0.2437188582677165
21
0.5099211811023622
0
LINE
8
BLACK
6
CONTINUOUS
10
0.2437188582677165
20
0.5099211811023622
11
0.2436807086614173
21
0.5100131496062992
0
LINE
8
BLACK
6
CONTINUOUS
10
0.2436807086614173
20
0.5100131496062992
11
0.243615157480315
21
0.5100881496062992
0
LINE
8
BLACK
6
CONTINUOUS
10
0.243615157480315
20
0.5100881496062992
11
0.2434615354330709
21
0.5105423622047244
0
LINE
8
BLACK
6
CONTINUOUS
10
0.2434615354330709
20
0.5105423622047244
11
0.2432779527559055
21
0.5109855905511811
0
LINE
8
BLACK
6
CONTINUOUS
10
0.2432779527559055
20
0.5109855905511811
11
0.243264094488189
21
0.5111261417322834
0
LINE
8
BLACK
6
CONTINUOUS
10
0.243264094488189
20
0.5111261417322834
11
0.243246062992126
21
0.5111795275590552
0
LINE
8
BLACK
6
CONTINUOUS
10
0.243246062992126
20
0.5111795275590552
11
0.2432512204724409
21
0.511256968503937
0
LINE
8
BLACK
6
CONTINUOUS
10
0.2432512204724409
20
0.511256968503937
11
0.2432212204724409
21
0.5115616535433071
0
LINE
8
BLACK
6
CONTINUOUS
10
0.2432212204724409
20
0.5115616535433071
11
0.2432212204724409
21
0.5359335826771653
0
LINE
8
BLACK
6
CONTINUOUS
10
0.2432212204724409
20
0.5359335826771653
11
0.2432779527559055
21
0.5365096456692914
0
LINE
8
BLACK
6
CONTINUOUS
10
0.2432779527559055
20
0.5365096456692914
11
0.2437188582677165
21
0.5375740551181102
0
LINE
8
BLACK
6
CONTINUOUS
10
0.2437188582677165
20
0.5375740551181102
11
0.2445335039370079
21
0.5383887007874015
0
LINE
8
BLACK
6
CONTINUOUS
10
0.2445335039370079
20
0.5383887007874015
11
0.2455979133858268
21
0.5388296062992126
0
LINE
8
BLACK
6
CONTINUOUS
10
0.2455979133858268
20
0.5388296062992126
11
0.2467500393700787
21
0.5388296062992126
0
LINE
8
BLACK
6
CONTINUOUS
10
0.2467500393700787
20
0.5388296062992126
11
0.2478144488188976
21
0.5383887007874015
0
LINE
8
BLACK
6
CONTINUOUS
10
0.7644183070866142
20
0.5516124803149606
11
0.7666124803149607
21
0.5494183070866142
0
LINE
8
BLACK
6
CONTINUOUS
10
0.7666124803149607
20
0.5494183070866142
11
0.7677999606299213
21
0.5465514960629921
0
LINE
8
BLACK
6
CONTINUOUS
10
0.7677999606299213
20
0.5465514960629921
11
0.7677999606299213
21
0.5434485039370078
0
LINE
8
BLACK
6
CONTINUOUS
10
0.7677999606299213
20
0.5434485039370078
11
0.7666124803149607
21
0.5405816929133859
0
LINE
8
BLACK
6
CONTINUOUS
10
0.7666124803149607
20
0.5405816929133859
11
0.7644183070866142
21
0.5383875196850394
0
LINE
8
BLACK
6
CONTINUOUS
10
0.7644183070866142
20
0.5383875196850394
11
0.7615514960629921
21
0.5372000393700788
0
LINE
8
BLACK
6
CONTINUOUS
10
0.7615514960629921
20
0.5372000393700788
11
0.7584485039370079
21
0.5372000393700788
0
LINE
8
BLACK
6
CONTINUOUS
10
0.7584485039370079
20
0.5372000393700788
11
0.7555816929133858
21
0.5383875196850394
0
LINE
8
BLACK
6
CONTINUOUS
10
0.7555816929133858
20
0.5383875196850394
11
0.7533875196850394
21
0.5405816929133859
0
LINE
8
BLACK
6
CONTINUOUS
10
0.7533875196850394
20
0.5405816929133859
11
0.7522000393700787
21
0.5434485039370078
0
LINE
8
BLACK
6
CONTINUOUS
10
0.7522000393700787
20
0.5434485039370078
11
0.7522000393700787
21
0.5458479921259842
0
LINE
8
BLACK
6
CONTINUOUS
10
0.7522000393700787
20
0.5458479921259842
11
0.7522000393700787
21
0.5465514960629921
0
LINE
8
BLACK
6
CONTINUOUS
10
0.7522000393700787
20
0.5465514960629921
11
0.7533875196850394
21
0.5494183070866142
0
LINE
8
BLACK
6
CONTINUOUS
10
0.7533875196850394
20
0.5494183070866142
11
0.7555816929133858
21
0.5516124803149606
0
LINE
8
BLACK
6
CONTINUOUS
10
0.7555816929133858
20
0.5516124803149606
11
0.7584485039370079
21
0.5527999606299212
0
LINE
8
BLACK
6
CONTINUOUS
10
0.7584485039370079
20
0.5527999606299212
11
0.7615514960629921
21
0.5527999606299212
0
LINE
8
BLACK
6
CONTINUOUS
10
0.7615514960629921
20
0.5527999606299212
11
0.7644183070866142
21
0.5516124803149606
0
LINE
8
BLACK
6
CONTINUOUS
10
0.7579527559055118
20
0.5441520078740157
11
0.7591520078740157
21
0.5429527559055118
0
LINE
8
BLACK
6
CONTINUOUS
10
0.7591520078740157
20
0.5429527559055118
11
0.7608479921259842
21
0.5429527559055118
0
LINE
8
BLACK
6
CONTINUOUS
10
0.7608479921259842
20
0.5429527559055118
11
0.7620472440944882
21
0.5441520078740157
0
LINE
8
BLACK
6
CONTINUOUS
10
0.7620472440944882
20
0.5441520078740157
11
0.7620472440944882
21
0.5458479921259842
0
LINE
8
BLACK
6
CONTINUOUS
10
0.7620472440944882
20
0.5458479921259842
11
0.7608479921259842
21
0.5470472440944881
0
LINE
8
BLACK
6
CONTINUOUS
10
0.7608479921259842
20
0.5470472440944881
11
0.7591520078740157
21
0.5470472440944881
0
LINE
8
BLACK
6
CONTINUOUS
10
0.7591520078740157
20
0.5470472440944881
11
0.7579527559055118
21
0.5458479921259842
0
LINE
8
BLACK
6
CONTINUOUS
10
0.7579527559055118
20
0.5458479921259842
11
0.7579527559055118
21
0.5441520078740157
0
LINE
8
BLACK
6
CONTINUOUS
10
0.865576062992126
20
0.7228960236220472
11
0.8666404724409449
21
0.7224551181102362
0
LINE
8
BLACK
6
CONTINUOUS
10
0.8666404724409449
20
0.7224551181102362
11
0.8674551181102362
21
0.7216404724409449
0
LINE
8
BLACK
6
CONTINUOUS
10
0.8674551181102362
20
0.7216404724409449
11
0.8678960236220472
21
0.720576062992126
0
LINE
8
BLACK
6
CONTINUOUS
10
0.8678960236220472
20
0.720576062992126
11
0.8679527559055118
21
0.72
0
LINE
8
BLACK
6
CONTINUOUS
10
0.8679527559055118
20
0.72
11
0.8679527559055118
21
0.52
0
LINE
8
BLACK
6
CONTINUOUS
10
0.8679527559055118
20
0.52
11
0.8678960236220472
21
0.519423937007874
0
LINE
8
BLACK
6
CONTINUOUS
10
0.8678960236220472
20
0.519423937007874
11
0.8674551181102362
21
0.5183595275590551
0
LINE
8
BLACK
6
CONTINUOUS
10
0.8674551181102362
20
0.5183595275590551
11
0.8666404724409449
21
0.5175448818897638
0
LINE
8
BLACK
6
CONTINUOUS
10
0.8666404724409449
20
0.5175448818897638
11
0.865576062992126
21
0.5171039763779527
0
LINE
8
BLACK
6
CONTINUOUS
10
0.865576062992126
20
0.5171039763779527
11
0.865
21
0.5170472440944882
0
LINE
8
BLACK
6
CONTINUOUS
10
0.865
20
0.5170472440944882
11
0.715
21
0.5170472440944882
0
LINE
8
BLACK
6
CONTINUOUS
10
0.715
20
0.5170472440944882
11
0.714423937007874
21
0.5171039763779527
0
LINE
8
BLACK
6
CONTINUOUS
10
0.714423937007874
20
0.5171039763779527
11
0.7133595275590551
21
0.5175448818897638
0
LINE
8
BLACK
6
CONTINUOUS
10
0.7133595275590551
20
0.5175448818897638
11
0.7125448818897637
21
0.5183595275590551
0
LINE
8
BLACK
6
CONTINUOUS
10
0.7125448818897637
20
0.5183595275590551
11
0.7121039763779528
21
0.519423937007874
0
LINE
8
BLACK
6
CONTINUOUS
10
0.7121039763779528
20
0.519423937007874
11
0.7120472440944882
21
0.52
0
LINE
8
BLACK
6
CONTINUOUS
10
0.7120472440944882
20
0.52
11
0.7120472440944882
21
0.72
0
LINE
8
BLACK
6
CONTINUOUS
10
0.7120472440944882
20
0.72
11
0.7121039763779528
21
0.720576062992126
0
LINE
8
BLACK
6
CONTINUOUS
10
0.7121039763779528
20
0.720576062992126
11
0.7125448818897637
21
0.7216404724409449
0
LINE
8
BLACK
6
CONTINUOUS
10
0.7125448818897637
20
0.7216404724409449
11
0.7133595275590551
21
0.7224551181102362
0
LINE
8
BLACK
6
CONTINUOUS
10
0.7133595275590551
20
0.7224551181102362
11
0.714423937007874
21
0.7228960236220472
0
LINE
8
BLACK
6
CONTINUOUS
10
0.714423937007874
20
0.7228960236220472
11
0.715
21
0.7229527559055118
0
LINE
8
BLACK
6
CONTINUOUS
10
0.715
20
0.7229527559055118
11
0.865
21
0.7229527559055118
0
LINE
8
BLACK
6
CONTINUOUS
10
0.865
20
0.7229527559055118
11
0.865576062992126
21
0.7228960236220472
0
LINE
8
BLACK
6
CONTINUOUS
10
0.7179527559055118
20
0.7170472440944882
11
0.7179527559055118
21
0.5229527559055118
0
LINE
8
BLACK
6
CONTINUOUS
10
0.7179527559055118
20
0.5229527559055118
11
0.7320472440944882
21
0.5229527559055118
0
LINE
8
BLACK
6
CONTINUOUS
10
0.7320472440944882
20
0.5229527559055118
11
0.7320472440944882
21
0.7170472440944882
0
LINE
8
BLACK
6
CONTINUOUS
10
0.7320472440944882
20
0.7170472440944882
11
0.7179527559055118
21
0.7170472440944882
0
LINE
8
BLACK
6
CONTINUOUS
10
0.7379527559055118
20
0.7170472440944882
11
0.7379527559055118
21
0.5229527559055118
0
LINE
8
BLACK
6
CONTINUOUS
10
0.7379527559055118
20
0.5229527559055118
11
0.8620472440944882
21
0.5229527559055118
0
LINE
8
BLACK
6
CONTINUOUS
10
0.8620472440944882
20
0.5229527559055118
11
0.8620472440944882
21
0.7170472440944882
0
LINE
8
BLACK
6
CONTINUOUS
10
0.8620472440944882
20
0.7170472440944882
11
0.7379527559055118
21
0.7170472440944882
0
LINE
8
BLACK
6
CONTINUOUS
10
0.2149832283464567
20
0.5458922440944882
11
0.2150812204724409
21
0.5458516141732284
0
LINE
8
BLACK
6
CONTINUOUS
10
0.2150812204724409
20
0.5458516141732284
11
0.2151870472440945
21
0.5458441338582677
0
LINE
8
BLACK
6
CONTINUOUS
10
0.2151870472440945
20
0.5458441338582677
11
0.2157276771653543
21
0.5456372440944882
0
LINE
8
BLACK
6
CONTINUOUS
10
0.2157276771653543
20
0.5456372440944882
11
0.2194772047244094
21
0.5437624803149607
0
LINE
8
BLACK
6
CONTINUOUS
10
0.2194772047244094
20
0.5437624803149607
11
0.2197250787401575
21
0.5436064173228347
0
LINE
8
BLACK
6
CONTINUOUS
10
0.2197250787401575
20
0.5436064173228347
11
0.219797125984252
21
0.5435766141732283
0
LINE
8
BLACK
6
CONTINUOUS
10
0.219797125984252
20
0.5435766141732283
11
0.2198781496062992
21
0.5435100787401574
0
LINE
8
BLACK
6
CONTINUOUS
10
0.2198781496062992
20
0.5435100787401574
11
0.2199670866141732
21
0.5434541338582677
0
LINE
8
BLACK
6
CONTINUOUS
10
0.2199670866141732
20
0.5434541338582677
11
0.2200182283464567
21
0.5433951181102362
0
LINE
8
BLACK
6
CONTINUOUS
10
0.2200182283464567
20
0.5433951181102362
11
0.2202445669291339
21
0.5432094094488189
0
LINE
8
BLACK
6
CONTINUOUS
10
0.2202445669291339
20
0.5432094094488189
11
0.2221193700787402
21
0.5413346456692913
0
LINE
8
BLACK
6
CONTINUOUS
10
0.2221193700787402
20
0.5413346456692913
11
0.2223051181102362
21
0.5411082677165354
0
LINE
8
BLACK
6
CONTINUOUS
10
0.2223051181102362
20
0.5411082677165354
11
0.2223641732283465
21
0.5410570866141732
0
LINE
8
BLACK
6
CONTINUOUS
10
0.2223641732283465
20
0.5410570866141732
11
0.222420157480315
21
0.5409681102362205
0
LINE
8
BLACK
6
CONTINUOUS
10
0.222420157480315
20
0.5409681102362205
11
0.2224866141732283
21
0.5408871653543307
0
LINE
8
BLACK
6
CONTINUOUS
10
0.2224866141732283
20
0.5408871653543307
11
0.2225164173228346
21
0.5408151968503937
0
LINE
8
BLACK
6
CONTINUOUS
10
0.2225164173228346
20
0.5408151968503937
11
0.2226725196850394
21
0.5405672047244094
0
LINE
8
BLACK
6
CONTINUOUS
10
0.2226725196850394
20
0.5405672047244094
11
0.2245472834645669
21
0.5368176771653543
0
LINE
8
BLACK
6
CONTINUOUS
10
0.2245472834645669
20
0.5368176771653543
11
0.2247541732283465
21
0.5362770866141732
0
LINE
8
BLACK
6
CONTINUOUS
10
0.2247541732283465
20
0.5362770866141732
11
0.2247616929133858
21
0.5361711811023622
0
LINE
8
BLACK
6
CONTINUOUS
10
0.2247616929133858
20
0.5361711811023622
11
0.2248022834645669
21
0.5360732283464567
0
LINE
8
BLACK
6
CONTINUOUS
10
0.2248022834645669
20
0.5360732283464567
11
0.2248590157480315
21
0.5354971653543307
0
LINE
8
BLACK
6
CONTINUOUS
10
0.2248590157480315
20
0.5354971653543307
11
0.2248590157480315
21
0.5279981102362205
0
LINE
8
BLACK
6
CONTINUOUS
10
0.2248590157480315
20
0.5279981102362205
11
0.2248022834645669
21
0.5274220472440945
0
LINE
8
BLACK
6
CONTINUOUS
10
0.2248022834645669
20
0.5274220472440945
11
0.2247616929133858
21
0.5273240551181102
0
LINE
8
BLACK
6
CONTINUOUS
10
0.2247616929133858
20
0.5273240551181102
11
0.2247541732283465
21
0.527218188976378
0
LINE
8
BLACK
6
CONTINUOUS
10
0.2247541732283465
20
0.527218188976378
11
0.2245472834645669
21
0.5266775984251968
0
LINE
8
BLACK
6
CONTINUOUS
10
0.2245472834645669
20
0.5266775984251968
11
0.2226725196850394
21
0.5229280708661417
0
LINE
8
BLACK
6
CONTINUOUS
10
0.2226725196850394
20
0.5229280708661417
11
0.2225164173228346
21
0.5226800393700787
0
LINE
8
BLACK
6
CONTINUOUS
10
0.2225164173228346
20
0.5226800393700787
11
0.2224866141732283
21
0.5226081102362204
0
LINE
8
BLACK
6
CONTINUOUS
10
0.2224866141732283
20
0.5226081102362204
11
0.222420157480315
21
0.522527125984252
0
LINE
8
BLACK
6
CONTINUOUS
10
0.222420157480315
20
0.522527125984252
11
0.2223641732283465
21
0.5224381889763779
0
LINE
8
BLACK
6
CONTINUOUS
10
0.2223641732283465
20
0.5224381889763779
11
0.2223051181102362
21
0.522386968503937
0
LINE
8
BLACK
6
CONTINUOUS
10
0.2223051181102362
20
0.522386968503937
11
0.2221193700787402
21
0.5221606299212598
0
LINE
8
BLACK
6
CONTINUOUS
10
0.2221193700787402
20
0.5221606299212598
11
0.2202445669291339
21
0.5202858661417322
0
LINE
8
BLACK
6
CONTINUOUS
10
0.2202445669291339
20
0.5202858661417322
11
0.2200182283464567
21
0.5201001181102362
0
LINE
8
BLACK
6
CONTINUOUS
10
0.2200182283464567
20
0.5201001181102362
11
0.2199670866141732
21
0.5200411417322834
0
LINE
8
BLACK
6
CONTINUOUS
10
0.2199670866141732
20
0.5200411417322834
11
0.2198781496062992
21
0.5199851574803149
0
LINE
8
BLACK
6
CONTINUOUS
10
0.2198781496062992
20
0.5199851574803149
11
0.219797125984252
21
0.5199186614173228
0
LINE
8
BLACK
6
CONTINUOUS
10
0.219797125984252
20
0.5199186614173228
11
0.2197250787401575
21
0.5198888188976378
0
LINE
8
BLACK
6
CONTINUOUS
10
0.2197250787401575
20
0.5198888188976378
11
0.2194772047244094
21
0.5197327952755906
0
LINE
8
BLACK
6
CONTINUOUS
10
0.2194772047244094
20
0.5197327952755906
11
0.2157276771653543
21
0.517858031496063
0
LINE
8
BLACK
6
CONTINUOUS
10
0.2157276771653543
20
0.517858031496063
11
0.2151870472440945
21
0.5176511417322834
0
LINE
8
BLACK
6
CONTINUOUS
10
0.2151870472440945
20
0.5176511417322834
11
0.2150812204724409
21
0.5176436220472441
0
LINE
8
BLACK
6
CONTINUOUS
10
0.2150812204724409
20
0.5176436220472441
11
0.2149832283464567
21
0.517603031496063
0
LINE
8
BLACK
6
CONTINUOUS
10
0.2149832283464567
20
0.517603031496063
11
0.2144071653543307
21
0.5175462992125984
0
LINE
8
BLACK
6
CONTINUOUS
10
0.2144071653543307
20
0.5175462992125984
11
0.1825361811023622
21
0.5175462992125984
0
LINE
8
BLACK
6
CONTINUOUS
10
0.1825361811023622
20
0.5175462992125984
11
0.1819601181102362
21
0.517603031496063
0
LINE
8
BLACK
6
CONTINUOUS
10
0.1819601181102362
20
0.517603031496063
11
0.1808957086614173
21
0.518043937007874
0
LINE
8
BLACK
6
CONTINUOUS
10
0.1808957086614173
20
0.518043937007874
11
0.180081062992126
21
0.5188585826771653
0
LINE
8
BLACK
6
CONTINUOUS
10
0.180081062992126
20
0.5188585826771653
11
0.1796401574803149
21
0.5199229921259843
0
LINE
8
BLACK
6
CONTINUOUS
10
0.1796401574803149
20
0.5199229921259843
11
0.1796401574803149
21
0.5210751181102362
0
LINE
8
BLACK
6
CONTINUOUS
10
0.1796401574803149
20
0.5210751181102362
11
0.180081062992126
21
0.5221395275590551
0
LINE
8
BLACK
6
CONTINUOUS
10
0.180081062992126
20
0.5221395275590551
11
0.1808957086614173
21
0.5229541732283465
0
LINE
8
BLACK
6
CONTINUOUS
10
0.1808957086614173
20
0.5229541732283465
11
0.1819601181102362
21
0.5233950787401574
0
LINE
8
BLACK
6
CONTINUOUS
10
0.1819601181102362
20
0.5233950787401574
11
0.1825361811023622
21
0.523451811023622
0
LINE
8
BLACK
6
CONTINUOUS
10
0.1825361811023622
20
0.523451811023622
11
0.2137101181102362
21
0.523451811023622
0
LINE
8
BLACK
6
CONTINUOUS
10
0.2137101181102362
20
0.523451811023622
11
0.2164075984251969
21
0.5248005511811024
0
LINE
8
BLACK
6
CONTINUOUS
10
0.2164075984251969
20
0.5248005511811024
11
0.2176047637795276
21
0.5259976771653543
0
LINE
8
BLACK
6
CONTINUOUS
10
0.2176047637795276
20
0.5259976771653543
11
0.2189535039370079
21
0.5286951574803149
0
LINE
8
BLACK
6
CONTINUOUS
10
0.2189535039370079
20
0.5286951574803149
11
0.2189535039370079
21
0.5348001181102362
0
LINE
8
BLACK
6
CONTINUOUS
10
0.2189535039370079
20
0.5348001181102362
11
0.2176047637795276
21
0.5374975590551181
0
LINE
8
BLACK
6
CONTINUOUS
10
0.2176047637795276
20
0.5374975590551181
11
0.2164075984251969
21
0.53869468503937
0
LINE
8
BLACK
6
CONTINUOUS
10
0.2164075984251969
20
0.53869468503937
11
0.2137101181102362
21
0.5400434645669291
0
LINE
8
BLACK
6
CONTINUOUS
10
0.2137101181102362
20
0.5400434645669291
11
0.1825361811023622
21
0.5400434645669291
0
LINE
8
BLACK
6
CONTINUOUS
10
0.1825361811023622
20
0.5400434645669291
11
0.1819601181102362
21
0.5401001968503937
0
LINE
8
BLACK
6
CONTINUOUS
10
0.1819601181102362
20
0.5401001968503937
11
0.1808957086614173
21
0.5405411023622048
0
LINE
8
BLACK
6
CONTINUOUS
10
0.1808957086614173
20
0.5405411023622048
11
0.180081062992126
21
0.541355748031496
0
LINE
8
BLACK
6
CONTINUOUS
10
0.180081062992126
20
0.541355748031496
11
0.1796401574803149
21
0.5424201574803149
0
LINE
8
BLACK
6
CONTINUOUS
10
0.1796401574803149
20
0.5424201574803149
11
0.1796401574803149
21
0.5435722834645669
0
LINE
8
BLACK
6
CONTINUOUS
10
0.1796401574803149
20
0.5435722834645669
11
0.180081062992126
21
0.5446366929133858
0
LINE
8
BLACK
6
CONTINUOUS
10
0.180081062992126
20
0.5446366929133858
11
0.1808957086614173
21
0.5454513385826771
0
LINE
8
BLACK
6
CONTINUOUS
10
0.1808957086614173
20
0.5454513385826771
11
0.1819601181102362
21
0.5458922440944882
0
LINE
8
BLACK
6
CONTINUOUS
10
0.1819601181102362
20
0.5458922440944882
11
0.1825361811023622
21
0.5459489763779527
0
LINE
8
BLACK
6
CONTINUOUS
10
0.1825361811023622
20
0.5459489763779527
11
0.2144071653543307
21
0.5459489763779527
0
LINE
8
BLACK
6
CONTINUOUS
10
0.2144071653543307
20
0.5459489763779527
11
0.2149832283464567
21
0.5458922440944882
0
LINE
8
BLACK
6
CONTINUOUS
10
0.2861201181102362
20
0.5800744488188976
11
0.2871845275590551
21
0.5796335433070866
0
LINE
8
BLACK
6
CONTINUOUS
10
0.2871845275590551
20
0.5796335433070866
11
0.2879991732283465
21
0.5788188976377953
0
LINE
8
BLACK
6
CONTINUOUS
10
0.2879991732283465
20
0.5788188976377953
11
0.2884400787401575
21
0.5777544881889763
0
LINE
8
BLACK
6
CONTINUOUS
10
0.2884400787401575
20
0.5777544881889763
11
0.2884400787401575
21
0.5766023622047244
0
LINE
8
BLACK
6
CONTINUOUS
10
0.2884400787401575
20
0.5766023622047244
11
0.2879991732283465
21
0.5755379527559055
0
LINE
8
BLACK
6
CONTINUOUS
10
0.2879991732283465
20
0.5755379527559055
11
0.2871845275590551
21
0.5747233070866141
0
LINE
8
BLACK
6
CONTINUOUS
10
0.2871845275590551
20
0.5747233070866141
11
0.2861201181102362
21
0.5742824015748031
0
LINE
8
BLACK
6
CONTINUOUS
10
0.2861201181102362
20
0.5742824015748031
11
0.2855440551181102
21
0.5742256692913386
0
LINE
8
BLACK
6
CONTINUOUS
10
0.2855440551181102
20
0.5742256692913386
11
0.2594837401574803
21
0.5742256692913386
0
LINE
8
BLACK
6
CONTINUOUS
10
0.2594837401574803
20
0.5742256692913386
11
0.2755441338582677
21
0.5667308267716535
0
LINE
8
BLACK
6
CONTINUOUS
10
0.2755441338582677
20
0.5667308267716535
11
0.2757551181102362
21
0.5666058267716535
0
LINE
8
BLACK
6
CONTINUOUS
10
0.2757551181102362
20
0.5666058267716535
11
0.2758264960629921
21
0.5665798818897637
0
LINE
8
BLACK
6
CONTINUOUS
10
0.2758264960629921
20
0.5665798818897637
11
0.275876968503937
21
0.5665336220472441
0
LINE
8
BLACK
6
CONTINUOUS
10
0.275876968503937
20
0.5665336220472441
11
0.2760421653543307
21
0.5664357874015747
0
LINE
8
BLACK
6
CONTINUOUS
10
0.2760421653543307
20
0.5664357874015747
11
0.2763451968503937
21
0.5661048425196851
0
LINE
8
BLACK
6
CONTINUOUS
10
0.2763451968503937
20
0.5661048425196851
11
0.2766761811023622
21
0.5658017716535433
0
LINE
8
BLACK
6
CONTINUOUS
10
0.2766761811023622
20
0.5658017716535433
11
0.2767316535433071
21
0.5656828346456693
0
LINE
8
BLACK
6
CONTINUOUS
10
0.2767316535433071
20
0.5656828346456693
11
0.2768202362204724
21
0.5655861417322835
0
LINE
8
BLACK
6
CONTINUOUS
10
0.2768202362204724
20
0.5655861417322835
11
0.2769735433070866
21
0.5651644881889764
0
LINE
8
BLACK
6
CONTINUOUS
10
0.2769735433070866
20
0.5651644881889764
11
0.2771633858267716
21
0.5647577559055118
0
LINE
8
BLACK
6
CONTINUOUS
10
0.2771633858267716
20
0.5647577559055118
11
0.2771691338582677
21
0.5646266929133859
0
LINE
8
BLACK
6
CONTINUOUS
10
0.2771691338582677
20
0.5646266929133859
11
0.2772139763779528
21
0.5645034251968504
0
LINE
8
BLACK
6
CONTINUOUS
10
0.2772139763779528
20
0.5645034251968504
11
0.2771942519685039
21
0.5640550787401575
0
LINE
8
BLACK
6
CONTINUOUS
10
0.2771942519685039
20
0.5640550787401575
11
0.2772139763779528
21
0.5636067322834646
0
LINE
8
BLACK
6
CONTINUOUS
10
0.2772139763779528
20
0.5636067322834646
11
0.2771691338582677
21
0.5634834251968504
0
LINE
8
BLACK
6
CONTINUOUS
10
0.2771691338582677
20
0.5634834251968504
11
0.2771633858267716
21
0.5633524015748032
0
LINE
8
BLACK
6
CONTINUOUS
10
0.2771633858267716
20
0.5633524015748032
11
0.2769735433070866
21
0.5629456299212598
0
LINE
8
BLACK
6
CONTINUOUS
10
0.2769735433070866
20
0.5629456299212598
11
0.2768202362204724
21
0.5625240157480315
0
LINE
8
BLACK
6
CONTINUOUS
10
0.2768202362204724
20
0.5625240157480315
11
0.2767316535433071
21
0.5624272834645669
0
LINE
8
BLACK
6
CONTINUOUS
10
0.2767316535433071
20
0.5624272834645669
11
0.2766761811023622
21
0.5623083858267717
0
LINE
8
BLACK
6
CONTINUOUS
10
0.2766761811023622
20
0.5623083858267717
11
0.2763451968503937
21
0.5620052755905511
0
LINE
8
BLACK
6
CONTINUOUS
10
0.2763451968503937
20
0.5620052755905511
11
0.2760421653543307
21
0.5616743700787401
0
LINE
8
BLACK
6
CONTINUOUS
10
0.2760421653543307
20
0.5616743700787401
11
0.275876968503937
21
0.5615764960629921
0
LINE
8
BLACK
6
CONTINUOUS
10
0.275876968503937
20
0.5615764960629921
11
0.2758264960629921
21
0.5615302755905511
0
LINE
8
BLACK
6
CONTINUOUS
10
0.2758264960629921
20
0.5615302755905511
11
0.2757551181102362
21
0.5615042913385827
0
LINE
8
BLACK
6
CONTINUOUS
10
0.2757551181102362
20
0.5615042913385827
11
0.2755441338582677
21
0.5613793307086614
0
LINE
8
BLACK
6
CONTINUOUS
10
0.2755441338582677
20
0.5613793307086614
11
0.2594837401574803
21
0.5538844881889764
0
LINE
8
BLACK
6
CONTINUOUS
10
0.2594837401574803
20
0.5538844881889764
11
0.2855440551181102
21
0.5538844881889764
0
LINE
8
BLACK
6
CONTINUOUS
10
0.2855440551181102
20
0.5538844881889764
11
0.2861201181102362
21
0.5538277559055118
0
LINE
8
BLACK
6
CONTINUOUS
10
0.2861201181102362
20
0.5538277559055118
11
0.2871845275590551
21
0.5533868503937007
0
LINE
8
BLACK
6
CONTINUOUS
10
0.2871845275590551
20
0.5533868503937007
11
0.2879991732283465
21
0.5525722047244095
0
LINE
8
BLACK
6
CONTINUOUS
10
0.2879991732283465
20
0.5525722047244095
11
0.2884400787401575
21
0.5515077952755906
0
LINE
8
BLACK
6
CONTINUOUS
10
0.2884400787401575
20
0.5515077952755906
11
0.2884400787401575
21
0.5503556692913386
0
LINE
8
BLACK
6
CONTINUOUS
10
0.2884400787401575
20
0.5503556692913386
11
0.2879991732283465
21
0.5492912598425197
0
LINE
8
BLACK
6
CONTINUOUS
10
0.2879991732283465
20
0.5492912598425197
11
0.2871845275590551
21
0.5484766141732283
0
LINE
8
BLACK
6
CONTINUOUS
10
0.2871845275590551
20
0.5484766141732283
11
0.2861201181102362
21
0.5480357086614173
0
LINE
8
BLACK
6
CONTINUOUS
10
0.2861201181102362
20
0.5480357086614173
11
0.2855440551181102
21
0.5479789763779528
0
LINE
8
BLACK
6
CONTINUOUS
10
0.2855440551181102
20
0.5479789763779528
11
0.2461739763779527
21
0.5479789763779528
0
LINE
8
BLACK
6
CONTINUOUS
10
0.2461739763779527
20
0.5479789763779528
11
0.245795157480315
21
0.5480162598425197
0
LINE
8
BLACK
6
CONTINUOUS
10
0.245795157480315
20
0.5480162598425197
11
0.2457256299212598
21
0.5480132283464567
0
LINE
8
BLACK
6
CONTINUOUS
10
0.2457256299212598
20
0.5480132283464567
11
0.2456882677165354
21
0.5480267716535433
0
LINE
8
BLACK
6
CONTINUOUS
10
0.2456882677165354
20
0.5480267716535433
11
0.2455979133858268
21
0.5480357086614173
0
LINE
8
BLACK
6
CONTINUOUS
10
0.2455979133858268
20
0.5480357086614173
11
0.2451244094488189
21
0.5482318110236221
0
LINE
8
BLACK
6
CONTINUOUS
10
0.2451244094488189
20
0.5482318110236221
11
0.2446429133858268
21
0.5484069291338582
0
LINE
8
BLACK
6
CONTINUOUS
10
0.2446429133858268
20
0.5484069291338582
11
0.2445943307086614
21
0.5484513779527559
0
LINE
8
BLACK
6
CONTINUOUS
10
0.2445943307086614
20
0.5484513779527559
11
0.2445335039370079
21
0.5484766141732283
0
LINE
8
BLACK
6
CONTINUOUS
10
0.2445335039370079
20
0.5484766141732283
11
0.244171062992126
21
0.5488390157480315
0
LINE
8
BLACK
6
CONTINUOUS
10
0.244171062992126
20
0.5488390157480315
11
0.2437932677165354
21
0.5491850393700787
0
LINE
8
BLACK
6
CONTINUOUS
10
0.2437932677165354
20
0.5491850393700787
11
0.2437653937007874
21
0.5492446850393701
0
LINE
8
BLACK
6
CONTINUOUS
10
0.2437653937007874
20
0.5492446850393701
11
0.2437188582677165
21
0.5492912598425197
0
LINE
8
BLACK
6
CONTINUOUS
10
0.2437188582677165
20
0.5492912598425197
11
0.2435227952755905
21
0.5497645275590551
0
LINE
8
BLACK
6
CONTINUOUS
10
0.2435227952755905
20
0.5497645275590551
11
0.2433060236220472
21
0.5502290551181103
0
LINE
8
BLACK
6
CONTINUOUS
10
0.2433060236220472
20
0.5502290551181103
11
0.2433031102362205
21
0.5502948425196851
0
LINE
8
BLACK
6
CONTINUOUS
10
0.2433031102362205
20
0.5502948425196851
11
0.2432779527559055
21
0.5503556692913386
0
LINE
8
BLACK
6
CONTINUOUS
10
0.2432779527559055
20
0.5503556692913386
11
0.2432779527559055
21
0.5508681889763779
0
LINE
8
BLACK
6
CONTINUOUS
10
0.2432779527559055
20
0.5508681889763779
11
0.2432554724409449
21
0.5513800787401575
0
LINE
8
BLACK
6
CONTINUOUS
10
0.2432554724409449
20
0.5513800787401575
11
0.2432779527559055
21
0.5514418897637795
0
LINE
8
BLACK
6
CONTINUOUS
10
0.2432779527559055
20
0.5514418897637795
11
0.2432779527559055
21
0.5515077952755906
0
LINE
8
BLACK
6
CONTINUOUS
10
0.2432779527559055
20
0.5515077952755906
11
0.2434740551181102
21
0.5519812598425197
0
LINE
8
BLACK
6
CONTINUOUS
10
0.2434740551181102
20
0.5519812598425197
11
0.2436491732283464
21
0.5524627952755905
0
LINE
8
BLACK
6
CONTINUOUS
10
0.2436491732283464
20
0.5524627952755905
11
0.2436936220472441
21
0.5525113385826772
0
LINE
8
BLACK
6
CONTINUOUS
10
0.2436936220472441
20
0.5525113385826772
11
0.2437188582677165
21
0.5525722047244095
0
LINE
8
BLACK
6
CONTINUOUS
10
0.2437188582677165
20
0.5525722047244095
11
0.2440812598425197
21
0.5529346062992125
0
LINE
8
BLACK
6
CONTINUOUS
10
0.2440812598425197
20
0.5529346062992125
11
0.2444272834645669
21
0.5533124409448819
0
LINE
8
BLACK
6
CONTINUOUS
10
0.2444272834645669
20
0.5533124409448819
11
0.2445053149606299
21
0.5533586614173228
0
LINE
8
BLACK
6
CONTINUOUS
10
0.2445053149606299
20
0.5533586614173228
11
0.2445335039370079
21
0.5533868503937007
0
LINE
8
BLACK
6
CONTINUOUS
10
0.2445335039370079
20
0.5533868503937007
11
0.2445979133858268
21
0.5534135433070866
0
LINE
8
BLACK
6
CONTINUOUS
10
0.2445979133858268
20
0.5534135433070866
11
0.2449253149606299
21
0.5536074803149607
0
LINE
8
BLACK
6
CONTINUOUS
10
0.2449253149606299
20
0.5536074803149607
11
0.2673129921259843
21
0.5640550787401575
0
LINE
8
BLACK
6
CONTINUOUS
10
0.2673129921259843
20
0.5640550787401575
11
0.2449253149606299
21
0.5745026771653543
0
LINE
8
BLACK
6
CONTINUOUS
10
0.2449253149606299
20
0.5745026771653543
11
0.2445979133858268
21
0.5746965748031496
0
LINE
8
BLACK
6
CONTINUOUS
10
0.2445979133858268
20
0.5746965748031496
11
0.2445335039370079
21
0.5747233070866141
0
LINE
8
BLACK
6
CONTINUOUS
10
0.2445335039370079
20
0.5747233070866141
11
0.2445053149606299
21
0.5747514566929134
0
LINE
8
BLACK
6
CONTINUOUS
10
0.2445053149606299
20
0.5747514566929134
11
0.2444272834645669
21
0.5747977165354331
0
LINE
8
BLACK
6
CONTINUOUS
10
0.2444272834645669
20
0.5747977165354331
11
0.2440812598425197
21
0.5751755118110236
0
LINE
8
BLACK
6
CONTINUOUS
10
0.2440812598425197
20
0.5751755118110236
11
0.2437188582677165
21
0.5755379527559055
0
LINE
8
BLACK
6
CONTINUOUS
10
0.2437188582677165
20
0.5755379527559055
11
0.2436936220472441
21
0.575598779527559
0
LINE
8
BLACK
6
CONTINUOUS
10
0.2436936220472441
20
0.575598779527559
11
0.2436491732283464
21
0.5756473622047243
0
LINE
8
BLACK
6
CONTINUOUS
10
0.2436491732283464
20
0.5756473622047243
11
0.2434740551181102
21
0.5761288582677165
0
LINE
8
BLACK
6
CONTINUOUS
10
0.2434740551181102
20
0.5761288582677165
11
0.2432779527559055
21
0.5766023622047244
0
LINE
8
BLACK
6
CONTINUOUS
10
0.2432779527559055
20
0.5766023622047244
11
0.2432779527559055
21
0.5766682283464567
0
LINE
8
BLACK
6
CONTINUOUS
10
0.2432779527559055
20
0.5766682283464567
11
0.2432554724409449
21
0.5767300787401575
0
LINE
8
BLACK
6
CONTINUOUS
10
0.2432554724409449
20
0.5767300787401575
11
0.2432779527559055
21
0.5772419291338583
0
LINE
8
BLACK
6
CONTINUOUS
10
0.2432779527559055
20
0.5772419291338583
11
0.2432779527559055
21
0.5777544881889763
0
LINE
8
BLACK
6
CONTINUOUS
10
0.2432779527559055
20
0.5777544881889763
11
0.2433031102362205
21
0.5778152755905511
0
LINE
8
BLACK
6
CONTINUOUS
10
0.2433031102362205
20
0.5778152755905511
11
0.2433060236220472
21
0.5778811023622047
0
LINE
8
BLACK
6
CONTINUOUS
10
0.2433060236220472
20
0.5778811023622047
11
0.2435227952755905
21
0.5783455905511811
0
LINE
8
BLACK
6
CONTINUOUS
10
0.2435227952755905
20
0.5783455905511811
11
0.2437188582677165
21
0.5788188976377953
0
LINE
8
BLACK
6
CONTINUOUS
10
0.2437188582677165
20
0.5788188976377953
11
0.2437653937007874
21
0.5788654330708661
0
LINE
8
BLACK
6
CONTINUOUS
10
0.2437653937007874
20
0.5788654330708661
11
0.2437932677165354
21
0.5789251181102362
0
LINE
8
BLACK
6
CONTINUOUS
10
0.2437932677165354
20
0.5789251181102362
11
0.244171062992126
21
0.5792711023622047
0
LINE
8
BLACK
6
CONTINUOUS
10
0.244171062992126
20
0.5792711023622047
11
0.2445335039370079
21
0.5796335433070866
0
LINE
8
BLACK
6
CONTINUOUS
10
0.2445335039370079
20
0.5796335433070866
11
0.2445943307086614
21
0.5796587401574803
0
LINE
8
BLACK
6
CONTINUOUS
10
0.2445943307086614
20
0.5796587401574803
11
0.2446429133858268
21
0.5797032283464567
0
LINE
8
BLACK
6
CONTINUOUS
10
0.2446429133858268
20
0.5797032283464567
11
0.2451244094488189
21
0.5798783070866141
0
LINE
8
BLACK
6
CONTINUOUS
10
0.2451244094488189
20
0.5798783070866141
11
0.2455979133858268
21
0.5800744488188976
0
LINE
8
BLACK
6
CONTINUOUS
10
0.2455979133858268
20
0.5800744488188976
11
0.2456882677165354
21
0.5800833464566929
0
LINE
8
BLACK
6
CONTINUOUS
10
0.2456882677165354
20
0.5800833464566929
11
0.2457256299212598
21
0.5800969291338582
0
LINE
8
BLACK
6
CONTINUOUS
10
0.2457256299212598
20
0.5800969291338582
11
0.245795157480315
21
0.5800938582677165
0
LINE
8
BLACK
6
CONTINUOUS
10
0.245795157480315
20
0.5800938582677165
11
0.2461739763779527
21
0.5801311811023622
0
LINE
8
BLACK
6
CONTINUOUS
10
0.2461739763779527
20
0.5801311811023622
11
0.2855440551181102
21
0.5801311811023622
0
LINE
8
BLACK
6
CONTINUOUS
10
0.2855440551181102
20
0.5801311811023622
11
0.2861201181102362
21
0.5800744488188976
0
LINE
8
BLACK
6
CONTINUOUS
10
0.2861201181102362
20
0.6119454724409449
11
0.2871845275590551
21
0.6115045669291338
0
LINE
8
BLACK
6
CONTINUOUS
10
0.2871845275590551
20
0.6115045669291338
11
0.2879991732283465
21
0.6106899212598426
0
LINE
8
BLACK
6
CONTINUOUS
10
0.2879991732283465
20
0.6106899212598426
11
0.2884400787401575
21
0.6096255118110236
0
LINE
8
BLACK
6
CONTINUOUS
10
0.2884400787401575
20
0.6096255118110236
11
0.2884968110236221
21
0.6090494488188977
0
LINE
8
BLACK
6
CONTINUOUS
10
0.2884968110236221
20
0.6090494488188977
11
0.2884968110236221
21
0.590301811023622
0
LINE
8
BLACK
6
CONTINUOUS
10
0.2884968110236221
20
0.590301811023622
11
0.2884400787401575
21
0.589725748031496
0
LINE
8
BLACK
6
CONTINUOUS
10
0.2884400787401575
20
0.589725748031496
11
0.2879991732283465
21
0.5886613385826771
0
LINE
8
BLACK
6
CONTINUOUS
10
0.2879991732283465
20
0.5886613385826771
11
0.2871845275590551
21
0.5878466929133858
0
LINE
8
BLACK
6
CONTINUOUS
10
0.2871845275590551
20
0.5878466929133858
11
0.2861201181102362
21
0.5874057874015748
0
LINE
8
BLACK
6
CONTINUOUS
10
0.2861201181102362
20
0.5874057874015748
11
0.2849679921259842
21
0.5874057874015748
0
LINE
8
BLACK
6
CONTINUOUS
10
0.2849679921259842
20
0.5874057874015748
11
0.2839035826771654
21
0.5878466929133858
0
LINE
8
BLACK
6
CONTINUOUS
10
0.2839035826771654
20
0.5878466929133858
11
0.283088937007874
21
0.5886613385826771
0
LINE
8
BLACK
6
CONTINUOUS
10
0.283088937007874
20
0.5886613385826771
11
0.282648031496063
21
0.589725748031496
0
LINE
8
BLACK
6
CONTINUOUS
10
0.282648031496063
20
0.589725748031496
11
0.2825912992125984
21
0.590301811023622
0
LINE
8
BLACK
6
CONTINUOUS
10
0.2825912992125984
20
0.590301811023622
11
0.2825912992125984
21
0.6060966929133859
0
LINE
8
BLACK
6
CONTINUOUS
10
0.2825912992125984
20
0.6060966929133859
11
0.2461739763779527
21
0.6060966929133859
0
LINE
8
BLACK
6
CONTINUOUS
10
0.2461739763779527
20
0.6060966929133859
11
0.2455979133858268
21
0.6061534251968503
0
LINE
8
BLACK
6
CONTINUOUS
10
0.2455979133858268
20
0.6061534251968503
11
0.2445335039370079
21
0.6065943307086614
0
LINE
8
BLACK
6
CONTINUOUS
10
0.2445335039370079
20
0.6065943307086614
11
0.2437188582677165
21
0.6074089763779528
0
LINE
8
BLACK
6
CONTINUOUS
10
0.2437188582677165
20
0.6074089763779528
11
0.2432779527559055
21
0.6084733858267717
0
LINE
8
BLACK
6
CONTINUOUS
10
0.2432779527559055
20
0.6084733858267717
11
0.2432779527559055
21
0.6096255118110236
0
LINE
8
BLACK
6
CONTINUOUS
10
0.2432779527559055
20
0.6096255118110236
11
0.2437188582677165
21
0.6106899212598426
0
LINE
8
BLACK
6
CONTINUOUS
10
0.2437188582677165
20
0.6106899212598426
11
0.2445335039370079
21
0.6115045669291338
0
LINE
8
BLACK
6
CONTINUOUS
10
0.2445335039370079
20
0.6115045669291338
11
0.2455979133858268
21
0.6119454724409449
0
LINE
8
BLACK
6
CONTINUOUS
10
0.2455979133858268
20
0.6119454724409449
11
0.2461739763779527
21
0.6120022047244095
0
LINE
8
BLACK
6
CONTINUOUS
10
0.2461739763779527
20
0.6120022047244095
11
0.2855440551181102
21
0.6120022047244095
0
LINE
8
BLACK
6
CONTINUOUS
10
0.2855440551181102
20
0.6120022047244095
11
0.2861201181102362
21
0.6119454724409449
0
LINE
8
BLACK
6
CONTINUOUS
10
0.1894183070866142
20
0.7166124803149606
11
0.1916124803149606
21
0.7144183070866141
0
LINE
8
BLACK
6
CONTINUOUS
10
0.1916124803149606
20
0.7144183070866141
11
0.1922195275590551
21
0.7129527559055118
0
LINE
8
BLACK
6
CONTINUOUS
10
0.1922195275590551
20
0.7129527559055118
11
0.23
21
0.7129527559055118
0
LINE
8
BLACK
6
CONTINUOUS
10
0.23
20
0.7129527559055118
11
0.230576062992126
21
0.7128960236220472
0
LINE
8
BLACK
6
CONTINUOUS
10
0.230576062992126
20
0.7128960236220472
11
0.2316404724409449
21
0.7124551181102362
0
LINE
8
BLACK
6
CONTINUOUS
10
0.2316404724409449
20
0.7124551181102362
11
0.2324551181102362
21
0.7116404724409449
0
LINE
8
BLACK
6
CONTINUOUS
10
0.2324551181102362
20
0.7116404724409449
11
0.2328960236220472
21
0.7105760629921259
0
LINE
8
BLACK
6
CONTINUOUS
10
0.2328960236220472
20
0.7105760629921259
11
0.2328960236220472
21
0.709423937007874
0
LINE
8
BLACK
6
CONTINUOUS
10
0.2328960236220472
20
0.709423937007874
11
0.2324551181102362
21
0.7083595275590551
0
LINE
8
BLACK
6
CONTINUOUS
10
0.2324551181102362
20
0.7083595275590551
11
0.2320555905511811
21
0.70796
0
LINE
8
BLACK
6
CONTINUOUS
10
0.2320555905511811
20
0.70796
11
0.2404594881889764
21
0.70796
0
LINE
8
BLACK
6
CONTINUOUS
10
0.2404594881889764
20
0.70796
11
0.2412822440944882
21
0.7077963385826771
0
LINE
8
BLACK
6
CONTINUOUS
10
0.2412822440944882
20
0.7077963385826771
11
0.2424458267716535
21
0.7066327559055118
0
LINE
8
BLACK
6
CONTINUOUS
10
0.2424458267716535
20
0.7066327559055118
11
0.2426094881889764
21
0.7058099999999999
0
LINE
8
BLACK
6
CONTINUOUS
10
0.2426094881889764
20
0.7058099999999999
11
0.2426094881889764
21
0.68611
0
LINE
8
BLACK
6
CONTINUOUS
10
0.2426094881889764
20
0.68611
11
0.2424458267716535
21
0.6852872440944882
0
LINE
8
BLACK
6
CONTINUOUS
10
0.2424458267716535
20
0.6852872440944882
11
0.2412822440944882
21
0.6841236614173228
0
LINE
8
BLACK
6
CONTINUOUS
10
0.2412822440944882
20
0.6841236614173228
11
0.2396367322834645
21
0.6841236614173228
0
LINE
8
BLACK
6
CONTINUOUS
10
0.2396367322834645
20
0.6841236614173228
11
0.2384731496062992
21
0.6852872440944882
0
LINE
8
BLACK
6
CONTINUOUS
10
0.2384731496062992
20
0.6852872440944882
11
0.2383094881889764
21
0.68611
0
LINE
8
BLACK
6
CONTINUOUS
10
0.2383094881889764
20
0.68611
11
0.2383094881889764
21
0.6942790551181102
0
LINE
8
BLACK
6
CONTINUOUS
10
0.2383094881889764
20
0.6942790551181102
11
0.2338928346456693
21
0.6942790551181102
0
LINE
8
BLACK
6
CONTINUOUS
10
0.2338928346456693
20
0.6942790551181102
11
0.2330700787401575
21
0.6944427165354331
0
LINE
8
BLACK
6
CONTINUOUS
10
0.2330700787401575
20
0.6944427165354331
11
0.2319064960629921
21
0.6956062992125984
0
LINE
8
BLACK
6
CONTINUOUS
10
0.2319064960629921
20
0.6956062992125984
11
0.2319064960629921
21
0.697251811023622
0
LINE
8
BLACK
6
CONTINUOUS
10
0.2319064960629921
20
0.697251811023622
11
0.2330700787401575
21
0.6984153937007874
0
LINE
8
BLACK
6
CONTINUOUS
10
0.2330700787401575
20
0.6984153937007874
11
0.2338928346456693
21
0.6985790551181102
0
LINE
8
BLACK
6
CONTINUOUS
10
0.2338928346456693
20
0.6985790551181102
11
0.2383094881889764
21
0.6985790551181102
0
LINE
8
BLACK
6
CONTINUOUS
10
0.2383094881889764
20
0.6985790551181102
11
0.2383094881889764
21
0.70366
0
LINE
8
BLACK
6
CONTINUOUS
10
0.2383094881889764
20
0.70366
11
0.2310785433070866
21
0.70366
0
LINE
8
BLACK
6
CONTINUOUS
10
0.2310785433070866
20
0.70366
11
0.2302557874015748
21
0.7038236614173228
0
LINE
8
BLACK
6
CONTINUOUS
10
0.2302557874015748
20
0.7038236614173228
11
0.2290922047244094
21
0.7049872440944882
0
LINE
8
BLACK
6
CONTINUOUS
10
0.2290922047244094
20
0.7049872440944882
11
0.2290922047244094
21
0.7066327559055118
0
LINE
8
BLACK
6
CONTINUOUS
10
0.2290922047244094
20
0.7066327559055118
11
0.2295066929133858
21
0.7070472440944882
0
LINE
8
BLACK
6
CONTINUOUS
10
0.2295066929133858
20
0.7070472440944882
11
0.1929527559055118
21
0.7070472440944882
0
LINE
8
BLACK
6
CONTINUOUS
10
0.1929527559055118
20
0.7070472440944882
11
0.1929527559055118
21
0.6529527559055118
0
LINE
8
BLACK
6
CONTINUOUS
10
0.1929527559055118
20
0.6529527559055118
11
0.23
21
0.6529527559055118
0
LINE
8
BLACK
6
CONTINUOUS
10
0.23
20
0.6529527559055118
11
0.230576062992126
21
0.6528960236220472
0
LINE
8
BLACK
6
CONTINUOUS
10
0.230576062992126
20
0.6528960236220472
11
0.2316404724409449
21
0.6524551181102362
0
LINE
8
BLACK
6
CONTINUOUS
10
0.2316404724409449
20
0.6524551181102362
11
0.2324551181102362
21
0.6516404724409449
0
LINE
8
BLACK
6
CONTINUOUS
10
0.2324551181102362
20
0.6516404724409449
11
0.2328960236220472
21
0.650576062992126
0
LINE
8
BLACK
6
CONTINUOUS
10
0.2328960236220472
20
0.650576062992126
11
0.2328960236220472
21
0.649423937007874
0
LINE
8
BLACK
6
CONTINUOUS
10
0.2328960236220472
20
0.649423937007874
11
0.2324551181102362
21
0.6483595275590551
0
LINE
8
BLACK
6
CONTINUOUS
10
0.2324551181102362
20
0.6483595275590551
11
0.2316404724409449
21
0.6475448818897638
0
LINE
8
BLACK
6
CONTINUOUS
10
0.2316404724409449
20
0.6475448818897638
11
0.230576062992126
21
0.6471039763779527
0
LINE
8
BLACK
6
CONTINUOUS
10
0.230576062992126
20
0.6471039763779527
11
0.23
21
0.6470472440944882
0
LINE
8
BLACK
6
CONTINUOUS
10
0.23
20
0.6470472440944882
11
0.19
21
0.6470472440944882
0
LINE
8
BLACK
6
CONTINUOUS
10
0.19
20
0.6470472440944882
11
0.189423937007874
21
0.6471039763779527
0
LINE
8
BLACK
6
CONTINUOUS
10
0.189423937007874
20
0.6471039763779527
11
0.1883595275590551
21
0.6475448818897638
0
LINE
8
BLACK
6
CONTINUOUS
10
0.1883595275590551
20
0.6475448818897638
11
0.1875448818897638
21
0.6483595275590551
0
LINE
8
BLACK
6
CONTINUOUS
10
0.1875448818897638
20
0.6483595275590551
11
0.1871039763779528
21
0.649423937007874
0
LINE
8
BLACK
6
CONTINUOUS
10
0.1871039763779528
20
0.649423937007874
11
0.1870472440944882
21
0.65
0
LINE
8
BLACK
6
CONTINUOUS
10
0.1870472440944882
20
0.65
11
0.1870472440944882
21
0.7024053543307086
0
LINE
8
BLACK
6
CONTINUOUS
10
0.1870472440944882
20
0.7024053543307086
11
0.1865514960629921
21
0.7022000393700787
0
LINE
8
BLACK
6
CONTINUOUS
10
0.1865514960629921
20
0.7022000393700787
11
0.1834485039370079
21
0.7022000393700787
0
LINE
8
BLACK
6
CONTINUOUS
10
0.1834485039370079
20
0.7022000393700787
11
0.1805816929133858
21
0.7033875196850393
0
LINE
8
BLACK
6
CONTINUOUS
10
0.1805816929133858
20
0.7033875196850393
11
0.1783875196850394
21
0.7055816929133858
0
LINE
8
BLACK
6
CONTINUOUS
10
0.1783875196850394
20
0.7055816929133858
11
0.1772000393700787
21
0.7084485039370079
0
LINE
8
BLACK
6
CONTINUOUS
10
0.1772000393700787
20
0.7084485039370079
11
0.1772000393700787
21
0.7108479921259843
0
LINE
8
BLACK
6
CONTINUOUS
10
0.1772000393700787
20
0.7108479921259843
11
0.1772000393700787
21
0.7115514960629921
0
LINE
8
BLACK
6
CONTINUOUS
10
0.1772000393700787
20
0.7115514960629921
11
0.1783875196850394
21
0.7144183070866141
0
LINE
8
BLACK
6
CONTINUOUS
10
0.1783875196850394
20
0.7144183070866141
11
0.1805816929133858
21
0.7166124803149606
0
LINE
8
BLACK
6
CONTINUOUS
10
0.1805816929133858
20
0.7166124803149606
11
0.1834485039370079
21
0.7177999606299212
0
LINE
8
BLACK
6
CONTINUOUS
10
0.1834485039370079
20
0.7177999606299212
11
0.1865514960629921
21
0.7177999606299212
0
LINE
8
BLACK
6
CONTINUOUS
10
0.1865514960629921
20
0.7177999606299212
11
0.1894183070866142
21
0.7166124803149606
0
LINE
8
BLACK
6
CONTINUOUS
10
0.1829527559055118
20
0.7091520078740158
11
0.1841520078740158
21
0.7079527559055118
0
LINE
8
BLACK
6
CONTINUOUS
10
0.1841520078740158
20
0.7079527559055118
11
0.1858479921259842
21
0.7079527559055118
0
LINE
8
BLACK
6
CONTINUOUS
10
0.1858479921259842
20
0.7079527559055118
11
0.1870472440944882
21
0.7091520078740158
0
LINE
8
BLACK
6
CONTINUOUS
10
0.1870472440944882
20
0.7091520078740158
11
0.1870472440944882
21
0.7108479921259843
0
LINE
8
BLACK
6
CONTINUOUS
10
0.1870472440944882
20
0.7108479921259843
11
0.1858479921259842
21
0.7120472440944882
0
LINE
8
BLACK
6
CONTINUOUS
10
0.1858479921259842
20
0.7120472440944882
11
0.1841520078740158
21
0.7120472440944882
0
LINE
8
BLACK
6
CONTINUOUS
10
0.1841520078740158
20
0.7120472440944882
11
0.1829527559055118
21
0.7108479921259843
0
LINE
8
BLACK
6
CONTINUOUS
10
0.1829527559055118
20
0.7108479921259843
11
0.1829527559055118
21
0.7091520078740158
0
LINE
8
BLACK
6
CONTINUOUS
10
0.310576062992126
20
0.7128960236220472
11
0.3116404724409449
21
0.7124551181102362
0
LINE
8
BLACK
6
CONTINUOUS
10
0.3116404724409449
20
0.7124551181102362
11
0.3124551181102362
21
0.7116404724409449
0
LINE
8
BLACK
6
CONTINUOUS
10
0.3124551181102362
20
0.7116404724409449
11
0.3128960236220472
21
0.7105760629921259
0
LINE
8
BLACK
6
CONTINUOUS
10
0.3128960236220472
20
0.7105760629921259
11
0.3129527559055118
21
0.71
0
LINE
8
BLACK
6
CONTINUOUS
10
0.3129527559055118
20
0.71
11
0.3129527559055118
21
0.65
0
LINE
8
BLACK
6
CONTINUOUS
10
0.3129527559055118
20
0.65
11
0.3128960236220472
21
0.649423937007874
0
LINE
8
BLACK
6
CONTINUOUS
10
0.3128960236220472
20
0.649423937007874
11
0.3124551181102362
21
0.6483595275590551
0
LINE
8
BLACK
6
CONTINUOUS
10
0.3124551181102362
20
0.6483595275590551
11
0.3116404724409449
21
0.6475448818897638
0
LINE
8
BLACK
6
CONTINUOUS
10
0.3116404724409449
20
0.6475448818897638
11
0.310576062992126
21
0.6471039763779527
0
LINE
8
BLACK
6
CONTINUOUS
10
0.310576062992126
20
0.6471039763779527
11
0.31
21
0.6470472440944882
0
LINE
8
BLACK
6
CONTINUOUS
10
0.31
20
0.6470472440944882
11
0.27
21
0.6470472440944882
0
LINE
8
BLACK
6
CONTINUOUS
10
0.27
20
0.6470472440944882
11
0.269423937007874
21
0.6471039763779527
0
LINE
8
BLACK
6
CONTINUOUS
10
0.269423937007874
20
0.6471039763779527
11
0.2683595275590551
21
0.6475448818897638
0
LINE
8
BLACK
6
CONTINUOUS
10
0.2683595275590551
20
0.6475448818897638
11
0.2675448818897638
21
0.6483595275590551
0
LINE
8
BLACK
6
CONTINUOUS
10
0.2675448818897638
20
0.6483595275590551
11
0.2671039763779527
21
0.649423937007874
0
LINE
8
BLACK
6
CONTINUOUS
10
0.2671039763779527
20
0.649423937007874
11
0.2671039763779527
21
0.650576062992126
0
LINE
8
BLACK
6
CONTINUOUS
10
0.2671039763779527
20
0.650576062992126
11
0.2675448818897638
21
0.6516404724409449
0
LINE
8
BLACK
6
CONTINUOUS
10
0.2675448818897638
20
0.6516404724409449
11
0.2683595275590551
21
0.6524551181102362
0
LINE
8
BLACK
6
CONTINUOUS
10
0.2683595275590551
20
0.6524551181102362
11
0.269423937007874
21
0.6528960236220472
0
LINE
8
BLACK
6
CONTINUOUS
10
0.269423937007874
20
0.6528960236220472
11
0.27
21
0.6529527559055118
0
LINE
8
BLACK
6
CONTINUOUS
10
0.27
20
0.6529527559055118
11
0.3070472440944882
21
0.6529527559055118
0
LINE
8
BLACK
6
CONTINUOUS
10
0.3070472440944882
20
0.6529527559055118
11
0.3070472440944882
21
0.7070472440944882
0
LINE
8
BLACK
6
CONTINUOUS
10
0.3070472440944882
20
0.7070472440944882
11
0.2740990551181102
21
0.7070472440944882
0
LINE
8
BLACK
6
CONTINUOUS
10
0.2740990551181102
20
0.7070472440944882
11
0.2741436220472441
21
0.7070025984251969
0
LINE
8
BLACK
6
CONTINUOUS
10
0.2741436220472441
20
0.7070025984251969
11
0.2759017716535433
21
0.7043653937007874
0
LINE
8
BLACK
6
CONTINUOUS
10
0.2759017716535433
20
0.7043653937007874
11
0.2773806692913386
21
0.7028864960629921
0
LINE
8
BLACK
6
CONTINUOUS
10
0.2773806692913386
20
0.7028864960629921
11
0.278944842519685
21
0.7021044488188977
0
LINE
8
BLACK
6
CONTINUOUS
10
0.278944842519685
20
0.7021044488188977
11
0.2796075196850394
21
0.7015900787401574
0
LINE
8
BLACK
6
CONTINUOUS
10
0.2796075196850394
20
0.7015900787401574
11
0.280127874015748
21
0.7000289763779527
0
LINE
8
BLACK
6
CONTINUOUS
10
0.280127874015748
20
0.7000289763779527
11
0.279391968503937
21
0.6985572047244094
0
LINE
8
BLACK
6
CONTINUOUS
10
0.279391968503937
20
0.6985572047244094
11
0.2778308661417323
21
0.6980368503937008
0
LINE
8
BLACK
6
CONTINUOUS
10
0.2778308661417323
20
0.6980368503937008
11
0.2770217716535433
21
0.6982584251968503
0
LINE
8
BLACK
6
CONTINUOUS
10
0.2770217716535433
20
0.6982584251968503
11
0.2751455905511811
21
0.6991965354330708
0
LINE
8
BLACK
6
CONTINUOUS
10
0.2751455905511811
20
0.6991965354330708
11
0.2748735433070866
21
0.6994076377952756
0
LINE
8
BLACK
6
CONTINUOUS
10
0.2748735433070866
20
0.6994076377952756
11
0.2745868503937008
21
0.6995992519685039
0
LINE
8
BLACK
6
CONTINUOUS
10
0.2745868503937008
20
0.6995992519685039
11
0.2745047244094488
21
0.6996813779527559
0
LINE
8
BLACK
6
CONTINUOUS
10
0.2745047244094488
20
0.6996813779527559
11
0.2745047244094488
21
0.68826
0
LINE
8
BLACK
6
CONTINUOUS
10
0.2745047244094488
20
0.68826
11
0.2779833070866142
21
0.68826
0
LINE
8
BLACK
6
CONTINUOUS
10
0.2779833070866142
20
0.68826
11
0.278806062992126
21
0.6880963385826772
0
LINE
8
BLACK
6
CONTINUOUS
10
0.278806062992126
20
0.6880963385826772
11
0.2799696456692913
21
0.6869327559055118
0
LINE
8
BLACK
6
CONTINUOUS
10
0.2799696456692913
20
0.6869327559055118
11
0.2799696456692913
21
0.6852872440944882
0
LINE
8
BLACK
6
CONTINUOUS
10
0.2799696456692913
20
0.6852872440944882
11
0.278806062992126
21
0.6841236614173228
0
LINE
8
BLACK
6
CONTINUOUS
10
0.278806062992126
20
0.6841236614173228
11
0.2779833070866142
21
0.68396
0
LINE
8
BLACK
6
CONTINUOUS
10
0.2779833070866142
20
0.68396
11
0.2667261811023622
21
0.68396
0
LINE
8
BLACK
6
CONTINUOUS
10
0.2667261811023622
20
0.68396
11
0.2659034251968504
21
0.6841236614173228
0
LINE
8
BLACK
6
CONTINUOUS
10
0.2659034251968504
20
0.6841236614173228
11
0.264739842519685
21
0.6852872440944882
0
LINE
8
BLACK
6
CONTINUOUS
10
0.264739842519685
20
0.6852872440944882
11
0.264739842519685
21
0.6869327559055118
0
LINE
8
BLACK
6
CONTINUOUS
10
0.264739842519685
20
0.6869327559055118
11
0.2659034251968504
21
0.6880963385826772
0
LINE
8
BLACK
6
CONTINUOUS
10
0.2659034251968504
20
0.6880963385826772
11
0.2667261811023622
21
0.68826
0
LINE
8
BLACK
6
CONTINUOUS
10
0.2667261811023622
20
0.68826
11
0.2702047244094488
21
0.68826
0
LINE
8
BLACK
6
CONTINUOUS
10
0.2702047244094488
20
0.68826
11
0.2702047244094488
21
0.7058099999999999
0
LINE
8
BLACK
6
CONTINUOUS
10
0.2702047244094488
20
0.7058099999999999
11
0.2703683858267716
21
0.7066327559055118
0
LINE
8
BLACK
6
CONTINUOUS
10
0.2703683858267716
20
0.7066327559055118
11
0.2705248818897638
21
0.706789251968504
0
LINE
8
BLACK
6
CONTINUOUS
10
0.2705248818897638
20
0.706789251968504
11
0.2705683070866142
21
0.7070063385826771
0
LINE
8
BLACK
6
CONTINUOUS
10
0.2705683070866142
20
0.7070063385826771
11
0.2706296850393701
21
0.7070472440944882
0
LINE
8
BLACK
6
CONTINUOUS
10
0.2706296850393701
20
0.7070472440944882
11
0.27
21
0.7070472440944882
0
LINE
8
BLACK
6
CONTINUOUS
10
0.27
20
0.7070472440944882
11
0.269423937007874
21
0.7071039763779527
0
LINE
8
BLACK
6
CONTINUOUS
10
0.269423937007874
20
0.7071039763779527
11
0.2683595275590551
21
0.7075448818897637
0
LINE
8
BLACK
6
CONTINUOUS
10
0.2683595275590551
20
0.7075448818897637
11
0.2675448818897638
21
0.7083595275590551
0
LINE
8
BLACK
6
CONTINUOUS
10
0.2675448818897638
20
0.7083595275590551
11
0.2671039763779527
21
0.709423937007874
0
LINE
8
BLACK
6
CONTINUOUS
10
0.2671039763779527
20
0.709423937007874
11
0.2671039763779527
21
0.7105760629921259
0
LINE
8
BLACK
6
CONTINUOUS
10
0.2671039763779527
20
0.7105760629921259
11
0.2675448818897638
21
0.7116404724409449
0
LINE
8
BLACK
6
CONTINUOUS
10
0.2675448818897638
20
0.7116404724409449
11
0.2683595275590551
21
0.7124551181102362
0
LINE
8
BLACK
6
CONTINUOUS
10
0.2683595275590551
20
0.7124551181102362
11
0.269423937007874
21
0.7128960236220472
0
LINE
8
BLACK
6
CONTINUOUS
10
0.269423937007874
20
0.7128960236220472
11
0.27
21
0.7129527559055118
0
LINE
8
BLACK
6
CONTINUOUS
10
0.27
20
0.7129527559055118
11
0.31
21
0.7129527559055118
0
LINE
8
BLACK
6
CONTINUOUS
10
0.31
20
0.7129527559055118
11
0.310576062992126
21
0.7128960236220472
0
LINE
8
BLACK
6
CONTINUOUS
10
0.2475394094488189
20
0.6802963385826771
11
0.2487029921259842
21
0.6791327559055118
0
LINE
8
BLACK
6
CONTINUOUS
10
0.2487029921259842
20
0.6791327559055118
11
0.2487029921259842
21
0.6774872440944881
0
LINE
8
BLACK
6
CONTINUOUS
10
0.2487029921259842
20
0.6774872440944881
11
0.2475394094488189
21
0.6763236614173228
0
LINE
8
BLACK
6
CONTINUOUS
10
0.2475394094488189
20
0.6763236614173228
11
0.2467166535433071
21
0.67616
0
LINE
8
BLACK
6
CONTINUOUS
10
0.2467166535433071
20
0.67616
11
0.2392594881889764
21
0.67616
0
LINE
8
BLACK
6
CONTINUOUS
10
0.2392594881889764
20
0.67616
11
0.2427061023622047
21
0.6722210236220473
0
LINE
8
BLACK
6
CONTINUOUS
10
0.2427061023622047
20
0.6722210236220473
11
0.2430111811023622
21
0.6716911811023621
0
LINE
8
BLACK
6
CONTINUOUS
10
0.2430111811023622
20
0.6716911811023621
11
0.2430744094488189
21
0.6716279921259842
0
LINE
8
BLACK
6
CONTINUOUS
10
0.2430744094488189
20
0.6716279921259842
11
0.2430744094488189
21
0.6715814173228346
0
LINE
8
BLACK
6
CONTINUOUS
10
0.2430744094488189
20
0.6715814173228346
11
0.2431247244094488
21
0.6714940551181102
0
LINE
8
BLACK
6
CONTINUOUS
10
0.2431247244094488
20
0.6714940551181102
11
0.2430744094488189
21
0.6707392519685039
0
LINE
8
BLACK
6
CONTINUOUS
10
0.2430744094488189
20
0.6707392519685039
11
0.2430744094488189
21
0.6699824803149607
0
LINE
8
BLACK
6
CONTINUOUS
10
0.2430744094488189
20
0.6699824803149607
11
0.2430203543307086
21
0.6699284251968504
0
LINE
8
BLACK
6
CONTINUOUS
10
0.2430203543307086
20
0.6699284251968504
11
0.2430152755905512
21
0.6698521653543307
0
LINE
8
BLACK
6
CONTINUOUS
10
0.2430152755905512
20
0.6698521653543307
11
0.2424458267716535
21
0.6693538976377953
0
LINE
8
BLACK
6
CONTINUOUS
10
0.2424458267716535
20
0.6693538976377953
11
0.2419108267716535
21
0.6688188976377952
0
LINE
8
BLACK
6
CONTINUOUS
10
0.2419108267716535
20
0.6688188976377952
11
0.2418118897637795
21
0.6687992125984252
0
LINE
8
BLACK
6
CONTINUOUS
10
0.2418118897637795
20
0.6687992125984252
11
0.2417768897637795
21
0.6687685826771653
0
LINE
8
BLACK
6
CONTINUOUS
10
0.2417768897637795
20
0.6687685826771653
11
0.2416877165354331
21
0.6687744881889763
0
LINE
8
BLACK
6
CONTINUOUS
10
0.2416877165354331
20
0.6687744881889763
11
0.2410880708661417
21
0.6686552362204724
0
LINE
8
BLACK
6
CONTINUOUS
10
0.2410880708661417
20
0.6686552362204724
11
0.2387813779527559
21
0.6686552362204724
0
LINE
8
BLACK
6
CONTINUOUS
10
0.2387813779527559
20
0.6686552362204724
11
0.2376711417322835
21
0.6681001181102362
0
LINE
8
BLACK
6
CONTINUOUS
10
0.2376711417322835
20
0.6681001181102362
11
0.2372264566929134
21
0.6676554330708662
0
LINE
8
BLACK
6
CONTINUOUS
10
0.2372264566929134
20
0.6676554330708662
11
0.2366714173228346
21
0.6665452755905512
0
LINE
8
BLACK
6
CONTINUOUS
10
0.2366714173228346
20
0.6665452755905512
11
0.2366714173228346
21
0.6628698818897638
0
LINE
8
BLACK
6
CONTINUOUS
10
0.2366714173228346
20
0.6628698818897638
11
0.2372264566929134
21
0.6617597244094489
0
LINE
8
BLACK
6
CONTINUOUS
10
0.2372264566929134
20
0.6617597244094489
11
0.2376711417322835
21
0.6613150787401575
0
LINE
8
BLACK
6
CONTINUOUS
10
0.2376711417322835
20
0.6613150787401575
11
0.2387813779527559
21
0.66076
0
LINE
8
BLACK
6
CONTINUOUS
10
0.2387813779527559
20
0.66076
11
0.243394842519685
21
0.66076
0
LINE
8
BLACK
6
CONTINUOUS
10
0.243394842519685
20
0.66076
11
0.2445049606299212
21
0.6613150787401575
0
LINE
8
BLACK
6
CONTINUOUS
10
0.2445049606299212
20
0.6613150787401575
11
0.2451964173228346
21
0.6620064960629921
0
LINE
8
BLACK
6
CONTINUOUS
10
0.2451964173228346
20
0.6620064960629921
11
0.2458938976377953
21
0.6624725196850394
0
LINE
8
BLACK
6
CONTINUOUS
10
0.2458938976377953
20
0.6624725196850394
11
0.2475394488188976
21
0.6624724803149606
0
LINE
8
BLACK
6
CONTINUOUS
10
0.2475394488188976
20
0.6624724803149606
11
0.2487029921259842
21
0.6613088976377952
0
LINE
8
BLACK
6
CONTINUOUS
10
0.2487029921259842
20
0.6613088976377952
11
0.2487029527559055
21
0.6596633464566929
0
LINE
8
BLACK
6
CONTINUOUS
10
0.2487029527559055
20
0.6596633464566929
11
0.2482368897637795
21
0.6589658661417322
0
LINE
8
BLACK
6
CONTINUOUS
10
0.2482368897637795
20
0.6589658661417322
11
0.247298779527559
21
0.6580277952755905
0
LINE
8
BLACK
6
CONTINUOUS
10
0.247298779527559
20
0.6580277952755905
11
0.2470124409448819
21
0.6578364960629921
0
LINE
8
BLACK
6
CONTINUOUS
10
0.2470124409448819
20
0.6578364960629921
11
0.2467400787401575
21
0.6576250787401575
0
LINE
8
BLACK
6
CONTINUOUS
10
0.2467400787401575
20
0.6576250787401575
11
0.2448638976377953
21
0.6566870078740157
0
LINE
8
BLACK
6
CONTINUOUS
10
0.2448638976377953
20
0.6566870078740157
11
0.24476
21
0.6566585433070866
0
LINE
8
BLACK
6
CONTINUOUS
10
0.24476
20
0.6566585433070866
11
0.2447251181102362
21
0.6566236614173229
0
LINE
8
BLACK
6
CONTINUOUS
10
0.2447251181102362
20
0.6566236614173229
11
0.2443869291338583
21
0.6565563779527559
0
LINE
8
BLACK
6
CONTINUOUS
10
0.2443869291338583
20
0.6565563779527559
11
0.2440548031496063
21
0.6564654330708661
0
LINE
8
BLACK
6
CONTINUOUS
10
0.2440548031496063
20
0.6564654330708661
11
0.244008031496063
21
0.6564809842519684
0
LINE
8
BLACK
6
CONTINUOUS
10
0.244008031496063
20
0.6564809842519684
11
0.2439023622047244
21
0.6564599999999999
0
LINE
8
BLACK
6
CONTINUOUS
10
0.2439023622047244
20
0.6564599999999999
11
0.238273779527559
21
0.6564599999999999
0
LINE
8
BLACK
6
CONTINUOUS
10
0.238273779527559
20
0.6564599999999999
11
0.2381680708661417
21
0.6564809842519684
0
LINE
8
BLACK
6
CONTINUOUS
10
0.2381680708661417
20
0.6564809842519684
11
0.2381213385826772
21
0.6564654330708661
0
LINE
8
BLACK
6
CONTINUOUS
10
0.2381213385826772
20
0.6564654330708661
11
0.2377891732283464
21
0.6565563779527559
0
LINE
8
BLACK
6
CONTINUOUS
10
0.2377891732283464
20
0.6565563779527559
11
0.2374510236220472
21
0.6566236614173229
0
LINE
8
BLACK
6
CONTINUOUS
10
0.2374510236220472
20
0.6566236614173229
11
0.2374161023622047
21
0.6566585433070866
0
LINE
8
BLACK
6
CONTINUOUS
10
0.2374161023622047
20
0.6566585433070866
11
0.2373122440944882
21
0.6566870078740157
0
LINE
8
BLACK
6
CONTINUOUS
10
0.2373122440944882
20
0.6566870078740157
11
0.235436062992126
21
0.6576251181102362
0
LINE
8
BLACK
6
CONTINUOUS
10
0.235436062992126
20
0.6576251181102362
11
0.2351639763779527
21
0.6578362598425197
0
LINE
8
BLACK
6
CONTINUOUS
10
0.2351639763779527
20
0.6578362598425197
11
0.2348773622047244
21
0.6580277952755905
0
LINE
8
BLACK
6
CONTINUOUS
10
0.2348773622047244
20
0.6580277952755905
11
0.2339392519685039
21
0.6589658661417322
0
LINE
8
BLACK
6
CONTINUOUS
10
0.2339392519685039
20
0.6589658661417322
11
0.2337478346456693
21
0.6592522834645669
0
LINE
8
BLACK
6
CONTINUOUS
10
0.2337478346456693
20
0.6592522834645669
11
0.2335364566929134
21
0.6595246850393701
0
LINE
8
BLACK
6
CONTINUOUS
10
0.2335364566929134
20
0.6595246850393701
11
0.2325983858267716
21
0.6614008661417322
0
LINE
8
BLACK
6
CONTINUOUS
10
0.2325983858267716
20
0.6614008661417322
11
0.2325699212598425
21
0.6615047244094489
0
LINE
8
BLACK
6
CONTINUOUS
10
0.2325699212598425
20
0.6615047244094489
11
0.2325350787401575
21
0.6615396062992126
0
LINE
8
BLACK
6
CONTINUOUS
10
0.2325350787401575
20
0.6615396062992126
11
0.2324677952755906
21
0.6618776771653543
0
LINE
8
BLACK
6
CONTINUOUS
10
0.2324677952755906
20
0.6618776771653543
11
0.2323768503937008
21
0.6622099606299212
0
LINE
8
BLACK
6
CONTINUOUS
10
0.2323768503937008
20
0.6622099606299212
11
0.2323924015748031
21
0.6622566929133858
0
LINE
8
BLACK
6
CONTINUOUS
10
0.2323924015748031
20
0.6622566929133858
11
0.2323714173228346
21
0.6623623622047244
0
LINE
8
BLACK
6
CONTINUOUS
10
0.2323714173228346
20
0.6623623622047244
11
0.2323714173228346
21
0.6670528346456692
0
LINE
8
BLACK
6
CONTINUOUS
10
0.2323714173228346
20
0.6670528346456692
11
0.2323924015748031
21
0.6671584645669291
0
LINE
8
BLACK
6
CONTINUOUS
10
0.2323924015748031
20
0.6671584645669291
11
0.2323768503937008
21
0.6672052362204725
0
LINE
8
BLACK
6
CONTINUOUS
10
0.2323768503937008
20
0.6672052362204725
11
0.2324677952755906
21
0.6675374803149606
0
LINE
8
BLACK
6
CONTINUOUS
10
0.2324677952755906
20
0.6675374803149606
11
0.2325350787401575
21
0.6678755905511811
0
LINE
8
BLACK
6
CONTINUOUS
10
0.2325350787401575
20
0.6678755905511811
11
0.2325699212598425
21
0.6679104330708662
0
LINE
8
BLACK
6
CONTINUOUS
10
0.2325699212598425
20
0.6679104330708662
11
0.2325983858267716
21
0.6680143307086615
0
LINE
8
BLACK
6
CONTINUOUS
10
0.2325983858267716
20
0.6680143307086615
11
0.2335364566929134
21
0.6698905511811023
0
LINE
8
BLACK
6
CONTINUOUS
10
0.2335364566929134
20
0.6698905511811023
11
0.2337478346456693
21
0.6701629133858268
0
LINE
8
BLACK
6
CONTINUOUS
10
0.2337478346456693
20
0.6701629133858268
11
0.2339392519685039
21
0.6704493700787402
0
LINE
8
BLACK
6
CONTINUOUS
10
0.2339392519685039
20
0.6704493700787402
11
0.2348773622047244
21
0.6713874409448819
0
LINE
8
BLACK
6
CONTINUOUS
10
0.2348773622047244
20
0.6713874409448819
11
0.2351639763779527
21
0.671578937007874
0
LINE
8
BLACK
6
CONTINUOUS
10
0.2351639763779527
20
0.671578937007874
11
0.235436062992126
21
0.6717901181102363
0
LINE
8
BLACK
6
CONTINUOUS
10
0.235436062992126
20
0.6717901181102363
11
0.2367810236220472
21
0.6724625984251968
0
LINE
8
BLACK
6
CONTINUOUS
10
0.2367810236220472
20
0.6724625984251968
11
0.2329033858267716
21
0.6768942125984252
0
LINE
8
BLACK
6
CONTINUOUS
10
0.2329033858267716
20
0.6768942125984252
11
0.2325982677165354
21
0.6774240157480315
0
LINE
8
BLACK
6
CONTINUOUS
10
0.2325982677165354
20
0.6774240157480315
11
0.2325350787401575
21
0.6774872440944881
0
LINE
8
BLACK
6
CONTINUOUS
10
0.2325350787401575
20
0.6774872440944881
11
0.2325350787401575
21
0.677533779527559
0
LINE
8
BLACK
6
CONTINUOUS
10
0.2325350787401575
20
0.677533779527559
11
0.2324847637795276
21
0.6776211811023621
0
LINE
8
BLACK
6
CONTINUOUS
10
0.2324847637795276
20
0.6776211811023621
11
0.2325350787401575
21
0.6783759448818898
0
LINE
8
BLACK
6
CONTINUOUS
10
0.2325350787401575
20
0.6783759448818898
11
0.2325350787401575
21
0.6791327559055118
0
LINE
8
BLACK
6
CONTINUOUS
10
0.2325350787401575
20
0.6791327559055118
11
0.232589094488189
21
0.6791867716535432
0
LINE
8
BLACK
6
CONTINUOUS
10
0.232589094488189
20
0.6791867716535432
11
0.2325942125984252
21
0.6792630708661417
0
LINE
8
BLACK
6
CONTINUOUS
10
0.2325942125984252
20
0.6792630708661417
11
0.2331636220472441
21
0.6797612992125984
0
LINE
8
BLACK
6
CONTINUOUS
10
0.2331636220472441
20
0.6797612992125984
11
0.2336986614173228
21
0.6802963385826771
0
LINE
8
BLACK
6
CONTINUOUS
10
0.2336986614173228
20
0.6802963385826771
11
0.2337975590551181
21
0.6803159842519685
0
LINE
8
BLACK
6
CONTINUOUS
10
0.2337975590551181
20
0.6803159842519685
11
0.2338325984251969
21
0.680346653543307
0
LINE
8
BLACK
6
CONTINUOUS
10
0.2338325984251969
20
0.680346653543307
11
0.2339217322834646
21
0.6803407086614173
0
LINE
8
BLACK
6
CONTINUOUS
10
0.2339217322834646
20
0.6803407086614173
11
0.2345214173228346
21
0.68046
0
LINE
8
BLACK
6
CONTINUOUS
10
0.2345214173228346
20
0.68046
11
0.2467166535433071
21
0.68046
0
LINE
8
BLACK
6
CONTINUOUS
10
0.2467166535433071
20
0.68046
11
0.2475394094488189
21
0.6802963385826771
0
LINE
8
BLACK
6
CONTINUOUS
10
0.259249842519685
20
0.6803927559055118
11
0.2595917716535433
21
0.6803496850393701
0
LINE
8
BLACK
6
CONTINUOUS
10
0.2595917716535433
20
0.6803496850393701
11
0.2624061023622047
21
0.6794115354330709
0
LINE
8
BLACK
6
CONTINUOUS
10
0.2624061023622047
20
0.6794115354330709
11
0.2624996062992126
21
0.6793582283464566
0
LINE
8
BLACK
6
CONTINUOUS
10
0.2624996062992126
20
0.6793582283464566
11
0.2625489763779528
21
0.6793582283464566
0
LINE
8
BLACK
6
CONTINUOUS
10
0.2625489763779528
20
0.6793582283464566
11
0.2628355511811024
21
0.6791666929133858
0
LINE
8
BLACK
6
CONTINUOUS
10
0.2628355511811024
20
0.6791666929133858
11
0.2631348818897637
21
0.6789961023622048
0
LINE
8
BLACK
6
CONTINUOUS
10
0.2631348818897637
20
0.6789961023622048
11
0.2631569291338582
21
0.678951968503937
0
LINE
8
BLACK
6
CONTINUOUS
10
0.2631569291338582
20
0.678951968503937
11
0.2632464566929134
21
0.6788921653543307
0
LINE
8
BLACK
6
CONTINUOUS
10
0.2632464566929134
20
0.6788921653543307
11
0.2651226377952756
21
0.6770159842519685
0
LINE
8
BLACK
6
CONTINUOUS
10
0.2651226377952756
20
0.6770159842519685
11
0.2653140551181102
21
0.6767294488188976
0
LINE
8
BLACK
6
CONTINUOUS
10
0.2653140551181102
20
0.6767294488188976
11
0.2655253937007874
21
0.6764572047244094
0
LINE
8
BLACK
6
CONTINUOUS
10
0.2655253937007874
20
0.6764572047244094
11
0.2664634645669292
21
0.6745810236220472
0
LINE
8
BLACK
6
CONTINUOUS
10
0.2664634645669292
20
0.6745810236220472
11
0.2665256692913386
21
0.674353779527559
0
LINE
8
BLACK
6
CONTINUOUS
10
0.2665256692913386
20
0.674353779527559
11
0.2666262204724409
21
0.6741409842519684
0
LINE
8
BLACK
6
CONTINUOUS
10
0.2666262204724409
20
0.6741409842519684
11
0.2675643307086614
21
0.6703885826771654
0
LINE
8
BLACK
6
CONTINUOUS
10
0.2675643307086614
20
0.6703885826771654
11
0.267577125984252
21
0.6701255511811024
0
LINE
8
BLACK
6
CONTINUOUS
10
0.267577125984252
20
0.6701255511811024
11
0.2676285433070866
21
0.6698671259842519
0
LINE
8
BLACK
6
CONTINUOUS
10
0.2676285433070866
20
0.6698671259842519
11
0.2676285433070866
21
0.6670528346456692
0
LINE
8
BLACK
6
CONTINUOUS
10
0.2676285433070866
20
0.6670528346456692
11
0.267577125984252
21
0.6667943700787401
0
LINE
8
BLACK
6
CONTINUOUS
10
0.267577125984252
20
0.6667943700787401
11
0.2675643307086614
21
0.6665313385826771
0
LINE
8
BLACK
6
CONTINUOUS
10
0.2675643307086614
20
0.6665313385826771
11
0.2666262204724409
21
0.6627790157480314
0
LINE
8
BLACK
6
CONTINUOUS
10
0.2666262204724409
20
0.6627790157480314
11
0.2665256692913386
21
0.6625661811023622
0
LINE
8
BLACK
6
CONTINUOUS
10
0.2665256692913386
20
0.6625661811023622
11
0.2664634645669292
21
0.6623389763779527
0
LINE
8
BLACK
6
CONTINUOUS
10
0.2664634645669292
20
0.6623389763779527
11
0.2655253937007874
21
0.6604627952755905
0
LINE
8
BLACK
6
CONTINUOUS
10
0.2655253937007874
20
0.6604627952755905
11
0.2653140551181102
21
0.6601905118110236
0
LINE
8
BLACK
6
CONTINUOUS
10
0.2653140551181102
20
0.6601905118110236
11
0.2651226377952756
21
0.6599040157480315
0
LINE
8
BLACK
6
CONTINUOUS
10
0.2651226377952756
20
0.6599040157480315
11
0.2632464566929134
21
0.6580278346456693
0
LINE
8
BLACK
6
CONTINUOUS
10
0.2632464566929134
20
0.6580278346456693
11
0.2631569291338582
21
0.6579679921259842
0
LINE
8
BLACK
6
CONTINUOUS
10
0.2631569291338582
20
0.6579679921259842
11
0.2631348818897637
21
0.6579238976377952
0
LINE
8
BLACK
6
CONTINUOUS
10
0.2631348818897637
20
0.6579238976377952
11
0.2628355511811024
21
0.6577532677165354
0
LINE
8
BLACK
6
CONTINUOUS
10
0.2628355511811024
20
0.6577532677165354
11
0.2625489763779528
21
0.6575617716535432
0
LINE
8
BLACK
6
CONTINUOUS
10
0.2625489763779528
20
0.6575617716535432
11
0.2624996062992126
21
0.6575617716535432
0
LINE
8
BLACK
6
CONTINUOUS
10
0.2624996062992126
20
0.6575617716535432
11
0.2624061023622047
21
0.6575084645669291
0
LINE
8
BLACK
6
CONTINUOUS
10
0.2624061023622047
20
0.6575084645669291
11
0.2595917716535433
21
0.6565703149606299
0
LINE
8
BLACK
6
CONTINUOUS
10
0.2595917716535433
20
0.6565703149606299
11
0.259249842519685
21
0.6565272047244094
0
LINE
8
BLACK
6
CONTINUOUS
10
0.259249842519685
20
0.6565272047244094
11
0.2589118897637795
21
0.6564599999999999
0
LINE
8
BLACK
6
CONTINUOUS
10
0.2589118897637795
20
0.6564599999999999
11
0.2570356692913386
21
0.6564599999999999
0
LINE
8
BLACK
6
CONTINUOUS
10
0.2570356692913386
20
0.6564599999999999
11
0.2566975984251968
21
0.6565272440944881
0
LINE
8
BLACK
6
CONTINUOUS
10
0.2566975984251968
20
0.6565272440944881
11
0.2563557874015748
21
0.6565703543307086
0
LINE
8
BLACK
6
CONTINUOUS
10
0.2563557874015748
20
0.6565703543307086
11
0.2535414960629921
21
0.6575084645669291
0
LINE
8
BLACK
6
CONTINUOUS
10
0.2535414960629921
20
0.6575084645669291
11
0.2534479527559055
21
0.6575617716535432
0
LINE
8
BLACK
6
CONTINUOUS
10
0.2534479527559055
20
0.6575617716535432
11
0.2533986614173228
21
0.6575617716535432
0
LINE
8
BLACK
6
CONTINUOUS
10
0.2533986614173228
20
0.6575617716535432
11
0.2531120866141732
21
0.6577532283464567
0
LINE
8
BLACK
6
CONTINUOUS
10
0.2531120866141732
20
0.6577532283464567
11
0.2528127165354331
21
0.6579238976377952
0
LINE
8
BLACK
6
CONTINUOUS
10
0.2528127165354331
20
0.6579238976377952
11
0.2527906299212598
21
0.6579679921259842
0
LINE
8
BLACK
6
CONTINUOUS
10
0.2527906299212598
20
0.6579679921259842
11
0.2527011811023622
21
0.6580277952755905
0
LINE
8
BLACK
6
CONTINUOUS
10
0.2527011811023622
20
0.6580277952755905
11
0.2517630708661417
21
0.6589658661417322
0
LINE
8
BLACK
6
CONTINUOUS
10
0.2517630708661417
20
0.6589658661417322
11
0.2512970078740158
21
0.6596633464566929
0
LINE
8
BLACK
6
CONTINUOUS
10
0.2512970078740158
20
0.6596633464566929
11
0.251296968503937
21
0.6613088976377952
0
LINE
8
BLACK
6
CONTINUOUS
10
0.251296968503937
20
0.6613088976377952
11
0.2524604724409449
21
0.6624724803149606
0
LINE
8
BLACK
6
CONTINUOUS
10
0.2524604724409449
20
0.6624724803149606
11
0.2541060236220473
21
0.6624725196850394
0
LINE
8
BLACK
6
CONTINUOUS
10
0.2541060236220473
20
0.6624725196850394
11
0.2548035433070866
21
0.6620064960629921
0
LINE
8
BLACK
6
CONTINUOUS
10
0.2548035433070866
20
0.6620064960629921
11
0.2553827952755905
21
0.6614272440944882
0
LINE
8
BLACK
6
CONTINUOUS
10
0.2553827952755905
20
0.6614272440944882
11
0.2573845275590551
21
0.66076
0
LINE
8
BLACK
6
CONTINUOUS
10
0.2573845275590551
20
0.66076
11
0.2585629527559055
21
0.66076
0
LINE
8
BLACK
6
CONTINUOUS
10
0.2585629527559055
20
0.66076
11
0.2605648031496063
21
0.6614272834645669
0
LINE
8
BLACK
6
CONTINUOUS
10
0.2605648031496063
20
0.6614272834645669
11
0.2618353149606299
21
0.6626977952755906
0
LINE
8
BLACK
6
CONTINUOUS
10
0.2618353149606299
20
0.6626977952755906
11
0.2625118897637795
21
0.6640509448818898
0
LINE
8
BLACK
6
CONTINUOUS
10
0.2625118897637795
20
0.6640509448818898
11
0.2633285433070866
21
0.6673175590551181
0
LINE
8
BLACK
6
CONTINUOUS
10
0.2633285433070866
20
0.6673175590551181
11
0.2633285433070866
21
0.6696023622047244
0
LINE
8
BLACK
6
CONTINUOUS
10
0.2633285433070866
20
0.6696023622047244
11
0.2625118897637795
21
0.6728690157480315
0
LINE
8
BLACK
6
CONTINUOUS
10
0.2625118897637795
20
0.6728690157480315
11
0.2618353149606299
21
0.6742221653543307
0
LINE
8
BLACK
6
CONTINUOUS
10
0.2618353149606299
20
0.6742221653543307
11
0.2605648031496063
21
0.6754926771653543
0
LINE
8
BLACK
6
CONTINUOUS
10
0.2605648031496063
20
0.6754926771653543
11
0.2585629527559055
21
0.67616
0
LINE
8
BLACK
6
CONTINUOUS
10
0.2585629527559055
20
0.67616
11
0.2573845275590551
21
0.67616
0
LINE
8
BLACK
6
CONTINUOUS
10
0.2573845275590551
20
0.67616
11
0.2553827952755905
21
0.6754927165354331
0
LINE
8
BLACK
6
CONTINUOUS
10
0.2553827952755905
20
0.6754927165354331
11
0.2548035433070866
21
0.6749135039370079
0
LINE
8
BLACK
6
CONTINUOUS
10
0.2548035433070866
20
0.6749135039370079
11
0.2541060236220473
21
0.6744474803149606
0
LINE
8
BLACK
6
CONTINUOUS
10
0.2541060236220473
20
0.6744474803149606
11
0.2524604724409449
21
0.6744475196850394
0
LINE
8
BLACK
6
CONTINUOUS
10
0.2524604724409449
20
0.6744475196850394
11
0.251296968503937
21
0.6756111023622047
0
LINE
8
BLACK
6
CONTINUOUS
10
0.251296968503937
20
0.6756111023622047
11
0.2512970078740158
21
0.6772566535433071
0
LINE
8
BLACK
6
CONTINUOUS
10
0.2512970078740158
20
0.6772566535433071
11
0.2517630708661417
21
0.6779541338582677
0
LINE
8
BLACK
6
CONTINUOUS
10
0.2517630708661417
20
0.6779541338582677
11
0.2527011811023622
21
0.6788922047244095
0
LINE
8
BLACK
6
CONTINUOUS
10
0.2527011811023622
20
0.6788922047244095
11
0.2527906299212598
21
0.678951968503937
0
LINE
8
BLACK
6
CONTINUOUS
10
0.2527906299212598
20
0.678951968503937
11
0.2528127165354331
21
0.6789961023622048
0
LINE
8
BLACK
6
CONTINUOUS
10
0.2528127165354331
20
0.6789961023622048
11
0.2531120866141732
21
0.6791667322834646
0
LINE
8
BLACK
6
CONTINUOUS
10
0.2531120866141732
20
0.6791667322834646
11
0.2533986614173228
21
0.6793582283464566
0
LINE
8
BLACK
6
CONTINUOUS
10
0.2533986614173228
20
0.6793582283464566
11
0.2534479527559055
21
0.6793581889763779
0
LINE
8
BLACK
6
CONTINUOUS
10
0.2534479527559055
20
0.6793581889763779
11
0.2535414960629921
21
0.6794115354330709
0
LINE
8
BLACK
6
CONTINUOUS
10
0.2535414960629921
20
0.6794115354330709
11
0.2563557874015748
21
0.6803496456692913
0
LINE
8
BLACK
6
CONTINUOUS
10
0.2563557874015748
20
0.6803496456692913
11
0.2566975984251968
21
0.6803927165354331
0
LINE
8
BLACK
6
CONTINUOUS
10
0.2566975984251968
20
0.6803927165354331
11
0.2570356692913386
21
0.68046
0
LINE
8
BLACK
6
CONTINUOUS
10
0.2570356692913386
20
0.68046
11
0.2589118897637795
21
0.68046
0
LINE
8
BLACK
6
CONTINUOUS
10
0.2589118897637795
20
0.68046
11
0.259249842519685
21
0.6803927559055118
0
LINE
8
BLACK
6
CONTINUOUS
10
0.417860748031496
20
0.7269297637795276
11
0.4199546850393701
21
0.7258827952755905
0
LINE
8
BLACK
6
CONTINUOUS
10
0.4199546850393701
20
0.7258827952755905
11
0.4214885826771653
21
0.7241142125984252
0
LINE
8
BLACK
6
CONTINUOUS
10
0.4214885826771653
20
0.7241142125984252
11
0.4222288582677165
21
0.7218932677165354
0
LINE
8
BLACK
6
CONTINUOUS
10
0.4222288582677165
20
0.7218932677165354
11
0.4220629133858267
21
0.7195580708661418
0
LINE
8
BLACK
6
CONTINUOUS
10
0.4220629133858267
20
0.7195580708661418
11
0.4216425590551181
21
0.7184595275590551
0
LINE
8
BLACK
6
CONTINUOUS
10
0.4216425590551181
20
0.7184595275590551
11
0.4187853937007874
21
0.7127452362204725
0
LINE
8
BLACK
6
CONTINUOUS
10
0.4187853937007874
20
0.7127452362204725
11
0.4184682283464567
21
0.7122414173228346
0
LINE
8
BLACK
6
CONTINUOUS
10
0.4184682283464567
20
0.7122414173228346
11
0.4184076377952756
21
0.7120951181102362
0
LINE
8
BLACK
6
CONTINUOUS
10
0.4184076377952756
20
0.7120951181102362
11
0.4182724015748032
21
0.7119303149606299
0
LINE
8
BLACK
6
CONTINUOUS
10
0.4182724015748032
20
0.7119303149606299
11
0.418158779527559
21
0.711749842519685
0
LINE
8
BLACK
6
CONTINUOUS
10
0.418158779527559
20
0.711749842519685
11
0.4180390551181102
21
0.7116459842519685
0
LINE
8
BLACK
6
CONTINUOUS
10
0.4180390551181102
20
0.7116459842519685
11
0.4176614566929134
21
0.711185905511811
0
LINE
8
BLACK
6
CONTINUOUS
10
0.4176614566929134
20
0.711185905511811
11
0.4164755118110236
21
0.7099999606299212
0
LINE
8
BLACK
6
CONTINUOUS
10
0.4164755118110236
20
0.7099999606299212
11
0.4531331102362204
21
0.7099999606299212
0
LINE
8
BLACK
6
CONTINUOUS
10
0.4531331102362204
20
0.7099999606299212
11
0.4531331102362204
21
0.7211428346456693
0
LINE
8
BLACK
6
CONTINUOUS
10
0.4531331102362204
20
0.7211428346456693
11
0.4532483858267716
21
0.7223133858267716
0
LINE
8
BLACK
6
CONTINUOUS
10
0.4532483858267716
20
0.7223133858267716
11
0.4541442913385826
21
0.7244762598425196
0
LINE
8
BLACK
6
CONTINUOUS
10
0.4541442913385826
20
0.7244762598425196
11
0.4557996850393701
21
0.7261316535433071
0
LINE
8
BLACK
6
CONTINUOUS
10
0.4557996850393701
20
0.7261316535433071
11
0.4579625590551181
21
0.7270275590551181
0
LINE
8
BLACK
6
CONTINUOUS
10
0.4579625590551181
20
0.7270275590551181
11
0.4603036614173228
21
0.7270275590551181
0
LINE
8
BLACK
6
CONTINUOUS
10
0.4603036614173228
20
0.7270275590551181
11
0.4624665354330709
21
0.7261316535433071
0
LINE
8
BLACK
6
CONTINUOUS
10
0.4624665354330709
20
0.7261316535433071
11
0.4641219291338582
21
0.7244762598425196
0
LINE
8
BLACK
6
CONTINUOUS
10
0.4641219291338582
20
0.7244762598425196
11
0.4650178346456693
21
0.7223133858267716
0
LINE
8
BLACK
6
CONTINUOUS
10
0.4650178346456693
20
0.7223133858267716
11
0.4651331102362204
21
0.7211428346456693
0
LINE
8
BLACK
6
CONTINUOUS
10
0.4651331102362204
20
0.7211428346456693
11
0.4651331102362204
21
0.686857125984252
0
LINE
8
BLACK
6
CONTINUOUS
10
0.4651331102362204
20
0.686857125984252
11
0.4650178346456693
21
0.6856865748031495
0
LINE
8
BLACK
6
CONTINUOUS
10
0.4650178346456693
20
0.6856865748031495
11
0.4641219291338582
21
0.6835237007874015
0
LINE
8
BLACK
6
CONTINUOUS
10
0.4641219291338582
20
0.6835237007874015
11
0.4624665354330709
21
0.6818683070866142
0
LINE
8
BLACK
6
CONTINUOUS
10
0.4624665354330709
20
0.6818683070866142
11
0.4603036614173228
21
0.6809724015748031
0
LINE
8
BLACK
6
CONTINUOUS
10
0.4603036614173228
20
0.6809724015748031
11
0.4579625590551181
21
0.6809724015748031
0
LINE
8
BLACK
6
CONTINUOUS
10
0.4579625590551181
20
0.6809724015748031
11
0.4557996850393701
21
0.6818683070866142
0
LINE
8
BLACK
6
CONTINUOUS
10
0.4557996850393701
20
0.6818683070866142
11
0.4541442913385826
21
0.6835237007874015
0
LINE
8
BLACK
6
CONTINUOUS
10
0.4541442913385826
20
0.6835237007874015
11
0.4532483858267716
21
0.6856865748031495
0
LINE
8
BLACK
6
CONTINUOUS
10
0.4532483858267716
20
0.6856865748031495
11
0.4531331102362204
21
0.686857125984252
0
LINE
8
BLACK
6
CONTINUOUS
10
0.4531331102362204
20
0.686857125984252
11
0.4531331102362204
21
0.6979999606299212
0
LINE
8
BLACK
6
CONTINUOUS
10
0.4531331102362204
20
0.6979999606299212
11
0.3991331102362204
21
0.6979999606299212
0
LINE
8
BLACK
6
CONTINUOUS
10
0.3991331102362204
20
0.6979999606299212
11
0.3991288976377952
21
0.6980003543307086
0
LINE
8
BLACK
6
CONTINUOUS
10
0.3991288976377952
20
0.6980003543307086
11
0.3991268503937008
21
0.6979999606299212
0
LINE
8
BLACK
6
CONTINUOUS
10
0.3991268503937008
20
0.6979999606299212
11
0.3991207480314961
21
0.6980011417322834
0
LINE
8
BLACK
6
CONTINUOUS
10
0.3991207480314961
20
0.6980011417322834
11
0.3979625590551181
21
0.6981152362204724
0
LINE
8
BLACK
6
CONTINUOUS
10
0.3979625590551181
20
0.6981152362204724
11
0.3974136220472441
21
0.6983425984251969
0
LINE
8
BLACK
6
CONTINUOUS
10
0.3974136220472441
20
0.6983425984251969
11
0.396831220472441
21
0.698459094488189
0
LINE
8
BLACK
6
CONTINUOUS
10
0.396831220472441
20
0.698459094488189
11
0.3963427952755905
21
0.6987861417322835
0
LINE
8
BLACK
6
CONTINUOUS
10
0.3963427952755905
20
0.6987861417322835
11
0.3957996850393701
21
0.6990111417322834
0
LINE
8
BLACK
6
CONTINUOUS
10
0.3957996850393701
20
0.6990111417322834
11
0.3953796456692913
21
0.6994311417322835
0
LINE
8
BLACK
6
CONTINUOUS
10
0.3953796456692913
20
0.6994311417322835
11
0.3948860236220472
21
0.6997617322834645
0
LINE
8
BLACK
6
CONTINUOUS
10
0.3948860236220472
20
0.6997617322834645
11
0.394559842519685
21
0.7002509448818898
0
LINE
8
BLACK
6
CONTINUOUS
10
0.394559842519685
20
0.7002509448818898
11
0.3941442913385826
21
0.7006665354330709
0
LINE
8
BLACK
6
CONTINUOUS
10
0.3941442913385826
20
0.7006665354330709
11
0.393916968503937
21
0.7012152362204724
0
LINE
8
BLACK
6
CONTINUOUS
10
0.393916968503937
20
0.7012152362204724
11
0.3935874015748032
21
0.7017096456692913
0
LINE
8
BLACK
6
CONTINUOUS
10
0.3935874015748032
20
0.7017096456692913
11
0.3934733070866142
21
0.7022863779527558
0
LINE
8
BLACK
6
CONTINUOUS
10
0.3934733070866142
20
0.7022863779527558
11
0.3932483858267716
21
0.7028294094488189
0
LINE
8
BLACK
6
CONTINUOUS
10
0.3932483858267716
20
0.7028294094488189
11
0.3932483858267716
21
0.7034234645669292
0
LINE
8
BLACK
6
CONTINUOUS
10
0.3932483858267716
20
0.7034234645669292
11
0.3931331102362204
21
0.7040062204724409
0
LINE
8
BLACK
6
CONTINUOUS
10
0.3931331102362204
20
0.7040062204724409
11
0.3932483858267716
21
0.7045825590551181
0
LINE
8
BLACK
6
CONTINUOUS
10
0.3932483858267716
20
0.7045825590551181
11
0.3932483858267716
21
0.7051705118110236
0
LINE
8
BLACK
6
CONTINUOUS
10
0.3932483858267716
20
0.7051705118110236
11
0.393475748031496
21
0.7057194094488188
0
LINE
8
BLACK
6
CONTINUOUS
10
0.393475748031496
20
0.7057194094488188
11
0.3935922440944882
21
0.7063018503937007
0
LINE
8
BLACK
6
CONTINUOUS
10
0.3935922440944882
20
0.7063018503937007
11
0.3939192913385827
21
0.7067902362204724
0
LINE
8
BLACK
6
CONTINUOUS
10
0.3939192913385827
20
0.7067902362204724
11
0.3941442913385826
21
0.7073333858267716
0
LINE
8
BLACK
6
CONTINUOUS
10
0.3941442913385826
20
0.7073333858267716
11
0.3945642913385827
21
0.7077533858267716
0
LINE
8
BLACK
6
CONTINUOUS
10
0.3945642913385827
20
0.7077533858267716
11
0.3948948818897638
21
0.7082470472440945
0
LINE
8
BLACK
6
CONTINUOUS
10
0.3948948818897638
20
0.7082470472440945
11
0.3957951181102362
21
0.7089842125984251
0
LINE
8
BLACK
6
CONTINUOUS
10
0.3957951181102362
20
0.7089842125984251
11
0.3957996850393701
21
0.708988779527559
0
LINE
8
BLACK
6
CONTINUOUS
10
0.3957996850393701
20
0.708988779527559
11
0.3958016929133858
21
0.7089896062992126
0
LINE
8
BLACK
6
CONTINUOUS
10
0.3958016929133858
20
0.7089896062992126
11
0.3958049212598425
21
0.7089922440944881
0
LINE
8
BLACK
6
CONTINUOUS
10
0.3958049212598425
20
0.7089922440944881
11
0.4038818897637795
21
0.7143768897637796
0
LINE
8
BLACK
6
CONTINUOUS
10
0.4038818897637795
20
0.7143768897637796
11
0.4084876377952756
21
0.7189826377952756
0
LINE
8
BLACK
6
CONTINUOUS
10
0.4084876377952756
20
0.7189826377952756
11
0.4109094094488189
21
0.7238261417322834
0
LINE
8
BLACK
6
CONTINUOUS
10
0.4109094094488189
20
0.7238261417322834
11
0.4115360236220472
21
0.7248215354330708
0
LINE
8
BLACK
6
CONTINUOUS
10
0.4115360236220472
20
0.7248215354330708
11
0.4133046062992126
21
0.7263554330708661
0
LINE
8
BLACK
6
CONTINUOUS
10
0.4133046062992126
20
0.7263554330708661
11
0.4155255511811023
21
0.7270957086614173
0
LINE
8
BLACK
6
CONTINUOUS
10
0.4155255511811023
20
0.7270957086614173
11
0.417860748031496
21
0.7269297637795276
0
LINE
8
BLACK
6
CONTINUOUS
10
0.2555747244094488
20
0.7013723228346457
11
0.2556214960629921
21
0.7013879133858267
0
LINE
8
BLACK
6
CONTINUOUS
10
0.2556214960629921
20
0.7013879133858267
11
0.2559536220472441
21
0.7012969291338582
0
LINE
8
BLACK
6
CONTINUOUS
10
0.2559536220472441
20
0.7012969291338582
11
0.256291811023622
21
0.7012296850393701
0
LINE
8
BLACK
6
CONTINUOUS
10
0.256291811023622
20
0.7012296850393701
11
0.2563266929133858
21
0.7011947637795275
0
LINE
8
BLACK
6
CONTINUOUS
10
0.2563266929133858
20
0.7011947637795275
11
0.2564305905511811
21
0.7011663385826772
0
LINE
8
BLACK
6
CONTINUOUS
10
0.2564305905511811
20
0.7011663385826772
11
0.257075
21
0.7008441338582677
0
LINE
8
BLACK
6
CONTINUOUS
10
0.257075
20
0.7008441338582677
11
0.2574605511811023
21
0.7012296850393701
0
LINE
8
BLACK
6
CONTINUOUS
10
0.2574605511811023
20
0.7012296850393701
11
0.259106062992126
21
0.7012296850393701
0
LINE
8
BLACK
6
CONTINUOUS
10
0.259106062992126
20
0.7012296850393701
11
0.2602696456692913
21
0.7000661023622047
0
LINE
8
BLACK
6
CONTINUOUS
10
0.2602696456692913
20
0.7000661023622047
11
0.2604333070866142
21
0.6992433464566929
0
LINE
8
BLACK
6
CONTINUOUS
10
0.2604333070866142
20
0.6992433464566929
11
0.2604333070866142
21
0.68611
0
LINE
8
BLACK
6
CONTINUOUS
10
0.2604333070866142
20
0.68611
11
0.2602696456692913
21
0.6852872440944882
0
LINE
8
BLACK
6
CONTINUOUS
10
0.2602696456692913
20
0.6852872440944882
11
0.259106062992126
21
0.6841236614173228
0
LINE
8
BLACK
6
CONTINUOUS
10
0.259106062992126
20
0.6841236614173228
11
0.2574605511811023
21
0.6841236614173228
0
LINE
8
BLACK
6
CONTINUOUS
10
0.2574605511811023
20
0.6841236614173228
11
0.256296968503937
21
0.6852872440944882
0
LINE
8
BLACK
6
CONTINUOUS
10
0.256296968503937
20
0.6852872440944882
11
0.2561333070866142
21
0.68611
0
LINE
8
BLACK
6
CONTINUOUS
10
0.2561333070866142
20
0.68611
11
0.2561333070866142
21
0.6964765748031496
0
LINE
8
BLACK
6
CONTINUOUS
10
0.2561333070866142
20
0.6964765748031496
11
0.2560716141732283
21
0.6965382677165354
0
LINE
8
BLACK
6
CONTINUOUS
10
0.2560716141732283
20
0.6965382677165354
11
0.2549615354330709
21
0.6970933464566929
0
LINE
8
BLACK
6
CONTINUOUS
10
0.2549615354330709
20
0.6970933464566929
11
0.2531623228346457
21
0.6970933464566929
0
LINE
8
BLACK
6
CONTINUOUS
10
0.2531623228346457
20
0.6970933464566929
11
0.252381062992126
21
0.696702716535433
0
LINE
8
BLACK
6
CONTINUOUS
10
0.252381062992126
20
0.696702716535433
11
0.2519904724409449
21
0.6959214960629921
0
LINE
8
BLACK
6
CONTINUOUS
10
0.2519904724409449
20
0.6959214960629921
11
0.2519904724409449
21
0.68611
0
LINE
8
BLACK
6
CONTINUOUS
10
0.2519904724409449
20
0.68611
11
0.251826811023622
21
0.6852872440944882
0
LINE
8
BLACK
6
CONTINUOUS
10
0.251826811023622
20
0.6852872440944882
11
0.2506632283464567
21
0.6841236614173228
0
LINE
8
BLACK
6
CONTINUOUS
10
0.2506632283464567
20
0.6841236614173228
11
0.2490177165354331
21
0.6841236614173228
0
LINE
8
BLACK
6
CONTINUOUS
10
0.2490177165354331
20
0.6841236614173228
11
0.2478541338582677
21
0.6852872440944882
0
LINE
8
BLACK
6
CONTINUOUS
10
0.2478541338582677
20
0.6852872440944882
11
0.2476904724409449
21
0.68611
0
LINE
8
BLACK
6
CONTINUOUS
10
0.2476904724409449
20
0.68611
11
0.2476904724409449
21
0.6964290551181103
0
LINE
8
BLACK
6
CONTINUOUS
10
0.2476904724409449
20
0.6964290551181103
11
0.2477114566929134
21
0.6965346850393701
0
LINE
8
BLACK
6
CONTINUOUS
10
0.2477114566929134
20
0.6965346850393701
11
0.247695905511811
21
0.6965814566929134
0
LINE
8
BLACK
6
CONTINUOUS
10
0.247695905511811
20
0.6965814566929134
11
0.2477868503937008
21
0.6969137007874016
0
LINE
8
BLACK
6
CONTINUOUS
10
0.2477868503937008
20
0.6969137007874016
11
0.2478541338582677
21
0.697251811023622
0
LINE
8
BLACK
6
CONTINUOUS
10
0.2478541338582677
20
0.697251811023622
11
0.2478889763779528
21
0.6972866535433071
0
LINE
8
BLACK
6
CONTINUOUS
10
0.2478889763779528
20
0.6972866535433071
11
0.2479174409448819
21
0.6973905511811024
0
LINE
8
BLACK
6
CONTINUOUS
10
0.2479174409448819
20
0.6973905511811024
11
0.2488555118110236
21
0.6992667322834646
0
LINE
8
BLACK
6
CONTINUOUS
10
0.2488555118110236
20
0.6992667322834646
11
0.2491179921259842
21
0.6996049212598425
0
LINE
8
BLACK
6
CONTINUOUS
10
0.2491179921259842
20
0.6996049212598425
11
0.2491543307086614
21
0.699713937007874
0
LINE
8
BLACK
6
CONTINUOUS
10
0.2491543307086614
20
0.699713937007874
11
0.2492756692913386
21
0.6998080708661417
0
LINE
8
BLACK
6
CONTINUOUS
10
0.2492756692913386
20
0.6998080708661417
11
0.249369842519685
21
0.6999294488188976
0
LINE
8
BLACK
6
CONTINUOUS
10
0.249369842519685
20
0.6999294488188976
11
0.2494788188976378
21
0.699965748031496
0
LINE
8
BLACK
6
CONTINUOUS
10
0.2494788188976378
20
0.699965748031496
11
0.2498170472440945
21
0.7002282677165355
0
LINE
8
BLACK
6
CONTINUOUS
10
0.2498170472440945
20
0.7002282677165355
11
0.2516932677165354
21
0.7011663779527559
0
LINE
8
BLACK
6
CONTINUOUS
10
0.2516932677165354
20
0.7011663779527559
11
0.251797125984252
21
0.7011948031496062
0
LINE
8
BLACK
6
CONTINUOUS
10
0.251797125984252
20
0.7011948031496062
11
0.2518320078740157
21
0.7012296850393701
0
LINE
8
BLACK
6
CONTINUOUS
10
0.2518320078740157
20
0.7012296850393701
11
0.25217
21
0.7012968897637795
0
LINE
8
BLACK
6
CONTINUOUS
10
0.25217
20
0.7012968897637795
11
0.2525023228346457
21
0.7013879133858267
0
LINE
8
BLACK
6
CONTINUOUS
10
0.2525023228346457
20
0.7013879133858267
11
0.2525490551181102
21
0.7013723228346457
0
LINE
8
BLACK
6
CONTINUOUS
10
0.2525490551181102
20
0.7013723228346457
11
0.2526547637795276
21
0.7013933464566929
0
LINE
8
BLACK
6
CONTINUOUS
10
0.2526547637795276
20
0.7013933464566929
11
0.2554690551181102
21
0.7013933464566929
0
LINE
8
BLACK
6
CONTINUOUS
10
0.2554690551181102
20
0.7013933464566929
11
0.2555747244094488
21
0.7013723228346457
0
LINE
8
BLACK
6
CONTINUOUS
10
0.1894183070866142
20
0.8016124803149606
11
0.1916124803149606
21
0.7994183070866142
0
LINE
8
BLACK
6
CONTINUOUS
10
0.1916124803149606
20
0.7994183070866142
11
0.1922195275590551
21
0.7979527559055118
0
LINE
8
BLACK
6
CONTINUOUS
10
0.1922195275590551
20
0.7979527559055118
11
0.23
21
0.7979527559055118
0
LINE
8
BLACK
6
CONTINUOUS
10
0.23
20
0.7979527559055118
11
0.230576062992126
21
0.7978960236220473
0
LINE
8
BLACK
6
CONTINUOUS
10
0.230576062992126
20
0.7978960236220473
11
0.2316404724409449
21
0.7974551181102362
0
LINE
8
BLACK
6
CONTINUOUS
10
0.2316404724409449
20
0.7974551181102362
11
0.2324551181102362
21
0.7966404724409448
0
LINE
8
BLACK
6
CONTINUOUS
10
0.2324551181102362
20
0.7966404724409448
11
0.2328960236220472
21
0.795576062992126
0
LINE
8
BLACK
6
CONTINUOUS
10
0.2328960236220472
20
0.795576062992126
11
0.2328960236220472
21
0.7944239370078739
0
LINE
8
BLACK
6
CONTINUOUS
10
0.2328960236220472
20
0.7944239370078739
11
0.2324551181102362
21
0.7933595275590551
0
LINE
8
BLACK
6
CONTINUOUS
10
0.2324551181102362
20
0.7933595275590551
11
0.2316404724409449
21
0.7925448818897638
0
LINE
8
BLACK
6
CONTINUOUS
10
0.2316404724409449
20
0.7925448818897638
11
0.230576062992126
21
0.7921039763779527
0
LINE
8
BLACK
6
CONTINUOUS
10
0.230576062992126
20
0.7921039763779527
11
0.23
21
0.7920472440944881
0
LINE
8
BLACK
6
CONTINUOUS
10
0.23
20
0.7920472440944881
11
0.1929527559055118
21
0.7920472440944881
0
LINE
8
BLACK
6
CONTINUOUS
10
0.1929527559055118
20
0.7920472440944881
11
0.1929527559055118
21
0.7379527559055118
0
LINE
8
BLACK
6
CONTINUOUS
10
0.1929527559055118
20
0.7379527559055118
11
0.23
21
0.7379527559055118
0
LINE
8
BLACK
6
CONTINUOUS
10
0.23
20
0.7379527559055118
11
0.230576062992126
21
0.7378960236220472
0
LINE
8
BLACK
6
CONTINUOUS
10
0.230576062992126
20
0.7378960236220472
11
0.2316404724409449
21
0.7374551181102362
0
LINE
8
BLACK
6
CONTINUOUS
10
0.2316404724409449
20
0.7374551181102362
11
0.2324551181102362
21
0.7366404724409449
0
LINE
8
BLACK
6
CONTINUOUS
10
0.2324551181102362
20
0.7366404724409449
11
0.2328960236220472
21
0.735576062992126
0
LINE
8
BLACK
6
CONTINUOUS
10
0.2328960236220472
20
0.735576062992126
11
0.2328960236220472
21
0.734423937007874
0
LINE
8
BLACK
6
CONTINUOUS
10
0.2328960236220472
20
0.734423937007874
11
0.2324551181102362
21
0.7333595275590551
0
LINE
8
BLACK
6
CONTINUOUS
10
0.2324551181102362
20
0.7333595275590551
11
0.2316404724409449
21
0.7325448818897637
0
LINE
8
BLACK
6
CONTINUOUS
10
0.2316404724409449
20
0.7325448818897637
11
0.230576062992126
21
0.7321039763779528
0
LINE
8
BLACK
6
CONTINUOUS
10
0.230576062992126
20
0.7321039763779528
11
0.23
21
0.7320472440944882
0
LINE
8
BLACK
6
CONTINUOUS
10
0.23
20
0.7320472440944882
11
0.19
21
0.7320472440944882
0
LINE
8
BLACK
6
CONTINUOUS
10
0.19
20
0.7320472440944882
11
0.189423937007874
21
0.7321039763779528
0
LINE
8
BLACK
6
CONTINUOUS
10
0.189423937007874
20
0.7321039763779528
11
0.1883595275590551
21
0.7325448818897637
0
LINE
8
BLACK
6
CONTINUOUS
10
0.1883595275590551
20
0.7325448818897637
11
0.1875448818897638
21
0.7333595275590551
0
LINE
8
BLACK
6
CONTINUOUS
10
0.1875448818897638
20
0.7333595275590551
11
0.1871039763779528
21
0.734423937007874
0
LINE
8
BLACK
6
CONTINUOUS
10
0.1871039763779528
20
0.734423937007874
11
0.1870472440944882
21
0.735
0
LINE
8
BLACK
6
CONTINUOUS
10
0.1870472440944882
20
0.735
11
0.1870472440944882
21
0.7874053543307087
0
LINE
8
BLACK
6
CONTINUOUS
10
0.1870472440944882
20
0.7874053543307087
11
0.1865514960629921
21
0.7872000393700788
0
LINE
8
BLACK
6
CONTINUOUS
10
0.1865514960629921
20
0.7872000393700788
11
0.1834485039370079
21
0.7872000393700788
0
LINE
8
BLACK
6
CONTINUOUS
10
0.1834485039370079
20
0.7872000393700788
11
0.1805816929133858
21
0.7883875196850394
0
LINE
8
BLACK
6
CONTINUOUS
10
0.1805816929133858
20
0.7883875196850394
11
0.1783875196850394
21
0.7905816929133858
0
LINE
8
BLACK
6
CONTINUOUS
10
0.1783875196850394
20
0.7905816929133858
11
0.1772000393700787
21
0.7934485039370078
0
LINE
8
BLACK
6
CONTINUOUS
10
0.1772000393700787
20
0.7934485039370078
11
0.1772000393700787
21
0.7958479921259842
0
LINE
8
BLACK
6
CONTINUOUS
10
0.1772000393700787
20
0.7958479921259842
11
0.1772000393700787
21
0.7965514960629921
0
LINE
8
BLACK
6
CONTINUOUS
10
0.1772000393700787
20
0.7965514960629921
11
0.1783875196850394
21
0.7994183070866142
0
LINE
8
BLACK
6
CONTINUOUS
10
0.1783875196850394
20
0.7994183070866142
11
0.1805816929133858
21
0.8016124803149606
0
LINE
8
BLACK
6
CONTINUOUS
10
0.1805816929133858
20
0.8016124803149606
11
0.1834485039370079
21
0.8027999606299212
0
LINE
8
BLACK
6
CONTINUOUS
10
0.1834485039370079
20
0.8027999606299212
11
0.1865514960629921
21
0.8027999606299212
0
LINE
8
BLACK
6
CONTINUOUS
10
0.1865514960629921
20
0.8027999606299212
11
0.1894183070866142
21
0.8016124803149606
0
LINE
8
BLACK
6
CONTINUOUS
10
0.1829527559055118
20
0.7941520078740157
11
0.1841520078740158
21
0.7929527559055118
0
LINE
8
BLACK
6
CONTINUOUS
10
0.1841520078740158
20
0.7929527559055118
11
0.1858479921259842
21
0.7929527559055118
0
LINE
8
BLACK
6
CONTINUOUS
10
0.1858479921259842
20
0.7929527559055118
11
0.1870472440944882
21
0.7941520078740157
0
LINE
8
BLACK
6
CONTINUOUS
10
0.1870472440944882
20
0.7941520078740157
11
0.1870472440944882
21
0.7958479921259842
0
LINE
8
BLACK
6
CONTINUOUS
10
0.1870472440944882
20
0.7958479921259842
11
0.1858479921259842
21
0.7970472440944881
0
LINE
8
BLACK
6
CONTINUOUS
10
0.1858479921259842
20
0.7970472440944881
11
0.1841520078740158
21
0.7970472440944881
0
LINE
8
BLACK
6
CONTINUOUS
10
0.1841520078740158
20
0.7970472440944881
11
0.1829527559055118
21
0.7958479921259842
0
LINE
8
BLACK
6
CONTINUOUS
10
0.1829527559055118
20
0.7958479921259842
11
0.1829527559055118
21
0.7941520078740157
0
LINE
8
BLACK
6
CONTINUOUS
10
0.310576062992126
20
0.7978960236220473
11
0.3116404724409449
21
0.7974551181102362
0
LINE
8
BLACK
6
CONTINUOUS
10
0.3116404724409449
20
0.7974551181102362
11
0.3124551181102362
21
0.7966404724409448
0
LINE
8
BLACK
6
CONTINUOUS
10
0.3124551181102362
20
0.7966404724409448
11
0.3128960236220472
21
0.795576062992126
0
LINE
8
BLACK
6
CONTINUOUS
10
0.3128960236220472
20
0.795576062992126
11
0.3129527559055118
21
0.7949999999999999
0
LINE
8
BLACK
6
CONTINUOUS
10
0.3129527559055118
20
0.7949999999999999
11
0.3129527559055118
21
0.735
0
LINE
8
BLACK
6
CONTINUOUS
10
0.3129527559055118
20
0.735
11
0.3128960236220472
21
0.734423937007874
0
LINE
8
BLACK
6
CONTINUOUS
10
0.3128960236220472
20
0.734423937007874
11
0.3124551181102362
21
0.7333595275590551
0
LINE
8
BLACK
6
CONTINUOUS
10
0.3124551181102362
20
0.7333595275590551
11
0.3116404724409449
21
0.7325448818897637
0
LINE
8
BLACK
6
CONTINUOUS
10
0.3116404724409449
20
0.7325448818897637
11
0.310576062992126
21
0.7321039763779528
0
LINE
8
BLACK
6
CONTINUOUS
10
0.310576062992126
20
0.7321039763779528
11
0.31
21
0.7320472440944882
0
LINE
8
BLACK
6
CONTINUOUS
10
0.31
20
0.7320472440944882
11
0.27
21
0.7320472440944882
0
LINE
8
BLACK
6
CONTINUOUS
10
0.27
20
0.7320472440944882
11
0.269423937007874
21
0.7321039763779528
0
LINE
8
BLACK
6
CONTINUOUS
10
0.269423937007874
20
0.7321039763779528
11
0.2683595275590551
21
0.7325448818897637
0
LINE
8
BLACK
6
CONTINUOUS
10
0.2683595275590551
20
0.7325448818897637
11
0.2675448818897638
21
0.7333595275590551
0
LINE
8
BLACK
6
CONTINUOUS
10
0.2675448818897638
20
0.7333595275590551
11
0.2671039763779527
21
0.734423937007874
0
LINE
8
BLACK
6
CONTINUOUS
10
0.2671039763779527
20
0.734423937007874
11
0.2671039763779527
21
0.735576062992126
0
LINE
8
BLACK
6
CONTINUOUS
10
0.2671039763779527
20
0.735576062992126
11
0.2675448818897638
21
0.7366404724409449
0
LINE
8
BLACK
6
CONTINUOUS
10
0.2675448818897638
20
0.7366404724409449
11
0.2683595275590551
21
0.7374551181102362
0
LINE
8
BLACK
6
CONTINUOUS
10
0.2683595275590551
20
0.7374551181102362
11
0.269423937007874
21
0.7378960236220472
0
LINE
8
BLACK
6
CONTINUOUS
10
0.269423937007874
20
0.7378960236220472
11
0.27
21
0.7379527559055118
0
LINE
8
BLACK
6
CONTINUOUS
10
0.27
20
0.7379527559055118
11
0.3070472440944882
21
0.7379527559055118
0
LINE
8
BLACK
6
CONTINUOUS
10
0.3070472440944882
20
0.7379527559055118
11
0.3070472440944882
21
0.7920472440944881
0
LINE
8
BLACK
6
CONTINUOUS
10
0.3070472440944882
20
0.7920472440944881
11
0.2775020866141732
21
0.7920472440944881
0
LINE
8
BLACK
6
CONTINUOUS
10
0.2775020866141732
20
0.7920472440944881
11
0.2780067322834646
21
0.7917949212598425
0
LINE
8
BLACK
6
CONTINUOUS
10
0.2780067322834646
20
0.7917949212598425
11
0.278279094488189
21
0.7915834645669291
0
LINE
8
BLACK
6
CONTINUOUS
10
0.278279094488189
20
0.7915834645669291
11
0.2785654330708661
21
0.7913922047244094
0
LINE
8
BLACK
6
CONTINUOUS
10
0.2785654330708661
20
0.7913922047244094
11
0.2795035433070866
21
0.7904541338582677
0
LINE
8
BLACK
6
CONTINUOUS
10
0.2795035433070866
20
0.7904541338582677
11
0.2799696062992126
21
0.789756653543307
0
LINE
8
BLACK
6
CONTINUOUS
10
0.2799696062992126
20
0.789756653543307
11
0.2799696456692913
21
0.7881111023622047
0
LINE
8
BLACK
6
CONTINUOUS
10
0.2799696456692913
20
0.7881111023622047
11
0.2788061023622047
21
0.7869475196850394
0
LINE
8
BLACK
6
CONTINUOUS
10
0.2788061023622047
20
0.7869475196850394
11
0.2771605511811023
21
0.7869474803149606
0
LINE
8
BLACK
6
CONTINUOUS
10
0.2771605511811023
20
0.7869474803149606
11
0.2764630708661417
21
0.7874135039370078
0
LINE
8
BLACK
6
CONTINUOUS
10
0.2764630708661417
20
0.7874135039370078
11
0.2757716141732283
21
0.7881048818897638
0
LINE
8
BLACK
6
CONTINUOUS
10
0.2757716141732283
20
0.7881048818897638
11
0.2746614960629921
21
0.78866
0
LINE
8
BLACK
6
CONTINUOUS
10
0.2746614960629921
20
0.78866
11
0.2709861417322835
21
0.78866
0
LINE
8
BLACK
6
CONTINUOUS
10
0.2709861417322835
20
0.78866
11
0.269875905511811
21
0.7881048818897638
0
LINE
8
BLACK
6
CONTINUOUS
10
0.269875905511811
20
0.7881048818897638
11
0.2694312204724409
21
0.7876601968503937
0
LINE
8
BLACK
6
CONTINUOUS
10
0.2694312204724409
20
0.7876601968503937
11
0.2688761811023622
21
0.7865500393700787
0
LINE
8
BLACK
6
CONTINUOUS
10
0.2688761811023622
20
0.7865500393700787
11
0.2688761811023622
21
0.7855303149606299
0
LINE
8
BLACK
6
CONTINUOUS
10
0.2688761811023622
20
0.7855303149606299
11
0.2695434251968504
21
0.7835284645669292
0
LINE
8
BLACK
6
CONTINUOUS
10
0.2695434251968504
20
0.7835284645669292
11
0.2804416929133858
21
0.7726302755905512
0
LINE
8
BLACK
6
CONTINUOUS
10
0.2804416929133858
20
0.7726302755905512
11
0.2809077559055118
21
0.7719327952755906
0
LINE
8
BLACK
6
CONTINUOUS
10
0.2809077559055118
20
0.7719327952755906
11
0.2809077559055118
21
0.7719327559055118
0
LINE
8
BLACK
6
CONTINUOUS
10
0.2809077559055118
20
0.7719327559055118
11
0.2809077559055118
21
0.7702872440944881
0
LINE
8
BLACK
6
CONTINUOUS
10
0.2809077559055118
20
0.7702872440944881
11
0.2797441732283464
21
0.7691236614173228
0
LINE
8
BLACK
6
CONTINUOUS
10
0.2797441732283464
20
0.7691236614173228
11
0.2789214173228347
21
0.76896
0
LINE
8
BLACK
6
CONTINUOUS
10
0.2789214173228347
20
0.76896
11
0.2667261811023622
21
0.76896
0
LINE
8
BLACK
6
CONTINUOUS
10
0.2667261811023622
20
0.76896
11
0.2659034251968504
21
0.7691236614173228
0
LINE
8
BLACK
6
CONTINUOUS
10
0.2659034251968504
20
0.7691236614173228
11
0.264739842519685
21
0.7702872440944881
0
LINE
8
BLACK
6
CONTINUOUS
10
0.264739842519685
20
0.7702872440944881
11
0.264739842519685
21
0.7719327559055118
0
LINE
8
BLACK
6
CONTINUOUS
10
0.264739842519685
20
0.7719327559055118
11
0.2659034251968504
21
0.7730963385826771
0
LINE
8
BLACK
6
CONTINUOUS
10
0.2659034251968504
20
0.7730963385826771
11
0.2667261811023622
21
0.7732599999999999
0
LINE
8
BLACK
6
CONTINUOUS
10
0.2667261811023622
20
0.7732599999999999
11
0.2737308661417323
21
0.7732599999999999
0
LINE
8
BLACK
6
CONTINUOUS
10
0.2737308661417323
20
0.7732599999999999
11
0.2661439763779527
21
0.7808468503937007
0
LINE
8
BLACK
6
CONTINUOUS
10
0.2661439763779527
20
0.7808468503937007
11
0.266084094488189
21
0.7809364173228346
0
LINE
8
BLACK
6
CONTINUOUS
10
0.266084094488189
20
0.7809364173228346
11
0.26604
21
0.7809585039370078
0
LINE
8
BLACK
6
CONTINUOUS
10
0.26604
20
0.7809585039370078
11
0.2658694488188976
21
0.7812576377952756
0
LINE
8
BLACK
6
CONTINUOUS
10
0.2658694488188976
20
0.7812576377952756
11
0.2656779133858267
21
0.7815443307086614
0
LINE
8
BLACK
6
CONTINUOUS
10
0.2656779133858267
20
0.7815443307086614
11
0.2656779133858267
21
0.7815936614173228
0
LINE
8
BLACK
6
CONTINUOUS
10
0.2656779133858267
20
0.7815936614173228
11
0.2656245669291338
21
0.781687283464567
0
LINE
8
BLACK
6
CONTINUOUS
10
0.2656245669291338
20
0.781687283464567
11
0.2646864960629921
21
0.7845015354330709
0
LINE
8
BLACK
6
CONTINUOUS
10
0.2646864960629921
20
0.7845015354330709
11
0.2646433858267717
21
0.7848434251968504
0
LINE
8
BLACK
6
CONTINUOUS
10
0.2646433858267717
20
0.7848434251968504
11
0.2645761811023622
21
0.7851814173228346
0
LINE
8
BLACK
6
CONTINUOUS
10
0.2645761811023622
20
0.7851814173228346
11
0.2645761811023622
21
0.7870575984251968
0
LINE
8
BLACK
6
CONTINUOUS
10
0.2645761811023622
20
0.7870575984251968
11
0.2645971653543307
21
0.7871632283464567
0
LINE
8
BLACK
6
CONTINUOUS
10
0.2645971653543307
20
0.7871632283464567
11
0.2645816141732283
21
0.78721
0
LINE
8
BLACK
6
CONTINUOUS
10
0.2645816141732283
20
0.78721
11
0.2646725590551181
21
0.7875422440944881
0
LINE
8
BLACK
6
CONTINUOUS
10
0.2646725590551181
20
0.7875422440944881
11
0.264739842519685
21
0.7878803543307087
0
LINE
8
BLACK
6
CONTINUOUS
10
0.264739842519685
20
0.7878803543307087
11
0.2647746850393701
21
0.7879151968503937
0
LINE
8
BLACK
6
CONTINUOUS
10
0.2647746850393701
20
0.7879151968503937
11
0.2648031496062992
21
0.788019094488189
0
LINE
8
BLACK
6
CONTINUOUS
10
0.2648031496062992
20
0.788019094488189
11
0.2657412204724409
21
0.7898953149606299
0
LINE
8
BLACK
6
CONTINUOUS
10
0.2657412204724409
20
0.7898953149606299
11
0.2659525984251969
21
0.7901676771653543
0
LINE
8
BLACK
6
CONTINUOUS
10
0.2659525984251969
20
0.7901676771653543
11
0.2661440157480315
21
0.7904541338582677
0
LINE
8
BLACK
6
CONTINUOUS
10
0.2661440157480315
20
0.7904541338582677
11
0.267082125984252
21
0.7913922047244094
0
LINE
8
BLACK
6
CONTINUOUS
10
0.267082125984252
20
0.7913922047244094
11
0.2673687401574803
21
0.7915837007874016
0
LINE
8
BLACK
6
CONTINUOUS
10
0.2673687401574803
20
0.7915837007874016
11
0.2676408267716535
21
0.7917948818897638
0
LINE
8
BLACK
6
CONTINUOUS
10
0.2676408267716535
20
0.7917948818897638
11
0.2687868110236221
21
0.792367874015748
0
LINE
8
BLACK
6
CONTINUOUS
10
0.2687868110236221
20
0.792367874015748
11
0.2683595275590551
21
0.7925448818897638
0
LINE
8
BLACK
6
CONTINUOUS
10
0.2683595275590551
20
0.7925448818897638
11
0.2675448818897638
21
0.7933595275590551
0
LINE
8
BLACK
6
CONTINUOUS
10
0.2675448818897638
20
0.7933595275590551
11
0.2671039763779527
21
0.7944239370078739
0
LINE
8
BLACK
6
CONTINUOUS
10
0.2671039763779527
20
0.7944239370078739
11
0.2671039763779527
21
0.795576062992126
0
LINE
8
BLACK
6
CONTINUOUS
10
0.2671039763779527
20
0.795576062992126
11
0.2675448818897638
21
0.7966404724409448
0
LINE
8
BLACK
6
CONTINUOUS
10
0.2675448818897638
20
0.7966404724409448
11
0.2683595275590551
21
0.7974551181102362
0
LINE
8
BLACK
6
CONTINUOUS
10
0.2683595275590551
20
0.7974551181102362
11
0.269423937007874
21
0.7978960236220473
0
LINE
8
BLACK
6
CONTINUOUS
10
0.269423937007874
20
0.7978960236220473
11
0.27
21
0.7979527559055118
0
LINE
8
BLACK
6
CONTINUOUS
10
0.27
20
0.7979527559055118
11
0.31
21
0.7979527559055118
0
LINE
8
BLACK
6
CONTINUOUS
10
0.31
20
0.7979527559055118
11
0.310576062992126
21
0.7978960236220473
0
LINE
8
BLACK
6
CONTINUOUS
10
0.4336229527559055
20
0.7871227165354331
11
0.4337104724409448
21
0.787135748031496
0
LINE
8
BLACK
6
CONTINUOUS
10
0.4337104724409448
20
0.787135748031496
11
0.4341485826771653
21
0.7870709448818898
0
LINE
8
BLACK
6
CONTINUOUS
10
0.4341485826771653
20
0.7870709448818898
11
0.4345893700787402
21
0.7870275590551181
0
LINE
8
BLACK
6
CONTINUOUS
10
0.4345893700787402
20
0.7870275590551181
11
0.434671062992126
21
0.7869937007874016
0
LINE
8
BLACK
6
CONTINUOUS
10
0.434671062992126
20
0.7869937007874016
11
0.4348740551181102
21
0.7869637007874015
0
LINE
8
BLACK
6
CONTINUOUS
10
0.4348740551181102
20
0.7869637007874015
11
0.4463026377952756
21
0.7841065354330709
0
LINE
8
BLACK
6
CONTINUOUS
10
0.4463026377952756
20
0.7841065354330709
11
0.4463890551181102
21
0.7840756299212598
0
LINE
8
BLACK
6
CONTINUOUS
10
0.4463890551181102
20
0.7840756299212598
11
0.446432125984252
21
0.7840725984251968
0
LINE
8
BLACK
6
CONTINUOUS
10
0.446432125984252
20
0.7840725984251968
11
0.4469182677165354
21
0.7838865354330709
0
LINE
8
BLACK
6
CONTINUOUS
10
0.4469182677165354
20
0.7838865354330709
11
0.4474102755905512
21
0.7837107874015747
0
LINE
8
BLACK
6
CONTINUOUS
10
0.4474102755905512
20
0.7837107874015747
11
0.4474450787401575
21
0.7836849606299212
0
LINE
8
BLACK
6
CONTINUOUS
10
0.4474450787401575
20
0.7836849606299212
11
0.4475306692913386
21
0.7836522440944882
0
LINE
8
BLACK
6
CONTINUOUS
10
0.4475306692913386
20
0.7836522440944882
11
0.4532449606299213
21
0.7807951181102362
0
LINE
8
BLACK
6
CONTINUOUS
10
0.4532449606299213
20
0.7807951181102362
11
0.4537487007874015
21
0.7804779921259842
0
LINE
8
BLACK
6
CONTINUOUS
10
0.4537487007874015
20
0.7804779921259842
11
0.4538951181102362
21
0.7804173622047244
0
LINE
8
BLACK
6
CONTINUOUS
10
0.4538951181102362
20
0.7804173622047244
11
0.4540599212598425
21
0.7802820866141732
0
LINE
8
BLACK
6
CONTINUOUS
10
0.4540599212598425
20
0.7802820866141732
11
0.4542403937007874
21
0.7801685039370079
0
LINE
8
BLACK
6
CONTINUOUS
10
0.4542403937007874
20
0.7801685039370079
11
0.4543442125984252
21
0.780048779527559
0
LINE
8
BLACK
6
CONTINUOUS
10
0.4543442125984252
20
0.780048779527559
11
0.4548043307086614
21
0.7796711811023622
0
LINE
8
BLACK
6
CONTINUOUS
10
0.4548043307086614
20
0.7796711811023622
11
0.4605186220472441
21
0.7739568897637795
0
LINE
8
BLACK
6
CONTINUOUS
10
0.4605186220472441
20
0.7739568897637795
11
0.4612648031496063
21
0.7730476771653543
0
LINE
8
BLACK
6
CONTINUOUS
10
0.4612648031496063
20
0.7730476771653543
11
0.4613472834645669
21
0.7728485039370079
0
LINE
8
BLACK
6
CONTINUOUS
10
0.4613472834645669
20
0.7728485039370079
11
0.4614885826771654
21
0.7726856299212598
0
LINE
8
BLACK
6
CONTINUOUS
10
0.4614885826771654
20
0.7726856299212598
11
0.4619680708661417
21
0.7716116141732283
0
LINE
8
BLACK
6
CONTINUOUS
10
0.4619680708661417
20
0.7716116141732283
11
0.4648252362204724
21
0.7630401968503937
0
LINE
8
BLACK
6
CONTINUOUS
10
0.4648252362204724
20
0.7630401968503937
11
0.4649572047244094
21
0.7624596850393701
0
LINE
8
BLACK
6
CONTINUOUS
10
0.4649572047244094
20
0.7624596850393701
11
0.4650178346456693
21
0.7623133858267717
0
LINE
8
BLACK
6
CONTINUOUS
10
0.4650178346456693
20
0.7623133858267717
11
0.4650387007874016
21
0.7621012204724409
0
LINE
8
BLACK
6
CONTINUOUS
10
0.4650387007874016
20
0.7621012204724409
11
0.4650860236220472
21
0.7618932283464567
0
LINE
8
BLACK
6
CONTINUOUS
10
0.4650860236220472
20
0.7618932283464567
11
0.4650747637795276
21
0.7617350787401574
0
LINE
8
BLACK
6
CONTINUOUS
10
0.4650747637795276
20
0.7617350787401574
11
0.4651331102362204
21
0.7611428346456692
0
LINE
8
BLACK
6
CONTINUOUS
10
0.4651331102362204
20
0.7611428346456692
11
0.4651331102362204
21
0.7554285433070866
0
LINE
8
BLACK
6
CONTINUOUS
10
0.4651331102362204
20
0.7554285433070866
11
0.4650747637795276
21
0.7548362598425197
0
LINE
8
BLACK
6
CONTINUOUS
10
0.4650747637795276
20
0.7548362598425197
11
0.4650860236220472
21
0.7546781496062992
0
LINE
8
BLACK
6
CONTINUOUS
10
0.4650860236220472
20
0.7546781496062992
11
0.4650387007874016
21
0.7544701181102362
0
LINE
8
BLACK
6
CONTINUOUS
10
0.4650387007874016
20
0.7544701181102362
11
0.4650178346456693
21
0.7542579921259842
0
LINE
8
BLACK
6
CONTINUOUS
10
0.4650178346456693
20
0.7542579921259842
11
0.4649572047244094
21
0.7541116535433071
0
LINE
8
BLACK
6
CONTINUOUS
10
0.4649572047244094
20
0.7541116535433071
11
0.4648252362204724
21
0.7535311811023622
0
LINE
8
BLACK
6
CONTINUOUS
10
0.4648252362204724
20
0.7535311811023622
11
0.4619680708661417
21
0.7449597637795276
0
LINE
8
BLACK
6
CONTINUOUS
10
0.4619680708661417
20
0.7449597637795276
11
0.4614885826771654
21
0.7438857480314961
0
LINE
8
BLACK
6
CONTINUOUS
10
0.4614885826771654
20
0.7438857480314961
11
0.4613472834645669
21
0.7437228346456692
0
LINE
8
BLACK
6
CONTINUOUS
10
0.4613472834645669
20
0.7437228346456692
11
0.4612648031496063
21
0.7435237007874016
0
LINE
8
BLACK
6
CONTINUOUS
10
0.4612648031496063
20
0.7435237007874016
11
0.4605186220472441
21
0.7426144881889764
0
LINE
8
BLACK
6
CONTINUOUS
10
0.4605186220472441
20
0.7426144881889764
11
0.4576614566929134
21
0.7397573228346457
0
LINE
8
BLACK
6
CONTINUOUS
10
0.4576614566929134
20
0.7397573228346457
11
0.4567522440944882
21
0.7390111417322834
0
LINE
8
BLACK
6
CONTINUOUS
10
0.4567522440944882
20
0.7390111417322834
11
0.4545893700787402
21
0.7381152362204724
0
LINE
8
BLACK
6
CONTINUOUS
10
0.4545893700787402
20
0.7381152362204724
11
0.4522482677165354
21
0.7381152362204724
0
LINE
8
BLACK
6
CONTINUOUS
10
0.4522482677165354
20
0.7381152362204724
11
0.4500853937007874
21
0.7390111417322834
0
LINE
8
BLACK
6
CONTINUOUS
10
0.4500853937007874
20
0.7390111417322834
11
0.44843
21
0.7406665354330708
0
LINE
8
BLACK
6
CONTINUOUS
10
0.44843
20
0.7406665354330708
11
0.447534094488189
21
0.7428294094488189
0
LINE
8
BLACK
6
CONTINUOUS
10
0.447534094488189
20
0.7428294094488189
11
0.447534094488189
21
0.7451705118110236
0
LINE
8
BLACK
6
CONTINUOUS
10
0.447534094488189
20
0.7451705118110236
11
0.44843
21
0.7473333858267717
0
LINE
8
BLACK
6
CONTINUOUS
10
0.44843
20
0.7473333858267717
11
0.4491761811023622
21
0.7482425984251968
0
LINE
8
BLACK
6
CONTINUOUS
10
0.4491761811023622
20
0.7482425984251968
11
0.4510317716535433
21
0.7500981889763779
0
LINE
8
BLACK
6
CONTINUOUS
10
0.4510317716535433
20
0.7500981889763779
11
0.4531331102362204
21
0.7564021259842519
0
LINE
8
BLACK
6
CONTINUOUS
10
0.4531331102362204
20
0.7564021259842519
11
0.4531331102362204
21
0.7601692125984252
0
LINE
8
BLACK
6
CONTINUOUS
10
0.4531331102362204
20
0.7601692125984252
11
0.4510317716535433
21
0.7664731496062992
0
LINE
8
BLACK
6
CONTINUOUS
10
0.4510317716535433
20
0.7664731496062992
11
0.4470075590551181
21
0.7704973622047244
0
LINE
8
BLACK
6
CONTINUOUS
10
0.4470075590551181
20
0.7704973622047244
11
0.4427532677165354
21
0.7726245275590551
0
LINE
8
BLACK
6
CONTINUOUS
10
0.4427532677165354
20
0.7726245275590551
11
0.4326801181102362
21
0.7751428346456692
0
LINE
8
BLACK
6
CONTINUOUS
10
0.4326801181102362
20
0.7751428346456692
11
0.4255861023622047
21
0.7751428346456692
0
LINE
8
BLACK
6
CONTINUOUS
10
0.4255861023622047
20
0.7751428346456692
11
0.4155129133858267
21
0.7726245275590551
0
LINE
8
BLACK
6
CONTINUOUS
10
0.4155129133858267
20
0.7726245275590551
11
0.4112586220472441
21
0.7704973622047244
0
LINE
8
BLACK
6
CONTINUOUS
10
0.4112586220472441
20
0.7704973622047244
11
0.4072344488188976
21
0.766473188976378
0
LINE
8
BLACK
6
CONTINUOUS
10
0.4072344488188976
20
0.766473188976378
11
0.4051331102362205
21
0.7601691732283464
0
LINE
8
BLACK
6
CONTINUOUS
10
0.4051331102362205
20
0.7601691732283464
11
0.4051331102362205
21
0.7564021653543307
0
LINE
8
BLACK
6
CONTINUOUS
10
0.4051331102362205
20
0.7564021653543307
11
0.4072344488188976
21
0.7500981496062992
0
LINE
8
BLACK
6
CONTINUOUS
10
0.4072344488188976
20
0.7500981496062992
11
0.4090900393700787
21
0.7482425984251968
0
LINE
8
BLACK
6
CONTINUOUS
10
0.4090900393700787
20
0.7482425984251968
11
0.4098362204724409
21
0.7473333858267717
0
LINE
8
BLACK
6
CONTINUOUS
10
0.4098362204724409
20
0.7473333858267717
11
0.410732125984252
21
0.7451705118110236
0
LINE
8
BLACK
6
CONTINUOUS
10
0.410732125984252
20
0.7451705118110236
11
0.410732125984252
21
0.7428294094488189
0
LINE
8
BLACK
6
CONTINUOUS
10
0.410732125984252
20
0.7428294094488189
11
0.4098362204724409
21
0.7406665354330708
0
LINE
8
BLACK
6
CONTINUOUS
10
0.4098362204724409
20
0.7406665354330708
11
0.4081808267716535
21
0.7390111417322834
0
LINE
8
BLACK
6
CONTINUOUS
10
0.4081808267716535
20
0.7390111417322834
11
0.4060179527559055
21
0.7381152362204724
0
LINE
8
BLACK
6
CONTINUOUS
10
0.4060179527559055
20
0.7381152362204724
11
0.4036768503937008
21
0.7381152362204724
0
LINE
8
BLACK
6
CONTINUOUS
10
0.4036768503937008
20
0.7381152362204724
11
0.4015139763779527
21
0.7390111417322834
0
LINE
8
BLACK
6
CONTINUOUS
10
0.4015139763779527
20
0.7390111417322834
11
0.4006047637795275
21
0.7397573228346457
0
LINE
8
BLACK
6
CONTINUOUS
10
0.4006047637795275
20
0.7397573228346457
11
0.3977475984251969
21
0.7426144881889764
0
LINE
8
BLACK
6
CONTINUOUS
10
0.3977475984251969
20
0.7426144881889764
11
0.3970014173228346
21
0.7435237007874016
0
LINE
8
BLACK
6
CONTINUOUS
10
0.3970014173228346
20
0.7435237007874016
11
0.3969188976377953
21
0.7437228346456692
0
LINE
8
BLACK
6
CONTINUOUS
10
0.3969188976377953
20
0.7437228346456692
11
0.3967776771653543
21
0.7438857086614173
0
LINE
8
BLACK
6
CONTINUOUS
10
0.3967776771653543
20
0.7438857086614173
11
0.3962981496062992
21
0.7449597637795276
0
LINE
8
BLACK
6
CONTINUOUS
10
0.3962981496062992
20
0.7449597637795276
11
0.3934410236220472
21
0.7535311811023622
0
LINE
8
BLACK
6
CONTINUOUS
10
0.3934410236220472
20
0.7535311811023622
11
0.3933090157480315
21
0.7541115748031496
0
LINE
8
BLACK
6
CONTINUOUS
10
0.3933090157480315
20
0.7541115748031496
11
0.3932483858267716
21
0.7542579921259842
0
LINE
8
BLACK
6
CONTINUOUS
10
0.3932483858267716
20
0.7542579921259842
11
0.3932274803149606
21
0.7544701181102362
0
LINE
8
BLACK
6
CONTINUOUS
10
0.3932274803149606
20
0.7544701181102362
11
0.3931801968503937
21
0.7546781102362204
0
LINE
8
BLACK
6
CONTINUOUS
10
0.3931801968503937
20
0.7546781102362204
11
0.3931914173228346
21
0.7548362598425197
0
LINE
8
BLACK
6
CONTINUOUS
10
0.3931914173228346
20
0.7548362598425197
11
0.3931331102362204
21
0.7554285433070866
0
LINE
8
BLACK
6
CONTINUOUS
10
0.3931331102362204
20
0.7554285433070866
11
0.3931331102362204
21
0.7611428346456692
0
LINE
8
BLACK
6
CONTINUOUS
10
0.3931331102362204
20
0.7611428346456692
11
0.3931914173228346
21
0.7617350787401574
0
LINE
8
BLACK
6
CONTINUOUS
10
0.3931914173228346
20
0.7617350787401574
11
0.3931801968503937
21
0.7618932677165354
0
LINE
8
BLACK
6
CONTINUOUS
10
0.3931801968503937
20
0.7618932677165354
11
0.3932274803149606
21
0.7621012204724409
0
LINE
8
BLACK
6
CONTINUOUS
10
0.3932274803149606
20
0.7621012204724409
11
0.3932483858267716
21
0.7623133858267717
0
LINE
8
BLACK
6
CONTINUOUS
10
0.3932483858267716
20
0.7623133858267717
11
0.3933090157480315
21
0.7624597637795275
0
LINE
8
BLACK
6
CONTINUOUS
10
0.3933090157480315
20
0.7624597637795275
11
0.3934410236220472
21
0.7630401968503937
0
LINE
8
BLACK
6
CONTINUOUS
10
0.3934410236220472
20
0.7630401968503937
11
0.3962981496062992
21
0.7716116141732283
0
LINE
8
BLACK
6
CONTINUOUS
10
0.3962981496062992
20
0.7716116141732283
11
0.3967776771653543
21
0.7726856692913385
0
LINE
8
BLACK
6
CONTINUOUS
10
0.3967776771653543
20
0.7726856692913385
11
0.3969188976377953
21
0.7728485039370079
0
LINE
8
BLACK
6
CONTINUOUS
10
0.3969188976377953
20
0.7728485039370079
11
0.3970014173228346
21
0.7730476771653543
0
LINE
8
BLACK
6
CONTINUOUS
10
0.3970014173228346
20
0.7730476771653543
11
0.3977475984251969
21
0.7739568897637795
0
LINE
8
BLACK
6
CONTINUOUS
10
0.3977475984251969
20
0.7739568897637795
11
0.4034618897637795
21
0.7796711811023622
0
LINE
8
BLACK
6
CONTINUOUS
10
0.4034618897637795
20
0.7796711811023622
11
0.4039218503937008
21
0.7800486614173228
0
LINE
8
BLACK
6
CONTINUOUS
10
0.4039218503937008
20
0.7800486614173228
11
0.4040258267716536
21
0.7801685433070866
0
LINE
8
BLACK
6
CONTINUOUS
10
0.4040258267716536
20
0.7801685433070866
11
0.4042064566929134
21
0.7802822440944882
0
LINE
8
BLACK
6
CONTINUOUS
10
0.4042064566929134
20
0.7802822440944882
11
0.4043711023622047
21
0.7804173622047244
0
LINE
8
BLACK
6
CONTINUOUS
10
0.4043711023622047
20
0.7804173622047244
11
0.4045173622047244
21
0.7804779527559055
0
LINE
8
BLACK
6
CONTINUOUS
10
0.4045173622047244
20
0.7804779527559055
11
0.4050212598425197
21
0.7807951181102362
0
LINE
8
BLACK
6
CONTINUOUS
10
0.4050212598425197
20
0.7807951181102362
11
0.4107355511811023
21
0.7836522440944882
0
LINE
8
BLACK
6
CONTINUOUS
10
0.4107355511811023
20
0.7836522440944882
11
0.4108211023622047
21
0.7836849606299212
0
LINE
8
BLACK
6
CONTINUOUS
10
0.4108211023622047
20
0.7836849606299212
11
0.4108559448818898
21
0.7837107874015747
0
LINE
8
BLACK
6
CONTINUOUS
10
0.4108559448818898
20
0.7837107874015747
11
0.4113470472440945
21
0.7838862204724409
0
LINE
8
BLACK
6
CONTINUOUS
10
0.4113470472440945
20
0.7838862204724409
11
0.411834094488189
21
0.7840726377952756
0
LINE
8
BLACK
6
CONTINUOUS
10
0.411834094488189
20
0.7840726377952756
11
0.4118772834645669
21
0.7840756692913385
0
LINE
8
BLACK
6
CONTINUOUS
10
0.4118772834645669
20
0.7840756692913385
11
0.4119635826771653
21
0.7841065354330709
0
LINE
8
BLACK
6
CONTINUOUS
10
0.4119635826771653
20
0.7841065354330709
11
0.4233921653543307
21
0.7869637007874015
0
LINE
8
BLACK
6
CONTINUOUS
10
0.4233921653543307
20
0.7869637007874015
11
0.4235951181102362
21
0.7869937007874016
0
LINE
8
BLACK
6
CONTINUOUS
10
0.4235951181102362
20
0.7869937007874016
11
0.4236768503937008
21
0.7870275590551181
0
LINE
8
BLACK
6
CONTINUOUS
10
0.4236768503937008
20
0.7870275590551181
11
0.4241175984251969
21
0.7870709448818898
0
LINE
8
BLACK
6
CONTINUOUS
10
0.4241175984251969
20
0.7870709448818898
11
0.424555748031496
21
0.787135748031496
0
LINE
8
BLACK
6
CONTINUOUS
10
0.424555748031496
20
0.787135748031496
11
0.4246432283464567
21
0.7871227165354331
0
LINE
8
BLACK
6
CONTINUOUS
10
0.4246432283464567
20
0.7871227165354331
11
0.4248474015748032
21
0.7871428346456693
0
LINE
8
BLACK
6
CONTINUOUS
10
0.4248474015748032
20
0.7871428346456693
11
0.4334188188976378
21
0.7871428346456693
0
LINE
8
BLACK
6
CONTINUOUS
10
0.4334188188976378
20
0.7871428346456693
11
0.4336229527559055
21
0.7871227165354331
0
LINE
8
BLACK
6
CONTINUOUS
10
0.2403465748031496
20
0.7652963385826771
11
0.2409727165354331
21
0.7652963385826771
0
LINE
8
BLACK
6
CONTINUOUS
10
0.2409727165354331
20
0.7652963385826771
11
0.2411292125984252
21
0.7651398031496063
0
LINE
8
BLACK
6
CONTINUOUS
10
0.2411292125984252
20
0.7651398031496063
11
0.2413462992125984
21
0.7650964173228346
0
LINE
8
BLACK
6
CONTINUOUS
10
0.2413462992125984
20
0.7650964173228346
11
0.2419388582677165
21
0.7645025984251969
0
LINE
8
BLACK
6
CONTINUOUS
10
0.2419388582677165
20
0.7645025984251969
11
0.2436970078740157
21
0.7618653937007874
0
LINE
8
BLACK
6
CONTINUOUS
10
0.2436970078740157
20
0.7618653937007874
11
0.245175905511811
21
0.7603864960629921
0
LINE
8
BLACK
6
CONTINUOUS
10
0.245175905511811
20
0.7603864960629921
11
0.2467400787401575
21
0.7596044488188977
0
LINE
8
BLACK
6
CONTINUOUS
10
0.2467400787401575
20
0.7596044488188977
11
0.2474027559055118
21
0.7590900787401574
0
LINE
8
BLACK
6
CONTINUOUS
10
0.2474027559055118
20
0.7590900787401574
11
0.2479231102362205
21
0.7575289763779527
0
LINE
8
BLACK
6
CONTINUOUS
10
0.2479231102362205
20
0.7575289763779527
11
0.2471872047244094
21
0.7560572047244094
0
LINE
8
BLACK
6
CONTINUOUS
10
0.2471872047244094
20
0.7560572047244094
11
0.2456261023622047
21
0.7555368503937008
0
LINE
8
BLACK
6
CONTINUOUS
10
0.2456261023622047
20
0.7555368503937008
11
0.2448170078740158
21
0.7557584251968503
0
LINE
8
BLACK
6
CONTINUOUS
10
0.2448170078740158
20
0.7557584251968503
11
0.2429408267716535
21
0.7566965354330708
0
LINE
8
BLACK
6
CONTINUOUS
10
0.2429408267716535
20
0.7566965354330708
11
0.2426687795275591
21
0.7569076377952756
0
LINE
8
BLACK
6
CONTINUOUS
10
0.2426687795275591
20
0.7569076377952756
11
0.2423820866141732
21
0.7570992519685039
0
LINE
8
BLACK
6
CONTINUOUS
10
0.2423820866141732
20
0.7570992519685039
11
0.2422999606299213
21
0.7571813779527559
0
LINE
8
BLACK
6
CONTINUOUS
10
0.2422999606299213
20
0.7571813779527559
11
0.2422999606299213
21
0.74576
0
LINE
8
BLACK
6
CONTINUOUS
10
0.2422999606299213
20
0.74576
11
0.2457785433070866
21
0.74576
0
LINE
8
BLACK
6
CONTINUOUS
10
0.2457785433070866
20
0.74576
11
0.2466012992125984
21
0.7455963385826772
0
LINE
8
BLACK
6
CONTINUOUS
10
0.2466012992125984
20
0.7455963385826772
11
0.2477648818897638
21
0.7444327559055118
0
LINE
8
BLACK
6
CONTINUOUS
10
0.2477648818897638
20
0.7444327559055118
11
0.2477648818897638
21
0.7427872440944882
0
LINE
8
BLACK
6
CONTINUOUS
10
0.2477648818897638
20
0.7427872440944882
11
0.2466012992125984
21
0.7416236614173228
0
LINE
8
BLACK
6
CONTINUOUS
10
0.2466012992125984
20
0.7416236614173228
11
0.2457785433070866
21
0.74146
0
LINE
8
BLACK
6
CONTINUOUS
10
0.2457785433070866
20
0.74146
11
0.2345214173228346
21
0.74146
0
LINE
8
BLACK
6
CONTINUOUS
10
0.2345214173228346
20
0.74146
11
0.2336986614173228
21
0.7416236614173228
0
LINE
8
BLACK
6
CONTINUOUS
10
0.2336986614173228
20
0.7416236614173228
11
0.2325350787401575
21
0.7427872440944882
0
LINE
8
BLACK
6
CONTINUOUS
10
0.2325350787401575
20
0.7427872440944882
11
0.2325350787401575
21
0.7444327559055118
0
LINE
8
BLACK
6
CONTINUOUS
10
0.2325350787401575
20
0.7444327559055118
11
0.2336986614173228
21
0.7455963385826772
0
LINE
8
BLACK
6
CONTINUOUS
10
0.2336986614173228
20
0.7455963385826772
11
0.2345214173228346
21
0.74576
0
LINE
8
BLACK
6
CONTINUOUS
10
0.2345214173228346
20
0.74576
11
0.2379999606299213
21
0.74576
0
LINE
8
BLACK
6
CONTINUOUS
10
0.2379999606299213
20
0.74576
11
0.2379999606299213
21
0.7633099999999999
0
LINE
8
BLACK
6
CONTINUOUS
10
0.2379999606299213
20
0.7633099999999999
11
0.2381636220472441
21
0.7641327559055118
0
LINE
8
BLACK
6
CONTINUOUS
10
0.2381636220472441
20
0.7641327559055118
11
0.2383201181102362
21
0.7642892519685039
0
LINE
8
BLACK
6
CONTINUOUS
10
0.2383201181102362
20
0.7642892519685039
11
0.2383635433070866
21
0.7645063385826771
0
LINE
8
BLACK
6
CONTINUOUS
10
0.2383635433070866
20
0.7645063385826771
11
0.2388844881889764
21
0.7648536220472441
0
LINE
8
BLACK
6
CONTINUOUS
10
0.2388844881889764
20
0.7648536220472441
11
0.2393272047244094
21
0.7652963385826771
0
LINE
8
BLACK
6
CONTINUOUS
10
0.2393272047244094
20
0.7652963385826771
11
0.2395485826771654
21
0.7652963385826771
0
LINE
8
BLACK
6
CONTINUOUS
10
0.2395485826771654
20
0.7652963385826771
11
0.2397327165354331
21
0.765419094488189
0
LINE
8
BLACK
6
CONTINUOUS
10
0.2397327165354331
20
0.765419094488189
11
0.2403465748031496
21
0.7652963385826771
0
LINE
8
BLACK
6
CONTINUOUS
10
0.265363188976378
20
0.7652963385826771
11
0.2665267716535433
21
0.7641327559055118
0
LINE
8
BLACK
6
CONTINUOUS
10
0.2665267716535433
20
0.7641327559055118
11
0.2666904330708662
21
0.7633099999999999
0
LINE
8
BLACK
6
CONTINUOUS
10
0.2666904330708662
20
0.7633099999999999
11
0.2666904330708662
21
0.74361
0
LINE
8
BLACK
6
CONTINUOUS
10
0.2666904330708662
20
0.74361
11
0.2665267716535433
21
0.7427872440944882
0
LINE
8
BLACK
6
CONTINUOUS
10
0.2665267716535433
20
0.7427872440944882
11
0.265363188976378
21
0.7416236614173228
0
LINE
8
BLACK
6
CONTINUOUS
10
0.265363188976378
20
0.7416236614173228
11
0.2637176771653543
21
0.7416236614173228
0
LINE
8
BLACK
6
CONTINUOUS
10
0.2637176771653543
20
0.7416236614173228
11
0.2625540944881889
21
0.7427872440944882
0
LINE
8
BLACK
6
CONTINUOUS
10
0.2625540944881889
20
0.7427872440944882
11
0.2623904330708661
21
0.74361
0
LINE
8
BLACK
6
CONTINUOUS
10
0.2623904330708661
20
0.74361
11
0.2623904330708661
21
0.7508409448818898
0
LINE
8
BLACK
6
CONTINUOUS
10
0.2623904330708661
20
0.7508409448818898
11
0.2609693700787402
21
0.7508409448818898
0
LINE
8
BLACK
6
CONTINUOUS
10
0.2609693700787402
20
0.7508409448818898
11
0.2550446456692914
21
0.7423770472440945
0
LINE
8
BLACK
6
CONTINUOUS
10
0.2550446456692914
20
0.7423770472440945
11
0.2544387795275591
21
0.7417968897637796
0
LINE
8
BLACK
6
CONTINUOUS
10
0.2544387795275591
20
0.7417968897637796
11
0.2528182283464567
21
0.741510905511811
0
LINE
8
BLACK
6
CONTINUOUS
10
0.2528182283464567
20
0.741510905511811
11
0.2514701968503937
21
0.7424545275590551
0
LINE
8
BLACK
6
CONTINUOUS
10
0.2514701968503937
20
0.7424545275590551
11
0.2511842125984252
21
0.7440750787401574
0
LINE
8
BLACK
6
CONTINUOUS
10
0.2511842125984252
20
0.7440750787401574
11
0.251521968503937
21
0.7448429527559055
0
LINE
8
BLACK
6
CONTINUOUS
10
0.251521968503937
20
0.7448429527559055
11
0.2559299212598425
21
0.7511400393700787
0
LINE
8
BLACK
6
CONTINUOUS
10
0.2559299212598425
20
0.7511400393700787
11
0.2541979527559055
21
0.7520060629921259
0
LINE
8
BLACK
6
CONTINUOUS
10
0.2541979527559055
20
0.7520060629921259
11
0.253925748031496
21
0.752217283464567
0
LINE
8
BLACK
6
CONTINUOUS
10
0.253925748031496
20
0.752217283464567
11
0.2536392125984252
21
0.752408779527559
0
LINE
8
BLACK
6
CONTINUOUS
10
0.2536392125984252
20
0.752408779527559
11
0.2527011417322835
21
0.7533468503937008
0
LINE
8
BLACK
6
CONTINUOUS
10
0.2527011417322835
20
0.7533468503937008
11
0.25250968503937
21
0.7536333464566929
0
LINE
8
BLACK
6
CONTINUOUS
10
0.25250968503937
20
0.7536333464566929
11
0.2522983858267717
21
0.7539056299212599
0
LINE
8
BLACK
6
CONTINUOUS
10
0.2522983858267717
20
0.7539056299212599
11
0.2513602755905512
21
0.7557818503937007
0
LINE
8
BLACK
6
CONTINUOUS
10
0.2513602755905512
20
0.7557818503937007
11
0.2513318110236221
21
0.7558857086614174
0
LINE
8
BLACK
6
CONTINUOUS
10
0.2513318110236221
20
0.7558857086614174
11
0.251296968503937
21
0.7559205905511811
0
LINE
8
BLACK
6
CONTINUOUS
10
0.251296968503937
20
0.7559205905511811
11
0.2512297244094488
21
0.7562585826771654
0
LINE
8
BLACK
6
CONTINUOUS
10
0.2512297244094488
20
0.7562585826771654
11
0.2511387401574803
21
0.756590905511811
0
LINE
8
BLACK
6
CONTINUOUS
10
0.2511387401574803
20
0.756590905511811
11
0.2511542913385827
21
0.7566376377952756
0
LINE
8
BLACK
6
CONTINUOUS
10
0.2511542913385827
20
0.7566376377952756
11
0.2511333070866142
21
0.7567433464566929
0
LINE
8
BLACK
6
CONTINUOUS
10
0.2511333070866142
20
0.7567433464566929
11
0.2511333070866142
21
0.7595575984251969
0
LINE
8
BLACK
6
CONTINUOUS
10
0.2511333070866142
20
0.7595575984251969
11
0.2511542913385827
21
0.7596632677165354
0
LINE
8
BLACK
6
CONTINUOUS
10
0.2511542913385827
20
0.7596632677165354
11
0.2511387401574803
21
0.7597100393700787
0
LINE
8
BLACK
6
CONTINUOUS
10
0.2511387401574803
20
0.7597100393700787
11
0.2512297244094488
21
0.7600423228346457
0
LINE
8
BLACK
6
CONTINUOUS
10
0.2512297244094488
20
0.7600423228346457
11
0.251296968503937
21
0.7603803543307086
0
LINE
8
BLACK
6
CONTINUOUS
10
0.251296968503937
20
0.7603803543307086
11
0.2513318110236221
21
0.7604151968503937
0
LINE
8
BLACK
6
CONTINUOUS
10
0.2513318110236221
20
0.7604151968503937
11
0.2513602755905512
21
0.760519094488189
0
LINE
8
BLACK
6
CONTINUOUS
10
0.2513602755905512
20
0.760519094488189
11
0.2522983858267717
21
0.76239531496063
0
LINE
8
BLACK
6
CONTINUOUS
10
0.2522983858267717
20
0.76239531496063
11
0.25250968503937
21
0.7626675590551181
0
LINE
8
BLACK
6
CONTINUOUS
10
0.25250968503937
20
0.7626675590551181
11
0.2527011417322835
21
0.762954094488189
0
LINE
8
BLACK
6
CONTINUOUS
10
0.2527011417322835
20
0.762954094488189
11
0.2536392125984252
21
0.7638921653543307
0
LINE
8
BLACK
6
CONTINUOUS
10
0.2536392125984252
20
0.7638921653543307
11
0.253925748031496
21
0.7640836220472441
0
LINE
8
BLACK
6
CONTINUOUS
10
0.253925748031496
20
0.7640836220472441
11
0.2541979527559055
21
0.7642948818897638
0
LINE
8
BLACK
6
CONTINUOUS
10
0.2541979527559055
20
0.7642948818897638
11
0.2560741338582677
21
0.7652329921259843
0
LINE
8
BLACK
6
CONTINUOUS
10
0.2560741338582677
20
0.7652329921259843
11
0.2561779921259842
21
0.7652614173228346
0
LINE
8
BLACK
6
CONTINUOUS
10
0.2561779921259842
20
0.7652614173228346
11
0.2562129133858267
21
0.7652963385826771
0
LINE
8
BLACK
6
CONTINUOUS
10
0.2562129133858267
20
0.7652963385826771
11
0.256551062992126
21
0.7653635826771653
0
LINE
8
BLACK
6
CONTINUOUS
10
0.256551062992126
20
0.7653635826771653
11
0.2568832283464567
21
0.7654545669291338
0
LINE
8
BLACK
6
CONTINUOUS
10
0.2568832283464567
20
0.7654545669291338
11
0.2569299606299212
21
0.7654389763779528
0
LINE
8
BLACK
6
CONTINUOUS
10
0.2569299606299212
20
0.7654389763779528
11
0.2570356692913386
21
0.76546
0
LINE
8
BLACK
6
CONTINUOUS
10
0.2570356692913386
20
0.76546
11
0.2645404330708661
21
0.76546
0
LINE
8
BLACK
6
CONTINUOUS
10
0.2645404330708661
20
0.76546
11
0.265363188976378
21
0.7652963385826771
0
LINE
8
BLACK
6
CONTINUOUS
10
0.256433031496063
20
0.7606048818897637
11
0.2559884251968504
21
0.7601602755905512
0
LINE
8
BLACK
6
CONTINUOUS
10
0.2559884251968504
20
0.7601602755905512
11
0.2554333070866142
21
0.7590500393700788
0
LINE
8
BLACK
6
CONTINUOUS
10
0.2554333070866142
20
0.7590500393700788
11
0.2554333070866142
21
0.757250905511811
0
LINE
8
BLACK
6
CONTINUOUS
10
0.2554333070866142
20
0.757250905511811
11
0.2559884251968504
21
0.7561406692913386
0
LINE
8
BLACK
6
CONTINUOUS
10
0.2559884251968504
20
0.7561406692913386
11
0.256433031496063
21
0.7556960236220472
0
LINE
8
BLACK
6
CONTINUOUS
10
0.256433031496063
20
0.7556960236220472
11
0.2575432677165354
21
0.7551409448818898
0
LINE
8
BLACK
6
CONTINUOUS
10
0.2575432677165354
20
0.7551409448818898
11
0.2623904330708661
21
0.7551409448818898
0
LINE
8
BLACK
6
CONTINUOUS
10
0.2623904330708661
20
0.7551409448818898
11
0.2623904330708661
21
0.7611599999999999
0
LINE
8
BLACK
6
CONTINUOUS
10
0.2623904330708661
20
0.7611599999999999
11
0.2575432677165354
21
0.7611599999999999
0
LINE
8
BLACK
6
CONTINUOUS
10
0.2575432677165354
20
0.7611599999999999
11
0.256433031496063
21
0.7606048818897637
0
LINE
8
BLACK
6
CONTINUOUS
10
0.6930404724409449
20
0.7623551181102362
11
0.6938551181102363
21
0.7615404724409449
0
LINE
8
BLACK
6
CONTINUOUS
10
0.6938551181102363
20
0.7615404724409449
11
0.6942960236220472
21
0.760476062992126
0
LINE
8
BLACK
6
CONTINUOUS
10
0.6942960236220472
20
0.760476062992126
11
0.6943527559055118
21
0.7599
0
LINE
8
BLACK
6
CONTINUOUS
10
0.6943527559055118
20
0.7599
11
0.6943527559055118
21
0.7490527559055118
0
LINE
8
BLACK
6
CONTINUOUS
10
0.6943527559055118
20
0.7490527559055118
11
0.8479472440944882
21
0.7490527559055118
0
LINE
8
BLACK
6
CONTINUOUS
10
0.8479472440944882
20
0.7490527559055118
11
0.8479472440944882
21
0.7599
0
LINE
8
BLACK
6
CONTINUOUS
10
0.8479472440944882
20
0.7599
11
0.8480039763779528
21
0.760476062992126
0
LINE
8
BLACK
6
CONTINUOUS
10
0.8480039763779528
20
0.760476062992126
11
0.8484448818897637
21
0.7615404724409449
0
LINE
8
BLACK
6
CONTINUOUS
10
0.8484448818897637
20
0.7615404724409449
11
0.8492595275590551
21
0.7623551181102362
0
LINE
8
BLACK
6
CONTINUOUS
10
0.8492595275590551
20
0.7623551181102362
11
0.850323937007874
21
0.7627960236220472
0
LINE
8
BLACK
6
CONTINUOUS
10
0.850323937007874
20
0.7627960236220472
11
0.851476062992126
21
0.7627960236220472
0
LINE
8
BLACK
6
CONTINUOUS
10
0.851476062992126
20
0.7627960236220472
11
0.8525404724409449
21
0.7623551181102362
0
LINE
8
BLACK
6
CONTINUOUS
10
0.8525404724409449
20
0.7623551181102362
11
0.8533551181102362
21
0.7615404724409449
0
LINE
8
BLACK
6
CONTINUOUS
10
0.8533551181102362
20
0.7615404724409449
11
0.8537960236220472
21
0.760476062992126
0
LINE
8
BLACK
6
CONTINUOUS
10
0.8537960236220472
20
0.760476062992126
11
0.8538527559055118
21
0.7599
0
LINE
8
BLACK
6
CONTINUOUS
10
0.8538527559055118
20
0.7599
11
0.8538527559055118
21
0.7490527559055118
0
LINE
8
BLACK
6
CONTINUOUS
10
0.8538527559055118
20
0.7490527559055118
11
0.8656472440944881
21
0.7490527559055118
0
LINE
8
BLACK
6
CONTINUOUS
10
0.8656472440944881
20
0.7490527559055118
11
0.8656472440944881
21
0.7599
0
LINE
8
BLACK
6
CONTINUOUS
10
0.8656472440944881
20
0.7599
11
0.8657039763779527
21
0.760476062992126
0
LINE
8
BLACK
6
CONTINUOUS
10
0.8657039763779527
20
0.760476062992126
11
0.8661448818897638
21
0.7615404724409449
0
LINE
8
BLACK
6
CONTINUOUS
10
0.8661448818897638
20
0.7615404724409449
11
0.8669595275590551
21
0.7623551181102362
0
LINE
8
BLACK
6
CONTINUOUS
10
0.8669595275590551
20
0.7623551181102362
11
0.8680239370078739
21
0.7627960236220472
0
LINE
8
BLACK
6
CONTINUOUS
10
0.8680239370078739
20
0.7627960236220472
11
0.869176062992126
21
0.7627960236220472
0
LINE
8
BLACK
6
CONTINUOUS
10
0.869176062992126
20
0.7627960236220472
11
0.8702404724409448
21
0.7623551181102362
0
LINE
8
BLACK
6
CONTINUOUS
10
0.8702404724409448
20
0.7623551181102362
11
0.8710551181102362
21
0.7615404724409449
0
LINE
8
BLACK
6
CONTINUOUS
10
0.8710551181102362
20
0.7615404724409449
11
0.8714960236220473
21
0.760476062992126
0
LINE
8
BLACK
6
CONTINUOUS
10
0.8714960236220473
20
0.760476062992126
11
0.8715527559055118
21
0.7599
0
LINE
8
BLACK
6
CONTINUOUS
10
0.8715527559055118
20
0.7599
11
0.8715527559055118
21
0.7461
0
LINE
8
BLACK
6
CONTINUOUS
10
0.8715527559055118
20
0.7461
11
0.8714960236220473
21
0.745523937007874
0
LINE
8
BLACK
6
CONTINUOUS
10
0.8714960236220473
20
0.745523937007874
11
0.8710551181102362
21
0.7444595275590551
0
LINE
8
BLACK
6
CONTINUOUS
10
0.8710551181102362
20
0.7444595275590551
11
0.8702404724409448
21
0.7436448818897637
0
LINE
8
BLACK
6
CONTINUOUS
10
0.8702404724409448
20
0.7436448818897637
11
0.869176062992126
21
0.7432039763779528
0
LINE
8
BLACK
6
CONTINUOUS
10
0.869176062992126
20
0.7432039763779528
11
0.8685999999999999
21
0.7431472440944882
0
LINE
8
BLACK
6
CONTINUOUS
10
0.8685999999999999
20
0.7431472440944882
11
0.6914
21
0.7431472440944882
0
LINE
8
BLACK
6
CONTINUOUS
10
0.6914
20
0.7431472440944882
11
0.690823937007874
21
0.7432039763779528
0
LINE
8
BLACK
6
CONTINUOUS
10
0.690823937007874
20
0.7432039763779528
11
0.6897595275590551
21
0.7436448818897637
0
LINE
8
BLACK
6
CONTINUOUS
10
0.6897595275590551
20
0.7436448818897637
11
0.6889448818897638
21
0.7444595275590551
0
LINE
8
BLACK
6
CONTINUOUS
10
0.6889448818897638
20
0.7444595275590551
11
0.6885039763779527
21
0.745523937007874
0
LINE
8
BLACK
6
CONTINUOUS
10
0.6885039763779527
20
0.745523937007874
11
0.6884472440944882
21
0.7461
0
LINE
8
BLACK
6
CONTINUOUS
10
0.6884472440944882
20
0.7461
11
0.6884472440944882
21
0.7599
0
LINE
8
BLACK
6
CONTINUOUS
10
0.6884472440944882
20
0.7599
11
0.6885039763779527
21
0.760476062992126
0
LINE
8
BLACK
6
CONTINUOUS
10
0.6885039763779527
20
0.760476062992126
11
0.6889448818897638
21
0.7615404724409449
0
LINE
8
BLACK
6
CONTINUOUS
10
0.6889448818897638
20
0.7615404724409449
11
0.6897595275590551
21
0.7623551181102362
0
LINE
8
BLACK
6
CONTINUOUS
10
0.6897595275590551
20
0.7623551181102362
11
0.690823937007874
21
0.7627960236220472
0
LINE
8
BLACK
6
CONTINUOUS
10
0.690823937007874
20
0.7627960236220472
11
0.691976062992126
21
0.7627960236220472
0
LINE
8
BLACK
6
CONTINUOUS
10
0.691976062992126
20
0.7627960236220472
11
0.6930404724409449
21
0.7623551181102362
0
LINE
8
BLACK
6
CONTINUOUS
10
0.2565127952755906
20
0.7929389763779527
11
0.2565595669291338
21
0.7929545669291338
0
LINE
8
BLACK
6
CONTINUOUS
10
0.2565595669291338
20
0.7929545669291338
11
0.2568916929133858
21
0.7928635826771654
0
LINE
8
BLACK
6
CONTINUOUS
10
0.2568916929133858
20
0.7928635826771654
11
0.2572298818897638
21
0.7927963385826772
0
LINE
8
BLACK
6
CONTINUOUS
10
0.2572298818897638
20
0.7927963385826772
11
0.2572647637795276
21
0.7927614173228347
0
LINE
8
BLACK
6
CONTINUOUS
10
0.2572647637795276
20
0.7927614173228347
11
0.2573686614173228
21
0.7927329921259842
0
LINE
8
BLACK
6
CONTINUOUS
10
0.2573686614173228
20
0.7927329921259842
11
0.259244842519685
21
0.7917949212598425
0
LINE
8
BLACK
6
CONTINUOUS
10
0.259244842519685
20
0.7917949212598425
11
0.2595172047244094
21
0.7915834645669291
0
LINE
8
BLACK
6
CONTINUOUS
10
0.2595172047244094
20
0.7915834645669291
11
0.2598035433070866
21
0.7913922047244094
0
LINE
8
BLACK
6
CONTINUOUS
10
0.2598035433070866
20
0.7913922047244094
11
0.2607416535433071
21
0.7904541338582677
0
LINE
8
BLACK
6
CONTINUOUS
10
0.2607416535433071
20
0.7904541338582677
11
0.2612077165354331
21
0.789756653543307
0
LINE
8
BLACK
6
CONTINUOUS
10
0.2612077165354331
20
0.789756653543307
11
0.2612077559055118
21
0.7881111023622047
0
LINE
8
BLACK
6
CONTINUOUS
10
0.2612077559055118
20
0.7881111023622047
11
0.2600442125984252
21
0.7869475196850394
0
LINE
8
BLACK
6
CONTINUOUS
10
0.2600442125984252
20
0.7869475196850394
11
0.2583986614173228
21
0.7869474803149606
0
LINE
8
BLACK
6
CONTINUOUS
10
0.2583986614173228
20
0.7869474803149606
11
0.2577011811023622
21
0.7874135039370078
0
LINE
8
BLACK
6
CONTINUOUS
10
0.2577011811023622
20
0.7874135039370078
11
0.2570097244094488
21
0.7881048818897638
0
LINE
8
BLACK
6
CONTINUOUS
10
0.2570097244094488
20
0.7881048818897638
11
0.2558996062992126
21
0.78866
0
LINE
8
BLACK
6
CONTINUOUS
10
0.2558996062992126
20
0.78866
11
0.252224251968504
21
0.78866
0
LINE
8
BLACK
6
CONTINUOUS
10
0.252224251968504
20
0.78866
11
0.2511140157480315
21
0.7881048818897638
0
LINE
8
BLACK
6
CONTINUOUS
10
0.2511140157480315
20
0.7881048818897638
11
0.2506693307086614
21
0.7876601968503937
0
LINE
8
BLACK
6
CONTINUOUS
10
0.2506693307086614
20
0.7876601968503937
11
0.2501142913385827
21
0.7865500393700787
0
LINE
8
BLACK
6
CONTINUOUS
10
0.2501142913385827
20
0.7865500393700787
11
0.2501142913385827
21
0.7855303149606299
0
LINE
8
BLACK
6
CONTINUOUS
10
0.2501142913385827
20
0.7855303149606299
11
0.2507815354330709
21
0.7835284645669292
0
LINE
8
BLACK
6
CONTINUOUS
10
0.2507815354330709
20
0.7835284645669292
11
0.2616798031496063
21
0.7726302755905512
0
LINE
8
BLACK
6
CONTINUOUS
10
0.2616798031496063
20
0.7726302755905512
11
0.2621458661417323
21
0.7719327952755906
0
LINE
8
BLACK
6
CONTINUOUS
10
0.2621458661417323
20
0.7719327952755906
11
0.2621458661417323
21
0.7719327559055118
0
LINE
8
BLACK
6
CONTINUOUS
10
0.2621458661417323
20
0.7719327559055118
11
0.2621458661417323
21
0.7702872440944881
0
LINE
8
BLACK
6
CONTINUOUS
10
0.2621458661417323
20
0.7702872440944881
11
0.2609822834645669
21
0.7691236614173228
0
LINE
8
BLACK
6
CONTINUOUS
10
0.2609822834645669
20
0.7691236614173228
11
0.2601595275590551
21
0.76896
0
LINE
8
BLACK
6
CONTINUOUS
10
0.2601595275590551
20
0.76896
11
0.2479642913385827
21
0.76896
0
LINE
8
BLACK
6
CONTINUOUS
10
0.2479642913385827
20
0.76896
11
0.2471415354330709
21
0.7691236614173228
0
LINE
8
BLACK
6
CONTINUOUS
10
0.2471415354330709
20
0.7691236614173228
11
0.2459779527559055
21
0.7702872440944881
0
LINE
8
BLACK
6
CONTINUOUS
10
0.2459779527559055
20
0.7702872440944881
11
0.2459779527559055
21
0.7719327559055118
0
LINE
8
BLACK
6
CONTINUOUS
10
0.2459779527559055
20
0.7719327559055118
11
0.2471415354330709
21
0.7730963385826771
0
LINE
8
BLACK
6
CONTINUOUS
10
0.2471415354330709
20
0.7730963385826771
11
0.2479642913385827
21
0.7732599999999999
0
LINE
8
BLACK
6
CONTINUOUS
10
0.2479642913385827
20
0.7732599999999999
11
0.2549689763779527
21
0.7732599999999999
0
LINE
8
BLACK
6
CONTINUOUS
10
0.2549689763779527
20
0.7732599999999999
11
0.2473820866141732
21
0.7808468503937007
0
LINE
8
BLACK
6
CONTINUOUS
10
0.2473820866141732
20
0.7808468503937007
11
0.2473222047244094
21
0.7809364173228346
0
LINE
8
BLACK
6
CONTINUOUS
10
0.2473222047244094
20
0.7809364173228346
11
0.2472781102362205
21
0.7809585039370078
0
LINE
8
BLACK
6
CONTINUOUS
10
0.2472781102362205
20
0.7809585039370078
11
0.2471075590551181
21
0.7812576377952756
0
LINE
8
BLACK
6
CONTINUOUS
10
0.2471075590551181
20
0.7812576377952756
11
0.2469160236220472
21
0.7815443307086614
0
LINE
8
BLACK
6
CONTINUOUS
10
0.2469160236220472
20
0.7815443307086614
11
0.2469160236220472
21
0.7815936614173228
0
LINE
8
BLACK
6
CONTINUOUS
10
0.2469160236220472
20
0.7815936614173228
11
0.2468626771653543
21
0.781687283464567
0
LINE
8
BLACK
6
CONTINUOUS
10
0.2468626771653543
20
0.781687283464567
11
0.2459246062992126
21
0.7845015354330709
0
LINE
8
BLACK
6
CONTINUOUS
10
0.2459246062992126
20
0.7845015354330709
11
0.2458814960629921
21
0.7848434251968504
0
LINE
8
BLACK
6
CONTINUOUS
10
0.2458814960629921
20
0.7848434251968504
11
0.2458142913385827
21
0.7851814173228346
0
LINE
8
BLACK
6
CONTINUOUS
10
0.2458142913385827
20
0.7851814173228346
11
0.2458142913385827
21
0.7870575984251968
0
LINE
8
BLACK
6
CONTINUOUS
10
0.2458142913385827
20
0.7870575984251968
11
0.2458352755905512
21
0.7871632283464567
0
LINE
8
BLACK
6
CONTINUOUS
10
0.2458352755905512
20
0.7871632283464567
11
0.2458197244094488
21
0.78721
0
LINE
8
BLACK
6
CONTINUOUS
10
0.2458197244094488
20
0.78721
11
0.2459106692913386
21
0.7875422440944881
0
LINE
8
BLACK
6
CONTINUOUS
10
0.2459106692913386
20
0.7875422440944881
11
0.2459779527559055
21
0.7878803543307087
0
LINE
8
BLACK
6
CONTINUOUS
10
0.2459779527559055
20
0.7878803543307087
11
0.2460127952755906
21
0.7879151968503937
0
LINE
8
BLACK
6
CONTINUOUS
10
0.2460127952755906
20
0.7879151968503937
11
0.2460412598425197
21
0.788019094488189
0
LINE
8
BLACK
6
CONTINUOUS
10
0.2460412598425197
20
0.788019094488189
11
0.2469793307086614
21
0.7898953149606299
0
LINE
8
BLACK
6
CONTINUOUS
10
0.2469793307086614
20
0.7898953149606299
11
0.2471907086614173
21
0.7901676771653543
0
LINE
8
BLACK
6
CONTINUOUS
10
0.2471907086614173
20
0.7901676771653543
11
0.247382125984252
21
0.7904541338582677
0
LINE
8
BLACK
6
CONTINUOUS
10
0.247382125984252
20
0.7904541338582677
11
0.2483202362204724
21
0.7913922047244094
0
LINE
8
BLACK
6
CONTINUOUS
10
0.2483202362204724
20
0.7913922047244094
11
0.2486068503937008
21
0.7915837007874016
0
LINE
8
BLACK
6
CONTINUOUS
10
0.2486068503937008
20
0.7915837007874016
11
0.248878937007874
21
0.7917948818897638
0
LINE
8
BLACK
6
CONTINUOUS
10
0.248878937007874
20
0.7917948818897638
11
0.2507551181102362
21
0.7927329921259842
0
LINE
8
BLACK
6
CONTINUOUS
10
0.2507551181102362
20
0.7927329921259842
11
0.2508589763779527
21
0.7927614173228347
0
LINE
8
BLACK
6
CONTINUOUS
10
0.2508589763779527
20
0.7927614173228347
11
0.2508938976377953
21
0.7927963385826772
0
LINE
8
BLACK
6
CONTINUOUS
10
0.2508938976377953
20
0.7927963385826772
11
0.2512320472440945
21
0.7928635826771654
0
LINE
8
BLACK
6
CONTINUOUS
10
0.2512320472440945
20
0.7928635826771654
11
0.2515642125984252
21
0.7929545669291338
0
LINE
8
BLACK
6
CONTINUOUS
10
0.2515642125984252
20
0.7929545669291338
11
0.2516109448818897
21
0.7929389763779527
0
LINE
8
BLACK
6
CONTINUOUS
10
0.2516109448818897
20
0.7929389763779527
11
0.2517166535433071
21
0.79296
0
LINE
8
BLACK
6
CONTINUOUS
10
0.2517166535433071
20
0.79296
11
0.256407125984252
21
0.79296
0
LINE
8
BLACK
6
CONTINUOUS
10
0.256407125984252
20
0.79296
11
0.2565127952755906
21
0.7929389763779527
0
LINE
8
BLACK
6
CONTINUOUS
10
0.2415077559055118
20
0.7916327559055117
11
0.2416714173228346
21
0.79081
0
LINE
8
BLACK
6
CONTINUOUS
10
0.2416714173228346
20
0.79081
11
0.2416714173228346
21
0.77111
0
LINE
8
BLACK
6
CONTINUOUS
10
0.2416714173228346
20
0.77111
11
0.2415077559055118
21
0.7702872440944881
0
LINE
8
BLACK
6
CONTINUOUS
10
0.2415077559055118
20
0.7702872440944881
11
0.2403441732283464
21
0.7691236614173228
0
LINE
8
BLACK
6
CONTINUOUS
10
0.2403441732283464
20
0.7691236614173228
11
0.2386986614173228
21
0.7691236614173228
0
LINE
8
BLACK
6
CONTINUOUS
10
0.2386986614173228
20
0.7691236614173228
11
0.2375350787401575
21
0.7702872440944881
0
LINE
8
BLACK
6
CONTINUOUS
10
0.2375350787401575
20
0.7702872440944881
11
0.2373714173228346
21
0.77111
0
LINE
8
BLACK
6
CONTINUOUS
10
0.2373714173228346
20
0.77111
11
0.2373714173228346
21
0.7746663385826772
0
LINE
8
BLACK
6
CONTINUOUS
10
0.2373714173228346
20
0.7746663385826772
11
0.2337366535433071
21
0.7698199999999999
0
LINE
8
BLACK
6
CONTINUOUS
10
0.2337366535433071
20
0.7698199999999999
11
0.2331120866141732
21
0.7692599999999999
0
LINE
8
BLACK
6
CONTINUOUS
10
0.2331120866141732
20
0.7692599999999999
11
0.2314830708661417
21
0.7690272834645669
0
LINE
8
BLACK
6
CONTINUOUS
10
0.2314830708661417
20
0.7690272834645669
11
0.2301666535433071
21
0.7700145669291338
0
LINE
8
BLACK
6
CONTINUOUS
10
0.2301666535433071
20
0.7700145669291338
11
0.229933937007874
21
0.7716435826771654
0
LINE
8
BLACK
6
CONTINUOUS
10
0.229933937007874
20
0.7716435826771654
11
0.2302966535433071
21
0.7724
0
LINE
8
BLACK
6
CONTINUOUS
10
0.2302966535433071
20
0.7724
11
0.2348064173228346
21
0.7784129921259842
0
LINE
8
BLACK
6
CONTINUOUS
10
0.2348064173228346
20
0.7784129921259842
11
0.2304963779527559
21
0.7827230708661417
0
LINE
8
BLACK
6
CONTINUOUS
10
0.2304963779527559
20
0.7827230708661417
11
0.2300303149606299
21
0.7834205511811023
0
LINE
8
BLACK
6
CONTINUOUS
10
0.2300303149606299
20
0.7834205511811023
11
0.2300303149606299
21
0.7850661417322834
0
LINE
8
BLACK
6
CONTINUOUS
10
0.2300303149606299
20
0.7850661417322834
11
0.2311938582677165
21
0.7862296850393701
0
LINE
8
BLACK
6
CONTINUOUS
10
0.2311938582677165
20
0.7862296850393701
11
0.2328394488188976
21
0.7862296850393701
0
LINE
8
BLACK
6
CONTINUOUS
10
0.2328394488188976
20
0.7862296850393701
11
0.2335369291338583
21
0.785763622047244
0
LINE
8
BLACK
6
CONTINUOUS
10
0.2335369291338583
20
0.785763622047244
11
0.2373714173228346
21
0.7819291338582677
0
LINE
8
BLACK
6
CONTINUOUS
10
0.2373714173228346
20
0.7819291338582677
11
0.2373714173228346
21
0.79081
0
LINE
8
BLACK
6
CONTINUOUS
10
0.2373714173228346
20
0.79081
11
0.2375350787401575
21
0.7916327559055117
0
LINE
8
BLACK
6
CONTINUOUS
10
0.2375350787401575
20
0.7916327559055117
11
0.2386986614173228
21
0.7927963385826772
0
LINE
8
BLACK
6
CONTINUOUS
10
0.2386986614173228
20
0.7927963385826772
11
0.2403441732283464
21
0.7927963385826772
0
LINE
8
BLACK
6
CONTINUOUS
10
0.2403441732283464
20
0.7927963385826772
11
0.2415077559055118
21
0.7916327559055117
0
LINE
8
BLACK
6
CONTINUOUS
10
0.9328094094488188
20
0.905345905511811
11
0.9344648031496062
21
0.9036905118110236
0
LINE
8
BLACK
6
CONTINUOUS
10
0.9344648031496062
20
0.9036905118110236
11
0.9353607086614173
21
0.9015276377952756
0
LINE
8
BLACK
6
CONTINUOUS
10
0.9353607086614173
20
0.9015276377952756
11
0.9354074803149606
21
0.9010527559055118
0
LINE
8
BLACK
6
CONTINUOUS
10
0.9354074803149606
20
0.9010527559055118
11
1.0966
21
0.9010527559055118
0
LINE
8
BLACK
6
CONTINUOUS
10
1.0966
20
0.9010527559055118
11
1.0971760629921259
21
0.9009960236220472
0
LINE
8
BLACK
6
CONTINUOUS
10
1.0971760629921259
20
0.9009960236220472
11
1.0982404724409449
21
0.9005551181102363
0
LINE
8
BLACK
6
CONTINUOUS
10
1.0982404724409449
20
0.9005551181102363
11
1.0990551181102362
21
0.8997404724409449
0
LINE
8
BLACK
6
CONTINUOUS
10
1.0990551181102362
20
0.8997404724409449
11
1.0994960236220472
21
0.898676062992126
0
LINE
8
BLACK
6
CONTINUOUS
10
1.0994960236220472
20
0.898676062992126
11
1.0994960236220472
21
0.897523937007874
0
LINE
8
BLACK
6
CONTINUOUS
10
1.0994960236220472
20
0.897523937007874
11
1.0990551181102362
21
0.8964595275590551
0
LINE
8
BLACK
6
CONTINUOUS
10
1.0990551181102362
20
0.8964595275590551
11
1.0982404724409449
21
0.8956448818897638
0
LINE
8
BLACK
6
CONTINUOUS
10
1.0982404724409449
20
0.8956448818897638
11
1.0971760629921259
21
0.8952039763779527
0
LINE
8
BLACK
6
CONTINUOUS
10
1.0971760629921259
20
0.8952039763779527
11
1.0966
21
0.8951472440944882
0
LINE
8
BLACK
6
CONTINUOUS
10
1.0966
20
0.8951472440944882
11
0.9354759842519684
21
0.8951472440944882
0
LINE
8
BLACK
6
CONTINUOUS
10
0.9354759842519684
20
0.8951472440944882
11
0.9354759842519684
21
0.8834999606299212
0
LINE
8
BLACK
6
CONTINUOUS
10
0.9354759842519684
20
0.8834999606299212
11
0.9523331102362205
21
0.8834999606299212
0
LINE
8
BLACK
6
CONTINUOUS
10
0.9523331102362205
20
0.8834999606299212
11
0.9535036614173228
21
0.8833846850393701
0
LINE
8
BLACK
6
CONTINUOUS
10
0.9535036614173228
20
0.8833846850393701
11
0.9556665354330709
21
0.882488779527559
0
LINE
8
BLACK
6
CONTINUOUS
10
0.9556665354330709
20
0.882488779527559
11
0.9573219291338583
21
0.8808333858267716
0
LINE
8
BLACK
6
CONTINUOUS
10
0.9573219291338583
20
0.8808333858267716
11
0.9582178346456692
21
0.8786705118110236
0
LINE
8
BLACK
6
CONTINUOUS
10
0.9582178346456692
20
0.8786705118110236
11
0.9582178346456692
21
0.8763294094488189
0
LINE
8
BLACK
6
CONTINUOUS
10
0.9582178346456692
20
0.8763294094488189
11
0.9573219291338583
21
0.8741665354330709
0
LINE
8
BLACK
6
CONTINUOUS
10
0.9573219291338583
20
0.8741665354330709
11
0.9556665354330709
21
0.8725111417322834
0
LINE
8
BLACK
6
CONTINUOUS
10
0.9556665354330709
20
0.8725111417322834
11
0.9535036614173228
21
0.8716152362204724
0
LINE
8
BLACK
6
CONTINUOUS
10
0.9535036614173228
20
0.8716152362204724
11
0.9523331102362205
21
0.8714999606299212
0
LINE
8
BLACK
6
CONTINUOUS
10
0.9523331102362205
20
0.8714999606299212
11
0.9354759842519684
21
0.8714999606299212
0
LINE
8
BLACK
6
CONTINUOUS
10
0.9354759842519684
20
0.8714999606299212
11
0.9354759842519684
21
0.8546428346456693
0
LINE
8
BLACK
6
CONTINUOUS
10
0.9354759842519684
20
0.8546428346456693
11
0.9353607086614173
21
0.8534722834645669
0
LINE
8
BLACK
6
CONTINUOUS
10
0.9353607086614173
20
0.8534722834645669
11
0.9344648031496062
21
0.8513094094488188
0
LINE
8
BLACK
6
CONTINUOUS
10
0.9344648031496062
20
0.8513094094488188
11
0.9328094094488188
21
0.8496540157480315
0
LINE
8
BLACK
6
CONTINUOUS
10
0.9328094094488188
20
0.8496540157480315
11
0.9306465354330709
21
0.8487581102362205
0
LINE
8
BLACK
6
CONTINUOUS
10
0.9306465354330709
20
0.8487581102362205
11
0.9283054330708661
21
0.8487581102362205
0
LINE
8
BLACK
6
CONTINUOUS
10
0.9283054330708661
20
0.8487581102362205
11
0.9261425590551181
21
0.8496540157480315
0
LINE
8
BLACK
6
CONTINUOUS
10
0.9261425590551181
20
0.8496540157480315
11
0.9248925984251968
21
0.8509039763779528
0
LINE
8
BLACK
6
CONTINUOUS
10
0.9248925984251968
20
0.8509039763779528
11
0.924723937007874
21
0.8509039763779528
0
LINE
8
BLACK
6
CONTINUOUS
10
0.924723937007874
20
0.8509039763779528
11
0.9236595275590551
21
0.8513448818897638
0
LINE
8
BLACK
6
CONTINUOUS
10
0.9236595275590551
20
0.8513448818897638
11
0.9228448818897638
21
0.8521595275590551
0
LINE
8
BLACK
6
CONTINUOUS
10
0.9228448818897638
20
0.8521595275590551
11
0.9224039763779527
21
0.853223937007874
0
LINE
8
BLACK
6
CONTINUOUS
10
0.9224039763779527
20
0.853223937007874
11
0.9223472440944882
21
0.8538
0
LINE
8
BLACK
6
CONTINUOUS
10
0.9223472440944882
20
0.8538
11
0.9223472440944882
21
0.8714999606299212
0
LINE
8
BLACK
6
CONTINUOUS
10
0.9223472440944882
20
0.8714999606299212
11
0.9066188188976377
21
0.8714999606299212
0
LINE
8
BLACK
6
CONTINUOUS
10
0.9066188188976377
20
0.8714999606299212
11
0.9054482677165354
21
0.8716152362204724
0
LINE
8
BLACK
6
CONTINUOUS
10
0.9054482677165354
20
0.8716152362204724
11
0.9047305511811023
21
0.8719124803149606
0
LINE
8
BLACK
6
CONTINUOUS
10
0.9047305511811023
20
0.8719124803149606
11
0.9040057086614173
21
0.8711876377952755
0
LINE
8
BLACK
6
CONTINUOUS
10
0.9040057086614173
20
0.8711876377952755
11
0.9025132677165354
21
0.8711876377952755
0
LINE
8
BLACK
6
CONTINUOUS
10
0.9025132677165354
20
0.8711876377952755
11
0.9014579133858267
21
0.8722429921259842
0
LINE
8
BLACK
6
CONTINUOUS
10
0.9014579133858267
20
0.8722429921259842
11
0.9013094881889764
21
0.8729892125984252
0
LINE
8
BLACK
6
CONTINUOUS
10
0.9013094881889764
20
0.8729892125984252
11
0.9013094881889764
21
0.8744856692913385
0
LINE
8
BLACK
6
CONTINUOUS
10
0.9013094881889764
20
0.8744856692913385
11
0.901123937007874
21
0.8745039763779527
0
LINE
8
BLACK
6
CONTINUOUS
10
0.901123937007874
20
0.8745039763779527
11
0.9000595275590551
21
0.8749448818897637
0
LINE
8
BLACK
6
CONTINUOUS
10
0.9000595275590551
20
0.8749448818897637
11
0.8992448818897638
21
0.8757595275590551
0
LINE
8
BLACK
6
CONTINUOUS
10
0.8992448818897638
20
0.8757595275590551
11
0.8988039763779527
21
0.876823937007874
0
LINE
8
BLACK
6
CONTINUOUS
10
0.8988039763779527
20
0.876823937007874
11
0.8988039763779527
21
0.8779760629921259
0
LINE
8
BLACK
6
CONTINUOUS
10
0.8988039763779527
20
0.8779760629921259
11
0.8992448818897638
21
0.8790404724409449
0
LINE
8
BLACK
6
CONTINUOUS
10
0.8992448818897638
20
0.8790404724409449
11
0.9000595275590551
21
0.8798551181102362
0
LINE
8
BLACK
6
CONTINUOUS
10
0.9000595275590551
20
0.8798551181102362
11
0.901123937007874
21
0.8802960236220472
0
LINE
8
BLACK
6
CONTINUOUS
10
0.901123937007874
20
0.8802960236220472
11
0.9013094881889764
21
0.8803142913385826
0
LINE
8
BLACK
6
CONTINUOUS
10
0.9013094881889764
20
0.8803142913385826
11
0.9013094881889764
21
0.8806243307086614
0
LINE
8
BLACK
6
CONTINUOUS
10
0.9013094881889764
20
0.8806243307086614
11
0.9006561811023622
21
0.8812775984251968
0
LINE
8
BLACK
6
CONTINUOUS
10
0.9006561811023622
20
0.8812775984251968
11
0.8935623622047244
21
0.8718192125984252
0
LINE
8
BLACK
6
CONTINUOUS
10
0.8935623622047244
20
0.8718192125984252
11
0.892995905511811
21
0.8713112992125984
0
LINE
8
BLACK
6
CONTINUOUS
10
0.892995905511811
20
0.8713112992125984
11
0.8915183858267717
21
0.8711002362204724
0
LINE
8
BLACK
6
CONTINUOUS
10
0.8915183858267717
20
0.8711002362204724
11
0.8903244488188976
21
0.8719956692913385
0
LINE
8
BLACK
6
CONTINUOUS
10
0.8903244488188976
20
0.8719956692913385
11
0.8901133858267717
21
0.8734731889763779
0
LINE
8
BLACK
6
CONTINUOUS
10
0.8901133858267717
20
0.8734731889763779
11
0.8904423622047244
21
0.8741592125984252
0
LINE
8
BLACK
6
CONTINUOUS
10
0.8904423622047244
20
0.8741592125984252
11
0.8978704724409449
21
0.8840633070866142
0
LINE
8
BLACK
6
CONTINUOUS
10
0.8978704724409449
20
0.8840633070866142
11
0.8906235039370078
21
0.8913103543307086
0
LINE
8
BLACK
6
CONTINUOUS
10
0.8906235039370078
20
0.8913103543307086
11
0.8902007874015748
21
0.8919429527559055
0
LINE
8
BLACK
6
CONTINUOUS
10
0.8902007874015748
20
0.8919429527559055
11
0.8902007874015748
21
0.8934354724409449
0
LINE
8
BLACK
6
CONTINUOUS
10
0.8902007874015748
20
0.8934354724409449
11
0.8912561023622046
21
0.8944907874015747
0
LINE
8
BLACK
6
CONTINUOUS
10
0.8912561023622046
20
0.8944907874015747
11
0.892748622047244
21
0.8944907874015747
0
LINE
8
BLACK
6
CONTINUOUS
10
0.892748622047244
20
0.8944907874015747
11
0.893381220472441
21
0.8940680708661417
0
LINE
8
BLACK
6
CONTINUOUS
10
0.893381220472441
20
0.8940680708661417
11
0.9013094881889764
21
0.8861397637795275
0
LINE
8
BLACK
6
CONTINUOUS
10
0.9013094881889764
20
0.8861397637795275
11
0.9013094881889764
21
0.8926892125984252
0
LINE
8
BLACK
6
CONTINUOUS
10
0.9013094881889764
20
0.8926892125984252
11
0.9014579133858267
21
0.8934354330708661
0
LINE
8
BLACK
6
CONTINUOUS
10
0.9014579133858267
20
0.8934354330708661
11
0.9025132677165354
21
0.8944907874015747
0
LINE
8
BLACK
6
CONTINUOUS
10
0.9025132677165354
20
0.8944907874015747
11
0.9040057086614173
21
0.8944907874015747
0
LINE
8
BLACK
6
CONTINUOUS
10
0.9040057086614173
20
0.8944907874015747
11
0.905061062992126
21
0.8934354330708661
0
LINE
8
BLACK
6
CONTINUOUS
10
0.905061062992126
20
0.8934354330708661
11
0.9052094881889764
21
0.8926892125984252
0
LINE
8
BLACK
6
CONTINUOUS
10
0.9052094881889764
20
0.8926892125984252
11
0.9052094881889764
21
0.8832857480314961
0
LINE
8
BLACK
6
CONTINUOUS
10
0.9052094881889764
20
0.8832857480314961
11
0.9054482677165354
21
0.8833846850393701
0
LINE
8
BLACK
6
CONTINUOUS
10
0.9054482677165354
20
0.8833846850393701
11
0.9066188188976377
21
0.8834999606299212
0
LINE
8
BLACK
6
CONTINUOUS
10
0.9066188188976377
20
0.8834999606299212
11
0.9223472440944882
21
0.8834999606299212
0
LINE
8
BLACK
6
CONTINUOUS
10
0.9223472440944882
20
0.8834999606299212
11
0.9223472440944882
21
0.8954014173228346
0
LINE
8
BLACK
6
CONTINUOUS
10
0.9223472440944882
20
0.8954014173228346
11
0.9217595275590551
21
0.8956448818897638
0
LINE
8
BLACK
6
CONTINUOUS
10
0.9217595275590551
20
0.8956448818897638
11
0.9209448818897638
21
0.8964595275590551
0
LINE
8
BLACK
6
CONTINUOUS
10
0.9209448818897638
20
0.8964595275590551
11
0.9205039763779528
21
0.897523937007874
0
LINE
8
BLACK
6
CONTINUOUS
10
0.9205039763779528
20
0.897523937007874
11
0.9205039763779528
21
0.898676062992126
0
LINE
8
BLACK
6
CONTINUOUS
10
0.9205039763779528
20
0.898676062992126
11
0.9209448818897638
21
0.8997404724409449
0
LINE
8
BLACK
6
CONTINUOUS
10
0.9209448818897638
20
0.8997404724409449
11
0.9217595275590551
21
0.9005551181102363
0
LINE
8
BLACK
6
CONTINUOUS
10
0.9217595275590551
20
0.9005551181102363
11
0.9223472440944882
21
0.9007985433070866
0
LINE
8
BLACK
6
CONTINUOUS
10
0.9223472440944882
20
0.9007985433070866
11
0.9223472440944882
21
0.901
0
LINE
8
BLACK
6
CONTINUOUS
10
0.9223472440944882
20
0.901
11
0.9224039763779527
21
0.901576062992126
0
LINE
8
BLACK
6
CONTINUOUS
10
0.9224039763779527
20
0.901576062992126
11
0.9228448818897638
21
0.9026404724409448
0
LINE
8
BLACK
6
CONTINUOUS
10
0.9228448818897638
20
0.9026404724409448
11
0.9236595275590551
21
0.9034551181102362
0
LINE
8
BLACK
6
CONTINUOUS
10
0.9236595275590551
20
0.9034551181102362
11
0.9246705511811023
21
0.9038738976377952
0
LINE
8
BLACK
6
CONTINUOUS
10
0.9246705511811023
20
0.9038738976377952
11
0.9261425590551181
21
0.905345905511811
0
LINE
8
BLACK
6
CONTINUOUS
10
0.9261425590551181
20
0.905345905511811
11
0.9283054330708661
21
0.906241811023622
0
LINE
8
BLACK
6
CONTINUOUS
10
0.9283054330708661
20
0.906241811023622
11
0.9306465354330709
21
0.906241811023622
0
LINE
8
BLACK
6
CONTINUOUS
10
0.9306465354330709
20
0.906241811023622
11
0.9328094094488188
21
0.905345905511811
0
LINE
8
BLACK
6
CONTINUOUS
10
0.6774665354330709
20
0.9189888188976377
11
0.679121968503937
21
0.9173333858267716
0
LINE
8
BLACK
6
CONTINUOUS
10
0.679121968503937
20
0.9173333858267716
11
0.6796197244094488
21
0.9161316535433071
0
LINE
8
BLACK
6
CONTINUOUS
10
0.6796197244094488
20
0.9161316535433071
11
0.6800178346456692
21
0.9151705118110236
0
LINE
8
BLACK
6
CONTINUOUS
10
0.6800178346456692
20
0.9151705118110236
11
0.6801331102362205
21
0.9139999606299213
0
LINE
8
BLACK
6
CONTINUOUS
10
0.6801331102362205
20
0.9139999606299213
11
0.6801331102362205
21
0.8768571259842519
0
LINE
8
BLACK
6
CONTINUOUS
10
0.6801331102362205
20
0.8768571259842519
11
0.6800178346456692
21
0.8756865748031496
0
LINE
8
BLACK
6
CONTINUOUS
10
0.6800178346456692
20
0.8756865748031496
11
0.6791219291338583
21
0.8735237007874016
0
LINE
8
BLACK
6
CONTINUOUS
10
0.6791219291338583
20
0.8735237007874016
11
0.6774665354330709
21
0.8718683070866141
0
LINE
8
BLACK
6
CONTINUOUS
10
0.6774665354330709
20
0.8718683070866141
11
0.6753036614173228
21
0.8709724015748032
0
LINE
8
BLACK
6
CONTINUOUS
10
0.6753036614173228
20
0.8709724015748032
11
0.6729625590551181
21
0.8709724015748032
0
LINE
8
BLACK
6
CONTINUOUS
10
0.6729625590551181
20
0.8709724015748032
11
0.67079968503937
21
0.8718683070866141
0
LINE
8
BLACK
6
CONTINUOUS
10
0.67079968503937
20
0.8718683070866141
11
0.6691442913385827
21
0.8735237007874016
0
LINE
8
BLACK
6
CONTINUOUS
10
0.6691442913385827
20
0.8735237007874016
11
0.6682483858267716
21
0.8756865748031496
0
LINE
8
BLACK
6
CONTINUOUS
10
0.6682483858267716
20
0.8756865748031496
11
0.6681331102362205
21
0.8768571259842519
0
LINE
8
BLACK
6
CONTINUOUS
10
0.6681331102362205
20
0.8768571259842519
11
0.6681331102362205
21
0.89951468503937
0
LINE
8
BLACK
6
CONTINUOUS
10
0.6681331102362205
20
0.89951468503937
11
0.6534684645669291
21
0.8848500393700787
0
LINE
8
BLACK
6
CONTINUOUS
10
0.6534684645669291
20
0.8848500393700787
11
0.6585165354330709
21
0.8697058267716535
0
LINE
8
BLACK
6
CONTINUOUS
10
0.6585165354330709
20
0.8697058267716535
11
0.6586117322834646
21
0.8689509842519685
0
LINE
8
BLACK
6
CONTINUOUS
10
0.6586117322834646
20
0.8689509842519685
11
0.6579442519685039
21
0.867616062992126
0
LINE
8
BLACK
6
CONTINUOUS
10
0.6579442519685039
20
0.867616062992126
11
0.6565283858267716
21
0.867144094488189
0
LINE
8
BLACK
6
CONTINUOUS
10
0.6565283858267716
20
0.867144094488189
11
0.6551934645669292
21
0.8678115748031496
0
LINE
8
BLACK
6
CONTINUOUS
10
0.6551934645669292
20
0.8678115748031496
11
0.6548166929133858
21
0.8684725590551181
0
LINE
8
BLACK
6
CONTINUOUS
10
0.6548166929133858
20
0.8684725590551181
11
0.6533849606299212
21
0.8727677952755906
0
LINE
8
BLACK
6
CONTINUOUS
10
0.6533849606299212
20
0.8727677952755906
11
0.6468149606299213
21
0.8727677952755906
0
LINE
8
BLACK
6
CONTINUOUS
10
0.6468149606299213
20
0.8727677952755906
11
0.6453832283464567
21
0.8684725590551181
0
LINE
8
BLACK
6
CONTINUOUS
10
0.6453832283464567
20
0.8684725590551181
11
0.6450064566929133
21
0.8678115748031496
0
LINE
8
BLACK
6
CONTINUOUS
10
0.6450064566929133
20
0.8678115748031496
11
0.6436715354330709
21
0.867144094488189
0
LINE
8
BLACK
6
CONTINUOUS
10
0.6436715354330709
20
0.867144094488189
11
0.6422556692913386
21
0.867616062992126
0
LINE
8
BLACK
6
CONTINUOUS
10
0.6422556692913386
20
0.867616062992126
11
0.6415881889763779
21
0.8689509842519685
0
LINE
8
BLACK
6
CONTINUOUS
10
0.6415881889763779
20
0.8689509842519685
11
0.6416833858267716
21
0.8697058661417323
0
LINE
8
BLACK
6
CONTINUOUS
10
0.6416833858267716
20
0.8697058661417323
11
0.643422716535433
21
0.8749239763779527
0
LINE
8
BLACK
6
CONTINUOUS
10
0.643422716535433
20
0.8749239763779527
11
0.6431808267716536
21
0.8747254330708661
0
LINE
8
BLACK
6
CONTINUOUS
10
0.6431808267716536
20
0.8747254330708661
11
0.6429816535433071
21
0.8746429133858268
0
LINE
8
BLACK
6
CONTINUOUS
10
0.6429816535433071
20
0.8746429133858268
11
0.6428188188976378
21
0.8745016929133858
0
LINE
8
BLACK
6
CONTINUOUS
10
0.6428188188976378
20
0.8745016929133858
11
0.6417447637795275
21
0.8740221653543306
0
LINE
8
BLACK
6
CONTINUOUS
10
0.6417447637795275
20
0.8740221653543306
11
0.6331733464566929
21
0.8711650393700787
0
LINE
8
BLACK
6
CONTINUOUS
10
0.6331733464566929
20
0.8711650393700787
11
0.6325929133858268
21
0.8710330314960629
0
LINE
8
BLACK
6
CONTINUOUS
10
0.6325929133858268
20
0.8710330314960629
11
0.6324465354330708
21
0.8709724015748032
0
LINE
8
BLACK
6
CONTINUOUS
10
0.6324465354330708
20
0.8709724015748032
11
0.6322343700787402
21
0.8709514960629922
0
LINE
8
BLACK
6
CONTINUOUS
10
0.6322343700787402
20
0.8709514960629922
11
0.6320264173228346
21
0.8709042125984252
0
LINE
8
BLACK
6
CONTINUOUS
10
0.6320264173228346
20
0.8709042125984252
11
0.6318682283464567
21
0.8709154330708662
0
LINE
8
BLACK
6
CONTINUOUS
10
0.6318682283464567
20
0.8709154330708662
11
0.6312759842519685
21
0.8708571259842519
0
LINE
8
BLACK
6
CONTINUOUS
10
0.6312759842519685
20
0.8708571259842519
11
0.6255616929133858
21
0.8708571259842519
0
LINE
8
BLACK
6
CONTINUOUS
10
0.6255616929133858
20
0.8708571259842519
11
0.6243911417322835
21
0.8709724015748032
0
LINE
8
BLACK
6
CONTINUOUS
10
0.6243911417322835
20
0.8709724015748032
11
0.6241920078740157
21
0.871054842519685
0
LINE
8
BLACK
6
CONTINUOUS
10
0.6241920078740157
20
0.871054842519685
11
0.623976968503937
21
0.8710701574803149
0
LINE
8
BLACK
6
CONTINUOUS
10
0.623976968503937
20
0.8710701574803149
11
0.6228784251968503
21
0.8714905511811023
0
LINE
8
BLACK
6
CONTINUOUS
10
0.6228784251968503
20
0.8714905511811023
11
0.6171641338582677
21
0.8743476771653543
0
LINE
8
BLACK
6
CONTINUOUS
10
0.6171641338582677
20
0.8743476771653543
11
0.6166602362204724
21
0.8746648031496063
0
LINE
8
BLACK
6
CONTINUOUS
10
0.6166602362204724
20
0.8746648031496063
11
0.6165139763779527
21
0.8747254330708661
0
LINE
8
BLACK
6
CONTINUOUS
10
0.6165139763779527
20
0.8747254330708661
11
0.6163493307086614
21
0.8748605118110236
0
LINE
8
BLACK
6
CONTINUOUS
10
0.6163493307086614
20
0.8748605118110236
11
0.6161687007874016
21
0.8749742519685039
0
LINE
8
BLACK
6
CONTINUOUS
10
0.6161687007874016
20
0.8749742519685039
11
0.6160647244094488
21
0.875094094488189
0
LINE
8
BLACK
6
CONTINUOUS
10
0.6160647244094488
20
0.875094094488189
11
0.6156047637795276
21
0.8754716141732283
0
LINE
8
BLACK
6
CONTINUOUS
10
0.6156047637795276
20
0.8754716141732283
11
0.6127475984251969
21
0.8783287795275591
0
LINE
8
BLACK
6
CONTINUOUS
10
0.6127475984251969
20
0.8783287795275591
11
0.6123699606299212
21
0.8787888582677165
0
LINE
8
BLACK
6
CONTINUOUS
10
0.6123699606299212
20
0.8787888582677165
11
0.6122502755905511
21
0.8788927165354331
0
LINE
8
BLACK
6
CONTINUOUS
10
0.6122502755905511
20
0.8788927165354331
11
0.6121366141732283
21
0.879073188976378
0
LINE
8
BLACK
6
CONTINUOUS
10
0.6121366141732283
20
0.879073188976378
11
0.6120014173228346
21
0.8792379921259842
0
LINE
8
BLACK
6
CONTINUOUS
10
0.6120014173228346
20
0.8792379921259842
11
0.6119407874015748
21
0.8793842913385826
0
LINE
8
BLACK
6
CONTINUOUS
10
0.6119407874015748
20
0.8793842913385826
11
0.6116236614173228
21
0.8798881102362205
0
LINE
8
BLACK
6
CONTINUOUS
10
0.6116236614173228
20
0.8798881102362205
11
0.6087665354330708
21
0.8856024015748031
0
LINE
8
BLACK
6
CONTINUOUS
10
0.6087665354330708
20
0.8856024015748031
11
0.6083461811023622
21
0.886700905511811
0
LINE
8
BLACK
6
CONTINUOUS
10
0.6083461811023622
20
0.886700905511811
11
0.6083308661417323
21
0.886915905511811
0
LINE
8
BLACK
6
CONTINUOUS
10
0.6083308661417323
20
0.886915905511811
11
0.6082483858267717
21
0.8871151181102362
0
LINE
8
BLACK
6
CONTINUOUS
10
0.6082483858267717
20
0.8871151181102362
11
0.6081331102362204
21
0.8882856692913386
0
LINE
8
BLACK
6
CONTINUOUS
10
0.6081331102362204
20
0.8882856692913386
11
0.6081331102362204
21
0.9025714173228346
0
LINE
8
BLACK
6
CONTINUOUS
10
0.6081331102362204
20
0.9025714173228346
11
0.6082483858267717
21
0.903741968503937
0
LINE
8
BLACK
6
CONTINUOUS
10
0.6082483858267717
20
0.903741968503937
11
0.6083308661417323
21
0.9039411417322835
0
LINE
8
BLACK
6
CONTINUOUS
10
0.6083308661417323
20
0.9039411417322835
11
0.6083461811023622
21
0.9041561811023622
0
LINE
8
BLACK
6
CONTINUOUS
10
0.6083461811023622
20
0.9041561811023622
11
0.6087665354330708
21
0.90525468503937
0
LINE
8
BLACK
6
CONTINUOUS
10
0.6087665354330708
20
0.90525468503937
11
0.6116236614173228
21
0.9109689763779527
0
LINE
8
BLACK
6
CONTINUOUS
10
0.6116236614173228
20
0.9109689763779527
11
0.6119407874015748
21
0.9114727559055118
0
LINE
8
BLACK
6
CONTINUOUS
10
0.6119407874015748
20
0.9114727559055118
11
0.6120014173228346
21
0.911619094488189
0
LINE
8
BLACK
6
CONTINUOUS
10
0.6120014173228346
20
0.911619094488189
11
0.6121366141732283
21
0.9117838582677165
0
LINE
8
BLACK
6
CONTINUOUS
10
0.6121366141732283
20
0.9117838582677165
11
0.6122502755905511
21
0.9119643700787401
0
LINE
8
BLACK
6
CONTINUOUS
10
0.6122502755905511
20
0.9119643700787401
11
0.6123699606299212
21
0.912068188976378
0
LINE
8
BLACK
6
CONTINUOUS
10
0.6123699606299212
20
0.912068188976378
11
0.6127475984251969
21
0.9125283070866141
0
LINE
8
BLACK
6
CONTINUOUS
10
0.6127475984251969
20
0.9125283070866141
11
0.6156047637795276
21
0.9153854724409448
0
LINE
8
BLACK
6
CONTINUOUS
10
0.6156047637795276
20
0.9153854724409448
11
0.6165139763779527
21
0.9161316535433071
0
LINE
8
BLACK
6
CONTINUOUS
10
0.6165139763779527
20
0.9161316535433071
11
0.6186768503937008
21
0.9170275590551181
0
LINE
8
BLACK
6
CONTINUOUS
10
0.6186768503937008
20
0.9170275590551181
11
0.6210179527559055
21
0.9170275590551181
0
LINE
8
BLACK
6
CONTINUOUS
10
0.6210179527559055
20
0.9170275590551181
11
0.6231808267716535
21
0.9161316535433071
0
LINE
8
BLACK
6
CONTINUOUS
10
0.6231808267716535
20
0.9161316535433071
11
0.6248362204724409
21
0.9144762598425197
0
LINE
8
BLACK
6
CONTINUOUS
10
0.6248362204724409
20
0.9144762598425197
11
0.625732125984252
21
0.9123133858267717
0
LINE
8
BLACK
6
CONTINUOUS
10
0.625732125984252
20
0.9123133858267717
11
0.625732125984252
21
0.9099722834645669
0
LINE
8
BLACK
6
CONTINUOUS
10
0.625732125984252
20
0.9099722834645669
11
0.6248362204724409
21
0.9078094094488188
0
LINE
8
BLACK
6
CONTINUOUS
10
0.6248362204724409
20
0.9078094094488188
11
0.6240900393700787
21
0.9069001968503937
0
LINE
8
BLACK
6
CONTINUOUS
10
0.6240900393700787
20
0.9069001968503937
11
0.6219213779527559
21
0.9047315354330708
0
LINE
8
BLACK
6
CONTINUOUS
10
0.6219213779527559
20
0.9047315354330708
11
0.6201331102362204
21
0.9011549999999999
0
LINE
8
BLACK
6
CONTINUOUS
10
0.6201331102362204
20
0.9011549999999999
11
0.6201331102362204
21
0.8897020866141732
0
LINE
8
BLACK
6
CONTINUOUS
10
0.6201331102362204
20
0.8897020866141732
11
0.6219213779527559
21
0.8861255511811024
0
LINE
8
BLACK
6
CONTINUOUS
10
0.6219213779527559
20
0.8861255511811024
11
0.6234014960629921
21
0.8846453937007874
0
LINE
8
BLACK
6
CONTINUOUS
10
0.6234014960629921
20
0.8846453937007874
11
0.6269781102362204
21
0.8828571259842519
0
LINE
8
BLACK
6
CONTINUOUS
10
0.6269781102362204
20
0.8828571259842519
11
0.6303023622047244
21
0.8828571259842519
0
LINE
8
BLACK
6
CONTINUOUS
10
0.6303023622047244
20
0.8828571259842519
11
0.6366063385826771
21
0.8849584645669291
0
LINE
8
BLACK
6
CONTINUOUS
10
0.6366063385826771
20
0.8849584645669291
11
0.6698904724409449
21
0.9182425984251968
0
LINE
8
BLACK
6
CONTINUOUS
10
0.6698904724409449
20
0.9182425984251968
11
0.67079968503937
21
0.9189888188976377
0
LINE
8
BLACK
6
CONTINUOUS
10
0.67079968503937
20
0.9189888188976377
11
0.6729625590551181
21
0.91988468503937
0
LINE
8
BLACK
6
CONTINUOUS
10
0.6729625590551181
20
0.91988468503937
11
0.6753036614173228
21
0.91988468503937
0
LINE
8
BLACK
6
CONTINUOUS
10
0.6753036614173228
20
0.91988468503937
11
0.6774665354330709
21
0.9189888188976377
0
LINE
8
BLACK
6
CONTINUOUS
10
0.649529251968504
20
0.8809108267716536
11
0.6481149606299212
21
0.8766677952755906
0
LINE
8
BLACK
6
CONTINUOUS
10
0.6481149606299212
20
0.8766677952755906
11
0.6520849606299213
21
0.8766677952755906
0
LINE
8
BLACK
6
CONTINUOUS
10
0.6520849606299213
20
0.8766677952755906
11
0.6503852362204724
21
0.881766811023622
0
LINE
8
BLACK
6
CONTINUOUS
10
0.6503852362204724
20
0.881766811023622
11
0.649529251968504
21
0.8809108267716536
0
LINE
8
BLACK
6
CONTINUOUS
10
0.869176062992126
20
0.8867960236220472
11
0.8702404724409448
21
0.8863551181102362
0
LINE
8
BLACK
6
CONTINUOUS
10
0.8702404724409448
20
0.8863551181102362
11
0.8710551181102362
21
0.8855404724409449
0
LINE
8
BLACK
6
CONTINUOUS
10
0.8710551181102362
20
0.8855404724409449
11
0.8714960236220473
21
0.884476062992126
0
LINE
8
BLACK
6
CONTINUOUS
10
0.8714960236220473
20
0.884476062992126
11
0.8715527559055118
21
0.8839
0
LINE
8
BLACK
6
CONTINUOUS
10
0.8715527559055118
20
0.8839
11
0.8715527559055118
21
0.8701
0
LINE
8
BLACK
6
CONTINUOUS
10
0.8715527559055118
20
0.8701
11
0.8714960236220473
21
0.869523937007874
0
LINE
8
BLACK
6
CONTINUOUS
10
0.8714960236220473
20
0.869523937007874
11
0.8710551181102362
21
0.8684595275590551
0
LINE
8
BLACK
6
CONTINUOUS
10
0.8710551181102362
20
0.8684595275590551
11
0.8702404724409448
21
0.8676448818897637
0
LINE
8
BLACK
6
CONTINUOUS
10
0.8702404724409448
20
0.8676448818897637
11
0.869176062992126
21
0.8672039763779528
0
LINE
8
BLACK
6
CONTINUOUS
10
0.869176062992126
20
0.8672039763779528
11
0.8680239370078739
21
0.8672039763779528
0
LINE
8
BLACK
6
CONTINUOUS
10
0.8680239370078739
20
0.8672039763779528
11
0.8669595275590551
21
0.8676448818897637
0
LINE
8
BLACK
6
CONTINUOUS
10
0.8669595275590551
20
0.8676448818897637
11
0.8661448818897638
21
0.8684595275590551
0
LINE
8
BLACK
6
CONTINUOUS
10
0.8661448818897638
20
0.8684595275590551
11
0.8657039763779527
21
0.869523937007874
0
LINE
8
BLACK
6
CONTINUOUS
10
0.8657039763779527
20
0.869523937007874
11
0.8656472440944881
21
0.8701
0
LINE
8
BLACK
6
CONTINUOUS
10
0.8656472440944881
20
0.8701
11
0.8656472440944881
21
0.8809472440944882
0
LINE
8
BLACK
6
CONTINUOUS
10
0.8656472440944881
20
0.8809472440944882
11
0.8538527559055118
21
0.8809472440944882
0
LINE
8
BLACK
6
CONTINUOUS
10
0.8538527559055118
20
0.8809472440944882
11
0.8538527559055118
21
0.8701
0
LINE
8
BLACK
6
CONTINUOUS
10
0.8538527559055118
20
0.8701
11
0.8537960236220472
21
0.869523937007874
0
LINE
8
BLACK
6
CONTINUOUS
10
0.8537960236220472
20
0.869523937007874
11
0.8533551181102362
21
0.8684595275590551
0
LINE
8
BLACK
6
CONTINUOUS
10
0.8533551181102362
20
0.8684595275590551
11
0.8525404724409449
21
0.8676448818897637
0
LINE
8
BLACK
6
CONTINUOUS
10
0.8525404724409449
20
0.8676448818897637
11
0.851476062992126
21
0.8672039763779528
0
LINE
8
BLACK
6
CONTINUOUS
10
0.851476062992126
20
0.8672039763779528
11
0.850323937007874
21
0.8672039763779528
0
LINE
8
BLACK
6
CONTINUOUS
10
0.850323937007874
20
0.8672039763779528
11
0.8492595275590551
21
0.8676448818897637
0
LINE
8
BLACK
6
CONTINUOUS
10
0.8492595275590551
20
0.8676448818897637
11
0.8484448818897637
21
0.8684595275590551
0
LINE
8
BLACK
6
CONTINUOUS
10
0.8484448818897637
20
0.8684595275590551
11
0.8480039763779528
21
0.869523937007874
0
LINE
8
BLACK
6
CONTINUOUS
10
0.8480039763779528
20
0.869523937007874
11
0.8479472440944882
21
0.8701
0
LINE
8
BLACK
6
CONTINUOUS
10
0.8479472440944882
20
0.8701
11
0.8479472440944882
21
0.8809472440944882
0
LINE
8
BLACK
6
CONTINUOUS
10
0.8479472440944882
20
0.8809472440944882
11
0.6943527559055118
21
0.8809472440944882
0
LINE
8
BLACK
6
CONTINUOUS
10
0.6943527559055118
20
0.8809472440944882
11
0.6943527559055118
21
0.8701
0
LINE
8
BLACK
6
CONTINUOUS
10
0.6943527559055118
20
0.8701
11
0.6942960236220472
21
0.869523937007874
0
LINE
8
BLACK
6
CONTINUOUS
10
0.6942960236220472
20
0.869523937007874
11
0.6938551181102363
21
0.8684595275590551
0
LINE
8
BLACK
6
CONTINUOUS
10
0.6938551181102363
20
0.8684595275590551
11
0.6930404724409449
21
0.8676448818897637
0
LINE
8
BLACK
6
CONTINUOUS
10
0.6930404724409449
20
0.8676448818897637
11
0.691976062992126
21
0.8672039763779528
0
LINE
8
BLACK
6
CONTINUOUS
10
0.691976062992126
20
0.8672039763779528
11
0.690823937007874
21
0.8672039763779528
0
LINE
8
BLACK
6
CONTINUOUS
10
0.690823937007874
20
0.8672039763779528
11
0.6897595275590551
21
0.8676448818897637
0
LINE
8
BLACK
6
CONTINUOUS
10
0.6897595275590551
20
0.8676448818897637
11
0.6889448818897638
21
0.8684595275590551
0
LINE
8
BLACK
6
CONTINUOUS
10
0.6889448818897638
20
0.8684595275590551
11
0.6885039763779527
21
0.869523937007874
0
LINE
8
BLACK
6
CONTINUOUS
10
0.6885039763779527
20
0.869523937007874
11
0.6884472440944882
21
0.8701
0
LINE
8
BLACK
6
CONTINUOUS
10
0.6884472440944882
20
0.8701
11
0.6884472440944882
21
0.8839
0
LINE
8
BLACK
6
CONTINUOUS
10
0.6884472440944882
20
0.8839
11
0.6885039763779527
21
0.884476062992126
0
LINE
8
BLACK
6
CONTINUOUS
10
0.6885039763779527
20
0.884476062992126
11
0.6889448818897638
21
0.8855404724409449
0
LINE
8
BLACK
6
CONTINUOUS
10
0.6889448818897638
20
0.8855404724409449
11
0.6897595275590551
21
0.8863551181102362
0
LINE
8
BLACK
6
CONTINUOUS
10
0.6897595275590551
20
0.8863551181102362
11
0.690823937007874
21
0.8867960236220472
0
LINE
8
BLACK
6
CONTINUOUS
10
0.690823937007874
20
0.8867960236220472
11
0.6914
21
0.8868527559055118
0
LINE
8
BLACK
6
CONTINUOUS
10
0.6914
20
0.8868527559055118
11
0.8685999999999999
21
0.8868527559055118
0
LINE
8
BLACK
6
CONTINUOUS
10
0.8685999999999999
20
0.8868527559055118
11
0.869176062992126
21
0.8867960236220472
0
LINE
8
BLACK
6
CONTINUOUS
10
0.9021760629921259
20
0.9059960236220472
11
0.9032404724409449
21
0.9055551181102361
0
LINE
8
BLACK
6
CONTINUOUS
10
0.9032404724409449
20
0.9055551181102361
11
0.9040551181102362
21
0.9047404724409449
0
LINE
8
BLACK
6
CONTINUOUS
10
0.9040551181102362
20
0.9047404724409449
11
0.9044960236220472
21
0.903676062992126
0
LINE
8
BLACK
6
CONTINUOUS
10
0.9044960236220472
20
0.903676062992126
11
0.9044960236220472
21
0.902523937007874
0
LINE
8
BLACK
6
CONTINUOUS
10
0.9044960236220472
20
0.902523937007874
11
0.9040551181102362
21
0.9014595275590551
0
LINE
8
BLACK
6
CONTINUOUS
10
0.9040551181102362
20
0.9014595275590551
11
0.9032404724409449
21
0.9006448818897638
0
LINE
8
BLACK
6
CONTINUOUS
10
0.9032404724409449
20
0.9006448818897638
11
0.9021760629921259
21
0.9002039763779527
0
LINE
8
BLACK
6
CONTINUOUS
10
0.9021760629921259
20
0.9002039763779527
11
0.9016
21
0.9001472440944882
0
LINE
8
BLACK
6
CONTINUOUS
10
0.9016
20
0.9001472440944882
11
0.7283999999999999
21
0.9001472440944882
0
LINE
8
BLACK
6
CONTINUOUS
10
0.7283999999999999
20
0.9001472440944882
11
0.727823937007874
21
0.9002039763779527
0
LINE
8
BLACK
6
CONTINUOUS
10
0.727823937007874
20
0.9002039763779527
11
0.7267595275590552
21
0.9006448818897638
0
LINE
8
BLACK
6
CONTINUOUS
10
0.7267595275590552
20
0.9006448818897638
11
0.7259448818897638
21
0.9014595275590551
0
LINE
8
BLACK
6
CONTINUOUS
10
0.7259448818897638
20
0.9014595275590551
11
0.7255039763779527
21
0.902523937007874
0
LINE
8
BLACK
6
CONTINUOUS
10
0.7255039763779527
20
0.902523937007874
11
0.7255039763779527
21
0.903676062992126
0
LINE
8
BLACK
6
CONTINUOUS
10
0.7255039763779527
20
0.903676062992126
11
0.7259448818897638
21
0.9047404724409449
0
LINE
8
BLACK
6
CONTINUOUS
10
0.7259448818897638
20
0.9047404724409449
11
0.7267595275590552
21
0.9055551181102361
0
LINE
8
BLACK
6
CONTINUOUS
10
0.7267595275590552
20
0.9055551181102361
11
0.727823937007874
21
0.9059960236220472
0
LINE
8
BLACK
6
CONTINUOUS
10
0.727823937007874
20
0.9059960236220472
11
0.7283999999999999
21
0.9060527559055118
0
LINE
8
BLACK
6
CONTINUOUS
10
0.7283999999999999
20
0.9060527559055118
11
0.9016
21
0.9060527559055118
0
LINE
8
BLACK
6
CONTINUOUS
10
0.9016
20
0.9060527559055118
11
0.9021760629921259
21
0.9059960236220472
0
LINE
8
BLACK
6
CONTINUOUS
10
0.9250404724409449
20
1.2746551181102361
11
0.9258551181102362
21
1.2738404724409449
0
LINE
8
BLACK
6
CONTINUOUS
10
0.9258551181102362
20
1.2738404724409449
11
0.9262960236220472
21
1.2727760629921259
0
LINE
8
BLACK
6
CONTINUOUS
10
0.9262960236220472
20
1.2727760629921259
11
0.9263527559055118
21
1.2722
0
LINE
8
BLACK
6
CONTINUOUS
10
0.9263527559055118
20
1.2722
11
0.9263527559055118
21
0.9177999999999999
0
LINE
8
BLACK
6
CONTINUOUS
10
0.9263527559055118
20
0.9177999999999999
11
0.9262960236220472
21
0.917223937007874
0
LINE
8
BLACK
6
CONTINUOUS
10
0.9262960236220472
20
0.917223937007874
11
0.9258551181102362
21
0.9161595275590551
0
LINE
8
BLACK
6
CONTINUOUS
10
0.9258551181102362
20
0.9161595275590551
11
0.9250404724409449
21
0.9153448818897637
0
LINE
8
BLACK
6
CONTINUOUS
10
0.9250404724409449
20
0.9153448818897637
11
0.923976062992126
21
0.9149039763779527
0
LINE
8
BLACK
6
CONTINUOUS
10
0.923976062992126
20
0.9149039763779527
11
0.922823937007874
21
0.9149039763779527
0
LINE
8
BLACK
6
CONTINUOUS
10
0.922823937007874
20
0.9149039763779527
11
0.9217595275590551
21
0.9153448818897637
0
LINE
8
BLACK
6
CONTINUOUS
10
0.9217595275590551
20
0.9153448818897637
11
0.9209448818897638
21
0.9161595275590551
0
LINE
8
BLACK
6
CONTINUOUS
10
0.9209448818897638
20
0.9161595275590551
11
0.9205039763779528
21
0.917223937007874
0
LINE
8
BLACK
6
CONTINUOUS
10
0.9205039763779528
20
0.917223937007874
11
0.9204472440944882
21
0.9177999999999999
0
LINE
8
BLACK
6
CONTINUOUS
10
0.9204472440944882
20
0.9177999999999999
11
0.9204472440944882
21
1.2722
0
LINE
8
BLACK
6
CONTINUOUS
10
0.9204472440944882
20
1.2722
11
0.9205039763779528
21
1.2727760629921259
0
LINE
8
BLACK
6
CONTINUOUS
10
0.9205039763779528
20
1.2727760629921259
11
0.9209448818897638
21
1.2738404724409449
0
LINE
8
BLACK
6
CONTINUOUS
10
0.9209448818897638
20
1.2738404724409449
11
0.9217595275590551
21
1.2746551181102361
0
LINE
8
BLACK
6
CONTINUOUS
10
0.9217595275590551
20
1.2746551181102361
11
0.922823937007874
21
1.2750960236220472
0
LINE
8
BLACK
6
CONTINUOUS
10
0.922823937007874
20
1.2750960236220472
11
0.923976062992126
21
1.2750960236220472
0
LINE
8
BLACK
6
CONTINUOUS
10
0.923976062992126
20
1.2750960236220472
11
0.9250404724409449
21
1.2746551181102361
0
LINE
8
BLACK
6
CONTINUOUS
10
1.0982404724409449
20
1.2746551181102361
11
1.0990551181102362
21
1.2738404724409449
0
LINE
8
BLACK
6
CONTINUOUS
10
1.0990551181102362
20
1.2738404724409449
11
1.0994960236220472
21
1.2727760629921259
0
LINE
8
BLACK
6
CONTINUOUS
10
1.0994960236220472
20
1.2727760629921259
11
1.0995527559055118
21
1.2722
0
LINE
8
BLACK
6
CONTINUOUS
10
1.0995527559055118
20
1.2722
11
1.0995527559055118
21
0.9177999999999999
0
LINE
8
BLACK
6
CONTINUOUS
10
1.0995527559055118
20
0.9177999999999999
11
1.0994960236220472
21
0.917223937007874
0
LINE
8
BLACK
6
CONTINUOUS
10
1.0994960236220472
20
0.917223937007874
11
1.0990551181102362
21
0.9161595275590551
0
LINE
8
BLACK
6
CONTINUOUS
10
1.0990551181102362
20
0.9161595275590551
11
1.0982404724409449
21
0.9153448818897637
0
LINE
8
BLACK
6
CONTINUOUS
10
1.0982404724409449
20
0.9153448818897637
11
1.0971760629921259
21
0.9149039763779527
0
LINE
8
BLACK
6
CONTINUOUS
10
1.0971760629921259
20
0.9149039763779527
11
1.0960239370078739
21
0.9149039763779527
0
LINE
8
BLACK
6
CONTINUOUS
10
1.0960239370078739
20
0.9149039763779527
11
1.0949595275590551
21
0.9153448818897637
0
LINE
8
BLACK
6
CONTINUOUS
10
1.0949595275590551
20
0.9153448818897637
11
1.0941448818897637
21
0.9161595275590551
0
LINE
8
BLACK
6
CONTINUOUS
10
1.0941448818897637
20
0.9161595275590551
11
1.0937039763779528
21
0.917223937007874
0
LINE
8
BLACK
6
CONTINUOUS
10
1.0937039763779528
20
0.917223937007874
11
1.0936472440944882
21
0.9177999999999999
0
LINE
8
BLACK
6
CONTINUOUS
10
1.0936472440944882
20
0.9177999999999999
11
1.0936472440944882
21
1.2722
0
LINE
8
BLACK
6
CONTINUOUS
10
1.0936472440944882
20
1.2722
11
1.0937039763779528
21
1.2727760629921259
0
LINE
8
BLACK
6
CONTINUOUS
10
1.0937039763779528
20
1.2727760629921259
11
1.0941448818897637
21
1.2738404724409449
0
LINE
8
BLACK
6
CONTINUOUS
10
1.0941448818897637
20
1.2738404724409449
11
1.0949595275590551
21
1.2746551181102361
0
LINE
8
BLACK
6
CONTINUOUS
10
1.0949595275590551
20
1.2746551181102361
11
1.0960239370078739
21
1.2750960236220472
0
LINE
8
BLACK
6
CONTINUOUS
10
1.0960239370078739
20
1.2750960236220472
11
1.0971760629921259
21
1.2750960236220472
0
LINE
8
BLACK
6
CONTINUOUS
10
1.0971760629921259
20
1.2750960236220472
11
1.0982404724409449
21
1.2746551181102361
0
LINE
8
BLACK
6
CONTINUOUS
10
0.7300404724409448
20
1.2796551181102362
11
0.7308551181102362
21
1.2788404724409448
0
LINE
8
BLACK
6
CONTINUOUS
10
0.7308551181102362
20
1.2788404724409448
11
0.7312960236220473
21
1.277776062992126
0
LINE
8
BLACK
6
CONTINUOUS
10
0.7312960236220473
20
1.277776062992126
11
0.7313527559055117
21
1.2771999999999999
0
LINE
8
BLACK
6
CONTINUOUS
10
0.7313527559055117
20
1.2771999999999999
11
0.7313527559055117
21
1.0089999606299211
0
LINE
8
BLACK
6
CONTINUOUS
10
0.7313527559055117
20
1.0089999606299211
11
0.7321331102362204
21
1.0089999606299211
0
LINE
8
BLACK
6
CONTINUOUS
10
0.7321331102362204
20
1.0089999606299211
11
0.7333036614173228
21
1.00888468503937
0
LINE
8
BLACK
6
CONTINUOUS
10
0.7333036614173228
20
1.00888468503937
11
0.7354665354330708
21
1.0079887795275591
0
LINE
8
BLACK
6
CONTINUOUS
10
0.7354665354330708
20
1.0079887795275591
11
0.7371219291338582
21
1.0063333858267716
0
LINE
8
BLACK
6
CONTINUOUS
10
0.7371219291338582
20
1.0063333858267716
11
0.7380178346456693
21
1.0041705118110236
0
LINE
8
BLACK
6
CONTINUOUS
10
0.7380178346456693
20
1.0041705118110236
11
0.7380178346456693
21
1.0018294094488189
0
LINE
8
BLACK
6
CONTINUOUS
10
0.7380178346456693
20
1.0018294094488189
11
0.7371219291338582
21
0.9996665354330708
0
LINE
8
BLACK
6
CONTINUOUS
10
0.7371219291338582
20
0.9996665354330708
11
0.7354665354330708
21
0.9980111417322834
0
LINE
8
BLACK
6
CONTINUOUS
10
0.7354665354330708
20
0.9980111417322834
11
0.7333036614173228
21
0.9971152362204724
0
LINE
8
BLACK
6
CONTINUOUS
10
0.7333036614173228
20
0.9971152362204724
11
0.7321331102362204
21
0.9969999606299212
0
LINE
8
BLACK
6
CONTINUOUS
10
0.7321331102362204
20
0.9969999606299212
11
0.7313527559055117
21
0.9969999606299212
0
LINE
8
BLACK
6
CONTINUOUS
10
0.7313527559055117
20
0.9969999606299212
11
0.7313527559055117
21
0.9228
0
LINE
8
BLACK
6
CONTINUOUS
10
0.7313527559055117
20
0.9228
11
0.7312960236220473
21
0.922223937007874
0
LINE
8
BLACK
6
CONTINUOUS
10
0.7312960236220473
20
0.922223937007874
11
0.7308551181102362
21
0.9211595275590551
0
LINE
8
BLACK
6
CONTINUOUS
10
0.7308551181102362
20
0.9211595275590551
11
0.7300404724409448
21
0.9203448818897637
0
LINE
8
BLACK
6
CONTINUOUS
10
0.7300404724409448
20
0.9203448818897637
11
0.7289760629921259
21
0.9199039763779527
0
LINE
8
BLACK
6
CONTINUOUS
10
0.7289760629921259
20
0.9199039763779527
11
0.727823937007874
21
0.9199039763779527
0
LINE
8
BLACK
6
CONTINUOUS
10
0.727823937007874
20
0.9199039763779527
11
0.7267595275590552
21
0.9203448818897637
0
LINE
8
BLACK
6
CONTINUOUS
10
0.7267595275590552
20
0.9203448818897637
11
0.7259448818897638
21
0.9211595275590551
0
LINE
8
BLACK
6
CONTINUOUS
10
0.7259448818897638
20
0.9211595275590551
11
0.7255039763779527
21
0.922223937007874
0
LINE
8
BLACK
6
CONTINUOUS
10
0.7255039763779527
20
0.922223937007874
11
0.7254472440944881
21
0.9228
0
LINE
8
BLACK
6
CONTINUOUS
10
0.7254472440944881
20
0.9228
11
0.7254472440944881
21
0.9969999606299212
0
LINE
8
BLACK
6
CONTINUOUS
10
0.7254472440944881
20
0.9969999606299212
11
0.7152759842519685
21
0.9969999606299212
0
LINE
8
BLACK
6
CONTINUOUS
10
0.7152759842519685
20
0.9969999606299212
11
0.7152759842519685
21
0.9801428346456693
0
LINE
8
BLACK
6
CONTINUOUS
10
0.7152759842519685
20
0.9801428346456693
11
0.7151607086614173
21
0.9789722834645669
0
LINE
8
BLACK
6
CONTINUOUS
10
0.7151607086614173
20
0.9789722834645669
11
0.7142648031496063
21
0.9768094094488189
0
LINE
8
BLACK
6
CONTINUOUS
10
0.7142648031496063
20
0.9768094094488189
11
0.7126094094488189
21
0.9751540157480315
0
LINE
8
BLACK
6
CONTINUOUS
10
0.7126094094488189
20
0.9751540157480315
11
0.7104465354330709
21
0.9742581102362204
0
LINE
8
BLACK
6
CONTINUOUS
10
0.7104465354330709
20
0.9742581102362204
11
0.7081054330708662
21
0.9742581102362204
0
LINE
8
BLACK
6
CONTINUOUS
10
0.7081054330708662
20
0.9742581102362204
11
0.705942559055118
21
0.9751540157480315
0
LINE
8
BLACK
6
CONTINUOUS
10
0.705942559055118
20
0.9751540157480315
11
0.7042871653543307
21
0.9768094094488189
0
LINE
8
BLACK
6
CONTINUOUS
10
0.7042871653543307
20
0.9768094094488189
11
0.7033912598425197
21
0.9789722834645669
0
LINE
8
BLACK
6
CONTINUOUS
10
0.7033912598425197
20
0.9789722834645669
11
0.7032759842519685
21
0.9801428346456693
0
LINE
8
BLACK
6
CONTINUOUS
10
0.7032759842519685
20
0.9801428346456693
11
0.7032759842519685
21
0.9969999606299212
0
LINE
8
BLACK
6
CONTINUOUS
10
0.7032759842519685
20
0.9969999606299212
11
0.6864188188976378
21
0.9969999606299212
0
LINE
8
BLACK
6
CONTINUOUS
10
0.6864188188976378
20
0.9969999606299212
11
0.6852482677165355
21
0.9971152362204724
0
LINE
8
BLACK
6
CONTINUOUS
10
0.6852482677165355
20
0.9971152362204724
11
0.6830853937007874
21
0.9980111417322834
0
LINE
8
BLACK
6
CONTINUOUS
10
0.6830853937007874
20
0.9980111417322834
11
0.68143
21
0.9996665354330708
0
LINE
8
BLACK
6
CONTINUOUS
10
0.68143
20
0.9996665354330708
11
0.6805340944881889
21
1.0018294094488189
0
LINE
8
BLACK
6
CONTINUOUS
10
0.6805340944881889
20
1.0018294094488189
11
0.6805340944881889
21
1.0041705118110236
0
LINE
8
BLACK
6
CONTINUOUS
10
0.6805340944881889
20
1.0041705118110236
11
0.68143
21
1.0063333858267716
0
LINE
8
BLACK
6
CONTINUOUS
10
0.68143
20
1.0063333858267716
11
0.6830853937007874
21
1.0079887795275591
0
LINE
8
BLACK
6
CONTINUOUS
10
0.6830853937007874
20
1.0079887795275591
11
0.6852482677165355
21
1.00888468503937
0
LINE
8
BLACK
6
CONTINUOUS
10
0.6852482677165355
20
1.00888468503937
11
0.6864188188976378
21
1.0089999606299211
0
LINE
8
BLACK
6
CONTINUOUS
10
0.6864188188976378
20
1.0089999606299211
11
0.7032759842519685
21
1.0089999606299211
0
LINE
8
BLACK
6
CONTINUOUS
10
0.7032759842519685
20
1.0089999606299211
11
0.7032759842519685
21
1.0258570866141732
0
LINE
8
BLACK
6
CONTINUOUS
10
0.7032759842519685
20
1.0258570866141732
11
0.7033912598425197
21
1.0270276377952756
0
LINE
8
BLACK
6
CONTINUOUS
10
0.7033912598425197
20
1.0270276377952756
11
0.7042871653543307
21
1.0291905118110236
0
LINE
8
BLACK
6
CONTINUOUS
10
0.7042871653543307
20
1.0291905118110236
11
0.705942559055118
21
1.0308459055118111
0
LINE
8
BLACK
6
CONTINUOUS
10
0.705942559055118
20
1.0308459055118111
11
0.7081054330708662
21
1.0317418110236221
0
LINE
8
BLACK
6
CONTINUOUS
10
0.7081054330708662
20
1.0317418110236221
11
0.7104465354330709
21
1.0317418110236221
0
LINE
8
BLACK
6
CONTINUOUS
10
0.7104465354330709
20
1.0317418110236221
11
0.7126094094488189
21
1.0308459055118111
0
LINE
8
BLACK
6
CONTINUOUS
10
0.7126094094488189
20
1.0308459055118111
11
0.7142648031496063
21
1.0291905118110236
0
LINE
8
BLACK
6
CONTINUOUS
10
0.7142648031496063
20
1.0291905118110236
11
0.7151607086614173
21
1.0270276377952756
0
LINE
8
BLACK
6
CONTINUOUS
10
0.7151607086614173
20
1.0270276377952756
11
0.7152759842519685
21
1.0258570866141732
0
LINE
8
BLACK
6
CONTINUOUS
10
0.7152759842519685
20
1.0258570866141732
11
0.7152759842519685
21
1.0089999606299211
0
LINE
8
BLACK
6
CONTINUOUS
10
0.7152759842519685
20
1.0089999606299211
11
0.7254472440944881
21
1.0089999606299211
0
LINE
8
BLACK
6
CONTINUOUS
10
0.7254472440944881
20
1.0089999606299211
11
0.7254472440944881
21
1.2771999999999999
0
LINE
8
BLACK
6
CONTINUOUS
10
0.7254472440944881
20
1.2771999999999999
11
0.7255039763779527
21
1.277776062992126
0
LINE
8
BLACK
6
CONTINUOUS
10
0.7255039763779527
20
1.277776062992126
11
0.7259448818897638
21
1.2788404724409448
0
LINE
8
BLACK
6
CONTINUOUS
10
0.7259448818897638
20
1.2788404724409448
11
0.7267595275590552
21
1.2796551181102362
0
LINE
8
BLACK
6
CONTINUOUS
10
0.7267595275590552
20
1.2796551181102362
11
0.727823937007874
21
1.2800960236220471
0
LINE
8
BLACK
6
CONTINUOUS
10
0.727823937007874
20
1.2800960236220471
11
0.7289760629921259
21
1.2800960236220471
0
LINE
8
BLACK
6
CONTINUOUS
10
0.7289760629921259
20
1.2800960236220471
11
0.7300404724409448
21
1.2796551181102362
0
LINE
8
BLACK
6
CONTINUOUS
10
0.9032404724409449
20
1.2796551181102362
11
0.9040551181102362
21
1.2788404724409448
0
LINE
8
BLACK
6
CONTINUOUS
10
0.9040551181102362
20
1.2788404724409448
11
0.9044960236220472
21
1.277776062992126
0
LINE
8
BLACK
6
CONTINUOUS
10
0.9044960236220472
20
1.277776062992126
11
0.9045527559055118
21
1.2771999999999999
0
LINE
8
BLACK
6
CONTINUOUS
10
0.9045527559055118
20
1.2771999999999999
11
0.9045527559055118
21
0.9228
0
LINE
8
BLACK
6
CONTINUOUS
10
0.9045527559055118
20
0.9228
11
0.9044960236220472
21
0.922223937007874
0
LINE
8
BLACK
6
CONTINUOUS
10
0.9044960236220472
20
0.922223937007874
11
0.9040551181102362
21
0.9211595275590551
0
LINE
8
BLACK
6
CONTINUOUS
10
0.9040551181102362
20
0.9211595275590551
11
0.9032404724409449
21
0.9203448818897637
0
LINE
8
BLACK
6
CONTINUOUS
10
0.9032404724409449
20
0.9203448818897637
11
0.9021760629921259
21
0.9199039763779527
0
LINE
8
BLACK
6
CONTINUOUS
10
0.9021760629921259
20
0.9199039763779527
11
0.901023937007874
21
0.9199039763779527
0
LINE
8
BLACK
6
CONTINUOUS
10
0.901023937007874
20
0.9199039763779527
11
0.8999595275590551
21
0.9203448818897637
0
LINE
8
BLACK
6
CONTINUOUS
10
0.8999595275590551
20
0.9203448818897637
11
0.8991448818897637
21
0.9211595275590551
0
LINE
8
BLACK
6
CONTINUOUS
10
0.8991448818897637
20
0.9211595275590551
11
0.8987039763779527
21
0.922223937007874
0
LINE
8
BLACK
6
CONTINUOUS
10
0.8987039763779527
20
0.922223937007874
11
0.8986472440944882
21
0.9228
0
LINE
8
BLACK
6
CONTINUOUS
10
0.8986472440944882
20
0.9228
11
0.8986472440944882
21
1.2771999999999999
0
LINE
8
BLACK
6
CONTINUOUS
10
0.8986472440944882
20
1.2771999999999999
11
0.8987039763779527
21
1.277776062992126
0
LINE
8
BLACK
6
CONTINUOUS
10
0.8987039763779527
20
1.277776062992126
11
0.8991448818897637
21
1.2788404724409448
0
LINE
8
BLACK
6
CONTINUOUS
10
0.8991448818897637
20
1.2788404724409448
11
0.8999595275590551
21
1.2796551181102362
0
LINE
8
BLACK
6
CONTINUOUS
10
0.8999595275590551
20
1.2796551181102362
11
0.901023937007874
21
1.2800960236220471
0
LINE
8
BLACK
6
CONTINUOUS
10
0.901023937007874
20
1.2800960236220471
11
0.9021760629921259
21
1.2800960236220471
0
LINE
8
BLACK
6
CONTINUOUS
10
0.9021760629921259
20
1.2800960236220471
11
0.9032404724409449
21
1.2796551181102362
0
LINE
8
BLACK
6
CONTINUOUS
10
0.6753036614173228
20
0.9741703937007874
11
0.6774665354330709
21
0.9732744881889763
0
LINE
8
BLACK
6
CONTINUOUS
10
0.6774665354330709
20
0.9732744881889763
11
0.6791219291338583
21
0.971619094488189
0
LINE
8
BLACK
6
CONTINUOUS
10
0.6791219291338583
20
0.971619094488189
11
0.6800178346456692
21
0.969456220472441
0
LINE
8
BLACK
6
CONTINUOUS
10
0.6800178346456692
20
0.969456220472441
11
0.6801331102362205
21
0.9682856692913385
0
LINE
8
BLACK
6
CONTINUOUS
10
0.6801331102362205
20
0.9682856692913385
11
0.6801331102362205
21
0.9539999606299212
0
LINE
8
BLACK
6
CONTINUOUS
10
0.6801331102362205
20
0.9539999606299212
11
0.6800747637795276
21
0.9534076771653544
0
LINE
8
BLACK
6
CONTINUOUS
10
0.6800747637795276
20
0.9534076771653544
11
0.6800860236220472
21
0.9532495669291339
0
LINE
8
BLACK
6
CONTINUOUS
10
0.6800860236220472
20
0.9532495669291339
11
0.6800387007874016
21
0.9530415354330708
0
LINE
8
BLACK
6
CONTINUOUS
10
0.6800387007874016
20
0.9530415354330708
11
0.6800178346456692
21
0.9528294094488189
0
LINE
8
BLACK
6
CONTINUOUS
10
0.6800178346456692
20
0.9528294094488189
11
0.6799572047244095
21
0.9526830708661417
0
LINE
8
BLACK
6
CONTINUOUS
10
0.6799572047244095
20
0.9526830708661417
11
0.6798252362204724
21
0.9521025984251968
0
LINE
8
BLACK
6
CONTINUOUS
10
0.6798252362204724
20
0.9521025984251968
11
0.6769680708661417
21
0.9435311811023622
0
LINE
8
BLACK
6
CONTINUOUS
10
0.6769680708661417
20
0.9435311811023622
11
0.6764885826771654
21
0.9424571653543307
0
LINE
8
BLACK
6
CONTINUOUS
10
0.6764885826771654
20
0.9424571653543307
11
0.676347283464567
21
0.9422942519685039
0
LINE
8
BLACK
6
CONTINUOUS
10
0.676347283464567
20
0.9422942519685039
11
0.6762648031496062
21
0.9420951181102362
0
LINE
8
BLACK
6
CONTINUOUS
10
0.6762648031496062
20
0.9420951181102362
11
0.6755186220472441
21
0.941185905511811
0
LINE
8
BLACK
6
CONTINUOUS
10
0.6755186220472441
20
0.941185905511811
11
0.6698043307086614
21
0.9354716141732283
0
LINE
8
BLACK
6
CONTINUOUS
10
0.6698043307086614
20
0.9354716141732283
11
0.6693442125984251
21
0.9350939763779528
0
LINE
8
BLACK
6
CONTINUOUS
10
0.6693442125984251
20
0.9350939763779528
11
0.6692403937007874
21
0.9349742913385827
0
LINE
8
BLACK
6
CONTINUOUS
10
0.6692403937007874
20
0.9349742913385827
11
0.6690599212598425
21
0.9348606692913386
0
LINE
8
BLACK
6
CONTINUOUS
10
0.6690599212598425
20
0.9348606692913386
11
0.6688951181102362
21
0.9347254330708661
0
LINE
8
BLACK
6
CONTINUOUS
10
0.6688951181102362
20
0.9347254330708661
11
0.6687487007874016
21
0.9346647637795276
0
LINE
8
BLACK
6
CONTINUOUS
10
0.6687487007874016
20
0.9346647637795276
11
0.6682449606299212
21
0.9343476771653543
0
LINE
8
BLACK
6
CONTINUOUS
10
0.6682449606299212
20
0.9343476771653543
11
0.6625306692913385
21
0.9314905511811024
0
LINE
8
BLACK
6
CONTINUOUS
10
0.6625306692913385
20
0.9314905511811024
11
0.6624450787401575
21
0.9314577952755906
0
LINE
8
BLACK
6
CONTINUOUS
10
0.6624450787401575
20
0.9314577952755906
11
0.6624102755905512
21
0.9314320078740157
0
LINE
8
BLACK
6
CONTINUOUS
10
0.6624102755905512
20
0.9314320078740157
11
0.6619182677165354
21
0.9312562204724409
0
LINE
8
BLACK
6
CONTINUOUS
10
0.6619182677165354
20
0.9312562204724409
11
0.6614321259842519
21
0.9310701968503937
0
LINE
8
BLACK
6
CONTINUOUS
10
0.6614321259842519
20
0.9310701968503937
11
0.6613890551181102
21
0.9310671259842519
0
LINE
8
BLACK
6
CONTINUOUS
10
0.6613890551181102
20
0.9310671259842519
11
0.6613026377952755
21
0.9310362598425197
0
LINE
8
BLACK
6
CONTINUOUS
10
0.6613026377952755
20
0.9310362598425197
11
0.6498740551181102
21
0.9281790944881889
0
LINE
8
BLACK
6
CONTINUOUS
10
0.6498740551181102
20
0.9281790944881889
11
0.649671062992126
21
0.9281490551181102
0
LINE
8
BLACK
6
CONTINUOUS
10
0.649671062992126
20
0.9281490551181102
11
0.6495893700787402
21
0.9281152362204724
0
LINE
8
BLACK
6
CONTINUOUS
10
0.6495893700787402
20
0.9281152362204724
11
0.6491485826771654
21
0.928071811023622
0
LINE
8
BLACK
6
CONTINUOUS
10
0.6491485826771654
20
0.928071811023622
11
0.6487104724409448
21
0.9280070472440944
0
LINE
8
BLACK
6
CONTINUOUS
10
0.6487104724409448
20
0.9280070472440944
11
0.6486229527559055
21
0.9280200393700787
0
LINE
8
BLACK
6
CONTINUOUS
10
0.6486229527559055
20
0.9280200393700787
11
0.6484188188976377
21
0.9279999606299212
0
LINE
8
BLACK
6
CONTINUOUS
10
0.6484188188976377
20
0.9279999606299212
11
0.6398474015748031
21
0.9279999606299212
0
LINE
8
BLACK
6
CONTINUOUS
10
0.6398474015748031
20
0.9279999606299212
11
0.6396432283464567
21
0.9280200393700787
0
LINE
8
BLACK
6
CONTINUOUS
10
0.6396432283464567
20
0.9280200393700787
11
0.6395557480314961
21
0.9280070472440944
0
LINE
8
BLACK
6
CONTINUOUS
10
0.6395557480314961
20
0.9280070472440944
11
0.6391175984251969
21
0.928071811023622
0
LINE
8
BLACK
6
CONTINUOUS
10
0.6391175984251969
20
0.928071811023622
11
0.6386768503937008
21
0.9281152362204724
0
LINE
8
BLACK
6
CONTINUOUS
10
0.6386768503937008
20
0.9281152362204724
11
0.6385951181102362
21
0.9281490551181102
0
LINE
8
BLACK
6
CONTINUOUS
10
0.6385951181102362
20
0.9281490551181102
11
0.6383921653543307
21
0.9281790944881889
0
LINE
8
BLACK
6
CONTINUOUS
10
0.6383921653543307
20
0.9281790944881889
11
0.6269635826771653
21
0.9310362598425197
0
LINE
8
BLACK
6
CONTINUOUS
10
0.6269635826771653
20
0.9310362598425197
11
0.6268772834645669
21
0.9310670866141733
0
LINE
8
BLACK
6
CONTINUOUS
10
0.6268772834645669
20
0.9310670866141733
11
0.6268340944881889
21
0.931070157480315
0
LINE
8
BLACK
6
CONTINUOUS
10
0.6268340944881889
20
0.931070157480315
11
0.6263470472440945
21
0.9312565354330709
0
LINE
8
BLACK
6
CONTINUOUS
10
0.6263470472440945
20
0.9312565354330709
11
0.6258559448818898
21
0.9314320078740157
0
LINE
8
BLACK
6
CONTINUOUS
10
0.6258559448818898
20
0.9314320078740157
11
0.6258211023622047
21
0.9314577952755906
0
LINE
8
BLACK
6
CONTINUOUS
10
0.6258211023622047
20
0.9314577952755906
11
0.6257355511811024
21
0.9314905511811024
0
LINE
8
BLACK
6
CONTINUOUS
10
0.6257355511811024
20
0.9314905511811024
11
0.6200212598425197
21
0.9343476771653543
0
LINE
8
BLACK
6
CONTINUOUS
10
0.6200212598425197
20
0.9343476771653543
11
0.6195173622047244
21
0.9346648031496063
0
LINE
8
BLACK
6
CONTINUOUS
10
0.6195173622047244
20
0.9346648031496063
11
0.6193711023622047
21
0.9347254330708661
0
LINE
8
BLACK
6
CONTINUOUS
10
0.6193711023622047
20
0.9347254330708661
11
0.6192064566929134
21
0.9348605118110236
0
LINE
8
BLACK
6
CONTINUOUS
10
0.6192064566929134
20
0.9348605118110236
11
0.6190258267716535
21
0.9349742519685039
0
LINE
8
BLACK
6
CONTINUOUS
10
0.6190258267716535
20
0.9349742519685039
11
0.6189218503937007
21
0.9350940944881889
0
LINE
8
BLACK
6
CONTINUOUS
10
0.6189218503937007
20
0.9350940944881889
11
0.6184618897637795
21
0.9354716141732283
0
LINE
8
BLACK
6
CONTINUOUS
10
0.6184618897637795
20
0.9354716141732283
11
0.6127475984251969
21
0.941185905511811
0
LINE
8
BLACK
6
CONTINUOUS
10
0.6127475984251969
20
0.941185905511811
11
0.6120014173228346
21
0.9420951181102362
0
LINE
8
BLACK
6
CONTINUOUS
10
0.6120014173228346
20
0.9420951181102362
11
0.6119188976377953
21
0.9422942519685039
0
LINE
8
BLACK
6
CONTINUOUS
10
0.6119188976377953
20
0.9422942519685039
11
0.6117776771653544
21
0.9424571259842519
0
LINE
8
BLACK
6
CONTINUOUS
10
0.6117776771653544
20
0.9424571259842519
11
0.6112981496062992
21
0.9435311811023622
0
LINE
8
BLACK
6
CONTINUOUS
10
0.6112981496062992
20
0.9435311811023622
11
0.6084410236220472
21
0.9521025984251968
0
LINE
8
BLACK
6
CONTINUOUS
10
0.6084410236220472
20
0.9521025984251968
11
0.6083090157480315
21
0.9526829921259843
0
LINE
8
BLACK
6
CONTINUOUS
10
0.6083090157480315
20
0.9526829921259843
11
0.6082483858267717
21
0.9528294094488189
0
LINE
8
BLACK
6
CONTINUOUS
10
0.6082483858267717
20
0.9528294094488189
11
0.6082274803149607
21
0.9530415354330708
0
LINE
8
BLACK
6
CONTINUOUS
10
0.6082274803149607
20
0.9530415354330708
11
0.6081801968503937
21
0.9532495275590551
0
LINE
8
BLACK
6
CONTINUOUS
10
0.6081801968503937
20
0.9532495275590551
11
0.6081914173228347
21
0.9534076771653544
0
LINE
8
BLACK
6
CONTINUOUS
10
0.6081914173228347
20
0.9534076771653544
11
0.6081331102362204
21
0.9539999606299212
0
LINE
8
BLACK
6
CONTINUOUS
10
0.6081331102362204
20
0.9539999606299212
11
0.6081331102362204
21
0.9682856692913385
0
LINE
8
BLACK
6
CONTINUOUS
10
0.6081331102362204
20
0.9682856692913385
11
0.6082483858267717
21
0.969456220472441
0
LINE
8
BLACK
6
CONTINUOUS
10
0.6082483858267717
20
0.969456220472441
11
0.6091442913385826
21
0.971619094488189
0
LINE
8
BLACK
6
CONTINUOUS
10
0.6091442913385826
20
0.971619094488189
11
0.6107996850393701
21
0.9732744881889763
0
LINE
8
BLACK
6
CONTINUOUS
10
0.6107996850393701
20
0.9732744881889763
11
0.6129625590551181
21
0.9741703937007874
0
LINE
8
BLACK
6
CONTINUOUS
10
0.6129625590551181
20
0.9741703937007874
11
0.6141331102362204
21
0.9742856692913385
0
LINE
8
BLACK
6
CONTINUOUS
10
0.6141331102362204
20
0.9742856692913385
11
0.6741331102362205
21
0.9742856692913385
0
LINE
8
BLACK
6
CONTINUOUS
10
0.6741331102362205
20
0.9742856692913385
11
0.6753036614173228
21
0.9741703937007874
0
LINE
8
BLACK
6
CONTINUOUS
10
0.6201331102362204
20
0.9549735826771654
11
0.6222344488188977
21
0.9486695669291338
0
LINE
8
BLACK
6
CONTINUOUS
10
0.6222344488188977
20
0.9486695669291338
11
0.626258622047244
21
0.9446453937007874
0
LINE
8
BLACK
6
CONTINUOUS
10
0.626258622047244
20
0.9446453937007874
11
0.6305129133858267
21
0.9425182283464567
0
LINE
8
BLACK
6
CONTINUOUS
10
0.6305129133858267
20
0.9425182283464567
11
0.6405861023622047
21
0.9399999606299212
0
LINE
8
BLACK
6
CONTINUOUS
10
0.6405861023622047
20
0.9399999606299212
11
0.6476801181102362
21
0.9399999606299212
0
LINE
8
BLACK
6
CONTINUOUS
10
0.6476801181102362
20
0.9399999606299212
11
0.6577532677165354
21
0.9425182283464567
0
LINE
8
BLACK
6
CONTINUOUS
10
0.6577532677165354
20
0.9425182283464567
11
0.6620075590551181
21
0.9446453937007874
0
LINE
8
BLACK
6
CONTINUOUS
10
0.6620075590551181
20
0.9446453937007874
11
0.6660317716535433
21
0.9486696062992126
0
LINE
8
BLACK
6
CONTINUOUS
10
0.6660317716535433
20
0.9486696062992126
11
0.6681331102362205
21
0.9549735433070866
0
LINE
8
BLACK
6
CONTINUOUS
10
0.6681331102362205
20
0.9549735433070866
11
0.6681331102362205
21
0.9622856692913385
0
LINE
8
BLACK
6
CONTINUOUS
10
0.6681331102362205
20
0.9622856692913385
11
0.6201331102362204
21
0.9622856692913385
0
LINE
8
BLACK
6
CONTINUOUS
10
0.6201331102362204
20
0.9622856692913385
11
0.6201331102362204
21
0.9549735826771654
0
LINE
8
BLACK
6
CONTINUOUS
10
0.5623838976377953
20
1.017944251968504
11
0.5628558661417322
21
1.0165283858267717
0
LINE
8
BLACK
6
CONTINUOUS
10
0.5628558661417322
20
1.0165283858267717
11
0.5621883858267717
21
1.0151934645669292
0
LINE
8
BLACK
6
CONTINUOUS
10
0.5621883858267717
20
1.0151934645669292
11
0.5615274015748032
21
1.0148166929133857
0
LINE
8
BLACK
6
CONTINUOUS
10
0.5615274015748032
20
1.0148166929133857
11
0.5572321653543307
21
1.0133849212598425
0
LINE
8
BLACK
6
CONTINUOUS
10
0.5572321653543307
20
1.0133849212598425
11
0.5572321653543307
21
1.0068149606299213
0
LINE
8
BLACK
6
CONTINUOUS
10
0.5572321653543307
20
1.0068149606299213
11
0.5615274015748032
21
1.0053832283464568
0
LINE
8
BLACK
6
CONTINUOUS
10
0.5615274015748032
20
1.0053832283464568
11
0.5621883858267717
21
1.0050064566929133
0
LINE
8
BLACK
6
CONTINUOUS
10
0.5621883858267717
20
1.0050064566929133
11
0.5628558661417322
21
1.0036715354330707
0
LINE
8
BLACK
6
CONTINUOUS
10
0.5628558661417322
20
1.0036715354330707
11
0.5623838976377953
21
1.0022556692913385
0
LINE
8
BLACK
6
CONTINUOUS
10
0.5623838976377953
20
1.0022556692913385
11
0.5610489763779527
21
1.001588188976378
0
LINE
8
BLACK
6
CONTINUOUS
10
0.5610489763779527
20
1.001588188976378
11
0.5602941338582677
21
1.0016833858267715
0
LINE
8
BLACK
6
CONTINUOUS
10
0.5602941338582677
20
1.0016833858267715
11
0.540594094488189
21
1.0082500393700786
0
LINE
8
BLACK
6
CONTINUOUS
10
0.540594094488189
20
1.0082500393700786
11
0.5399331102362205
21
1.0086268110236221
0
LINE
8
BLACK
6
CONTINUOUS
10
0.5399331102362205
20
1.0086268110236221
11
0.5398679133858267
21
1.008757125984252
0
LINE
8
BLACK
6
CONTINUOUS
10
0.5398679133858267
20
1.008757125984252
11
0.5397375984251969
21
1.0088223228346456
0
LINE
8
BLACK
6
CONTINUOUS
10
0.5397375984251969
20
1.0088223228346456
11
0.5395420866141732
21
1.0094088188976378
0
LINE
8
BLACK
6
CONTINUOUS
10
0.5395420866141732
20
1.0094088188976378
11
0.5392656299212598
21
1.0099617322834646
0
LINE
8
BLACK
6
CONTINUOUS
10
0.5392656299212598
20
1.0099617322834646
11
0.5393116929133858
21
1.0100999606299212
0
LINE
8
BLACK
6
CONTINUOUS
10
0.5393116929133858
20
1.0100999606299212
11
0.5392656299212598
21
1.0102381889763778
0
LINE
8
BLACK
6
CONTINUOUS
10
0.5392656299212598
20
1.0102381889763778
11
0.5395420866141732
21
1.010791062992126
0
LINE
8
BLACK
6
CONTINUOUS
10
0.5395420866141732
20
1.010791062992126
11
0.5397375984251969
21
1.0113775984251969
0
LINE
8
BLACK
6
CONTINUOUS
10
0.5397375984251969
20
1.0113775984251969
11
0.5398679133858267
21
1.0114427559055117
0
LINE
8
BLACK
6
CONTINUOUS
10
0.5398679133858267
20
1.0114427559055117
11
0.5399331102362205
21
1.0115731102362204
0
LINE
8
BLACK
6
CONTINUOUS
10
0.5399331102362205
20
1.0115731102362204
11
0.540594094488189
21
1.0119498818897636
0
LINE
8
BLACK
6
CONTINUOUS
10
0.540594094488189
20
1.0119498818897636
11
0.5602941338582677
21
1.0185165354330707
0
LINE
8
BLACK
6
CONTINUOUS
10
0.5602941338582677
20
1.0185165354330707
11
0.5610489763779527
21
1.0186117322834645
0
LINE
8
BLACK
6
CONTINUOUS
10
0.5610489763779527
20
1.0186117322834645
11
0.5623838976377953
21
1.017944251968504
0
LINE
8
BLACK
6
CONTINUOUS
10
0.5473771653543307
20
1.0100999606299212
11
0.5533321653543307
21
1.0081149606299213
0
LINE
8
BLACK
6
CONTINUOUS
10
0.5533321653543307
20
1.0081149606299213
11
0.5533321653543307
21
1.0120849212598424
0
LINE
8
BLACK
6
CONTINUOUS
10
0.5533321653543307
20
1.0120849212598424
11
0.5473771653543307
21
1.0100999606299212
0
LINE
8
BLACK
6
CONTINUOUS
10
0.5604760629921259
20
1.2314960236220471
11
0.5615404724409448
21
1.2310551181102363
0
LINE
8
BLACK
6
CONTINUOUS
10
0.5615404724409448
20
1.2310551181102363
11
0.5623551181102362
21
1.2302404724409448
0
LINE
8
BLACK
6
CONTINUOUS
10
0.5623551181102362
20
1.2302404724409448
11
0.5627960236220473
21
1.229176062992126
0
LINE
8
BLACK
6
CONTINUOUS
10
0.5627960236220473
20
1.229176062992126
11
0.5627960236220473
21
1.228023937007874
0
LINE
8
BLACK
6
CONTINUOUS
10
0.5627960236220473
20
1.228023937007874
11
0.5623551181102362
21
1.226959527559055
0
LINE
8
BLACK
6
CONTINUOUS
10
0.5623551181102362
20
1.226959527559055
11
0.5615404724409448
21
1.2261448818897638
0
LINE
8
BLACK
6
CONTINUOUS
10
0.5615404724409448
20
1.2261448818897638
11
0.5604760629921259
21
1.2257039763779527
0
LINE
8
BLACK
6
CONTINUOUS
10
0.5604760629921259
20
1.2257039763779527
11
0.5599
21
1.2256472440944881
0
LINE
8
BLACK
6
CONTINUOUS
10
0.5599
20
1.2256472440944881
11
0.5490527559055118
21
1.2256472440944881
0
LINE
8
BLACK
6
CONTINUOUS
10
0.5490527559055118
20
1.2256472440944881
11
0.5490527559055118
21
1.2138527559055119
0
LINE
8
BLACK
6
CONTINUOUS
10
0.5490527559055118
20
1.2138527559055119
11
0.5599
21
1.2138527559055119
0
LINE
8
BLACK
6
CONTINUOUS
10
0.5599
20
1.2138527559055119
11
0.5604760629921259
21
1.2137960236220473
0
LINE
8
BLACK
6
CONTINUOUS
10
0.5604760629921259
20
1.2137960236220473
11
0.5615404724409448
21
1.2133551181102362
0
LINE
8
BLACK
6
CONTINUOUS
10
0.5615404724409448
20
1.2133551181102362
11
0.5623551181102362
21
1.2125404724409448
0
LINE
8
BLACK
6
CONTINUOUS
10
0.5623551181102362
20
1.2125404724409448
11
0.5627960236220473
21
1.211476062992126
0
LINE
8
BLACK
6
CONTINUOUS
10
0.5627960236220473
20
1.211476062992126
11
0.5627960236220473
21
1.210323937007874
0
LINE
8
BLACK
6
CONTINUOUS
10
0.5627960236220473
20
1.210323937007874
11
0.5623551181102362
21
1.2092595275590552
0
LINE
8
BLACK
6
CONTINUOUS
10
0.5623551181102362
20
1.2092595275590552
11
0.5615404724409448
21
1.2084448818897637
0
LINE
8
BLACK
6
CONTINUOUS
10
0.5615404724409448
20
1.2084448818897637
11
0.5604760629921259
21
1.2080039763779526
0
LINE
8
BLACK
6
CONTINUOUS
10
0.5604760629921259
20
1.2080039763779526
11
0.5599
21
1.2079472440944881
0
LINE
8
BLACK
6
CONTINUOUS
10
0.5599
20
1.2079472440944881
11
0.5490527559055118
21
1.2079472440944881
0
LINE
8
BLACK
6
CONTINUOUS
10
0.5490527559055118
20
1.2079472440944881
11
0.5490527559055118
21
1.0543527559055117
0
LINE
8
BLACK
6
CONTINUOUS
10
0.5490527559055118
20
1.0543527559055117
11
0.5599
21
1.0543527559055117
0
LINE
8
BLACK
6
CONTINUOUS
10
0.5599
20
1.0543527559055117
11
0.5604760629921259
21
1.0542960236220473
0
LINE
8
BLACK
6
CONTINUOUS
10
0.5604760629921259
20
1.0542960236220473
11
0.5615404724409448
21
1.0538551181102362
0
LINE
8
BLACK
6
CONTINUOUS
10
0.5615404724409448
20
1.0538551181102362
11
0.5623551181102362
21
1.0530404724409448
0
LINE
8
BLACK
6
CONTINUOUS
10
0.5623551181102362
20
1.0530404724409448
11
0.5627960236220473
21
1.051976062992126
0
LINE
8
BLACK
6
CONTINUOUS
10
0.5627960236220473
20
1.051976062992126
11
0.5627960236220473
21
1.050823937007874
0
LINE
8
BLACK
6
CONTINUOUS
10
0.5627960236220473
20
1.050823937007874
11
0.5623551181102362
21
1.049759527559055
0
LINE
8
BLACK
6
CONTINUOUS
10
0.5623551181102362
20
1.049759527559055
11
0.5615404724409448
21
1.0489448818897638
0
LINE
8
BLACK
6
CONTINUOUS
10
0.5615404724409448
20
1.0489448818897638
11
0.5604760629921259
21
1.0485039763779527
0
LINE
8
BLACK
6
CONTINUOUS
10
0.5604760629921259
20
1.0485039763779527
11
0.5599
21
1.0484472440944881
0
LINE
8
BLACK
6
CONTINUOUS
10
0.5599
20
1.0484472440944881
11
0.5461
21
1.0484472440944881
0
LINE
8
BLACK
6
CONTINUOUS
10
0.5461
20
1.0484472440944881
11
0.545523937007874
21
1.0485039763779527
0
LINE
8
BLACK
6
CONTINUOUS
10
0.545523937007874
20
1.0485039763779527
11
0.5444595275590551
21
1.0489448818897638
0
LINE
8
BLACK
6
CONTINUOUS
10
0.5444595275590551
20
1.0489448818897638
11
0.5436448818897638
21
1.049759527559055
0
LINE
8
BLACK
6
CONTINUOUS
10
0.5436448818897638
20
1.049759527559055
11
0.5432039763779527
21
1.050823937007874
0
LINE
8
BLACK
6
CONTINUOUS
10
0.5432039763779527
20
1.050823937007874
11
0.5431472440944882
21
1.0513999999999999
0
LINE
8
BLACK
6
CONTINUOUS
10
0.5431472440944882
20
1.0513999999999999
11
0.5431472440944882
21
1.2285999999999999
0
LINE
8
BLACK
6
CONTINUOUS
10
0.5431472440944882
20
1.2285999999999999
11
0.5432039763779527
21
1.229176062992126
0
LINE
8
BLACK
6
CONTINUOUS
10
0.5432039763779527
20
1.229176062992126
11
0.5436448818897638
21
1.2302404724409448
0
LINE
8
BLACK
6
CONTINUOUS
10
0.5436448818897638
20
1.2302404724409448
11
0.5444595275590551
21
1.2310551181102363
0
LINE
8
BLACK
6
CONTINUOUS
10
0.5444595275590551
20
1.2310551181102363
11
0.545523937007874
21
1.2314960236220471
0
LINE
8
BLACK
6
CONTINUOUS
10
0.545523937007874
20
1.2314960236220471
11
0.5461
21
1.2315527559055117
0
LINE
8
BLACK
6
CONTINUOUS
10
0.5461
20
1.2315527559055117
11
0.5599
21
1.2315527559055117
0
LINE
8
BLACK
6
CONTINUOUS
10
0.5599
20
1.2315527559055117
11
0.5604760629921259
21
1.2314960236220471
0
LINE
8
BLACK
6
CONTINUOUS
10
0.6844760629921259
20
1.2314960236220471
11
0.6855404724409448
21
1.2310551181102363
0
LINE
8
BLACK
6
CONTINUOUS
10
0.6855404724409448
20
1.2310551181102363
11
0.6863551181102362
21
1.2302404724409448
0
LINE
8
BLACK
6
CONTINUOUS
10
0.6863551181102362
20
1.2302404724409448
11
0.6867960236220473
21
1.229176062992126
0
LINE
8
BLACK
6
CONTINUOUS
10
0.6867960236220473
20
1.229176062992126
11
0.6868527559055118
21
1.2285999999999999
0
LINE
8
BLACK
6
CONTINUOUS
10
0.6868527559055118
20
1.2285999999999999
11
0.6868527559055118
21
1.0513999999999999
0
LINE
8
BLACK
6
CONTINUOUS
10
0.6868527559055118
20
1.0513999999999999
11
0.6867960236220473
21
1.050823937007874
0
LINE
8
BLACK
6
CONTINUOUS
10
0.6867960236220473
20
1.050823937007874
11
0.6863551181102362
21
1.049759527559055
0
LINE
8
BLACK
6
CONTINUOUS
10
0.6863551181102362
20
1.049759527559055
11
0.6855404724409448
21
1.0489448818897638
0
LINE
8
BLACK
6
CONTINUOUS
10
0.6855404724409448
20
1.0489448818897638
11
0.6844760629921259
21
1.0485039763779527
0
LINE
8
BLACK
6
CONTINUOUS
10
0.6844760629921259
20
1.0485039763779527
11
0.6839
21
1.0484472440944881
0
LINE
8
BLACK
6
CONTINUOUS
10
0.6839
20
1.0484472440944881
11
0.6701
21
1.0484472440944881
0
LINE
8
BLACK
6
CONTINUOUS
10
0.6701
20
1.0484472440944881
11
0.669523937007874
21
1.0485039763779527
0
LINE
8
BLACK
6
CONTINUOUS
10
0.669523937007874
20
1.0485039763779527
11
0.6684595275590551
21
1.0489448818897638
0
LINE
8
BLACK
6
CONTINUOUS
10
0.6684595275590551
20
1.0489448818897638
11
0.6676448818897638
21
1.049759527559055
0
LINE
8
BLACK
6
CONTINUOUS
10
0.6676448818897638
20
1.049759527559055
11
0.6672039763779527
21
1.050823937007874
0
LINE
8
BLACK
6
CONTINUOUS
10
0.6672039763779527
20
1.050823937007874
11
0.6672039763779527
21
1.051976062992126
0
LINE
8
BLACK
6
CONTINUOUS
10
0.6672039763779527
20
1.051976062992126
11
0.6676448818897638
21
1.0530404724409448
0
LINE
8
BLACK
6
CONTINUOUS
10
0.6676448818897638
20
1.0530404724409448
11
0.6684595275590551
21
1.0538551181102362
0
LINE
8
BLACK
6
CONTINUOUS
10
0.6684595275590551
20
1.0538551181102362
11
0.669523937007874
21
1.0542960236220473
0
LINE
8
BLACK
6
CONTINUOUS
10
0.669523937007874
20
1.0542960236220473
11
0.6701
21
1.0543527559055117
0
LINE
8
BLACK
6
CONTINUOUS
10
0.6701
20
1.0543527559055117
11
0.6809472440944881
21
1.0543527559055117
0
LINE
8
BLACK
6
CONTINUOUS
10
0.6809472440944881
20
1.0543527559055117
11
0.6809472440944881
21
1.2079472440944881
0
LINE
8
BLACK
6
CONTINUOUS
10
0.6809472440944881
20
1.2079472440944881
11
0.6701
21
1.2079472440944881
0
LINE
8
BLACK
6
CONTINUOUS
10
0.6701
20
1.2079472440944881
11
0.669523937007874
21
1.2080039763779526
0
LINE
8
BLACK
6
CONTINUOUS
10
0.669523937007874
20
1.2080039763779526
11
0.6684595275590551
21
1.2084448818897637
0
LINE
8
BLACK
6
CONTINUOUS
10
0.6684595275590551
20
1.2084448818897637
11
0.6676448818897638
21
1.2092595275590552
0
LINE
8
BLACK
6
CONTINUOUS
10
0.6676448818897638
20
1.2092595275590552
11
0.6672039763779527
21
1.210323937007874
0
LINE
8
BLACK
6
CONTINUOUS
10
0.6672039763779527
20
1.210323937007874
11
0.6672039763779527
21
1.211476062992126
0
LINE
8
BLACK
6
CONTINUOUS
10
0.6672039763779527
20
1.211476062992126
11
0.6676448818897638
21
1.2125404724409448
0
LINE
8
BLACK
6
CONTINUOUS
10
0.6676448818897638
20
1.2125404724409448
11
0.6684595275590551
21
1.2133551181102362
0
LINE
8
BLACK
6
CONTINUOUS
10
0.6684595275590551
20
1.2133551181102362
11
0.669523937007874
21
1.2137960236220473
0
LINE
8
BLACK
6
CONTINUOUS
10
0.669523937007874
20
1.2137960236220473
11
0.6701
21
1.2138527559055119
0
LINE
8
BLACK
6
CONTINUOUS
10
0.6701
20
1.2138527559055119
11
0.6809472440944881
21
1.2138527559055119
0
LINE
8
BLACK
6
CONTINUOUS
10
0.6809472440944881
20
1.2138527559055119
11
0.6809472440944881
21
1.2256472440944881
0
LINE
8
BLACK
6
CONTINUOUS
10
0.6809472440944881
20
1.2256472440944881
11
0.6701
21
1.2256472440944881
0
LINE
8
BLACK
6
CONTINUOUS
10
0.6701
20
1.2256472440944881
11
0.669523937007874
21
1.2257039763779527
0
LINE
8
BLACK
6
CONTINUOUS
10
0.669523937007874
20
1.2257039763779527
11
0.6684595275590551
21
1.2261448818897638
0
LINE
8
BLACK
6
CONTINUOUS
10
0.6684595275590551
20
1.2261448818897638
11
0.6676448818897638
21
1.226959527559055
0
LINE
8
BLACK
6
CONTINUOUS
10
0.6676448818897638
20
1.226959527559055
11
0.6672039763779527
21
1.228023937007874
0
LINE
8
BLACK
6
CONTINUOUS
10
0.6672039763779527
20
1.228023937007874
11
0.6672039763779527
21
1.229176062992126
0
LINE
8
BLACK
6
CONTINUOUS
10
0.6672039763779527
20
1.229176062992126
11
0.6676448818897638
21
1.2302404724409448
0
LINE
8
BLACK
6
CONTINUOUS
10
0.6676448818897638
20
1.2302404724409448
11
0.6684595275590551
21
1.2310551181102363
0
LINE
8
BLACK
6
CONTINUOUS
10
0.6684595275590551
20
1.2310551181102363
11
0.669523937007874
21
1.2314960236220471
0
LINE
8
BLACK
6
CONTINUOUS
10
0.669523937007874
20
1.2314960236220471
11
0.6701
21
1.2315527559055117
0
LINE
8
BLACK
6
CONTINUOUS
10
0.6701
20
1.2315527559055117
11
0.6839
21
1.2315527559055117
0
LINE
8
BLACK
6
CONTINUOUS
10
0.6839
20
1.2315527559055117
11
0.6844760629921259
21
1.2314960236220471
0
LINE
8
BLACK
6
CONTINUOUS
10
0.484860748031496
20
1.2259297637795274
11
0.4869546850393701
21
1.2248827952755905
0
LINE
8
BLACK
6
CONTINUOUS
10
0.4869546850393701
20
1.2248827952755905
11
0.4884885826771653
21
1.2231142125984251
0
LINE
8
BLACK
6
CONTINUOUS
10
0.4884885826771653
20
1.2231142125984251
11
0.4892288582677165
21
1.2208932677165354
0
LINE
8
BLACK
6
CONTINUOUS
10
0.4892288582677165
20
1.2208932677165354
11
0.4890629133858267
21
1.2185580708661417
0
LINE
8
BLACK
6
CONTINUOUS
10
0.4890629133858267
20
1.2185580708661417
11
0.4886425590551181
21
1.2174595275590552
0
LINE
8
BLACK
6
CONTINUOUS
10
0.4886425590551181
20
1.2174595275590552
11
0.4857853937007874
21
1.2117452362204724
0
LINE
8
BLACK
6
CONTINUOUS
10
0.4857853937007874
20
1.2117452362204724
11
0.4854682283464567
21
1.2112414173228345
0
LINE
8
BLACK
6
CONTINUOUS
10
0.4854682283464567
20
1.2112414173228345
11
0.4854076377952756
21
1.2110951181102363
0
LINE
8
BLACK
6
CONTINUOUS
10
0.4854076377952756
20
1.2110951181102363
11
0.4852724015748031
21
1.2109303149606299
0
LINE
8
BLACK
6
CONTINUOUS
10
0.4852724015748031
20
1.2109303149606299
11
0.485158779527559
21
1.210749842519685
0
LINE
8
BLACK
6
CONTINUOUS
10
0.485158779527559
20
1.210749842519685
11
0.4850390551181102
21
1.2106459842519686
0
LINE
8
BLACK
6
CONTINUOUS
10
0.4850390551181102
20
1.2106459842519686
11
0.4846614566929134
21
1.2101859055118109
0
LINE
8
BLACK
6
CONTINUOUS
10
0.4846614566929134
20
1.2101859055118109
11
0.4834755118110236
21
1.2089999606299213
0
LINE
8
BLACK
6
CONTINUOUS
10
0.4834755118110236
20
1.2089999606299213
11
0.5201331102362204
21
1.2089999606299213
0
LINE
8
BLACK
6
CONTINUOUS
10
0.5201331102362204
20
1.2089999606299213
11
0.5201331102362204
21
1.2201428346456693
0
LINE
8
BLACK
6
CONTINUOUS
10
0.5201331102362204
20
1.2201428346456693
11
0.5202483858267717
21
1.2213133858267717
0
LINE
8
BLACK
6
CONTINUOUS
10
0.5202483858267717
20
1.2213133858267717
11
0.5211442913385826
21
1.2234762598425197
0
LINE
8
BLACK
6
CONTINUOUS
10
0.5211442913385826
20
1.2234762598425197
11
0.52279968503937
21
1.225131653543307
0
LINE
8
BLACK
6
CONTINUOUS
10
0.52279968503937
20
1.225131653543307
11
0.5249625590551181
21
1.2260275590551182
0
LINE
8
BLACK
6
CONTINUOUS
10
0.5249625590551181
20
1.2260275590551182
11
0.5273036614173229
21
1.2260275590551182
0
LINE
8
BLACK
6
CONTINUOUS
10
0.5273036614173229
20
1.2260275590551182
11
0.5294665354330709
21
1.225131653543307
0
LINE
8
BLACK
6
CONTINUOUS
10
0.5294665354330709
20
1.225131653543307
11
0.5311219291338583
21
1.2234762598425197
0
LINE
8
BLACK
6
CONTINUOUS
10
0.5311219291338583
20
1.2234762598425197
11
0.5320178346456693
21
1.2213133858267717
0
LINE
8
BLACK
6
CONTINUOUS
10
0.5320178346456693
20
1.2213133858267717
11
0.5321331102362205
21
1.2201428346456693
0
LINE
8
BLACK
6
CONTINUOUS
10
0.5321331102362205
20
1.2201428346456693
11
0.5321331102362205
21
1.1858571259842519
0
LINE
8
BLACK
6
CONTINUOUS
10
0.5321331102362205
20
1.1858571259842519
11
0.5320178346456693
21
1.1846865748031497
0
LINE
8
BLACK
6
CONTINUOUS
10
0.5320178346456693
20
1.1846865748031497
11
0.5311219291338583
21
1.1825237007874017
0
LINE
8
BLACK
6
CONTINUOUS
10
0.5311219291338583
20
1.1825237007874017
11
0.5294665354330709
21
1.1808683070866142
0
LINE
8
BLACK
6
CONTINUOUS
10
0.5294665354330709
20
1.1808683070866142
11
0.5273036614173229
21
1.1799724015748032
0
LINE
8
BLACK
6
CONTINUOUS
10
0.5273036614173229
20
1.1799724015748032
11
0.5249625590551181
21
1.1799724015748032
0
LINE
8
BLACK
6
CONTINUOUS
10
0.5249625590551181
20
1.1799724015748032
11
0.52279968503937
21
1.1808683070866142
0
LINE
8
BLACK
6
CONTINUOUS
10
0.52279968503937
20
1.1808683070866142
11
0.5211442913385826
21
1.1825237007874017
0
LINE
8
BLACK
6
CONTINUOUS
10
0.5211442913385826
20
1.1825237007874017
11
0.5202483858267717
21
1.1846865748031497
0
LINE
8
BLACK
6
CONTINUOUS
10
0.5202483858267717
20
1.1846865748031497
11
0.5201331102362204
21
1.1858571259842519
0
LINE
8
BLACK
6
CONTINUOUS
10
0.5201331102362204
20
1.1858571259842519
11
0.5201331102362204
21
1.1969999606299213
0
LINE
8
BLACK
6
CONTINUOUS
10
0.5201331102362204
20
1.1969999606299213
11
0.4661331102362204
21
1.1969999606299213
0
LINE
8
BLACK
6
CONTINUOUS
10
0.4661331102362204
20
1.1969999606299213
11
0.4661288976377952
21
1.1970003543307086
0
LINE
8
BLACK
6
CONTINUOUS
10
0.4661288976377952
20
1.1970003543307086
11
0.4661268503937008
21
1.1969999606299213
0
LINE
8
BLACK
6
CONTINUOUS
10
0.4661268503937008
20
1.1969999606299213
11
0.4661207480314961
21
1.1970011417322834
0
LINE
8
BLACK
6
CONTINUOUS
10
0.4661207480314961
20
1.1970011417322834
11
0.4649625590551181
21
1.1971152362204724
0
LINE
8
BLACK
6
CONTINUOUS
10
0.4649625590551181
20
1.1971152362204724
11
0.4644136220472441
21
1.1973425984251969
0
LINE
8
BLACK
6
CONTINUOUS
10
0.4644136220472441
20
1.1973425984251969
11
0.4638312204724409
21
1.1974590944881889
0
LINE
8
BLACK
6
CONTINUOUS
10
0.4638312204724409
20
1.1974590944881889
11
0.4633427952755905
21
1.1977861417322835
0
LINE
8
BLACK
6
CONTINUOUS
10
0.4633427952755905
20
1.1977861417322835
11
0.4627996850393701
21
1.1980111417322834
0
LINE
8
BLACK
6
CONTINUOUS
10
0.4627996850393701
20
1.1980111417322834
11
0.4623796456692914
21
1.1984311417322835
0
LINE
8
BLACK
6
CONTINUOUS
10
0.4623796456692914
20
1.1984311417322835
11
0.4618860236220472
21
1.1987617322834645
0
LINE
8
BLACK
6
CONTINUOUS
10
0.4618860236220472
20
1.1987617322834645
11
0.461559842519685
21
1.1992509448818898
0
LINE
8
BLACK
6
CONTINUOUS
10
0.461559842519685
20
1.1992509448818898
11
0.4611442913385826
21
1.1996665354330709
0
LINE
8
BLACK
6
CONTINUOUS
10
0.4611442913385826
20
1.1996665354330709
11
0.460916968503937
21
1.2002152362204723
0
LINE
8
BLACK
6
CONTINUOUS
10
0.460916968503937
20
1.2002152362204723
11
0.4605874015748032
21
1.2007096456692914
0
LINE
8
BLACK
6
CONTINUOUS
10
0.4605874015748032
20
1.2007096456692914
11
0.4604733070866142
21
1.2012863779527558
0
LINE
8
BLACK
6
CONTINUOUS
10
0.4604733070866142
20
1.2012863779527558
11
0.4602483858267716
21
1.2018294094488189
0
LINE
8
BLACK
6
CONTINUOUS
10
0.4602483858267716
20
1.2018294094488189
11
0.4602483858267716
21
1.2024234645669292
0
LINE
8
BLACK
6
CONTINUOUS
10
0.4602483858267716
20
1.2024234645669292
11
0.4601331102362204
21
1.203006220472441
0
LINE
8
BLACK
6
CONTINUOUS
10
0.4601331102362204
20
1.203006220472441
11
0.4602483858267716
21
1.2035825590551181
0
LINE
8
BLACK
6
CONTINUOUS
10
0.4602483858267716
20
1.2035825590551181
11
0.4602483858267716
21
1.2041705118110235
0
LINE
8
BLACK
6
CONTINUOUS
10
0.4602483858267716
20
1.2041705118110235
11
0.460475748031496
21
1.2047194094488189
0
LINE
8
BLACK
6
CONTINUOUS
10
0.460475748031496
20
1.2047194094488189
11
0.4605922440944882
21
1.2053018503937007
0
LINE
8
BLACK
6
CONTINUOUS
10
0.4605922440944882
20
1.2053018503937007
11
0.4609192913385827
21
1.2057902362204724
0
LINE
8
BLACK
6
CONTINUOUS
10
0.4609192913385827
20
1.2057902362204724
11
0.4611442913385826
21
1.2063333858267715
0
LINE
8
BLACK
6
CONTINUOUS
10
0.4611442913385826
20
1.2063333858267715
11
0.4615642913385827
21
1.2067533858267716
0
LINE
8
BLACK
6
CONTINUOUS
10
0.4615642913385827
20
1.2067533858267716
11
0.4618948818897637
21
1.2072470472440944
0
LINE
8
BLACK
6
CONTINUOUS
10
0.4618948818897637
20
1.2072470472440944
11
0.4627951181102362
21
1.2079842125984253
0
LINE
8
BLACK
6
CONTINUOUS
10
0.4627951181102362
20
1.2079842125984253
11
0.4627996850393701
21
1.207988779527559
0
LINE
8
BLACK
6
CONTINUOUS
10
0.4627996850393701
20
1.207988779527559
11
0.4628016929133858
21
1.2079896062992126
0
LINE
8
BLACK
6
CONTINUOUS
10
0.4628016929133858
20
1.2079896062992126
11
0.4628049212598425
21
1.2079922440944881
0
LINE
8
BLACK
6
CONTINUOUS
10
0.4628049212598425
20
1.2079922440944881
11
0.4708818897637795
21
1.2133768897637796
0
LINE
8
BLACK
6
CONTINUOUS
10
0.4708818897637795
20
1.2133768897637796
11
0.4754876377952756
21
1.2179826377952756
0
LINE
8
BLACK
6
CONTINUOUS
10
0.4754876377952756
20
1.2179826377952756
11
0.4779094094488189
21
1.2228261417322834
0
LINE
8
BLACK
6
CONTINUOUS
10
0.4779094094488189
20
1.2228261417322834
11
0.4785360236220472
21
1.2238215354330708
0
LINE
8
BLACK
6
CONTINUOUS
10
0.4785360236220472
20
1.2238215354330708
11
0.4803046062992126
21
1.225355433070866
0
LINE
8
BLACK
6
CONTINUOUS
10
0.4803046062992126
20
1.225355433070866
11
0.4825255511811024
21
1.2260957086614173
0
LINE
8
BLACK
6
CONTINUOUS
10
0.4825255511811024
20
1.2260957086614173
11
0.484860748031496
21
1.2259297637795274
0
LINE
8
BLACK
6
CONTINUOUS
10
0.5273036614173229
20
1.2831703937007874
11
0.5294665354330709
21
1.2822744881889763
0
LINE
8
BLACK
6
CONTINUOUS
10
0.5294665354330709
20
1.2822744881889763
11
0.5311219291338583
21
1.280619094488189
0
LINE
8
BLACK
6
CONTINUOUS
10
0.5311219291338583
20
1.280619094488189
11
0.5320178346456693
21
1.278456220472441
0
LINE
8
BLACK
6
CONTINUOUS
10
0.5320178346456693
20
1.278456220472441
11
0.5321331102362205
21
1.2772856692913386
0
LINE
8
BLACK
6
CONTINUOUS
10
0.5321331102362205
20
1.2772856692913386
11
0.5321331102362205
21
1.2629999606299211
0
LINE
8
BLACK
6
CONTINUOUS
10
0.5321331102362205
20
1.2629999606299211
11
0.5320747637795276
21
1.2624076771653543
0
LINE
8
BLACK
6
CONTINUOUS
10
0.5320747637795276
20
1.2624076771653543
11
0.5320860236220473
21
1.2622495669291338
0
LINE
8
BLACK
6
CONTINUOUS
10
0.5320860236220473
20
1.2622495669291338
11
0.5320387007874016
21
1.2620415354330707
0
LINE
8
BLACK
6
CONTINUOUS
10
0.5320387007874016
20
1.2620415354330707
11
0.5320178346456693
21
1.2618294094488189
0
LINE
8
BLACK
6
CONTINUOUS
10
0.5320178346456693
20
1.2618294094488189
11
0.5319572047244094
21
1.2616830708661417
0
LINE
8
BLACK
6
CONTINUOUS
10
0.5319572047244094
20
1.2616830708661417
11
0.5318252362204724
21
1.2611025984251969
0
LINE
8
BLACK
6
CONTINUOUS
10
0.5318252362204724
20
1.2611025984251969
11
0.5289680708661417
21
1.2525311811023623
0
LINE
8
BLACK
6
CONTINUOUS
10
0.5289680708661417
20
1.2525311811023623
11
0.5284885826771654
21
1.2514571653543307
0
LINE
8
BLACK
6
CONTINUOUS
10
0.5284885826771654
20
1.2514571653543307
11
0.5283472834645669
21
1.251294251968504
0
LINE
8
BLACK
6
CONTINUOUS
10
0.5283472834645669
20
1.251294251968504
11
0.5282648031496063
21
1.2510951181102361
0
LINE
8
BLACK
6
CONTINUOUS
10
0.5282648031496063
20
1.2510951181102361
11
0.5275186220472441
21
1.250185905511811
0
LINE
8
BLACK
6
CONTINUOUS
10
0.5275186220472441
20
1.250185905511811
11
0.5218043307086614
21
1.2444716141732284
0
LINE
8
BLACK
6
CONTINUOUS
10
0.5218043307086614
20
1.2444716141732284
11
0.5213442125984252
21
1.2440939763779528
0
LINE
8
BLACK
6
CONTINUOUS
10
0.5213442125984252
20
1.2440939763779528
11
0.5212403937007873
21
1.2439742913385827
0
LINE
8
BLACK
6
CONTINUOUS
10
0.5212403937007873
20
1.2439742913385827
11
0.5210599212598425
21
1.2438606692913385
0
LINE
8
BLACK
6
CONTINUOUS
10
0.5210599212598425
20
1.2438606692913385
11
0.5208951181102363
21
1.243725433070866
0
LINE
8
BLACK
6
CONTINUOUS
10
0.5208951181102363
20
1.243725433070866
11
0.5207487007874015
21
1.2436647637795275
0
LINE
8
BLACK
6
CONTINUOUS
10
0.5207487007874015
20
1.2436647637795275
11
0.5202449606299212
21
1.2433476771653542
0
LINE
8
BLACK
6
CONTINUOUS
10
0.5202449606299212
20
1.2433476771653542
11
0.5145306692913386
21
1.2404905511811024
0
LINE
8
BLACK
6
CONTINUOUS
10
0.5145306692913386
20
1.2404905511811024
11
0.5144450787401574
21
1.2404577952755904
0
LINE
8
BLACK
6
CONTINUOUS
10
0.5144450787401574
20
1.2404577952755904
11
0.5144102755905512
21
1.2404320078740156
0
LINE
8
BLACK
6
CONTINUOUS
10
0.5144102755905512
20
1.2404320078740156
11
0.5139182677165354
21
1.240256220472441
0
LINE
8
BLACK
6
CONTINUOUS
10
0.5139182677165354
20
1.240256220472441
11
0.5134321259842519
21
1.2400701968503938
0
LINE
8
BLACK
6
CONTINUOUS
10
0.5134321259842519
20
1.2400701968503938
11
0.5133890551181102
21
1.240067125984252
0
LINE
8
BLACK
6
CONTINUOUS
10
0.5133890551181102
20
1.240067125984252
11
0.5133026377952756
21
1.2400362598425196
0
LINE
8
BLACK
6
CONTINUOUS
10
0.5133026377952756
20
1.2400362598425196
11
0.5018740551181102
21
1.2371790944881889
0
LINE
8
BLACK
6
CONTINUOUS
10
0.5018740551181102
20
1.2371790944881889
11
0.5016710629921259
21
1.2371490551181101
0
LINE
8
BLACK
6
CONTINUOUS
10
0.5016710629921259
20
1.2371490551181101
11
0.5015893700787402
21
1.2371152362204725
0
LINE
8
BLACK
6
CONTINUOUS
10
0.5015893700787402
20
1.2371152362204725
11
0.5011485826771653
21
1.2370718110236221
0
LINE
8
BLACK
6
CONTINUOUS
10
0.5011485826771653
20
1.2370718110236221
11
0.5007104724409449
21
1.2370070472440944
0
LINE
8
BLACK
6
CONTINUOUS
10
0.5007104724409449
20
1.2370070472440944
11
0.5006229527559055
21
1.2370200393700788
0
LINE
8
BLACK
6
CONTINUOUS
10
0.5006229527559055
20
1.2370200393700788
11
0.5004188188976377
21
1.2369999606299211
0
LINE
8
BLACK
6
CONTINUOUS
10
0.5004188188976377
20
1.2369999606299211
11
0.4918474015748031
21
1.2369999606299211
0
LINE
8
BLACK
6
CONTINUOUS
10
0.4918474015748031
20
1.2369999606299211
11
0.4916432283464567
21
1.2370200393700788
0
LINE
8
BLACK
6
CONTINUOUS
10
0.4916432283464567
20
1.2370200393700788
11
0.491555748031496
21
1.2370070472440944
0
LINE
8
BLACK
6
CONTINUOUS
10
0.491555748031496
20
1.2370070472440944
11
0.4911175984251969
21
1.2370718110236221
0
LINE
8
BLACK
6
CONTINUOUS
10
0.4911175984251969
20
1.2370718110236221
11
0.4906768503937008
21
1.2371152362204725
0
LINE
8
BLACK
6
CONTINUOUS
10
0.4906768503937008
20
1.2371152362204725
11
0.4905951181102362
21
1.2371490551181101
0
LINE
8
BLACK
6
CONTINUOUS
10
0.4905951181102362
20
1.2371490551181101
11
0.4903921653543307
21
1.2371790944881889
0
LINE
8
BLACK
6
CONTINUOUS
10
0.4903921653543307
20
1.2371790944881889
11
0.4789635826771653
21
1.2400362598425196
0
LINE
8
BLACK
6
CONTINUOUS
10
0.4789635826771653
20
1.2400362598425196
11
0.4788772834645669
21
1.2400670866141732
0
LINE
8
BLACK
6
CONTINUOUS
10
0.4788772834645669
20
1.2400670866141732
11
0.478834094488189
21
1.240070157480315
0
LINE
8
BLACK
6
CONTINUOUS
10
0.478834094488189
20
1.240070157480315
11
0.4783470472440945
21
1.2402565354330708
0
LINE
8
BLACK
6
CONTINUOUS
10
0.4783470472440945
20
1.2402565354330708
11
0.4778559448818898
21
1.2404320078740156
0
LINE
8
BLACK
6
CONTINUOUS
10
0.4778559448818898
20
1.2404320078740156
11
0.4778211023622047
21
1.2404577952755904
0
LINE
8
BLACK
6
CONTINUOUS
10
0.4778211023622047
20
1.2404577952755904
11
0.4777355511811023
21
1.2404905511811024
0
LINE
8
BLACK
6
CONTINUOUS
10
0.4777355511811023
20
1.2404905511811024
11
0.4720212598425197
21
1.2433476771653542
0
LINE
8
BLACK
6
CONTINUOUS
10
0.4720212598425197
20
1.2433476771653542
11
0.4715173622047244
21
1.2436648031496063
0
LINE
8
BLACK
6
CONTINUOUS
10
0.4715173622047244
20
1.2436648031496063
11
0.4713711023622047
21
1.243725433070866
0
LINE
8
BLACK
6
CONTINUOUS
10
0.4713711023622047
20
1.243725433070866
11
0.4712064566929134
21
1.2438605118110235
0
LINE
8
BLACK
6
CONTINUOUS
10
0.4712064566929134
20
1.2438605118110235
11
0.4710258267716536
21
1.243974251968504
0
LINE
8
BLACK
6
CONTINUOUS
10
0.4710258267716536
20
1.243974251968504
11
0.4709218503937008
21
1.2440940944881889
0
LINE
8
BLACK
6
CONTINUOUS
10
0.4709218503937008
20
1.2440940944881889
11
0.4704618897637795
21
1.2444716141732284
0
LINE
8
BLACK
6
CONTINUOUS
10
0.4704618897637795
20
1.2444716141732284
11
0.4647475984251969
21
1.250185905511811
0
LINE
8
BLACK
6
CONTINUOUS
10
0.4647475984251969
20
1.250185905511811
11
0.4640014173228346
21
1.2510951181102361
0
LINE
8
BLACK
6
CONTINUOUS
10
0.4640014173228346
20
1.2510951181102361
11
0.4639188976377953
21
1.251294251968504
0
LINE
8
BLACK
6
CONTINUOUS
10
0.4639188976377953
20
1.251294251968504
11
0.4637776771653543
21
1.251457125984252
0
LINE
8
BLACK
6
CONTINUOUS
10
0.4637776771653543
20
1.251457125984252
11
0.4632981496062992
21
1.2525311811023623
0
LINE
8
BLACK
6
CONTINUOUS
10
0.4632981496062992
20
1.2525311811023623
11
0.4604410236220473
21
1.2611025984251969
0
LINE
8
BLACK
6
CONTINUOUS
10
0.4604410236220473
20
1.2611025984251969
11
0.4603090157480315
21
1.2616829921259842
0
LINE
8
BLACK
6
CONTINUOUS
10
0.4603090157480315
20
1.2616829921259842
11
0.4602483858267716
21
1.2618294094488189
0
LINE
8
BLACK
6
CONTINUOUS
10
0.4602483858267716
20
1.2618294094488189
11
0.4602274803149606
21
1.2620415354330707
0
LINE
8
BLACK
6
CONTINUOUS
10
0.4602274803149606
20
1.2620415354330707
11
0.4601801968503937
21
1.2622495275590551
0
LINE
8
BLACK
6
CONTINUOUS
10
0.4601801968503937
20
1.2622495275590551
11
0.4601914173228346
21
1.2624076771653543
0
LINE
8
BLACK
6
CONTINUOUS
10
0.4601914173228346
20
1.2624076771653543
11
0.4601331102362204
21
1.2629999606299211
0
LINE
8
BLACK
6
CONTINUOUS
10
0.4601331102362204
20
1.2629999606299211
11
0.4601331102362204
21
1.2772856692913386
0
LINE
8
BLACK
6
CONTINUOUS
10
0.4601331102362204
20
1.2772856692913386
11
0.4602483858267716
21
1.278456220472441
0
LINE
8
BLACK
6
CONTINUOUS
10
0.4602483858267716
20
1.278456220472441
11
0.4611442913385826
21
1.280619094488189
0
LINE
8
BLACK
6
CONTINUOUS
10
0.4611442913385826
20
1.280619094488189
11
0.4627996850393701
21
1.2822744881889763
0
LINE
8
BLACK
6
CONTINUOUS
10
0.4627996850393701
20
1.2822744881889763
11
0.4649625590551181
21
1.2831703937007874
0
LINE
8
BLACK
6
CONTINUOUS
10
0.4649625590551181
20
1.2831703937007874
11
0.4661331102362204
21
1.2832856692913386
0
LINE
8
BLACK
6
CONTINUOUS
10
0.4661331102362204
20
1.2832856692913386
11
0.5261331102362204
21
1.2832856692913386
0
LINE
8
BLACK
6
CONTINUOUS
10
0.5261331102362204
20
1.2832856692913386
11
0.5273036614173229
21
1.2831703937007874
0
LINE
8
BLACK
6
CONTINUOUS
10
0.4721331102362205
20
1.2639735826771654
11
0.4742344488188976
21
1.2576695669291338
0
LINE
8
BLACK
6
CONTINUOUS
10
0.4742344488188976
20
1.2576695669291338
11
0.4782586220472441
21
1.2536453937007874
0
LINE
8
BLACK
6
CONTINUOUS
10
0.4782586220472441
20
1.2536453937007874
11
0.4825129133858267
21
1.2515182283464568
0
LINE
8
BLACK
6
CONTINUOUS
10
0.4825129133858267
20
1.2515182283464568
11
0.4925861023622047
21
1.2489999606299211
0
LINE
8
BLACK
6
CONTINUOUS
10
0.4925861023622047
20
1.2489999606299211
11
0.4996801181102362
21
1.2489999606299211
0
LINE
8
BLACK
6
CONTINUOUS
10
0.4996801181102362
20
1.2489999606299211
11
0.5097532677165354
21
1.2515182283464568
0
LINE
8
BLACK
6
CONTINUOUS
10
0.5097532677165354
20
1.2515182283464568
11
0.5140075590551181
21
1.2536453937007874
0
LINE
8
BLACK
6
CONTINUOUS
10
0.5140075590551181
20
1.2536453937007874
11
0.5180317716535433
21
1.2576696062992125
0
LINE
8
BLACK
6
CONTINUOUS
10
0.5180317716535433
20
1.2576696062992125
11
0.5201331102362204
21
1.2639735433070867
0
LINE
8
BLACK
6
CONTINUOUS
10
0.5201331102362204
20
1.2639735433070867
11
0.5201331102362204
21
1.2712856692913386
0
LINE
8
BLACK
6
CONTINUOUS
10
0.5201331102362204
20
1.2712856692913386
11
0.4721331102362205
21
1.2712856692913386
0
LINE
8
BLACK
6
CONTINUOUS
10
0.4721331102362205
20
1.2712856692913386
11
0.4721331102362205
21
1.2639735826771654
0
LINE
8
BLACK
6
CONTINUOUS
10
0.557756968503937
20
1.265061062992126
11
0.5588123228346457
21
1.2640057086614174
0
LINE
8
BLACK
6
CONTINUOUS
10
0.5588123228346457
20
1.2640057086614174
11
0.5588123228346457
21
1.2625132677165354
0
LINE
8
BLACK
6
CONTINUOUS
10
0.5588123228346457
20
1.2625132677165354
11
0.557756968503937
21
1.2614579133858268
0
LINE
8
BLACK
6
CONTINUOUS
10
0.557756968503937
20
1.2614579133858268
11
0.5570107480314961
21
1.2613094881889764
0
LINE
8
BLACK
6
CONTINUOUS
10
0.5570107480314961
20
1.2613094881889764
11
0.5493756299212599
21
1.2613094881889764
0
LINE
8
BLACK
6
CONTINUOUS
10
0.5493756299212599
20
1.2613094881889764
11
0.5487223228346456
21
1.2606561811023622
0
LINE
8
BLACK
6
CONTINUOUS
10
0.5487223228346456
20
1.2606561811023622
11
0.5581807480314961
21
1.2535623622047243
0
LINE
8
BLACK
6
CONTINUOUS
10
0.5581807480314961
20
1.2535623622047243
11
0.5586886614173229
21
1.2529959055118109
0
LINE
8
BLACK
6
CONTINUOUS
10
0.5586886614173229
20
1.2529959055118109
11
0.5588997244094488
21
1.2515183858267716
0
LINE
8
BLACK
6
CONTINUOUS
10
0.5588997244094488
20
1.2515183858267716
11
0.5580042519685039
21
1.2503244488188976
0
LINE
8
BLACK
6
CONTINUOUS
10
0.5580042519685039
20
1.2503244488188976
11
0.5565267716535433
21
1.2501133858267717
0
LINE
8
BLACK
6
CONTINUOUS
10
0.5565267716535433
20
1.2501133858267717
11
0.5558407480314961
21
1.2504423622047245
0
LINE
8
BLACK
6
CONTINUOUS
10
0.5558407480314961
20
1.2504423622047245
11
0.5459366141732284
21
1.2578704724409449
0
LINE
8
BLACK
6
CONTINUOUS
10
0.5459366141732284
20
1.2578704724409449
11
0.5386896062992126
21
1.2506235039370079
0
LINE
8
BLACK
6
CONTINUOUS
10
0.5386896062992126
20
1.2506235039370079
11
0.5380570078740158
21
1.2502007874015748
0
LINE
8
BLACK
6
CONTINUOUS
10
0.5380570078740158
20
1.2502007874015748
11
0.5365644881889764
21
1.2502007874015748
0
LINE
8
BLACK
6
CONTINUOUS
10
0.5365644881889764
20
1.2502007874015748
11
0.5355091732283465
21
1.2512561023622046
0
LINE
8
BLACK
6
CONTINUOUS
10
0.5355091732283465
20
1.2512561023622046
11
0.5355091732283465
21
1.2527486220472441
0
LINE
8
BLACK
6
CONTINUOUS
10
0.5355091732283465
20
1.2527486220472441
11
0.5359318897637795
21
1.2533812204724408
0
LINE
8
BLACK
6
CONTINUOUS
10
0.5359318897637795
20
1.2533812204724408
11
0.5438601968503937
21
1.2613094881889764
0
LINE
8
BLACK
6
CONTINUOUS
10
0.5438601968503937
20
1.2613094881889764
11
0.537310748031496
21
1.2613094881889764
0
LINE
8
BLACK
6
CONTINUOUS
10
0.537310748031496
20
1.2613094881889764
11
0.5365645275590551
21
1.2614579133858268
0
LINE
8
BLACK
6
CONTINUOUS
10
0.5365645275590551
20
1.2614579133858268
11
0.5355091732283465
21
1.2625132677165354
0
LINE
8
BLACK
6
CONTINUOUS
10
0.5355091732283465
20
1.2625132677165354
11
0.5355091732283465
21
1.2640057086614174
0
LINE
8
BLACK
6
CONTINUOUS
10
0.5355091732283465
20
1.2640057086614174
11
0.5365645275590551
21
1.265061062992126
0
LINE
8
BLACK
6
CONTINUOUS
10
0.5365645275590551
20
1.265061062992126
11
0.537310748031496
21
1.2652094881889764
0
LINE
8
BLACK
6
CONTINUOUS
10
0.537310748031496
20
1.2652094881889764
11
0.5570107480314961
21
1.2652094881889764
0
LINE
8
BLACK
6
CONTINUOUS
10
0.5570107480314961
20
1.2652094881889764
11
0.557756968503937
21
1.265061062992126
0
LINE
8
BLACK
6
CONTINUOUS
10
1.1391705118110236
20
1.3227515748031495
11
1.1393697244094487
21
1.3226690157480314
0
LINE
8
BLACK
6
CONTINUOUS
10
1.1393697244094487
20
1.3226690157480314
11
1.13958468503937
21
1.322653779527559
0
LINE
8
BLACK
6
CONTINUOUS
10
1.13958468503937
20
1.322653779527559
11
1.1406832283464567
21
1.3222334251968504
0
LINE
8
BLACK
6
CONTINUOUS
10
1.1406832283464567
20
1.3222334251968504
11
1.1463975196850393
21
1.3193762992125984
0
LINE
8
BLACK
6
CONTINUOUS
10
1.1463975196850393
20
1.3193762992125984
11
1.1469012598425197
21
1.3190591732283465
0
LINE
8
BLACK
6
CONTINUOUS
10
1.1469012598425197
20
1.3190591732283465
11
1.1470476771653544
21
1.3189985433070865
0
LINE
8
BLACK
6
CONTINUOUS
10
1.1470476771653544
20
1.3189985433070865
11
1.1472124803149606
21
1.3188632677165355
0
LINE
8
BLACK
6
CONTINUOUS
10
1.1472124803149606
20
1.3188632677165355
11
1.1473929527559055
21
1.3187496850393701
0
LINE
8
BLACK
6
CONTINUOUS
10
1.1473929527559055
20
1.3187496850393701
11
1.1474967716535434
21
1.3186299606299212
0
LINE
8
BLACK
6
CONTINUOUS
10
1.1474967716535434
20
1.3186299606299212
11
1.1479568897637795
21
1.3182523622047244
0
LINE
8
BLACK
6
CONTINUOUS
10
1.1479568897637795
20
1.3182523622047244
11
1.1508140551181103
21
1.3153951968503936
0
LINE
8
BLACK
6
CONTINUOUS
10
1.1508140551181103
20
1.3153951968503936
11
1.1508167322834646
21
1.3153919291338583
0
LINE
8
BLACK
6
CONTINUOUS
10
1.1508167322834646
20
1.3153919291338583
11
1.1508185039370078
21
1.3153907480314961
0
LINE
8
BLACK
6
CONTINUOUS
10
1.1508185039370078
20
1.3153907480314961
11
1.1511921259842519
21
1.3149344881889764
0
LINE
8
BLACK
6
CONTINUOUS
10
1.1511921259842519
20
1.3149344881889764
11
1.1515602362204724
21
1.3144859842519685
0
LINE
8
BLACK
6
CONTINUOUS
10
1.1515602362204724
20
1.3144859842519685
11
1.1515610236220473
21
1.3144840157480315
0
LINE
8
BLACK
6
CONTINUOUS
10
1.1515610236220473
20
1.3144840157480315
11
1.1515637401574803
21
1.3144807480314959
0
LINE
8
BLACK
6
CONTINUOUS
10
1.1515637401574803
20
1.3144807480314959
11
1.1572779527559054
21
1.3059093307086613
0
LINE
8
BLACK
6
CONTINUOUS
10
1.1572779527559054
20
1.3059093307086613
11
1.1576225196850394
21
1.3052631102362204
0
LINE
8
BLACK
6
CONTINUOUS
10
1.1576225196850394
20
1.3052631102362204
11
1.1577107874015748
21
1.3051440157480314
0
LINE
8
BLACK
6
CONTINUOUS
10
1.1577107874015748
20
1.3051440157480314
11
1.1577610236220472
21
1.3050033464566928
0
LINE
8
BLACK
6
CONTINUOUS
10
1.1577610236220472
20
1.3050033464566928
11
1.1578313779527558
21
1.3048714566929134
0
LINE
8
BLACK
6
CONTINUOUS
10
1.1578313779527558
20
1.3048714566929134
11
1.1578601574803149
21
1.304725905511811
0
LINE
8
BLACK
6
CONTINUOUS
10
1.1578601574803149
20
1.304725905511811
11
1.1581065354330708
21
1.304036377952756
0
LINE
8
BLACK
6
CONTINUOUS
10
1.1581065354330708
20
1.304036377952756
11
1.1609637007874016
21
1.2926077952755906
0
LINE
8
BLACK
6
CONTINUOUS
10
1.1609637007874016
20
1.2926077952755906
11
1.1609937007874016
21
1.2924048031496063
0
LINE
8
BLACK
6
CONTINUOUS
10
1.1609937007874016
20
1.2924048031496063
11
1.161027559055118
21
1.2923231102362205
0
LINE
8
BLACK
6
CONTINUOUS
10
1.161027559055118
20
1.2923231102362205
11
1.1610709448818897
21
1.2918823228346457
0
LINE
8
BLACK
6
CONTINUOUS
10
1.1610709448818897
20
1.2918823228346457
11
1.1611357480314961
21
1.2914442125984251
0
LINE
8
BLACK
6
CONTINUOUS
10
1.1611357480314961
20
1.2914442125984251
11
1.161122716535433
21
1.2913566929133857
0
LINE
8
BLACK
6
CONTINUOUS
10
1.161122716535433
20
1.2913566929133857
11
1.1611428346456694
21
1.2911525590551181
0
LINE
8
BLACK
6
CONTINUOUS
10
1.1611428346456694
20
1.2911525590551181
11
1.1611428346456694
21
1.268295433070866
0
LINE
8
BLACK
6
CONTINUOUS
10
1.1611428346456694
20
1.268295433070866
11
1.161027559055118
21
1.2671248818897638
0
LINE
8
BLACK
6
CONTINUOUS
10
1.161027559055118
20
1.2671248818897638
11
1.1609450393700786
21
1.2669256692913387
0
LINE
8
BLACK
6
CONTINUOUS
10
1.1609450393700786
20
1.2669256692913387
11
1.1609297637795275
21
1.2667106692913386
0
LINE
8
BLACK
6
CONTINUOUS
10
1.1609297637795275
20
1.2667106692913386
11
1.1605094094488189
21
1.2656121259842519
0
LINE
8
BLACK
6
CONTINUOUS
10
1.1605094094488189
20
1.2656121259842519
11
1.1576522440944881
21
1.2598978346456693
0
LINE
8
BLACK
6
CONTINUOUS
10
1.1576522440944881
20
1.2598978346456693
11
1.1573350787401575
21
1.2593940157480314
0
LINE
8
BLACK
6
CONTINUOUS
10
1.1573350787401575
20
1.2593940157480314
11
1.1572744881889763
21
1.259247716535433
0
LINE
8
BLACK
6
CONTINUOUS
10
1.1572744881889763
20
1.259247716535433
11
1.157139251968504
21
1.2590829133858268
0
LINE
8
BLACK
6
CONTINUOUS
10
1.157139251968504
20
1.2590829133858268
11
1.1570256299212598
21
1.2589024409448819
0
LINE
8
BLACK
6
CONTINUOUS
10
1.1570256299212598
20
1.2589024409448819
11
1.1569059055118109
21
1.2587985826771653
0
LINE
8
BLACK
6
CONTINUOUS
10
1.1569059055118109
20
1.2587985826771653
11
1.1565283070866141
21
1.2583385039370079
0
LINE
8
BLACK
6
CONTINUOUS
10
1.1565283070866141
20
1.2583385039370079
11
1.1536711811023621
21
1.2554813779527558
0
LINE
8
BLACK
6
CONTINUOUS
10
1.1536711811023621
20
1.2554813779527558
11
1.1532110629921259
21
1.2551037401574803
0
LINE
8
BLACK
6
CONTINUOUS
10
1.1532110629921259
20
1.2551037401574803
11
1.1531072440944881
21
1.2549840551181102
0
LINE
8
BLACK
6
CONTINUOUS
10
1.1531072440944881
20
1.2549840551181102
11
1.1529267322834647
21
1.2548703937007875
0
LINE
8
BLACK
6
CONTINUOUS
10
1.1529267322834647
20
1.2548703937007875
11
1.152761968503937
21
1.2547351968503937
0
LINE
8
BLACK
6
CONTINUOUS
10
1.152761968503937
20
1.2547351968503937
11
1.1526156299212598
21
1.2546745669291339
0
LINE
8
BLACK
6
CONTINUOUS
10
1.1526156299212598
20
1.2546745669291339
11
1.1521118503937007
21
1.2543574409448819
0
LINE
8
BLACK
6
CONTINUOUS
10
1.1521118503937007
20
1.2543574409448819
11
1.1463975590551181
21
1.2515002755905511
0
LINE
8
BLACK
6
CONTINUOUS
10
1.1463975590551181
20
1.2515002755905511
11
1.1452990157480314
21
1.2510799212598425
0
LINE
8
BLACK
6
CONTINUOUS
10
1.1452990157480314
20
1.2510799212598425
11
1.1450839763779528
21
1.2510646062992126
0
LINE
8
BLACK
6
CONTINUOUS
10
1.1450839763779528
20
1.2510646062992126
11
1.1448848031496062
21
1.250982125984252
0
LINE
8
BLACK
6
CONTINUOUS
10
1.1448848031496062
20
1.250982125984252
11
1.143714251968504
21
1.2508668503937008
0
LINE
8
BLACK
6
CONTINUOUS
10
1.143714251968504
20
1.2508668503937008
11
1.1322856692913386
21
1.2508668503937008
0
LINE
8
BLACK
6
CONTINUOUS
10
1.1322856692913386
20
1.2508668503937008
11
1.1311151181102361
21
1.250982125984252
0
LINE
8
BLACK
6
CONTINUOUS
10
1.1311151181102361
20
1.250982125984252
11
1.130915905511811
21
1.2510646062992126
0
LINE
8
BLACK
6
CONTINUOUS
10
1.130915905511811
20
1.2510646062992126
11
1.1307008661417322
21
1.2510799212598425
0
LINE
8
BLACK
6
CONTINUOUS
10
1.1307008661417322
20
1.2510799212598425
11
1.1296023622047244
21
1.2515003149606299
0
LINE
8
BLACK
6
CONTINUOUS
10
1.1296023622047244
20
1.2515003149606299
11
1.1238881102362204
21
1.2543574803149606
0
LINE
8
BLACK
6
CONTINUOUS
10
1.1238881102362204
20
1.2543574803149606
11
1.1233844094488188
21
1.2546744881889764
0
LINE
8
BLACK
6
CONTINUOUS
10
1.1233844094488188
20
1.2546744881889764
11
1.123238031496063
21
1.2547351574803149
0
LINE
8
BLACK
6
CONTINUOUS
10
1.123238031496063
20
1.2547351574803149
11
1.1230732283464566
21
1.2548703937007875
0
LINE
8
BLACK
6
CONTINUOUS
10
1.1230732283464566
20
1.2548703937007875
11
1.1228926771653542
21
1.2549840551181102
0
LINE
8
BLACK
6
CONTINUOUS
10
1.1228926771653542
20
1.2549840551181102
11
1.1227887795275591
21
1.2551038188976378
0
LINE
8
BLACK
6
CONTINUOUS
10
1.1227887795275591
20
1.2551038188976378
11
1.1223288188976377
21
1.2554813385826771
0
LINE
8
BLACK
6
CONTINUOUS
10
1.1223288188976377
20
1.2554813385826771
11
1.1194716535433071
21
1.2583384645669291
0
LINE
8
BLACK
6
CONTINUOUS
10
1.1194716535433071
20
1.2583384645669291
11
1.1190939370078741
21
1.258798622047244
0
LINE
8
BLACK
6
CONTINUOUS
10
1.1190939370078741
20
1.258798622047244
11
1.1189742913385827
21
1.2589024409448819
0
LINE
8
BLACK
6
CONTINUOUS
10
1.1189742913385827
20
1.2589024409448819
11
1.118860748031496
21
1.2590827559055118
0
LINE
8
BLACK
6
CONTINUOUS
10
1.118860748031496
20
1.2590827559055118
11
1.118725433070866
21
1.2592476771653542
0
LINE
8
BLACK
6
CONTINUOUS
10
1.118725433070866
20
1.2592476771653542
11
1.1186647244094488
21
1.2593941338582677
0
LINE
8
BLACK
6
CONTINUOUS
10
1.1186647244094488
20
1.2593941338582677
11
1.1183476771653542
21
1.259897874015748
0
LINE
8
BLACK
6
CONTINUOUS
10
1.1183476771653542
20
1.259897874015748
11
1.1154905511811024
21
1.2656121653543306
0
LINE
8
BLACK
6
CONTINUOUS
10
1.1154905511811024
20
1.2656121653543306
11
1.1150701968503938
21
1.2667107086614173
0
LINE
8
BLACK
6
CONTINUOUS
10
1.1150701968503938
20
1.2667107086614173
11
1.1150549212598424
21
1.2669256299212599
0
LINE
8
BLACK
6
CONTINUOUS
10
1.1150549212598424
20
1.2669256299212599
11
1.114972401574803
21
1.2671248818897638
0
LINE
8
BLACK
6
CONTINUOUS
10
1.114972401574803
20
1.2671248818897638
11
1.1148571259842519
21
1.268295433070866
0
LINE
8
BLACK
6
CONTINUOUS
10
1.1148571259842519
20
1.268295433070866
11
1.1148571259842519
21
1.2825811417322834
0
LINE
8
BLACK
6
CONTINUOUS
10
1.1148571259842519
20
1.2825811417322834
11
1.114972401574803
21
1.2837516929133859
0
LINE
8
BLACK
6
CONTINUOUS
10
1.114972401574803
20
1.2837516929133859
11
1.1150549212598424
21
1.283950905511811
0
LINE
8
BLACK
6
CONTINUOUS
10
1.1150549212598424
20
1.283950905511811
11
1.1150701968503938
21
1.2841658661417323
0
LINE
8
BLACK
6
CONTINUOUS
10
1.1150701968503938
20
1.2841658661417323
11
1.1154905511811024
21
1.2852644094488188
0
LINE
8
BLACK
6
CONTINUOUS
10
1.1154905511811024
20
1.2852644094488188
11
1.1183476771653542
21
1.2909787007874016
0
LINE
8
BLACK
6
CONTINUOUS
10
1.1183476771653542
20
1.2909787007874016
11
1.1186647244094488
21
1.2914824015748032
0
LINE
8
BLACK
6
CONTINUOUS
10
1.1186647244094488
20
1.2914824015748032
11
1.118725433070866
21
1.2916288976377952
0
LINE
8
BLACK
6
CONTINUOUS
10
1.118725433070866
20
1.2916288976377952
11
1.118860748031496
21
1.2917937795275589
0
LINE
8
BLACK
6
CONTINUOUS
10
1.118860748031496
20
1.2917937795275589
11
1.1189742913385827
21
1.2919741338582678
0
LINE
8
BLACK
6
CONTINUOUS
10
1.1189742913385827
20
1.2919741338582678
11
1.1190939370078741
21
1.2920779133858267
0
LINE
8
BLACK
6
CONTINUOUS
10
1.1190939370078741
20
1.2920779133858267
11
1.1194716535433071
21
1.2925381102362203
0
LINE
8
BLACK
6
CONTINUOUS
10
1.1194716535433071
20
1.2925381102362203
11
1.1223288188976377
21
1.2953952362204724
0
LINE
8
BLACK
6
CONTINUOUS
10
1.1223288188976377
20
1.2953952362204724
11
1.1227887795275591
21
1.2957727165354331
0
LINE
8
BLACK
6
CONTINUOUS
10
1.1227887795275591
20
1.2957727165354331
11
1.1228926771653542
21
1.2958925196850393
0
LINE
8
BLACK
6
CONTINUOUS
10
1.1228926771653542
20
1.2958925196850393
11
1.1230732283464566
21
1.2960061417322835
0
LINE
8
BLACK
6
CONTINUOUS
10
1.1230732283464566
20
1.2960061417322835
11
1.123238031496063
21
1.2961414173228347
0
LINE
8
BLACK
6
CONTINUOUS
10
1.123238031496063
20
1.2961414173228347
11
1.1233844094488188
21
1.2962020472440945
0
LINE
8
BLACK
6
CONTINUOUS
10
1.1233844094488188
20
1.2962020472440945
11
1.1238881102362204
21
1.296519094488189
0
LINE
8
BLACK
6
CONTINUOUS
10
1.1238881102362204
20
1.296519094488189
11
1.1296023622047244
21
1.2993762598425196
0
LINE
8
BLACK
6
CONTINUOUS
10
1.1296023622047244
20
1.2993762598425196
11
1.1307008661417322
21
1.299796653543307
0
LINE
8
BLACK
6
CONTINUOUS
10
1.1307008661417322
20
1.299796653543307
11
1.130915905511811
21
1.2998119291338583
0
LINE
8
BLACK
6
CONTINUOUS
10
1.130915905511811
20
1.2998119291338583
11
1.1311151181102361
21
1.2998944488188977
0
LINE
8
BLACK
6
CONTINUOUS
10
1.1311151181102361
20
1.2998944488188977
11
1.1322856692913386
21
1.3000097244094488
0
LINE
8
BLACK
6
CONTINUOUS
10
1.1322856692913386
20
1.3000097244094488
11
1.143714251968504
21
1.3000097244094488
0
LINE
8
BLACK
6
CONTINUOUS
10
1.143714251968504
20
1.3000097244094488
11
1.1448848031496062
21
1.2998944488188977
0
LINE
8
BLACK
6
CONTINUOUS
10
1.1448848031496062
20
1.2998944488188977
11
1.1450839763779528
21
1.2998119291338583
0
LINE
8
BLACK
6
CONTINUOUS
10
1.1450839763779528
20
1.2998119291338583
11
1.1452990157480314
21
1.299796653543307
0
LINE
8
BLACK
6
CONTINUOUS
10
1.1452990157480314
20
1.299796653543307
11
1.1463975590551181
21
1.2993762992125983
0
LINE
8
BLACK
6
CONTINUOUS
10
1.1463975590551181
20
1.2993762992125983
11
1.1469742913385828
21
1.2990879133858266
0
LINE
8
BLACK
6
CONTINUOUS
10
1.1469742913385828
20
1.2990879133858266
11
1.1467168503937009
21
1.3001176771653542
0
LINE
8
BLACK
6
CONTINUOUS
10
1.1467168503937009
20
1.3001176771653542
11
1.1419085826771653
21
1.3073300787401574
0
LINE
8
BLACK
6
CONTINUOUS
10
1.1419085826771653
20
1.3073300787401574
11
1.1401601181102361
21
1.3090785433070866
0
LINE
8
BLACK
6
CONTINUOUS
10
1.1401601181102361
20
1.3090785433070866
11
1.1365835433070866
21
1.3108668503937007
0
LINE
8
BLACK
6
CONTINUOUS
10
1.1365835433070866
20
1.3108668503937007
11
1.1265714173228347
21
1.3108668503937007
0
LINE
8
BLACK
6
CONTINUOUS
10
1.1265714173228347
20
1.3108668503937007
11
1.1254008661417323
21
1.310982125984252
0
LINE
8
BLACK
6
CONTINUOUS
10
1.1254008661417323
20
1.310982125984252
11
1.1232379921259843
21
1.311878031496063
0
LINE
8
BLACK
6
CONTINUOUS
10
1.1232379921259843
20
1.311878031496063
11
1.1215825984251968
21
1.3135334251968505
0
LINE
8
BLACK
6
CONTINUOUS
10
1.1215825984251968
20
1.3135334251968505
11
1.1206866929133859
21
1.3156962992125985
0
LINE
8
BLACK
6
CONTINUOUS
10
1.1206866929133859
20
1.3156962992125985
11
1.1206866929133859
21
1.3180374015748031
0
LINE
8
BLACK
6
CONTINUOUS
10
1.1206866929133859
20
1.3180374015748031
11
1.1215825984251968
21
1.3202002755905511
0
LINE
8
BLACK
6
CONTINUOUS
10
1.1215825984251968
20
1.3202002755905511
11
1.1232379921259843
21
1.3218556692913386
0
LINE
8
BLACK
6
CONTINUOUS
10
1.1232379921259843
20
1.3218556692913386
11
1.1254008661417323
21
1.3227515748031495
0
LINE
8
BLACK
6
CONTINUOUS
10
1.1254008661417323
20
1.3227515748031495
11
1.1265714173228347
21
1.3228668503937007
0
LINE
8
BLACK
6
CONTINUOUS
10
1.1265714173228347
20
1.3228668503937007
11
1.1379999606299211
21
1.3228668503937007
0
LINE
8
BLACK
6
CONTINUOUS
10
1.1379999606299211
20
1.3228668503937007
11
1.1391705118110236
21
1.3227515748031495
0
LINE
8
BLACK
6
CONTINUOUS
10
1.1301256299212599
20
1.2862214566929133
11
1.1286453543307087
21
1.2847412598425196
0
LINE
8
BLACK
6
CONTINUOUS
10
1.1286453543307087
20
1.2847412598425196
11
1.1268571259842519
21
1.2811647244094488
0
LINE
8
BLACK
6
CONTINUOUS
10
1.1268571259842519
20
1.2811647244094488
11
1.1268571259842519
21
1.2697118110236221
0
LINE
8
BLACK
6
CONTINUOUS
10
1.1268571259842519
20
1.2697118110236221
11
1.1286453543307087
21
1.2661352755905511
0
LINE
8
BLACK
6
CONTINUOUS
10
1.1286453543307087
20
1.2661352755905511
11
1.1301256299212599
21
1.2646550787401574
0
LINE
8
BLACK
6
CONTINUOUS
10
1.1301256299212599
20
1.2646550787401574
11
1.1337020472440944
21
1.2628668503937008
0
LINE
8
BLACK
6
CONTINUOUS
10
1.1337020472440944
20
1.2628668503937008
11
1.1422977952755906
21
1.2628668503937008
0
LINE
8
BLACK
6
CONTINUOUS
10
1.1422977952755906
20
1.2628668503937008
11
1.1458744094488189
21
1.2646551574803149
0
LINE
8
BLACK
6
CONTINUOUS
10
1.1458744094488189
20
1.2646551574803149
11
1.1473544881889763
21
1.2661352362204723
0
LINE
8
BLACK
6
CONTINUOUS
10
1.1473544881889763
20
1.2661352362204723
11
1.1491428346456694
21
1.2697118897637796
0
LINE
8
BLACK
6
CONTINUOUS
10
1.1491428346456694
20
1.2697118897637796
11
1.1491428346456694
21
1.2811646456692913
0
LINE
8
BLACK
6
CONTINUOUS
10
1.1491428346456694
20
1.2811646456692913
11
1.1473544881889763
21
1.2847412992125984
0
LINE
8
BLACK
6
CONTINUOUS
10
1.1473544881889763
20
1.2847412992125984
11
1.1458744094488189
21
1.2862213779527558
0
LINE
8
BLACK
6
CONTINUOUS
10
1.1458744094488189
20
1.2862213779527558
11
1.1422977952755906
21
1.2880097244094488
0
LINE
8
BLACK
6
CONTINUOUS
10
1.1422977952755906
20
1.2880097244094488
11
1.1337020472440944
21
1.2880097244094488
0
LINE
8
BLACK
6
CONTINUOUS
10
1.1337020472440944
20
1.2880097244094488
11
1.1301256299212599
21
1.2862214566929133
0
LINE
8
BLACK
6
CONTINUOUS
10
1.1957350787401575
20
1.3228085039370079
11
1.1958932677165355
21
1.3228197637795276
0
LINE
8
BLACK
6
CONTINUOUS
10
1.1958932677165355
20
1.3228197637795276
11
1.1961012204724408
21
1.3227724409448818
0
LINE
8
BLACK
6
CONTINUOUS
10
1.1961012204724408
20
1.3227724409448818
11
1.1963133858267716
21
1.3227515748031495
0
LINE
8
BLACK
6
CONTINUOUS
10
1.1963133858267716
20
1.3227515748031495
11
1.1964597637795276
21
1.322690905511811
0
LINE
8
BLACK
6
CONTINUOUS
10
1.1964597637795276
20
1.322690905511811
11
1.1970401968503936
21
1.3225589370078741
0
LINE
8
BLACK
6
CONTINUOUS
10
1.1970401968503936
20
1.3225589370078741
11
1.2056116141732283
21
1.3197018110236221
0
LINE
8
BLACK
6
CONTINUOUS
10
1.2056116141732283
20
1.3197018110236221
11
1.2066856692913386
21
1.3192222834645668
0
LINE
8
BLACK
6
CONTINUOUS
10
1.2066856692913386
20
1.3192222834645668
11
1.2068485039370078
21
1.3190810236220472
0
LINE
8
BLACK
6
CONTINUOUS
10
1.2068485039370078
20
1.3190810236220472
11
1.2070476771653542
21
1.3189985433070865
0
LINE
8
BLACK
6
CONTINUOUS
10
1.2070476771653542
20
1.3189985433070865
11
1.2079568897637796
21
1.3182523622047244
0
LINE
8
BLACK
6
CONTINUOUS
10
1.2079568897637796
20
1.3182523622047244
11
1.2136711811023622
21
1.3125380708661416
0
LINE
8
BLACK
6
CONTINUOUS
10
1.2136711811023622
20
1.3125380708661416
11
1.2140486614173227
21
1.3120780708661417
0
LINE
8
BLACK
6
CONTINUOUS
10
1.2140486614173227
20
1.3120780708661417
11
1.2141685433070866
21
1.3119741338582678
0
LINE
8
BLACK
6
CONTINUOUS
10
1.2141685433070866
20
1.3119741338582678
11
1.2142822440944883
21
1.3117934645669291
0
LINE
8
BLACK
6
CONTINUOUS
10
1.2142822440944883
20
1.3117934645669291
11
1.2144173622047243
21
1.3116288582677165
0
LINE
8
BLACK
6
CONTINUOUS
10
1.2144173622047243
20
1.3116288582677165
11
1.2144779527559055
21
1.311482559055118
0
LINE
8
BLACK
6
CONTINUOUS
10
1.2144779527559055
20
1.311482559055118
11
1.2147951181102361
21
1.3109787007874016
0
LINE
8
BLACK
6
CONTINUOUS
10
1.2147951181102361
20
1.3109787007874016
11
1.2176522440944881
21
1.3052644094488188
0
LINE
8
BLACK
6
CONTINUOUS
10
1.2176522440944881
20
1.3052644094488188
11
1.2176849606299212
21
1.3051788188976379
0
LINE
8
BLACK
6
CONTINUOUS
10
1.2176849606299212
20
1.3051788188976379
11
1.2177107874015747
21
1.3051440157480314
0
LINE
8
BLACK
6
CONTINUOUS
10
1.2177107874015747
20
1.3051440157480314
11
1.217886220472441
21
1.3046528740157479
0
LINE
8
BLACK
6
CONTINUOUS
10
1.217886220472441
20
1.3046528740157479
11
1.2180726377952755
21
1.3041658661417324
0
LINE
8
BLACK
6
CONTINUOUS
10
1.2180726377952755
20
1.3041658661417324
11
1.2180756692913386
21
1.3041226377952755
0
LINE
8
BLACK
6
CONTINUOUS
10
1.2180756692913386
20
1.3041226377952755
11
1.2181065354330709
21
1.304036377952756
0
LINE
8
BLACK
6
CONTINUOUS
10
1.2181065354330709
20
1.304036377952756
11
1.2209637007874015
21
1.2926077952755906
0
LINE
8
BLACK
6
CONTINUOUS
10
1.2209637007874015
20
1.2926077952755906
11
1.2209937007874014
21
1.2924048031496063
0
LINE
8
BLACK
6
CONTINUOUS
10
1.2209937007874014
20
1.2924048031496063
11
1.2210275590551181
21
1.2923231102362205
0
LINE
8
BLACK
6
CONTINUOUS
10
1.2210275590551181
20
1.2923231102362205
11
1.2210709448818897
21
1.2918823228346457
0
LINE
8
BLACK
6
CONTINUOUS
10
1.2210709448818897
20
1.2918823228346457
11
1.2211357480314959
21
1.2914442125984251
0
LINE
8
BLACK
6
CONTINUOUS
10
1.2211357480314959
20
1.2914442125984251
11
1.221122716535433
21
1.2913566929133857
0
LINE
8
BLACK
6
CONTINUOUS
10
1.221122716535433
20
1.2913566929133857
11
1.2211428346456692
21
1.2911525590551181
0
LINE
8
BLACK
6
CONTINUOUS
10
1.2211428346456692
20
1.2911525590551181
11
1.2211428346456692
21
1.2825811417322834
0
LINE
8
BLACK
6
CONTINUOUS
10
1.2211428346456692
20
1.2825811417322834
11
1.221122716535433
21
1.282376968503937
0
LINE
8
BLACK
6
CONTINUOUS
10
1.221122716535433
20
1.282376968503937
11
1.2211357480314959
21
1.2822894881889764
0
LINE
8
BLACK
6
CONTINUOUS
10
1.2211357480314959
20
1.2822894881889764
11
1.2210709448818897
21
1.2818513385826771
0
LINE
8
BLACK
6
CONTINUOUS
10
1.2210709448818897
20
1.2818513385826771
11
1.2210275590551181
21
1.281410590551181
0
LINE
8
BLACK
6
CONTINUOUS
10
1.2210275590551181
20
1.281410590551181
11
1.2209937007874014
21
1.2813288582677165
0
LINE
8
BLACK
6
CONTINUOUS
10
1.2209937007874014
20
1.2813288582677165
11
1.2209637007874015
21
1.2811259055118109
0
LINE
8
BLACK
6
CONTINUOUS
10
1.2209637007874015
20
1.2811259055118109
11
1.2181065354330709
21
1.2696973228346455
0
LINE
8
BLACK
6
CONTINUOUS
10
1.2181065354330709
20
1.2696973228346455
11
1.2180756692913386
21
1.2696110236220473
0
LINE
8
BLACK
6
CONTINUOUS
10
1.2180756692913386
20
1.2696110236220473
11
1.2180726377952755
21
1.2695678346456694
0
LINE
8
BLACK
6
CONTINUOUS
10
1.2180726377952755
20
1.2695678346456694
11
1.217886220472441
21
1.2690807874015748
0
LINE
8
BLACK
6
CONTINUOUS
10
1.217886220472441
20
1.2690807874015748
11
1.2177107874015747
21
1.2685896850393701
0
LINE
8
BLACK
6
CONTINUOUS
10
1.2177107874015747
20
1.2685896850393701
11
1.2176849606299212
21
1.2685548425196851
0
LINE
8
BLACK
6
CONTINUOUS
10
1.2176849606299212
20
1.2685548425196851
11
1.2176522440944881
21
1.2684692913385827
0
LINE
8
BLACK
6
CONTINUOUS
10
1.2176522440944881
20
1.2684692913385827
11
1.2147951181102361
21
1.2627550000000001
0
LINE
8
BLACK
6
CONTINUOUS
10
1.2147951181102361
20
1.2627550000000001
11
1.2144779921259843
21
1.2622511811023622
0
LINE
8
BLACK
6
CONTINUOUS
10
1.2144779921259843
20
1.2622511811023622
11
1.2144173622047243
21
1.2621048031496063
0
LINE
8
BLACK
6
CONTINUOUS
10
1.2144173622047243
20
1.2621048031496063
11
1.214282125984252
21
1.2619400393700788
0
LINE
8
BLACK
6
CONTINUOUS
10
1.214282125984252
20
1.2619400393700788
11
1.2141685433070866
21
1.2617595669291339
0
LINE
8
BLACK
6
CONTINUOUS
10
1.2141685433070866
20
1.2617595669291339
11
1.2140487401574802
21
1.2616556299212598
0
LINE
8
BLACK
6
CONTINUOUS
10
1.2140487401574802
20
1.2616556299212598
11
1.2136711417322834
21
1.2611955905511811
0
LINE
8
BLACK
6
CONTINUOUS
10
1.2136711417322834
20
1.2611955905511811
11
1.2079568897637796
21
1.2554813779527558
0
LINE
8
BLACK
6
CONTINUOUS
10
1.2079568897637796
20
1.2554813779527558
11
1.2070476771653542
21
1.2547351574803149
0
LINE
8
BLACK
6
CONTINUOUS
10
1.2070476771653542
20
1.2547351574803149
11
1.2068484251968503
21
1.2546526377952756
0
LINE
8
BLACK
6
CONTINUOUS
10
1.2068484251968503
20
1.2546526377952756
11
1.2066856692913386
21
1.2545114566929134
0
LINE
8
BLACK
6
CONTINUOUS
10
1.2066856692913386
20
1.2545114566929134
11
1.205611653543307
21
1.2540319291338582
0
LINE
8
BLACK
6
CONTINUOUS
10
1.205611653543307
20
1.2540319291338582
11
1.1970402362204724
21
1.2511747637795276
0
LINE
8
BLACK
6
CONTINUOUS
10
1.1970402362204724
20
1.2511747637795276
11
1.1964597637795276
21
1.2510427559055117
0
LINE
8
BLACK
6
CONTINUOUS
10
1.1964597637795276
20
1.2510427559055117
11
1.1963133858267716
21
1.250982125984252
0
LINE
8
BLACK
6
CONTINUOUS
10
1.1963133858267716
20
1.250982125984252
11
1.1961012598425196
21
1.250961220472441
0
LINE
8
BLACK
6
CONTINUOUS
10
1.1961012598425196
20
1.250961220472441
11
1.1958932677165355
21
1.2509139370078739
0
LINE
8
BLACK
6
CONTINUOUS
10
1.1958932677165355
20
1.2509139370078739
11
1.1957350787401575
21
1.2509251574803149
0
LINE
8
BLACK
6
CONTINUOUS
10
1.1957350787401575
20
1.2509251574803149
11
1.1951428346456692
21
1.2508668503937008
0
LINE
8
BLACK
6
CONTINUOUS
10
1.1951428346456692
20
1.2508668503937008
11
1.1894285433070866
21
1.2508668503937008
0
LINE
8
BLACK
6
CONTINUOUS
10
1.1894285433070866
20
1.2508668503937008
11
1.1888362598425197
21
1.2509251574803149
0
LINE
8
BLACK
6
CONTINUOUS
10
1.1888362598425197
20
1.2509251574803149
11
1.1886781102362205
21
1.2509139370078739
0
LINE
8
BLACK
6
CONTINUOUS
10
1.1886781102362205
20
1.2509139370078739
11
1.1884701181102362
21
1.250961220472441
0
LINE
8
BLACK
6
CONTINUOUS
10
1.1884701181102362
20
1.250961220472441
11
1.1882579921259842
21
1.250982125984252
0
LINE
8
BLACK
6
CONTINUOUS
10
1.1882579921259842
20
1.250982125984252
11
1.1881115748031497
21
1.2510427559055117
0
LINE
8
BLACK
6
CONTINUOUS
10
1.1881115748031497
20
1.2510427559055117
11
1.1875311811023621
21
1.2511747637795276
0
LINE
8
BLACK
6
CONTINUOUS
10
1.1875311811023621
20
1.2511747637795276
11
1.1789597244094487
21
1.2540319291338582
0
LINE
8
BLACK
6
CONTINUOUS
10
1.1789597244094487
20
1.2540319291338582
11
1.1778857086614174
21
1.2545114566929134
0
LINE
8
BLACK
6
CONTINUOUS
10
1.1778857086614174
20
1.2545114566929134
11
1.1777228740157479
21
1.2546526377952756
0
LINE
8
BLACK
6
CONTINUOUS
10
1.1777228740157479
20
1.2546526377952756
11
1.1775237401574803
21
1.2547351574803149
0
LINE
8
BLACK
6
CONTINUOUS
10
1.1775237401574803
20
1.2547351574803149
11
1.1766145275590552
21
1.2554813385826771
0
LINE
8
BLACK
6
CONTINUOUS
10
1.1766145275590552
20
1.2554813385826771
11
1.1737573622047244
21
1.2583384645669291
0
LINE
8
BLACK
6
CONTINUOUS
10
1.1737573622047244
20
1.2583384645669291
11
1.1730111417322835
21
1.2592476771653542
0
LINE
8
BLACK
6
CONTINUOUS
10
1.1730111417322835
20
1.2592476771653542
11
1.1721152362204723
21
1.2614105511811022
0
LINE
8
BLACK
6
CONTINUOUS
10
1.1721152362204723
20
1.2614105511811022
11
1.1721152362204723
21
1.2637516535433071
0
LINE
8
BLACK
6
CONTINUOUS
10
1.1721152362204723
20
1.2637516535433071
11
1.1730111023622047
21
1.2659145275590551
0
LINE
8
BLACK
6
CONTINUOUS
10
1.1730111023622047
20
1.2659145275590551
11
1.174666496062992
21
1.2675699606299213
0
LINE
8
BLACK
6
CONTINUOUS
10
1.174666496062992
20
1.2675699606299213
11
1.1768293700787402
21
1.2684658661417323
0
LINE
8
BLACK
6
CONTINUOUS
10
1.1768293700787402
20
1.2684658661417323
11
1.1791704724409449
21
1.2684658661417323
0
LINE
8
BLACK
6
CONTINUOUS
10
1.1791704724409449
20
1.2684658661417323
11
1.1813333464566929
21
1.2675699999999999
0
LINE
8
BLACK
6
CONTINUOUS
10
1.1813333464566929
20
1.2675699999999999
11
1.182242559055118
21
1.2668238188976377
0
LINE
8
BLACK
6
CONTINUOUS
10
1.182242559055118
20
1.2668238188976377
11
1.1840982283464567
21
1.264968188976378
0
LINE
8
BLACK
6
CONTINUOUS
10
1.1840982283464567
20
1.264968188976378
11
1.1904022047244094
21
1.2628668503937008
0
LINE
8
BLACK
6
CONTINUOUS
10
1.1904022047244094
20
1.2628668503937008
11
1.1941691732283464
21
1.2628668503937008
0
LINE
8
BLACK
6
CONTINUOUS
10
1.1941691732283464
20
1.2628668503937008
11
1.2004731496062993
21
1.264968188976378
0
LINE
8
BLACK
6
CONTINUOUS
10
1.2004731496062993
20
1.264968188976378
11
1.2044973622047244
21
1.2689924015748031
0
LINE
8
BLACK
6
CONTINUOUS
10
1.2044973622047244
20
1.2689924015748031
11
1.206624527559055
21
1.2732466535433071
0
LINE
8
BLACK
6
CONTINUOUS
10
1.206624527559055
20
1.2732466535433071
11
1.2091428346456692
21
1.283319842519685
0
LINE
8
BLACK
6
CONTINUOUS
10
1.2091428346456692
20
1.283319842519685
11
1.2091428346456692
21
1.2904138188976377
0
LINE
8
BLACK
6
CONTINUOUS
10
1.2091428346456692
20
1.2904138188976377
11
1.206624527559055
21
1.3004870078740156
0
LINE
8
BLACK
6
CONTINUOUS
10
1.206624527559055
20
1.3004870078740156
11
1.2044973622047244
21
1.3047412992125984
0
LINE
8
BLACK
6
CONTINUOUS
10
1.2044973622047244
20
1.3047412992125984
11
1.200473188976378
21
1.3087654724409448
0
LINE
8
BLACK
6
CONTINUOUS
10
1.200473188976378
20
1.3087654724409448
11
1.1941692125984251
21
1.3108668503937007
0
LINE
8
BLACK
6
CONTINUOUS
10
1.1941692125984251
20
1.3108668503937007
11
1.1904021653543306
21
1.3108668503937007
0
LINE
8
BLACK
6
CONTINUOUS
10
1.1904021653543306
20
1.3108668503937007
11
1.184098188976378
21
1.3087655118110235
0
LINE
8
BLACK
6
CONTINUOUS
10
1.184098188976378
20
1.3087655118110235
11
1.1822425984251967
21
1.3069099212598425
0
LINE
8
BLACK
6
CONTINUOUS
10
1.1822425984251967
20
1.3069099212598425
11
1.1813333858267716
21
1.3061637401574804
0
LINE
8
BLACK
6
CONTINUOUS
10
1.1813333858267716
20
1.3061637401574804
11
1.1791705118110236
21
1.3052678346456692
0
LINE
8
BLACK
6
CONTINUOUS
10
1.1791705118110236
20
1.3052678346456692
11
1.176829409448819
21
1.3052678346456692
0
LINE
8
BLACK
6
CONTINUOUS
10
1.176829409448819
20
1.3052678346456692
11
1.1746665354330708
21
1.3061637401574804
0
LINE
8
BLACK
6
CONTINUOUS
10
1.1746665354330708
20
1.3061637401574804
11
1.1730111417322835
21
1.3078191338582676
0
LINE
8
BLACK
6
CONTINUOUS
10
1.1730111417322835
20
1.3078191338582676
11
1.1721152362204723
21
1.3099820078740156
0
LINE
8
BLACK
6
CONTINUOUS
10
1.1721152362204723
20
1.3099820078740156
11
1.1721152362204723
21
1.3123231102362205
0
LINE
8
BLACK
6
CONTINUOUS
10
1.1721152362204723
20
1.3123231102362205
11
1.1730111417322835
21
1.3144859842519685
0
LINE
8
BLACK
6
CONTINUOUS
10
1.1730111417322835
20
1.3144859842519685
11
1.1737573228346456
21
1.3153951968503936
0
LINE
8
BLACK
6
CONTINUOUS
10
1.1737573228346456
20
1.3153951968503936
11
1.1766144881889764
21
1.3182523622047244
0
LINE
8
BLACK
6
CONTINUOUS
10
1.1766144881889764
20
1.3182523622047244
11
1.1775237007874015
21
1.3189985433070865
0
LINE
8
BLACK
6
CONTINUOUS
10
1.1775237007874015
20
1.3189985433070865
11
1.1777228346456692
21
1.3190810236220472
0
LINE
8
BLACK
6
CONTINUOUS
10
1.1777228346456692
20
1.3190810236220472
11
1.1778857480314959
21
1.3192223228346456
0
LINE
8
BLACK
6
CONTINUOUS
10
1.1778857480314959
20
1.3192223228346456
11
1.1789597637795275
21
1.3197018110236221
0
LINE
8
BLACK
6
CONTINUOUS
10
1.1789597637795275
20
1.3197018110236221
11
1.1875311811023621
21
1.3225589763779528
0
LINE
8
BLACK
6
CONTINUOUS
10
1.1875311811023621
20
1.3225589763779528
11
1.1881116535433072
21
1.3226909448818898
0
LINE
8
BLACK
6
CONTINUOUS
10
1.1881116535433072
20
1.3226909448818898
11
1.1882579921259842
21
1.3227515748031495
0
LINE
8
BLACK
6
CONTINUOUS
10
1.1882579921259842
20
1.3227515748031495
11
1.1884701181102362
21
1.3227724409448818
0
LINE
8
BLACK
6
CONTINUOUS
10
1.1884701181102362
20
1.3227724409448818
11
1.1886781496062993
21
1.3228197637795276
0
LINE
8
BLACK
6
CONTINUOUS
10
1.1886781496062993
20
1.3228197637795276
11
1.1888362598425197
21
1.3228085039370079
0
LINE
8
BLACK
6
CONTINUOUS
10
1.1888362598425197
20
1.3228085039370079
11
1.1894285433070866
21
1.3228668503937007
0
LINE
8
BLACK
6
CONTINUOUS
10
1.1894285433070866
20
1.3228668503937007
11
1.1951428346456692
21
1.3228668503937007
0
LINE
8
BLACK
6
CONTINUOUS
10
1.1951428346456692
20
1.3228668503937007
11
1.1957350787401575
21
1.3228085039370079
0
LINE
8
BLACK
6
CONTINUOUS
10
0.7814665354330709
20
1.3379887795275591
11
0.7831219291338583
21
1.3363333858267716
0
LINE
8
BLACK
6
CONTINUOUS
10
0.7831219291338583
20
1.3363333858267716
11
0.7840178346456693
21
1.3341705118110236
0
LINE
8
BLACK
6
CONTINUOUS
10
0.7840178346456693
20
1.3341705118110236
11
0.7841331102362205
21
1.3329999606299212
0
LINE
8
BLACK
6
CONTINUOUS
10
0.7841331102362205
20
1.3329999606299212
11
0.7841331102362205
21
1.3020991732283465
0
LINE
8
BLACK
6
CONTINUOUS
10
0.7841331102362205
20
1.3020991732283465
11
0.8357696062992126
21
1.3242291338582677
0
LINE
8
BLACK
6
CONTINUOUS
10
0.8357696062992126
20
1.3242291338582677
11
0.836890905511811
21
1.3245842913385826
0
LINE
8
BLACK
6
CONTINUOUS
10
0.836890905511811
20
1.3245842913385826
11
0.8392318503937007
21
1.3246127952755906
0
LINE
8
BLACK
6
CONTINUOUS
10
0.8392318503937007
20
1.3246127952755906
11
0.8414054724409449
21
1.3237433464566928
0
LINE
8
BLACK
6
CONTINUOUS
10
0.8414054724409449
20
1.3237433464566928
11
0.8430809448818898
21
1.3221082677165354
0
LINE
8
BLACK
6
CONTINUOUS
10
0.8430809448818898
20
1.3221082677165354
11
0.8440031496062992
21
1.3199564566929134
0
LINE
8
BLACK
6
CONTINUOUS
10
0.8440031496062992
20
1.3199564566929134
11
0.8440316535433071
21
1.3176155511811023
0
LINE
8
BLACK
6
CONTINUOUS
10
0.8440316535433071
20
1.3176155511811023
11
0.8431622047244094
21
1.3154419291338582
0
LINE
8
BLACK
6
CONTINUOUS
10
0.8431622047244094
20
1.3154419291338582
11
0.8415271259842519
21
1.3137664566929133
0
LINE
8
BLACK
6
CONTINUOUS
10
0.8415271259842519
20
1.3137664566929133
11
0.840496653543307
21
1.3131993700787401
0
LINE
8
BLACK
6
CONTINUOUS
10
0.840496653543307
20
1.3131993700787401
11
0.7804966141732284
21
1.2874850787401575
0
LINE
8
BLACK
6
CONTINUOUS
10
0.7804966141732284
20
1.2874850787401575
11
0.77937531496063
21
1.2871299606299211
0
LINE
8
BLACK
6
CONTINUOUS
10
0.77937531496063
20
1.2871299606299211
11
0.7793381102362205
21
1.2871294881889763
0
LINE
8
BLACK
6
CONTINUOUS
10
0.7793381102362205
20
1.2871294881889763
11
0.7793036614173228
21
1.2871152362204723
0
LINE
8
BLACK
6
CONTINUOUS
10
0.7793036614173228
20
1.2871152362204723
11
0.778167716535433
21
1.2871152362204723
0
LINE
8
BLACK
6
CONTINUOUS
10
0.778167716535433
20
1.2871152362204723
11
0.7770344094488189
21
1.2871014173228346
0
LINE
8
BLACK
6
CONTINUOUS
10
0.7770344094488189
20
1.2871014173228346
11
0.776999842519685
21
1.2871152362204723
0
LINE
8
BLACK
6
CONTINUOUS
10
0.776999842519685
20
1.2871152362204723
11
0.7769625590551181
21
1.2871152362204723
0
LINE
8
BLACK
6
CONTINUOUS
10
0.7769625590551181
20
1.2871152362204723
11
0.775913779527559
21
1.2875496456692912
0
LINE
8
BLACK
6
CONTINUOUS
10
0.775913779527559
20
1.2875496456692912
11
0.7748607480314961
21
1.2879708661417322
0
LINE
8
BLACK
6
CONTINUOUS
10
0.7748607480314961
20
1.2879708661417322
11
0.7748340551181102
21
1.2879968897637795
0
LINE
8
BLACK
6
CONTINUOUS
10
0.7748340551181102
20
1.2879968897637795
11
0.77479968503937
21
1.2880111417322835
0
LINE
8
BLACK
6
CONTINUOUS
10
0.77479968503937
20
1.2880111417322835
11
0.7739976771653543
21
1.2888131102362204
0
LINE
8
BLACK
6
CONTINUOUS
10
0.7739976771653543
20
1.2888131102362204
11
0.7731853149606299
21
1.2896059448818897
0
LINE
8
BLACK
6
CONTINUOUS
10
0.7731853149606299
20
1.2896059448818897
11
0.7731706299212598
21
1.2896401574803149
0
LINE
8
BLACK
6
CONTINUOUS
10
0.7731706299212598
20
1.2896401574803149
11
0.7731442913385826
21
1.2896665354330707
0
LINE
8
BLACK
6
CONTINUOUS
10
0.7731442913385826
20
1.2896665354330707
11
0.7727097244094489
21
1.2907156299212599
0
LINE
8
BLACK
6
CONTINUOUS
10
0.7727097244094489
20
1.2907156299212599
11
0.7722631102362204
21
1.2917577559055118
0
LINE
8
BLACK
6
CONTINUOUS
10
0.7722631102362204
20
1.2917577559055118
11
0.7722626377952756
21
1.2917949212598425
0
LINE
8
BLACK
6
CONTINUOUS
10
0.7722626377952756
20
1.2917949212598425
11
0.7722483858267717
21
1.291829409448819
0
LINE
8
BLACK
6
CONTINUOUS
10
0.7722483858267717
20
1.291829409448819
11
0.7721331102362204
21
1.2929999606299212
0
LINE
8
BLACK
6
CONTINUOUS
10
0.7721331102362204
20
1.2929999606299212
11
0.7721331102362204
21
1.3329999606299212
0
LINE
8
BLACK
6
CONTINUOUS
10
0.7721331102362204
20
1.3329999606299212
11
0.7722483858267717
21
1.3341705118110236
0
LINE
8
BLACK
6
CONTINUOUS
10
0.7722483858267717
20
1.3341705118110236
11
0.7731442913385826
21
1.3363333858267716
0
LINE
8
BLACK
6
CONTINUOUS
10
0.7731442913385826
20
1.3363333858267716
11
0.77479968503937
21
1.3379887795275591
0
LINE
8
BLACK
6
CONTINUOUS
10
0.77479968503937
20
1.3379887795275591
11
0.7769625590551181
21
1.3388846850393701
0
LINE
8
BLACK
6
CONTINUOUS
10
0.7769625590551181
20
1.3388846850393701
11
0.7793036614173228
21
1.3388846850393701
0
LINE
8
BLACK
6
CONTINUOUS
10
0.7793036614173228
20
1.3388846850393701
11
0.7814665354330709
21
1.3379887795275591
0
LINE
8
BLACK
6
CONTINUOUS
10
0.8126229527559055
20
1.3961227165354331
11
0.8127104724409449
21
1.396135748031496
0
LINE
8
BLACK
6
CONTINUOUS
10
0.8127104724409449
20
1.396135748031496
11
0.8131485826771654
21
1.3960709448818898
0
LINE
8
BLACK
6
CONTINUOUS
10
0.8131485826771654
20
1.3960709448818898
11
0.8135893700787401
21
1.3960275590551181
0
LINE
8
BLACK
6
CONTINUOUS
10
0.8135893700787401
20
1.3960275590551181
11
0.813671062992126
21
1.3959937007874015
0
LINE
8
BLACK
6
CONTINUOUS
10
0.813671062992126
20
1.3959937007874015
11
0.8138740551181102
21
1.3959637007874015
0
LINE
8
BLACK
6
CONTINUOUS
10
0.8138740551181102
20
1.3959637007874015
11
0.8253026377952756
21
1.3931065354330707
0
LINE
8
BLACK
6
CONTINUOUS
10
0.8253026377952756
20
1.3931065354330707
11
0.8253890551181102
21
1.3930756299212599
0
LINE
8
BLACK
6
CONTINUOUS
10
0.8253890551181102
20
1.3930756299212599
11
0.825432125984252
21
1.3930725984251968
0
LINE
8
BLACK
6
CONTINUOUS
10
0.825432125984252
20
1.3930725984251968
11
0.8259182677165354
21
1.3928865354330708
0
LINE
8
BLACK
6
CONTINUOUS
10
0.8259182677165354
20
1.3928865354330708
11
0.8264102755905511
21
1.3927107874015747
0
LINE
8
BLACK
6
CONTINUOUS
10
0.8264102755905511
20
1.3927107874015747
11
0.8264450787401575
21
1.3926849606299212
0
LINE
8
BLACK
6
CONTINUOUS
10
0.8264450787401575
20
1.3926849606299212
11
0.8265306692913386
21
1.3926522440944882
0
LINE
8
BLACK
6
CONTINUOUS
10
0.8265306692913386
20
1.3926522440944882
11
0.8322449606299213
21
1.3897951181102361
0
LINE
8
BLACK
6
CONTINUOUS
10
0.8322449606299213
20
1.3897951181102361
11
0.8327487007874016
21
1.3894779921259843
0
LINE
8
BLACK
6
CONTINUOUS
10
0.8327487007874016
20
1.3894779921259843
11
0.8328951181102362
21
1.3894173622047243
0
LINE
8
BLACK
6
CONTINUOUS
10
0.8328951181102362
20
1.3894173622047243
11
0.8330599212598425
21
1.3892820866141733
0
LINE
8
BLACK
6
CONTINUOUS
10
0.8330599212598425
20
1.3892820866141733
11
0.8332403937007874
21
1.3891685039370079
0
LINE
8
BLACK
6
CONTINUOUS
10
0.8332403937007874
20
1.3891685039370079
11
0.8333442125984252
21
1.389048779527559
0
LINE
8
BLACK
6
CONTINUOUS
10
0.8333442125984252
20
1.389048779527559
11
0.8338043307086614
21
1.3886711811023622
0
LINE
8
BLACK
6
CONTINUOUS
10
0.8338043307086614
20
1.3886711811023622
11
0.839518622047244
21
1.3829568897637794
0
LINE
8
BLACK
6
CONTINUOUS
10
0.839518622047244
20
1.3829568897637794
11
0.8402648031496063
21
1.3820476771653543
0
LINE
8
BLACK
6
CONTINUOUS
10
0.8402648031496063
20
1.3820476771653543
11
0.8403472834645669
21
1.3818485039370079
0
LINE
8
BLACK
6
CONTINUOUS
10
0.8403472834645669
20
1.3818485039370079
11
0.8404885826771653
21
1.3816856299212599
0
LINE
8
BLACK
6
CONTINUOUS
10
0.8404885826771653
20
1.3816856299212599
11
0.8409680708661417
21
1.3806116141732283
0
LINE
8
BLACK
6
CONTINUOUS
10
0.8409680708661417
20
1.3806116141732283
11
0.8438252362204725
21
1.3720401968503937
0
LINE
8
BLACK
6
CONTINUOUS
10
0.8438252362204725
20
1.3720401968503937
11
0.8439572047244094
21
1.3714596850393701
0
LINE
8
BLACK
6
CONTINUOUS
10
0.8439572047244094
20
1.3714596850393701
11
0.8440178346456693
21
1.3713133858267716
0
LINE
8
BLACK
6
CONTINUOUS
10
0.8440178346456693
20
1.3713133858267716
11
0.8440387007874015
21
1.3711012204724409
0
LINE
8
BLACK
6
CONTINUOUS
10
0.8440387007874015
20
1.3711012204724409
11
0.8440860236220472
21
1.3708932283464568
0
LINE
8
BLACK
6
CONTINUOUS
10
0.8440860236220472
20
1.3708932283464568
11
0.8440747637795275
21
1.3707350787401575
0
LINE
8
BLACK
6
CONTINUOUS
10
0.8440747637795275
20
1.3707350787401575
11
0.8441331102362205
21
1.3701428346456692
0
LINE
8
BLACK
6
CONTINUOUS
10
0.8441331102362205
20
1.3701428346456692
11
0.8441331102362205
21
1.3644285433070866
0
LINE
8
BLACK
6
CONTINUOUS
10
0.8441331102362205
20
1.3644285433070866
11
0.8440747637795275
21
1.3638362598425195
0
LINE
8
BLACK
6
CONTINUOUS
10
0.8440747637795275
20
1.3638362598425195
11
0.8440860236220472
21
1.3636781496062991
0
LINE
8
BLACK
6
CONTINUOUS
10
0.8440860236220472
20
1.3636781496062991
11
0.8440387007874015
21
1.3634701181102362
0
LINE
8
BLACK
6
CONTINUOUS
10
0.8440387007874015
20
1.3634701181102362
11
0.8440178346456693
21
1.3632579921259842
0
LINE
8
BLACK
6
CONTINUOUS
10
0.8440178346456693
20
1.3632579921259842
11
0.8439572047244094
21
1.363111653543307
0
LINE
8
BLACK
6
CONTINUOUS
10
0.8439572047244094
20
1.363111653543307
11
0.8438252362204725
21
1.3625311811023622
0
LINE
8
BLACK
6
CONTINUOUS
10
0.8438252362204725
20
1.3625311811023622
11
0.8409680708661417
21
1.3539597637795275
0
LINE
8
BLACK
6
CONTINUOUS
10
0.8409680708661417
20
1.3539597637795275
11
0.8404885826771653
21
1.352885748031496
0
LINE
8
BLACK
6
CONTINUOUS
10
0.8404885826771653
20
1.352885748031496
11
0.8403472834645669
21
1.3527228346456692
0
LINE
8
BLACK
6
CONTINUOUS
10
0.8403472834645669
20
1.3527228346456692
11
0.8402648031496063
21
1.3525237007874016
0
LINE
8
BLACK
6
CONTINUOUS
10
0.8402648031496063
20
1.3525237007874016
11
0.839518622047244
21
1.3516144881889764
0
LINE
8
BLACK
6
CONTINUOUS
10
0.839518622047244
20
1.3516144881889764
11
0.8366614566929134
21
1.3487573228346457
0
LINE
8
BLACK
6
CONTINUOUS
10
0.8366614566929134
20
1.3487573228346457
11
0.8357522440944881
21
1.3480111417322835
0
LINE
8
BLACK
6
CONTINUOUS
10
0.8357522440944881
20
1.3480111417322835
11
0.8335893700787401
21
1.3471152362204724
0
LINE
8
BLACK
6
CONTINUOUS
10
0.8335893700787401
20
1.3471152362204724
11
0.8312482677165354
21
1.3471152362204724
0
LINE
8
BLACK
6
CONTINUOUS
10
0.8312482677165354
20
1.3471152362204724
11
0.8290853937007874
21
1.3480111417322835
0
LINE
8
BLACK
6
CONTINUOUS
10
0.8290853937007874
20
1.3480111417322835
11
0.82743
21
1.3496665354330708
0
LINE
8
BLACK
6
CONTINUOUS
10
0.82743
20
1.3496665354330708
11
0.8265340944881889
21
1.3518294094488188
0
LINE
8
BLACK
6
CONTINUOUS
10
0.8265340944881889
20
1.3518294094488188
11
0.8265340944881889
21
1.3541705118110237
0
LINE
8
BLACK
6
CONTINUOUS
10
0.8265340944881889
20
1.3541705118110237
11
0.82743
21
1.3563333858267717
0
LINE
8
BLACK
6
CONTINUOUS
10
0.82743
20
1.3563333858267717
11
0.8281761811023622
21
1.3572425984251968
0
LINE
8
BLACK
6
CONTINUOUS
10
0.8281761811023622
20
1.3572425984251968
11
0.8300317716535432
21
1.359098188976378
0
LINE
8
BLACK
6
CONTINUOUS
10
0.8300317716535432
20
1.359098188976378
11
0.8321331102362205
21
1.3654021259842519
0
LINE
8
BLACK
6
CONTINUOUS
10
0.8321331102362205
20
1.3654021259842519
11
0.8321331102362205
21
1.3691692125984252
0
LINE
8
BLACK
6
CONTINUOUS
10
0.8321331102362205
20
1.3691692125984252
11
0.8300317716535432
21
1.3754731496062991
0
LINE
8
BLACK
6
CONTINUOUS
10
0.8300317716535432
20
1.3754731496062991
11
0.8260075590551181
21
1.3794973622047244
0
LINE
8
BLACK
6
CONTINUOUS
10
0.8260075590551181
20
1.3794973622047244
11
0.8217532677165355
21
1.3816245275590551
0
LINE
8
BLACK
6
CONTINUOUS
10
0.8217532677165355
20
1.3816245275590551
11
0.8116801181102362
21
1.3841428346456692
0
LINE
8
BLACK
6
CONTINUOUS
10
0.8116801181102362
20
1.3841428346456692
11
0.8045861023622047
21
1.3841428346456692
0
LINE
8
BLACK
6
CONTINUOUS
10
0.8045861023622047
20
1.3841428346456692
11
0.7945129133858267
21
1.3816245275590551
0
LINE
8
BLACK
6
CONTINUOUS
10
0.7945129133858267
20
1.3816245275590551
11
0.7902586220472441
21
1.3794973622047244
0
LINE
8
BLACK
6
CONTINUOUS
10
0.7902586220472441
20
1.3794973622047244
11
0.7862344488188976
21
1.3754731889763778
0
LINE
8
BLACK
6
CONTINUOUS
10
0.7862344488188976
20
1.3754731889763778
11
0.7841331102362205
21
1.3691691732283464
0
LINE
8
BLACK
6
CONTINUOUS
10
0.7841331102362205
20
1.3691691732283464
11
0.7841331102362205
21
1.3654021653543307
0
LINE
8
BLACK
6
CONTINUOUS
10
0.7841331102362205
20
1.3654021653543307
11
0.7862344488188976
21
1.3590981496062993
0
LINE
8
BLACK
6
CONTINUOUS
10
0.7862344488188976
20
1.3590981496062993
11
0.7880900393700787
21
1.3572425984251968
0
LINE
8
BLACK
6
CONTINUOUS
10
0.7880900393700787
20
1.3572425984251968
11
0.788836220472441
21
1.3563333858267717
0
LINE
8
BLACK
6
CONTINUOUS
10
0.788836220472441
20
1.3563333858267717
11
0.7897321259842519
21
1.3541705118110237
0
LINE
8
BLACK
6
CONTINUOUS
10
0.7897321259842519
20
1.3541705118110237
11
0.7897321259842519
21
1.3518294094488188
0
LINE
8
BLACK
6
CONTINUOUS
10
0.7897321259842519
20
1.3518294094488188
11
0.788836220472441
21
1.3496665354330708
0
LINE
8
BLACK
6
CONTINUOUS
10
0.788836220472441
20
1.3496665354330708
11
0.7871808267716536
21
1.3480111417322835
0
LINE
8
BLACK
6
CONTINUOUS
10
0.7871808267716536
20
1.3480111417322835
11
0.7850179527559055
21
1.3471152362204724
0
LINE
8
BLACK
6
CONTINUOUS
10
0.7850179527559055
20
1.3471152362204724
11
0.7826768503937007
21
1.3471152362204724
0
LINE
8
BLACK
6
CONTINUOUS
10
0.7826768503937007
20
1.3471152362204724
11
0.7805139763779527
21
1.3480111417322835
0
LINE
8
BLACK
6
CONTINUOUS
10
0.7805139763779527
20
1.3480111417322835
11
0.7796047637795276
21
1.3487573228346457
0
LINE
8
BLACK
6
CONTINUOUS
10
0.7796047637795276
20
1.3487573228346457
11
0.7767475984251968
21
1.3516144881889764
0
LINE
8
BLACK
6
CONTINUOUS
10
0.7767475984251968
20
1.3516144881889764
11
0.7760014173228347
21
1.3525237007874016
0
LINE
8
BLACK
6
CONTINUOUS
10
0.7760014173228347
20
1.3525237007874016
11
0.7759188976377953
21
1.3527228346456692
0
LINE
8
BLACK
6
CONTINUOUS
10
0.7759188976377953
20
1.3527228346456692
11
0.7757776771653543
21
1.3528857086614172
0
LINE
8
BLACK
6
CONTINUOUS
10
0.7757776771653543
20
1.3528857086614172
11
0.7752981496062992
21
1.3539597637795275
0
LINE
8
BLACK
6
CONTINUOUS
10
0.7752981496062992
20
1.3539597637795275
11
0.7724410236220473
21
1.3625311811023622
0
LINE
8
BLACK
6
CONTINUOUS
10
0.7724410236220473
20
1.3625311811023622
11
0.7723090157480315
21
1.3631115748031495
0
LINE
8
BLACK
6
CONTINUOUS
10
0.7723090157480315
20
1.3631115748031495
11
0.7722483858267717
21
1.3632579921259842
0
LINE
8
BLACK
6
CONTINUOUS
10
0.7722483858267717
20
1.3632579921259842
11
0.7722274803149606
21
1.3634701181102362
0
LINE
8
BLACK
6
CONTINUOUS
10
0.7722274803149606
20
1.3634701181102362
11
0.7721801968503936
21
1.3636781102362205
0
LINE
8
BLACK
6
CONTINUOUS
10
0.7721801968503936
20
1.3636781102362205
11
0.7721914173228346
21
1.3638362598425195
0
LINE
8
BLACK
6
CONTINUOUS
10
0.7721914173228346
20
1.3638362598425195
11
0.7721331102362204
21
1.3644285433070866
0
LINE
8
BLACK
6
CONTINUOUS
10
0.7721331102362204
20
1.3644285433070866
11
0.7721331102362204
21
1.3701428346456692
0
LINE
8
BLACK
6
CONTINUOUS
10
0.7721331102362204
20
1.3701428346456692
11
0.7721914173228346
21
1.3707350787401575
0
LINE
8
BLACK
6
CONTINUOUS
10
0.7721914173228346
20
1.3707350787401575
11
0.7721801968503936
21
1.3708932677165353
0
LINE
8
BLACK
6
CONTINUOUS
10
0.7721801968503936
20
1.3708932677165353
11
0.7722274803149606
21
1.3711012204724409
0
LINE
8
BLACK
6
CONTINUOUS
10
0.7722274803149606
20
1.3711012204724409
11
0.7722483858267717
21
1.3713133858267716
0
LINE
8
BLACK
6
CONTINUOUS
10
0.7722483858267717
20
1.3713133858267716
11
0.7723090157480315
21
1.3714597637795276
0
LINE
8
BLACK
6
CONTINUOUS
10
0.7723090157480315
20
1.3714597637795276
11
0.7724410236220473
21
1.3720401968503937
0
LINE
8
BLACK
6
CONTINUOUS
10
0.7724410236220473
20
1.3720401968503937
11
0.7752981496062992
21
1.3806116141732283
0
LINE
8
BLACK
6
CONTINUOUS
10
0.7752981496062992
20
1.3806116141732283
11
0.7757776771653543
21
1.3816856692913386
0
LINE
8
BLACK
6
CONTINUOUS
10
0.7757776771653543
20
1.3816856692913386
11
0.7759188976377953
21
1.3818485039370079
0
LINE
8
BLACK
6
CONTINUOUS
10
0.7759188976377953
20
1.3818485039370079
11
0.7760014173228347
21
1.3820476771653543
0
LINE
8
BLACK
6
CONTINUOUS
10
0.7760014173228347
20
1.3820476771653543
11
0.7767475984251968
21
1.3829568897637794
0
LINE
8
BLACK
6
CONTINUOUS
10
0.7767475984251968
20
1.3829568897637794
11
0.7824618897637795
21
1.3886711811023622
0
LINE
8
BLACK
6
CONTINUOUS
10
0.7824618897637795
20
1.3886711811023622
11
0.7829218503937008
21
1.3890486614173227
0
LINE
8
BLACK
6
CONTINUOUS
10
0.7829218503937008
20
1.3890486614173227
11
0.7830258267716536
21
1.3891685433070866
0
LINE
8
BLACK
6
CONTINUOUS
10
0.7830258267716536
20
1.3891685433070866
11
0.7832064566929133
21
1.3892822440944881
0
LINE
8
BLACK
6
CONTINUOUS
10
0.7832064566929133
20
1.3892822440944881
11
0.7833711023622048
21
1.3894173622047243
0
LINE
8
BLACK
6
CONTINUOUS
10
0.7833711023622048
20
1.3894173622047243
11
0.7835173622047243
21
1.3894779527559056
0
LINE
8
BLACK
6
CONTINUOUS
10
0.7835173622047243
20
1.3894779527559056
11
0.7840212598425197
21
1.3897951181102361
0
LINE
8
BLACK
6
CONTINUOUS
10
0.7840212598425197
20
1.3897951181102361
11
0.7897355511811024
21
1.3926522440944882
0
LINE
8
BLACK
6
CONTINUOUS
10
0.7897355511811024
20
1.3926522440944882
11
0.7898211023622047
21
1.3926849606299212
0
LINE
8
BLACK
6
CONTINUOUS
10
0.7898211023622047
20
1.3926849606299212
11
0.7898559448818897
21
1.3927107874015747
0
LINE
8
BLACK
6
CONTINUOUS
10
0.7898559448818897
20
1.3927107874015747
11
0.7903470472440944
21
1.3928862204724408
0
LINE
8
BLACK
6
CONTINUOUS
10
0.7903470472440944
20
1.3928862204724408
11
0.790834094488189
21
1.3930726377952756
0
LINE
8
BLACK
6
CONTINUOUS
10
0.790834094488189
20
1.3930726377952756
11
0.7908772834645669
21
1.3930756692913386
0
LINE
8
BLACK
6
CONTINUOUS
10
0.7908772834645669
20
1.3930756692913386
11
0.7909635826771654
21
1.3931065354330707
0
LINE
8
BLACK
6
CONTINUOUS
10
0.7909635826771654
20
1.3931065354330707
11
0.8023921653543307
21
1.3959637007874015
0
LINE
8
BLACK
6
CONTINUOUS
10
0.8023921653543307
20
1.3959637007874015
11
0.8025951181102362
21
1.3959937007874015
0
LINE
8
BLACK
6
CONTINUOUS
10
0.8025951181102362
20
1.3959937007874015
11
0.8026768503937007
21
1.3960275590551181
0
LINE
8
BLACK
6
CONTINUOUS
10
0.8026768503937007
20
1.3960275590551181
11
0.8031175984251968
21
1.3960709448818898
0
LINE
8
BLACK
6
CONTINUOUS
10
0.8031175984251968
20
1.3960709448818898
11
0.8035557480314961
21
1.396135748031496
0
LINE
8
BLACK
6
CONTINUOUS
10
0.8035557480314961
20
1.396135748031496
11
0.8036432283464566
21
1.3961227165354331
0
LINE
8
BLACK
6
CONTINUOUS
10
0.8036432283464566
20
1.3961227165354331
11
0.8038474015748032
21
1.3961428346456692
0
LINE
8
BLACK
6
CONTINUOUS
10
0.8038474015748032
20
1.3961428346456692
11
0.8124188188976378
21
1.3961428346456692
0
LINE
8
BLACK
6
CONTINUOUS
10
0.8124188188976378
20
1.3961428346456692
11
0.8126229527559055
21
1.3961227165354331
0
CIRCLE
8
BLACK
10
0.425
20
1.355
40
0.0068897637795276
0
CIRCLE
8
BLACK
10
0.525
20
1.355
40
0.0068897637795276
0
CIRCLE
8
BLACK
10
0.625
20
1.355
40
0.0068897637795276
0
CIRCLE
8
BLACK
10
0.725
20
1.355
40
0.0068897637795276
0
CIRCLE
8
BLACK
10
0.725
20
1.4550000000000001
40
0.0068897637795276
0
CIRCLE
8
BLACK
10
0.625
20
1.4550000000000001
40
0.0068897637795276
0
CIRCLE
8
BLACK
10
0.525
20
1.4550000000000001
40
0.0068897637795276
0
CIRCLE
8
BLACK
10
0.425
20
1.4550000000000001
40
0.0068897637795276
0
CIRCLE
8
BLACK
10
0.8774999999999999
20
0.2375
40
0.0068897637795276
0
CIRCLE
8
BLACK
10
0.8774999999999999
20
0.3375
40
0.0068897637795276
0
CIRCLE
8
BLACK
10
0.6775
20
0.2375
40
0.0068897637795276
0
CIRCLE
8
BLACK
10
0.6775
20
0.3375
40
0.0068897637795276
0
CIRCLE
8
BLACK
10
0.2
20
1.3999999999999999
40
0.0068897637795276
0
CIRCLE
8
BLACK
10
0.2
20
0.2
40
0.0068897637795276
0
CIRCLE
8
BLACK
10
1.3999999999999999
20
1.3999999999999999
40
0.0068897637795276
0
CIRCLE
8
BLACK
10
0.7775
20
0.2375
40
0.0068897637795276
0
CIRCLE
8
BLACK
10
0.7775
20
0.3375
40
0.0068897637795276
0
CIRCLE
8
BLACK
10
1.3999999999999999
20
0.2
40
0.0068897637795276
0
CIRCLE
8
BLACK
10
1.3868503937007874
20
1.165
40
0.0068897637795276
0
CIRCLE
8
BLACK
10
1.1899999999999999
20
1.165
40
0.0068897637795276
0
CIRCLE
8
BLACK
10
1.3868503937007874
20
0.9675
40
0.0068897637795276
0
CIRCLE
8
BLACK
10
1.1899999999999999
20
0.9675
40
0.0068897637795276
0
CIRCLE
8
BLACK
10
0.2106496062992126
20
0.905
40
0.0068897637795276
0
CIRCLE
8
BLACK
10
0.4075
20
0.905
40
0.0068897637795276
0
CIRCLE
8
BLACK
10
0.2106496062992126
20
1.1025
40
0.0068897637795276
0
CIRCLE
8
BLACK
10
0.4075
20
1.1025
40
0.0068897637795276
0
CIRCLE
8
BLACK
10
1.175
20
1.4746850393700788
40
0.0068897637795276
0
CIRCLE
8
BLACK
10
1.075
20
1.4746850393700788
40
0.0068897637795276
0
CIRCLE
8
BLACK
10
0.975
20
1.4746850393700788
40
0.0068897637795276
0
CIRCLE
8
BLACK
10
0.875
20
1.4746850393700788
40
0.0068897637795276
0
CIRCLE
8
BLACK
10
0.875
20
1.3746850393700787
40
0.0068897637795276
0
CIRCLE
8
BLACK
10
0.975
20
1.3746850393700787
40
0.0068897637795276
0
CIRCLE
8
BLACK
10
1.075
20
1.3746850393700787
40
0.0068897637795276
0
CIRCLE
8
BLACK
10
1.175
20
1.3746850393700787
40
0.0068897637795276
0
CIRCLE
8
BLACK
10
0.425
20
1.355
40
0.0068897637795276
0
CIRCLE
8
BLACK
10
0.525
20
1.355
40
0.0068897637795276
0
CIRCLE
8
BLACK
10
0.625
20
1.355
40
0.0068897637795276
0
CIRCLE
8
BLACK
10
0.725
20
1.355
40
0.0068897637795276
0
CIRCLE
8
BLACK
10
0.725
20
1.4550000000000001
40
0.0068897637795276
0
CIRCLE
8
BLACK
10
0.625
20
1.4550000000000001
40
0.0068897637795276
0
CIRCLE
8
BLACK
10
0.525
20
1.4550000000000001
40
0.0068897637795276
0
CIRCLE
8
BLACK
10
0.425
20
1.4550000000000001
40
0.0068897637795276
0
CIRCLE
8
BLACK
10
0.8774999999999999
20
0.2375
40
0.0068897637795276
0
CIRCLE
8
BLACK
10
0.8774999999999999
20
0.3375
40
0.0068897637795276
0
CIRCLE
8
BLACK
10
0.6775
20
0.2375
40
0.0068897637795276
0
CIRCLE
8
BLACK
10
0.6775
20
0.3375
40
0.0068897637795276
0
CIRCLE
8
BLACK
10
0.2
20
1.3999999999999999
40
0.0068897637795276
0
CIRCLE
8
BLACK
10
0.2
20
0.2
40
0.0068897637795276
0
CIRCLE
8
BLACK
10
1.3999999999999999
20
1.3999999999999999
40
0.0068897637795276
0
CIRCLE
8
BLACK
10
0.7775
20
0.2375
40
0.0068897637795276
0
CIRCLE
8
BLACK
10
0.7775
20
0.3375
40
0.0068897637795276
0
CIRCLE
8
BLACK
10
1.3999999999999999
20
0.2
40
0.0068897637795276
0
CIRCLE
8
BLACK
10
1.3868503937007874
20
1.165
40
0.0068897637795276
0
CIRCLE
8
BLACK
10
1.1899999999999999
20
1.165
40
0.0068897637795276
0
CIRCLE
8
BLACK
10
1.3868503937007874
20
0.9675
40
0.0068897637795276
0
CIRCLE
8
BLACK
10
1.1899999999999999
20
0.9675
40
0.0068897637795276
0
CIRCLE
8
BLACK
10
0.2106496062992126
20
0.905
40
0.0068897637795276
0
CIRCLE
8
BLACK
10
0.4075
20
0.905
40
0.0068897637795276
0
CIRCLE
8
BLACK
10
0.2106496062992126
20
1.1025
40
0.0068897637795276
0
CIRCLE
8
BLACK
10
0.4075
20
1.1025
40
0.0068897637795276
0
CIRCLE
8
BLACK
10
1.175
20
1.4746850393700788
40
0.0068897637795276
0
CIRCLE
8
BLACK
10
1.075
20
1.4746850393700788
40
0.0068897637795276
0
CIRCLE
8
BLACK
10
0.975
20
1.4746850393700788
40
0.0068897637795276
0
CIRCLE
8
BLACK
10
0.875
20
1.4746850393700788
40
0.0068897637795276
0
CIRCLE
8
BLACK
10
0.875
20
1.3746850393700787
40
0.0068897637795276
0
CIRCLE
8
BLACK
10
0.975
20
1.3746850393700787
40
0.0068897637795276
0
CIRCLE
8
BLACK
10
1.075
20
1.3746850393700787
40
0.0068897637795276
0
CIRCLE
8
BLACK
10
1.175
20
1.3746850393700787
40
0.0068897637795276
  0
ENDSEC
  0
EOF
