  0
SECTION
  2
HEADER
  9
$ANGBASE
  50
0.0
  9
$ANGDIR
  70
1
  9
$MEASUREMENT
  70
0
  0
ENDSEC
  0
SECTION
  2
TABLES
  0
TABLE
  2
LTYPE
  70
4
  0
LTYPE
  5
40F
  2
CONTINUOUS
  70
0
  3
Solid line
  72
65
  73
0
  40
0.0
  0
LTYPE
  5
410
  2
DASHDOT
 70
0
  3
Dash Dot ____ _ ____ _
 72
65
 73
4
 40
2.0
 49
1.25
 49
-0.25
 49
0.25
 49
-0.25
  0
LTYPE
  5
411
  2
DASHED
 70
0
  3
Dashed __ __ __ __ __
 72
65
 73
2
 40
0.75
 49
0.5
 49
-0.25
  0
LTYPE
  5
43B
  2
DOTTED
 70
0
  3
Dotted .  .  .  .
 72
65
 73
2
 40
0.2
 49
0.0
 49
-0.2
  0
ENDTAB
  0
TABLE
  2
STYLE
  70
4
  0
STYLE
  2
KICAD
  70
0
  40
0
  41
1
  42
1
  50
0
  71
0
  3
isocp.shx
  0
STYLE
  2
KICADB
  70
0
  40
0
  41
1
  42
1
  50
0
  71
0
  3
isocp.shx
  0
STYLE
  2
KICADI
  70
0
  40
0
  41
1
  42
1
  50
15
  71
0
  3
isocp.shx
  0
STYLE
  2
KICADBI
  70
0
  40
0
  41
1
  42
1
  50
15
  71
0
  3
isocp.shx
  0
ENDTAB
  0
TABLE
  2
LAYER
  70
1
  0
LAYER
  2
BLACK
  70
0
  62
7
  6
CONTINUOUS
  0
ENDTAB
  0
ENDSEC
  0
SECTION
  2
ENTITIES
0
LINE
8
BLACK
6
CONTINUOUS
10
1.7871206299212599
20
0.6319631496062992
11
1.7887499212598426
21
0.6303338582677165
0
LINE
8
BLACK
6
CONTINUOUS
10
1.7887499212598426
20
0.6303338582677165
11
1.7896317322834645
21
0.6282050393700788
0
LINE
8
BLACK
6
CONTINUOUS
10
1.7896317322834645
20
0.6282050393700788
11
1.7897451968503937
21
0.6270529133858268
0
LINE
8
BLACK
6
CONTINUOUS
10
1.7897451968503937
20
0.6270529133858268
11
1.7897451968503937
21
0.5933071259842519
0
LINE
8
BLACK
6
CONTINUOUS
10
1.7897451968503937
20
0.5933071259842519
11
1.7896317322834645
21
0.592155
0
LINE
8
BLACK
6
CONTINUOUS
10
1.7896317322834645
20
0.592155
11
1.7887499212598426
21
0.5900261811023622
0
LINE
8
BLACK
6
CONTINUOUS
10
1.7887499212598426
20
0.5900261811023622
11
1.7871206299212599
21
0.5883968897637795
0
LINE
8
BLACK
6
CONTINUOUS
10
1.7871206299212599
20
0.5883968897637795
11
1.784991811023622
21
0.5875150787401575
0
LINE
8
BLACK
6
CONTINUOUS
10
1.784991811023622
20
0.5875150787401575
11
1.7826875590551181
21
0.5875150787401575
0
LINE
8
BLACK
6
CONTINUOUS
10
1.7826875590551181
20
0.5875150787401575
11
1.7805587401574803
21
0.5883968897637795
0
LINE
8
BLACK
6
CONTINUOUS
10
1.7805587401574803
20
0.5883968897637795
11
1.7789294488188976
21
0.5900261811023622
0
LINE
8
BLACK
6
CONTINUOUS
10
1.7789294488188976
20
0.5900261811023622
11
1.7780476377952756
21
0.592155
0
LINE
8
BLACK
6
CONTINUOUS
10
1.7780476377952756
20
0.592155
11
1.7779341732283465
21
0.5933071259842519
0
LINE
8
BLACK
6
CONTINUOUS
10
1.7779341732283465
20
0.5933071259842519
11
1.7779341732283465
21
0.6042744881889763
0
LINE
8
BLACK
6
CONTINUOUS
10
1.7779341732283465
20
0.6042744881889763
11
1.7418538976377953
21
0.6042744881889763
0
LINE
8
BLACK
6
CONTINUOUS
10
1.7418538976377953
20
0.6042744881889763
11
1.7430211417322834
21
0.6031072440944881
0
LINE
8
BLACK
6
CONTINUOUS
10
1.7430211417322834
20
0.6031072440944881
11
1.7433927952755905
21
0.6026543700787401
0
LINE
8
BLACK
6
CONTINUOUS
10
1.7433927952755905
20
0.6026543700787401
11
1.7435106299212597
21
0.6025522047244094
0
LINE
8
BLACK
6
CONTINUOUS
10
1.7435106299212597
20
0.6025522047244094
11
1.7436223622047244
21
0.6023746456692913
0
LINE
8
BLACK
6
CONTINUOUS
10
1.7436223622047244
20
0.6023746456692913
11
1.743755590551181
21
0.6022123622047244
0
LINE
8
BLACK
6
CONTINUOUS
10
1.743755590551181
20
0.6022123622047244
11
1.7438152755905512
21
0.6020681496062992
0
LINE
8
BLACK
6
CONTINUOUS
10
1.7438152755905512
20
0.6020681496062992
11
1.7441273622047244
21
0.6015724409448818
0
LINE
8
BLACK
6
CONTINUOUS
10
1.7441273622047244
20
0.6015724409448818
11
1.7469395275590551
21
0.5959481889763779
0
LINE
8
BLACK
6
CONTINUOUS
10
1.7469395275590551
20
0.5959481889763779
11
1.7473532677165353
21
0.5948669291338583
0
LINE
8
BLACK
6
CONTINUOUS
10
1.7473532677165353
20
0.5948669291338583
11
1.7475166141732283
21
0.5925685039370079
0
LINE
8
BLACK
6
CONTINUOUS
10
1.7475166141732283
20
0.5925685039370079
11
1.7467879921259841
21
0.5903825984251968
0
LINE
8
BLACK
6
CONTINUOUS
10
1.7467879921259841
20
0.5903825984251968
11
1.7452782677165355
21
0.588641811023622
0
LINE
8
BLACK
6
CONTINUOUS
10
1.7452782677165355
20
0.588641811023622
11
1.7432172834645669
21
0.5876113385826771
0
LINE
8
BLACK
6
CONTINUOUS
10
1.7432172834645669
20
0.5876113385826771
11
1.7409188582677164
21
0.5874479921259842
0
LINE
8
BLACK
6
CONTINUOUS
10
1.7409188582677164
20
0.5874479921259842
11
1.7387329133858267
21
0.5881766535433071
0
LINE
8
BLACK
6
CONTINUOUS
10
1.7387329133858267
20
0.5881766535433071
11
1.7369921653543308
21
0.5896863385826772
0
LINE
8
BLACK
6
CONTINUOUS
10
1.7369921653543308
20
0.5896863385826772
11
1.7363754330708661
21
0.5906661023622047
0
LINE
8
BLACK
6
CONTINUOUS
10
1.7363754330708661
20
0.5906661023622047
11
1.7339918503937009
21
0.595433188976378
0
LINE
8
BLACK
6
CONTINUOUS
10
1.7339918503937009
20
0.595433188976378
11
1.7294587401574804
21
0.5999662992125984
0
LINE
8
BLACK
6
CONTINUOUS
10
1.7294587401574804
20
0.5999662992125984
11
1.721508779527559
21
0.6052662992125984
0
LINE
8
BLACK
6
CONTINUOUS
10
1.721508779527559
20
0.6052662992125984
11
1.7215054724409449
21
0.6052689763779527
0
LINE
8
BLACK
6
CONTINUOUS
10
1.7215054724409449
20
0.6052689763779527
11
1.7215036220472442
21
0.6052697637795276
0
LINE
8
BLACK
6
CONTINUOUS
10
1.7215036220472442
20
0.6052697637795276
11
1.721499409448819
21
0.605273937007874
0
LINE
8
BLACK
6
CONTINUOUS
10
1.721499409448819
20
0.605273937007874
11
1.7206131102362205
21
0.6059998031496063
0
LINE
8
BLACK
6
CONTINUOUS
10
1.7206131102362205
20
0.6059998031496063
11
1.7202877559055119
21
0.6064855905511811
0
LINE
8
BLACK
6
CONTINUOUS
10
1.7202877559055119
20
0.6064855905511811
11
1.7198743307086615
21
0.6068990551181103
0
LINE
8
BLACK
6
CONTINUOUS
10
1.7198743307086615
20
0.6068990551181103
11
1.719652874015748
21
0.6074335826771653
0
LINE
8
BLACK
6
CONTINUOUS
10
1.719652874015748
20
0.6074335826771653
11
1.7193309448818896
21
0.6079143700787402
0
LINE
8
BLACK
6
CONTINUOUS
10
1.7193309448818896
20
0.6079143700787402
11
1.7192162598425196
21
0.6084876771653543
0
LINE
8
BLACK
6
CONTINUOUS
10
1.7192162598425196
20
0.6084876771653543
11
1.7189925196850393
21
0.609027874015748
0
LINE
8
BLACK
6
CONTINUOUS
10
1.7189925196850393
20
0.609027874015748
11
1.7189925196850393
21
0.6096064566929134
0
LINE
8
BLACK
6
CONTINUOUS
10
1.7189925196850393
20
0.6096064566929134
11
1.7188790551181101
21
0.610173779527559
0
LINE
8
BLACK
6
CONTINUOUS
10
1.7188790551181101
20
0.610173779527559
11
1.7189925196850393
21
0.6107473228346456
0
LINE
8
BLACK
6
CONTINUOUS
10
1.7189925196850393
20
0.6107473228346456
11
1.7189925196850393
21
0.6113321259842519
0
LINE
8
BLACK
6
CONTINUOUS
10
1.7189925196850393
20
0.6113321259842519
11
1.7192139370078741
21
0.6118666929133858
0
LINE
8
BLACK
6
CONTINUOUS
10
1.7192139370078741
20
0.6118666929133858
11
1.7193262204724409
21
0.6124342125984252
0
LINE
8
BLACK
6
CONTINUOUS
10
1.7193262204724409
20
0.6124342125984252
11
1.7196505511811022
21
0.6129207086614173
0
LINE
8
BLACK
6
CONTINUOUS
10
1.7196505511811022
20
0.6129207086614173
11
1.7198743307086615
21
0.6134609448818897
0
LINE
8
BLACK
6
CONTINUOUS
10
1.7198743307086615
20
0.6134609448818897
11
1.7202834251968504
21
0.6138700393700788
0
LINE
8
BLACK
6
CONTINUOUS
10
1.7202834251968504
20
0.6138700393700788
11
1.7206043700787401
21
0.6143514566929134
0
LINE
8
BLACK
6
CONTINUOUS
10
1.7206043700787401
20
0.6143514566929134
11
1.721090157480315
21
0.6146767716535433
0
LINE
8
BLACK
6
CONTINUOUS
10
1.721090157480315
20
0.6146767716535433
11
1.7215036220472442
21
0.6150902362204724
0
LINE
8
BLACK
6
CONTINUOUS
10
1.7215036220472442
20
0.6150902362204724
11
1.7220381496062991
21
0.6153116535433071
0
LINE
8
BLACK
6
CONTINUOUS
10
1.7220381496062991
20
0.6153116535433071
11
1.722518937007874
21
0.615633622047244
0
LINE
8
BLACK
6
CONTINUOUS
10
1.722518937007874
20
0.615633622047244
11
1.7230922440944882
21
0.6157482677165355
0
LINE
8
BLACK
6
CONTINUOUS
10
1.7230922440944882
20
0.6157482677165355
11
1.7236324409448818
21
0.6159720472440945
0
LINE
8
BLACK
6
CONTINUOUS
10
1.7236324409448818
20
0.6159720472440945
11
1.7247722834645669
21
0.6160842913385827
0
LINE
8
BLACK
6
CONTINUOUS
10
1.7247722834645669
20
0.6160842913385827
11
1.7247783464566928
21
0.6160855118110236
0
LINE
8
BLACK
6
CONTINUOUS
10
1.7247783464566928
20
0.6160855118110236
11
1.7247803937007873
21
0.6160850787401575
0
LINE
8
BLACK
6
CONTINUOUS
10
1.7247803937007873
20
0.6160850787401575
11
1.7247845669291337
21
0.6160855118110236
0
LINE
8
BLACK
6
CONTINUOUS
10
1.7247845669291337
20
0.6160855118110236
11
1.7779341732283465
21
0.6160855118110236
0
LINE
8
BLACK
6
CONTINUOUS
10
1.7779341732283465
20
0.6160855118110236
11
1.7779341732283465
21
0.6270529133858268
0
LINE
8
BLACK
6
CONTINUOUS
10
1.7779341732283465
20
0.6270529133858268
11
1.7780476377952756
21
0.6282050393700788
0
LINE
8
BLACK
6
CONTINUOUS
10
1.7780476377952756
20
0.6282050393700788
11
1.7789294488188976
21
0.6303338582677165
0
LINE
8
BLACK
6
CONTINUOUS
10
1.7789294488188976
20
0.6303338582677165
11
1.7805587401574803
21
0.6319631496062992
0
LINE
8
BLACK
6
CONTINUOUS
10
1.7805587401574803
20
0.6319631496062992
11
1.7826875590551181
21
0.6328449606299212
0
LINE
8
BLACK
6
CONTINUOUS
10
1.7826875590551181
20
0.6328449606299212
11
1.784991811023622
21
0.6328449606299212
0
LINE
8
BLACK
6
CONTINUOUS
10
1.784991811023622
20
0.6328449606299212
11
1.7871206299212599
21
0.6319631496062992
0
LINE
8
BLACK
6
CONTINUOUS
10
1.7830614566929133
20
0.6606011417322835
11
1.7843084645669292
21
0.6600846456692914
0
LINE
8
BLACK
6
CONTINUOUS
10
1.7843084645669292
20
0.6600846456692914
11
1.7843085039370079
21
0.6600846062992126
0
LINE
8
BLACK
6
CONTINUOUS
10
1.7843085039370079
20
0.6600846062992126
11
1.7852034251968503
21
0.6593501574803149
0
LINE
8
BLACK
6
CONTINUOUS
10
1.7852034251968503
20
0.6593501574803149
11
1.7880155511811022
21
0.6565379921259842
0
LINE
8
BLACK
6
CONTINUOUS
10
1.7880155511811022
20
0.6565379921259842
11
1.7887499606299213
21
0.6556431102362205
0
LINE
8
BLACK
6
CONTINUOUS
10
1.7887499606299213
20
0.6556431102362205
11
1.7887499606299213
21
0.6556430708661417
0
LINE
8
BLACK
6
CONTINUOUS
10
1.7887499606299213
20
0.6556430708661417
11
1.7896317322834645
21
0.6535143307086614
0
LINE
8
BLACK
6
CONTINUOUS
10
1.7896317322834645
20
0.6535143307086614
11
1.7896317322834645
21
0.6512100787401575
0
LINE
8
BLACK
6
CONTINUOUS
10
1.7896317322834645
20
0.6512100787401575
11
1.789115157480315
21
0.6499630314960629
0
LINE
8
BLACK
6
CONTINUOUS
10
1.789115157480315
20
0.6499630314960629
11
1.7887499606299213
21
0.6490812598425196
0
LINE
8
BLACK
6
CONTINUOUS
10
1.7887499606299213
20
0.6490812598425196
11
1.7880155118110235
21
0.6481863779527559
0
LINE
8
BLACK
6
CONTINUOUS
10
1.7880155118110235
20
0.6481863779527559
11
1.7852033858267715
21
0.645374251968504
0
LINE
8
BLACK
6
CONTINUOUS
10
1.7852033858267715
20
0.645374251968504
11
1.7843084645669292
21
0.6446398031496063
0
LINE
8
BLACK
6
CONTINUOUS
10
1.7843084645669292
20
0.6446398031496063
11
1.7821796456692913
21
0.643758031496063
0
LINE
8
BLACK
6
CONTINUOUS
10
1.7821796456692913
20
0.643758031496063
11
1.7798755118110237
21
0.643758031496063
0
LINE
8
BLACK
6
CONTINUOUS
10
1.7798755118110237
20
0.643758031496063
11
1.7798754724409449
21
0.643758031496063
0
LINE
8
BLACK
6
CONTINUOUS
10
1.7798754724409449
20
0.643758031496063
11
1.7777466535433071
21
0.6446398031496063
0
LINE
8
BLACK
6
CONTINUOUS
10
1.7777466535433071
20
0.6446398031496063
11
1.7777466141732283
21
0.644639842519685
0
LINE
8
BLACK
6
CONTINUOUS
10
1.7777466141732283
20
0.644639842519685
11
1.7768517716535432
21
0.6453742125984252
0
LINE
8
BLACK
6
CONTINUOUS
10
1.7768517716535432
20
0.6453742125984252
11
1.7740396062992125
21
0.6481863385826772
0
LINE
8
BLACK
6
CONTINUOUS
10
1.7740396062992125
20
0.6481863385826772
11
1.7733051574803149
21
0.6490812598425196
0
LINE
8
BLACK
6
CONTINUOUS
10
1.7733051574803149
20
0.6490812598425196
11
1.7733051181102362
21
0.6490812992125984
0
LINE
8
BLACK
6
CONTINUOUS
10
1.7733051181102362
20
0.6490812992125984
11
1.7725109842519684
21
0.6509985433070866
0
LINE
8
BLACK
6
CONTINUOUS
10
1.7725109842519684
20
0.6509985433070866
11
1.772423346456693
21
0.6512100787401575
0
LINE
8
BLACK
6
CONTINUOUS
10
1.772423346456693
20
0.6512100787401575
11
1.772423346456693
21
0.6535142519685039
0
LINE
8
BLACK
6
CONTINUOUS
10
1.772423346456693
20
0.6535142519685039
11
1.772423346456693
21
0.6535142913385826
0
LINE
8
BLACK
6
CONTINUOUS
10
1.772423346456693
20
0.6535142913385826
11
1.772423346456693
21
0.6535143307086614
0
LINE
8
BLACK
6
CONTINUOUS
10
1.772423346456693
20
0.6535143307086614
11
1.7733051181102362
21
0.6556430708661417
0
LINE
8
BLACK
6
CONTINUOUS
10
1.7733051181102362
20
0.6556430708661417
11
1.7733051181102362
21
0.6556431102362205
0
LINE
8
BLACK
6
CONTINUOUS
10
1.7733051181102362
20
0.6556431102362205
11
1.7740395669291338
21
0.6565380314960629
0
LINE
8
BLACK
6
CONTINUOUS
10
1.7740395669291338
20
0.6565380314960629
11
1.7768517322834645
21
0.6593501968503936
0
LINE
8
BLACK
6
CONTINUOUS
10
1.7768517322834645
20
0.6593501968503936
11
1.7777466535433071
21
0.6600846456692914
0
LINE
8
BLACK
6
CONTINUOUS
10
1.7777466535433071
20
0.6600846456692914
11
1.7798754724409449
21
0.6609664173228347
0
LINE
8
BLACK
6
CONTINUOUS
10
1.7798754724409449
20
0.6609664173228347
11
1.7821796456692913
21
0.6609664173228347
0
LINE
8
BLACK
6
CONTINUOUS
10
1.7821796456692913
20
0.6609664173228347
11
1.7821796850393701
21
0.6609664173228347
0
LINE
8
BLACK
6
CONTINUOUS
10
1.7821796850393701
20
0.6609664173228347
11
1.7830614566929133
21
0.6606011417322835
0
LINE
8
BLACK
6
CONTINUOUS
10
1.7737432283464567
20
0.7172094094488188
11
1.7739392913385827
21
0.7171281496062992
0
LINE
8
BLACK
6
CONTINUOUS
10
1.7739392913385827
20
0.7171281496062992
11
1.774150905511811
21
0.7171131496062992
0
LINE
8
BLACK
6
CONTINUOUS
10
1.774150905511811
20
0.7171131496062992
11
1.7752321259842518
21
0.7166994094488189
0
LINE
8
BLACK
6
CONTINUOUS
10
1.7752321259842518
20
0.7166994094488189
11
1.7808564173228345
21
0.7138872440944882
0
LINE
8
BLACK
6
CONTINUOUS
10
1.7808564173228345
20
0.7138872440944882
11
1.781352283464567
21
0.7135750787401575
0
LINE
8
BLACK
6
CONTINUOUS
10
1.781352283464567
20
0.7135750787401575
11
1.7814962598425197
21
0.7135154724409448
0
LINE
8
BLACK
6
CONTINUOUS
10
1.7814962598425197
20
0.7135154724409448
11
1.7816583464566929
21
0.7133824015748031
0
LINE
8
BLACK
6
CONTINUOUS
10
1.7816583464566929
20
0.7133824015748031
11
1.7818361811023622
21
0.7132705118110236
0
LINE
8
BLACK
6
CONTINUOUS
10
1.7818361811023622
20
0.7132705118110236
11
1.7819384251968504
21
0.7131525984251968
0
LINE
8
BLACK
6
CONTINUOUS
10
1.7819384251968504
20
0.7131525984251968
11
1.7823911811023621
21
0.712781062992126
0
LINE
8
BLACK
6
CONTINUOUS
10
1.7823911811023621
20
0.712781062992126
11
1.7852033464566928
21
0.709968937007874
0
LINE
8
BLACK
6
CONTINUOUS
10
1.7852033464566928
20
0.709968937007874
11
1.7855749606299212
21
0.709516062992126
0
LINE
8
BLACK
6
CONTINUOUS
10
1.7855749606299212
20
0.709516062992126
11
1.7856929133858268
21
0.7094138188976378
0
LINE
8
BLACK
6
CONTINUOUS
10
1.7856929133858268
20
0.7094138188976378
11
1.7858047637795276
21
0.7092360629921259
0
LINE
8
BLACK
6
CONTINUOUS
10
1.7858047637795276
20
0.7092360629921259
11
1.7859377952755906
21
0.7090740157480315
0
LINE
8
BLACK
6
CONTINUOUS
10
1.7859377952755906
20
0.7090740157480315
11
1.7859974409448818
21
0.7089299606299212
0
LINE
8
BLACK
6
CONTINUOUS
10
1.7859974409448818
20
0.7089299606299212
11
1.7863096062992125
21
0.7084340551181102
0
LINE
8
BLACK
6
CONTINUOUS
10
1.7863096062992125
20
0.7084340551181102
11
1.7891217716535432
21
0.7028097244094488
0
LINE
8
BLACK
6
CONTINUOUS
10
1.7891217716535432
20
0.7028097244094488
11
1.7895355118110237
21
0.7017285039370078
0
LINE
8
BLACK
6
CONTINUOUS
10
1.7895355118110237
20
0.7017285039370078
11
1.7895505118110235
21
0.7015168503937008
0
LINE
8
BLACK
6
CONTINUOUS
10
1.7895505118110235
20
0.7015168503937008
11
1.7896317322834645
21
0.7013208661417323
0
LINE
8
BLACK
6
CONTINUOUS
10
1.7896317322834645
20
0.7013208661417323
11
1.7897451968503937
21
0.7001687401574803
0
LINE
8
BLACK
6
CONTINUOUS
10
1.7897451968503937
20
0.7001687401574803
11
1.7897451968503937
21
0.686108031496063
0
LINE
8
BLACK
6
CONTINUOUS
10
1.7897451968503937
20
0.686108031496063
11
1.7896317322834645
21
0.684955905511811
0
LINE
8
BLACK
6
CONTINUOUS
10
1.7896317322834645
20
0.684955905511811
11
1.7895505118110235
21
0.6847598818897638
0
LINE
8
BLACK
6
CONTINUOUS
10
1.7895505118110235
20
0.6847598818897638
11
1.7895355118110237
21
0.6845482677165354
0
LINE
8
BLACK
6
CONTINUOUS
10
1.7895355118110237
20
0.6845482677165354
11
1.7891217716535432
21
0.6834670472440945
0
LINE
8
BLACK
6
CONTINUOUS
10
1.7891217716535432
20
0.6834670472440945
11
1.7863096062992125
21
0.677842716535433
0
LINE
8
BLACK
6
CONTINUOUS
10
1.7863096062992125
20
0.677842716535433
11
1.7859974409448818
21
0.6773467716535433
0
LINE
8
BLACK
6
CONTINUOUS
10
1.7859974409448818
20
0.6773467716535433
11
1.7859377952755906
21
0.6772027559055118
0
LINE
8
BLACK
6
CONTINUOUS
10
1.7859377952755906
20
0.6772027559055118
11
1.7858047637795276
21
0.6770406692913385
0
LINE
8
BLACK
6
CONTINUOUS
10
1.7858047637795276
20
0.6770406692913385
11
1.7856929133858268
21
0.6768629527559055
0
LINE
8
BLACK
6
CONTINUOUS
10
1.7856929133858268
20
0.6768629527559055
11
1.7855749606299212
21
0.6767606692913386
0
LINE
8
BLACK
6
CONTINUOUS
10
1.7855749606299212
20
0.6767606692913386
11
1.7852033464566928
21
0.6763078346456692
0
LINE
8
BLACK
6
CONTINUOUS
10
1.7852033464566928
20
0.6763078346456692
11
1.7823911811023621
21
0.6734957086614173
0
LINE
8
BLACK
6
CONTINUOUS
10
1.7823911811023621
20
0.6734957086614173
11
1.7814962598425197
21
0.6727612992125984
0
LINE
8
BLACK
6
CONTINUOUS
10
1.7814962598425197
20
0.6727612992125984
11
1.7793674409448819
21
0.6718795275590551
0
LINE
8
BLACK
6
CONTINUOUS
10
1.7793674409448819
20
0.6718795275590551
11
1.7770632677165354
21
0.6718795275590551
0
LINE
8
BLACK
6
CONTINUOUS
10
1.7770632677165354
20
0.6718795275590551
11
1.7749344488188976
21
0.6727613385826772
0
LINE
8
BLACK
6
CONTINUOUS
10
1.7749344488188976
20
0.6727613385826772
11
1.7733051181102362
21
0.6743907086614173
0
LINE
8
BLACK
6
CONTINUOUS
10
1.7733051181102362
20
0.6743907086614173
11
1.772423346456693
21
0.6765195275590551
0
LINE
8
BLACK
6
CONTINUOUS
10
1.772423346456693
20
0.6765195275590551
11
1.772423346456693
21
0.6788237007874015
0
LINE
8
BLACK
6
CONTINUOUS
10
1.772423346456693
20
0.6788237007874015
11
1.7733051574803149
21
0.6809525196850393
0
LINE
8
BLACK
6
CONTINUOUS
10
1.7733051574803149
20
0.6809525196850393
11
1.7740396062992125
21
0.6818474409448819
0
LINE
8
BLACK
6
CONTINUOUS
10
1.7740396062992125
20
0.6818474409448819
11
1.776174094488189
21
0.6839819291338582
0
LINE
8
BLACK
6
CONTINUOUS
10
1.776174094488189
20
0.6839819291338582
11
1.7779341732283465
21
0.6875020866141732
0
LINE
8
BLACK
6
CONTINUOUS
10
1.7779341732283465
20
0.6875020866141732
11
1.7779341732283465
21
0.6987746456692914
0
LINE
8
BLACK
6
CONTINUOUS
10
1.7779341732283465
20
0.6987746456692914
11
1.776174094488189
21
0.7022948031496062
0
LINE
8
BLACK
6
CONTINUOUS
10
1.776174094488189
20
0.7022948031496062
11
1.7747172440944881
21
0.7037516929133858
0
LINE
8
BLACK
6
CONTINUOUS
10
1.7747172440944881
20
0.7037516929133858
11
1.7711970078740158
21
0.7055118503937008
0
LINE
8
BLACK
6
CONTINUOUS
10
1.7711970078740158
20
0.7055118503937008
11
1.7599244488188976
21
0.7055118503937008
0
LINE
8
BLACK
6
CONTINUOUS
10
1.7599244488188976
20
0.7055118503937008
11
1.7564042125984252
21
0.7037516929133858
0
LINE
8
BLACK
6
CONTINUOUS
10
1.7564042125984252
20
0.7037516929133858
11
1.7549473622047245
21
0.7022948818897637
0
LINE
8
BLACK
6
CONTINUOUS
10
1.7549473622047245
20
0.7022948818897637
11
1.753187283464567
21
0.69877468503937
0
LINE
8
BLACK
6
CONTINUOUS
10
1.753187283464567
20
0.69877468503937
11
1.753187283464567
21
0.6875020866141732
0
LINE
8
BLACK
6
CONTINUOUS
10
1.753187283464567
20
0.6875020866141732
11
1.7549473622047245
21
0.6839818503937007
0
LINE
8
BLACK
6
CONTINUOUS
10
1.7549473622047245
20
0.6839818503937007
11
1.7570818503937007
21
0.6818474409448819
0
LINE
8
BLACK
6
CONTINUOUS
10
1.7570818503937007
20
0.6818474409448819
11
1.7578162992125983
21
0.6809525196850393
0
LINE
8
BLACK
6
CONTINUOUS
10
1.7578162992125983
20
0.6809525196850393
11
1.7579300787401575
21
0.6806777559055118
0
LINE
8
BLACK
6
CONTINUOUS
10
1.7579300787401575
20
0.6806777559055118
11
1.7581183858267717
21
0.6804476377952756
0
LINE
8
BLACK
6
CONTINUOUS
10
1.7581183858267717
20
0.6804476377952756
11
1.758367716535433
21
0.6796211811023621
0
LINE
8
BLACK
6
CONTINUOUS
10
1.758367716535433
20
0.6796211811023621
11
1.7586980708661417
21
0.6788237007874015
0
LINE
8
BLACK
6
CONTINUOUS
10
1.7586980708661417
20
0.6788237007874015
11
1.7586980708661417
21
0.6785263385826772
0
LINE
8
BLACK
6
CONTINUOUS
10
1.7586980708661417
20
0.6785263385826772
11
1.7587839763779527
21
0.6782416535433071
0
LINE
8
BLACK
6
CONTINUOUS
10
1.7587839763779527
20
0.6782416535433071
11
1.7586980708661417
21
0.677382716535433
0
LINE
8
BLACK
6
CONTINUOUS
10
1.7586980708661417
20
0.677382716535433
11
1.7586981102362205
21
0.6765195275590551
0
LINE
8
BLACK
6
CONTINUOUS
10
1.7586981102362205
20
0.6765195275590551
11
1.7585842913385827
21
0.6762447637795276
0
LINE
8
BLACK
6
CONTINUOUS
10
1.7585842913385827
20
0.6762447637795276
11
1.7585547244094488
21
0.6759488582677166
0
LINE
8
BLACK
6
CONTINUOUS
10
1.7585547244094488
20
0.6759488582677166
11
1.758146653543307
21
0.6751882283464566
0
LINE
8
BLACK
6
CONTINUOUS
10
1.758146653543307
20
0.6751882283464566
11
1.7578163385826771
21
0.6743907086614173
0
LINE
8
BLACK
6
CONTINUOUS
10
1.7578163385826771
20
0.6743907086614173
11
1.7576059842519685
21
0.6741803543307087
0
LINE
8
BLACK
6
CONTINUOUS
10
1.7576059842519685
20
0.6741803543307087
11
1.7574654330708661
21
0.6739183464566929
0
LINE
8
BLACK
6
CONTINUOUS
10
1.7574654330708661
20
0.6739183464566929
11
1.7567974803149606
21
0.6733718503937007
0
LINE
8
BLACK
6
CONTINUOUS
10
1.7567974803149606
20
0.6733718503937007
11
1.7561870078740156
21
0.6727613385826772
0
LINE
8
BLACK
6
CONTINUOUS
10
1.7561870078740156
20
0.6727613385826772
11
1.7559122047244093
21
0.6726475196850393
0
LINE
8
BLACK
6
CONTINUOUS
10
1.7559122047244093
20
0.6726475196850393
11
1.7556821259842519
21
0.6724592519685039
0
LINE
8
BLACK
6
CONTINUOUS
10
1.7556821259842519
20
0.6724592519685039
11
1.7548555511811024
21
0.6722098425196851
0
LINE
8
BLACK
6
CONTINUOUS
10
1.7548555511811024
20
0.6722098425196851
11
1.754058188976378
21
0.6718795669291339
0
LINE
8
BLACK
6
CONTINUOUS
10
1.754058188976378
20
0.6718795669291339
11
1.7537609448818898
21
0.6718795275590551
0
LINE
8
BLACK
6
CONTINUOUS
10
1.7537609448818898
20
0.6718795275590551
11
1.7534761417322835
21
0.6717936220472441
0
LINE
8
BLACK
6
CONTINUOUS
10
1.7534761417322835
20
0.6717936220472441
11
1.7523184251968504
21
0.6717953543307087
0
LINE
8
BLACK
6
CONTINUOUS
10
1.7523184251968504
20
0.6717953543307087
11
1.7241969685039369
21
0.6746074803149607
0
LINE
8
BLACK
6
CONTINUOUS
10
1.7241969685039369
20
0.6746074803149607
11
1.7237770866141733
21
0.6746916535433071
0
LINE
8
BLACK
6
CONTINUOUS
10
1.7237770866141733
20
0.6746916535433071
11
1.7236324409448818
21
0.6746916535433071
0
LINE
8
BLACK
6
CONTINUOUS
10
1.7236324409448818
20
0.6746916535433071
11
1.7234967716535432
21
0.6747478346456692
0
LINE
8
BLACK
6
CONTINUOUS
10
1.7234967716535432
20
0.6747478346456692
11
1.7230618503937007
21
0.6748350393700787
0
LINE
8
BLACK
6
CONTINUOUS
10
1.7230618503937007
20
0.6748350393700787
11
1.7223011417322833
21
0.6752430708661418
0
LINE
8
BLACK
6
CONTINUOUS
10
1.7223011417322833
20
0.6752430708661418
11
1.7215036220472442
21
0.6755734645669291
0
LINE
8
BLACK
6
CONTINUOUS
10
1.7215036220472442
20
0.6755734645669291
11
1.7212933464566929
21
0.6757837007874016
0
LINE
8
BLACK
6
CONTINUOUS
10
1.7212933464566929
20
0.6757837007874016
11
1.7210313385826772
21
0.6759242913385827
0
LINE
8
BLACK
6
CONTINUOUS
10
1.7210313385826772
20
0.6759242913385827
11
1.7204847637795275
21
0.6765922834645669
0
LINE
8
BLACK
6
CONTINUOUS
10
1.7204847637795275
20
0.6765922834645669
11
1.7198743307086615
21
0.6772027559055118
0
LINE
8
BLACK
6
CONTINUOUS
10
1.7198743307086615
20
0.6772027559055118
11
1.7197604724409448
21
0.6774775196850393
0
LINE
8
BLACK
6
CONTINUOUS
10
1.7197604724409448
20
0.6774775196850393
11
1.7195722440944881
21
0.6777076377952755
0
LINE
8
BLACK
6
CONTINUOUS
10
1.7195722440944881
20
0.6777076377952755
11
1.719322874015748
21
0.678533937007874
0
LINE
8
BLACK
6
CONTINUOUS
10
1.719322874015748
20
0.678533937007874
11
1.7189925196850393
21
0.6793315748031495
0
LINE
8
BLACK
6
CONTINUOUS
10
1.7189925196850393
20
0.6793315748031495
11
1.7189490157480314
21
0.6797729527559055
0
LINE
8
BLACK
6
CONTINUOUS
10
1.7189490157480314
20
0.6797729527559055
11
1.7189066141732283
21
0.679913622047244
0
LINE
8
BLACK
6
CONTINUOUS
10
1.7189066141732283
20
0.679913622047244
11
1.7189209842519684
21
0.6800575984251969
0
LINE
8
BLACK
6
CONTINUOUS
10
1.7189209842519684
20
0.6800575984251969
11
1.7188790551181101
21
0.6804837007874016
0
LINE
8
BLACK
6
CONTINUOUS
10
1.7188790551181101
20
0.6804837007874016
11
1.7188790551181101
21
0.7086051968503937
0
LINE
8
BLACK
6
CONTINUOUS
10
1.7188790551181101
20
0.7086051968503937
11
1.7189925196850393
21
0.7097573228346457
0
LINE
8
BLACK
6
CONTINUOUS
10
1.7189925196850393
20
0.7097573228346457
11
1.7198743307086615
21
0.7118861417322835
0
LINE
8
BLACK
6
CONTINUOUS
10
1.7198743307086615
20
0.7118861417322835
11
1.7215036220472442
21
0.7135154330708662
0
LINE
8
BLACK
6
CONTINUOUS
10
1.7215036220472442
20
0.7135154330708662
11
1.7236324409448818
21
0.7143972440944881
0
LINE
8
BLACK
6
CONTINUOUS
10
1.7236324409448818
20
0.7143972440944881
11
1.7259366929133857
21
0.7143972440944881
0
LINE
8
BLACK
6
CONTINUOUS
10
1.7259366929133857
20
0.7143972440944881
11
1.7280655118110235
21
0.7135154330708662
0
LINE
8
BLACK
6
CONTINUOUS
10
1.7280655118110235
20
0.7135154330708662
11
1.7296948031496062
21
0.7118861417322835
0
LINE
8
BLACK
6
CONTINUOUS
10
1.7296948031496062
20
0.7118861417322835
11
1.7305766141732284
21
0.7097573228346457
0
LINE
8
BLACK
6
CONTINUOUS
10
1.7305766141732284
20
0.7097573228346457
11
1.7306900787401573
21
0.7086051968503937
0
LINE
8
BLACK
6
CONTINUOUS
10
1.7306900787401573
20
0.7086051968503937
11
1.7306900787401573
21
0.6858281102362205
0
LINE
8
BLACK
6
CONTINUOUS
10
1.7306900787401573
20
0.6858281102362205
11
1.7415723228346456
21
0.6847398818897638
0
LINE
8
BLACK
6
CONTINUOUS
10
1.7415723228346456
20
0.6847398818897638
11
1.7415709055118109
21
0.6847598818897638
0
LINE
8
BLACK
6
CONTINUOUS
10
1.7415709055118109
20
0.6847598818897638
11
1.7414897244094487
21
0.684955905511811
0
LINE
8
BLACK
6
CONTINUOUS
10
1.7414897244094487
20
0.684955905511811
11
1.7413762598425195
21
0.686108031496063
0
LINE
8
BLACK
6
CONTINUOUS
10
1.7413762598425195
20
0.686108031496063
11
1.7413762598425195
21
0.7001687401574803
0
LINE
8
BLACK
6
CONTINUOUS
10
1.7413762598425195
20
0.7001687401574803
11
1.7414897244094487
21
0.7013208661417323
0
LINE
8
BLACK
6
CONTINUOUS
10
1.7414897244094487
20
0.7013208661417323
11
1.7415709055118109
21
0.7015168503937008
0
LINE
8
BLACK
6
CONTINUOUS
10
1.7415709055118109
20
0.7015168503937008
11
1.7415859448818898
21
0.7017285039370078
0
LINE
8
BLACK
6
CONTINUOUS
10
1.7415859448818898
20
0.7017285039370078
11
1.7419997244094487
21
0.7028097244094488
0
LINE
8
BLACK
6
CONTINUOUS
10
1.7419997244094487
20
0.7028097244094488
11
1.7448118503937007
21
0.7084340944881889
0
LINE
8
BLACK
6
CONTINUOUS
10
1.7448118503937007
20
0.7084340944881889
11
1.7451239763779527
21
0.7089299212598426
0
LINE
8
BLACK
6
CONTINUOUS
10
1.7451239763779527
20
0.7089299212598426
11
1.7451836614173228
21
0.7090740157480315
0
LINE
8
BLACK
6
CONTINUOUS
10
1.7451836614173228
20
0.7090740157480315
11
1.7453167716535434
21
0.7092362204724409
0
LINE
8
BLACK
6
CONTINUOUS
10
1.7453167716535434
20
0.7092362204724409
11
1.7454285826771654
21
0.7094138188976378
0
LINE
8
BLACK
6
CONTINUOUS
10
1.7454285826771654
20
0.7094138188976378
11
1.745546338582677
21
0.7095159448818897
0
LINE
8
BLACK
6
CONTINUOUS
10
1.745546338582677
20
0.7095159448818897
11
1.7459181102362205
21
0.709968937007874
0
LINE
8
BLACK
6
CONTINUOUS
10
1.7459181102362205
20
0.709968937007874
11
1.7487302755905512
21
0.712781062992126
0
LINE
8
BLACK
6
CONTINUOUS
10
1.7487302755905512
20
0.712781062992126
11
1.749183031496063
21
0.7131526377952756
0
LINE
8
BLACK
6
CONTINUOUS
10
1.749183031496063
20
0.7131526377952756
11
1.7492852755905512
21
0.7132705118110236
0
LINE
8
BLACK
6
CONTINUOUS
10
1.7492852755905512
20
0.7132705118110236
11
1.7494629133858268
21
0.7133823228346456
0
LINE
8
BLACK
6
CONTINUOUS
10
1.7494629133858268
20
0.7133823228346456
11
1.749625157480315
21
0.7135154724409448
0
LINE
8
BLACK
6
CONTINUOUS
10
1.749625157480315
20
0.7135154724409448
11
1.7497692125984252
21
0.7135751181102362
0
LINE
8
BLACK
6
CONTINUOUS
10
1.7497692125984252
20
0.7135751181102362
11
1.7502650393700787
21
0.7138872440944882
0
LINE
8
BLACK
6
CONTINUOUS
10
1.7502650393700787
20
0.7138872440944882
11
1.7558892913385826
21
0.7166994094488189
0
LINE
8
BLACK
6
CONTINUOUS
10
1.7558892913385826
20
0.7166994094488189
11
1.7569705511811022
21
0.7171131496062992
0
LINE
8
BLACK
6
CONTINUOUS
10
1.7569705511811022
20
0.7171131496062992
11
1.7571821259842519
21
0.7171281496062992
0
LINE
8
BLACK
6
CONTINUOUS
10
1.7571821259842519
20
0.7171281496062992
11
1.7573782283464567
21
0.7172094094488188
0
LINE
8
BLACK
6
CONTINUOUS
10
1.7573782283464567
20
0.7172094094488188
11
1.7585303543307087
21
0.717322874015748
0
LINE
8
BLACK
6
CONTINUOUS
10
1.7585303543307087
20
0.717322874015748
11
1.7725911023622047
21
0.717322874015748
0
LINE
8
BLACK
6
CONTINUOUS
10
1.7725911023622047
20
0.717322874015748
11
1.7737432283464567
21
0.7172094094488188
0
LINE
8
BLACK
6
CONTINUOUS
10
1.739997440944882
20
0.7734523622047244
11
1.7401935039370078
21
0.7733711023622047
0
LINE
8
BLACK
6
CONTINUOUS
10
1.7401935039370078
20
0.7733711023622047
11
1.7404051181102362
21
0.7733561023622048
0
LINE
8
BLACK
6
CONTINUOUS
10
1.7404051181102362
20
0.7733561023622048
11
1.7414863385826771
21
0.7729423622047243
0
LINE
8
BLACK
6
CONTINUOUS
10
1.7414863385826771
20
0.7729423622047243
11
1.7471106299212598
21
0.7701301968503936
0
LINE
8
BLACK
6
CONTINUOUS
10
1.7471106299212598
20
0.7701301968503936
11
1.747606496062992
21
0.769818031496063
0
LINE
8
BLACK
6
CONTINUOUS
10
1.747606496062992
20
0.769818031496063
11
1.7477504724409449
21
0.7697584251968503
0
LINE
8
BLACK
6
CONTINUOUS
10
1.7477504724409449
20
0.7697584251968503
11
1.7479125590551181
21
0.7696253543307087
0
LINE
8
BLACK
6
CONTINUOUS
10
1.7479125590551181
20
0.7696253543307087
11
1.7480903937007874
21
0.7695134645669292
0
LINE
8
BLACK
6
CONTINUOUS
10
1.7480903937007874
20
0.7695134645669292
11
1.7481926377952755
21
0.7693955511811024
0
LINE
8
BLACK
6
CONTINUOUS
10
1.7481926377952755
20
0.7693955511811024
11
1.7486453937007873
21
0.7690240157480315
0
LINE
8
BLACK
6
CONTINUOUS
10
1.7486453937007873
20
0.7690240157480315
11
1.7500938976377953
21
0.7675755118110236
0
LINE
8
BLACK
6
CONTINUOUS
10
1.7500938976377953
20
0.7675755118110236
11
1.7515423622047244
21
0.7690239763779527
0
LINE
8
BLACK
6
CONTINUOUS
10
1.7515423622047244
20
0.7690239763779527
11
1.7519951968503937
21
0.7693956299212599
0
LINE
8
BLACK
6
CONTINUOUS
10
1.7519951968503937
20
0.7693956299212599
11
1.7520974015748032
21
0.7695134645669292
0
LINE
8
BLACK
6
CONTINUOUS
10
1.7520974015748032
20
0.7695134645669292
11
1.7522749212598425
21
0.7696251968503937
0
LINE
8
BLACK
6
CONTINUOUS
10
1.7522749212598425
20
0.7696251968503937
11
1.7524372440944882
21
0.7697584251968503
0
LINE
8
BLACK
6
CONTINUOUS
10
1.7524372440944882
20
0.7697584251968503
11
1.7525814173228347
21
0.7698181102362205
0
LINE
8
BLACK
6
CONTINUOUS
10
1.7525814173228347
20
0.7698181102362205
11
1.7530771653543307
21
0.7701301968503936
0
LINE
8
BLACK
6
CONTINUOUS
10
1.7530771653543307
20
0.7701301968503936
11
1.7587014960629921
21
0.7729423622047243
0
LINE
8
BLACK
6
CONTINUOUS
10
1.7587014960629921
20
0.7729423622047243
11
1.7597827165354329
21
0.7733561417322834
0
LINE
8
BLACK
6
CONTINUOUS
10
1.7597827165354329
20
0.7733561417322834
11
1.7599944094488189
21
0.7733711811023621
0
LINE
8
BLACK
6
CONTINUOUS
10
1.7599944094488189
20
0.7733711811023621
11
1.7601903937007874
21
0.7734523622047244
0
LINE
8
BLACK
6
CONTINUOUS
10
1.7601903937007874
20
0.7734523622047244
11
1.7613425196850394
21
0.7735658267716535
0
LINE
8
BLACK
6
CONTINUOUS
10
1.7613425196850394
20
0.7735658267716535
11
1.7725911023622047
21
0.7735658267716535
0
LINE
8
BLACK
6
CONTINUOUS
10
1.7725911023622047
20
0.7735658267716535
11
1.7737432283464567
21
0.7734523622047244
0
LINE
8
BLACK
6
CONTINUOUS
10
1.7737432283464567
20
0.7734523622047244
11
1.7739392913385827
21
0.7733711023622047
0
LINE
8
BLACK
6
CONTINUOUS
10
1.7739392913385827
20
0.7733711023622047
11
1.774150905511811
21
0.7733561023622048
0
LINE
8
BLACK
6
CONTINUOUS
10
1.774150905511811
20
0.7733561023622048
11
1.7752321259842518
21
0.7729423622047243
0
LINE
8
BLACK
6
CONTINUOUS
10
1.7752321259842518
20
0.7729423622047243
11
1.7808564173228345
21
0.7701301968503936
0
LINE
8
BLACK
6
CONTINUOUS
10
1.7808564173228345
20
0.7701301968503936
11
1.781352283464567
21
0.769818031496063
0
LINE
8
BLACK
6
CONTINUOUS
10
1.781352283464567
20
0.769818031496063
11
1.7814962598425197
21
0.7697584251968503
0
LINE
8
BLACK
6
CONTINUOUS
10
1.7814962598425197
20
0.7697584251968503
11
1.7816583464566929
21
0.7696253543307087
0
LINE
8
BLACK
6
CONTINUOUS
10
1.7816583464566929
20
0.7696253543307087
11
1.7818361811023622
21
0.7695134645669292
0
LINE
8
BLACK
6
CONTINUOUS
10
1.7818361811023622
20
0.7695134645669292
11
1.7819384251968504
21
0.7693955511811024
0
LINE
8
BLACK
6
CONTINUOUS
10
1.7819384251968504
20
0.7693955511811024
11
1.7823911811023621
21
0.7690240157480315
0
LINE
8
BLACK
6
CONTINUOUS
10
1.7823911811023621
20
0.7690240157480315
11
1.7852033464566928
21
0.7662118897637795
0
LINE
8
BLACK
6
CONTINUOUS
10
1.7852033464566928
20
0.7662118897637795
11
1.7855749606299212
21
0.7657590157480315
0
LINE
8
BLACK
6
CONTINUOUS
10
1.7855749606299212
20
0.7657590157480315
11
1.7856929133858268
21
0.7656567716535433
0
LINE
8
BLACK
6
CONTINUOUS
10
1.7856929133858268
20
0.7656567716535433
11
1.7858047637795276
21
0.7654790157480315
0
LINE
8
BLACK
6
CONTINUOUS
10
1.7858047637795276
20
0.7654790157480315
11
1.7859377952755906
21
0.765316968503937
0
LINE
8
BLACK
6
CONTINUOUS
10
1.7859377952755906
20
0.765316968503937
11
1.7859974409448818
21
0.7651729133858267
0
LINE
8
BLACK
6
CONTINUOUS
10
1.7859974409448818
20
0.7651729133858267
11
1.7863096062992125
21
0.7646770078740157
0
LINE
8
BLACK
6
CONTINUOUS
10
1.7863096062992125
20
0.7646770078740157
11
1.7891217716535432
21
0.7590526771653543
0
LINE
8
BLACK
6
CONTINUOUS
10
1.7891217716535432
20
0.7590526771653543
11
1.7895355118110237
21
0.7579714566929133
0
LINE
8
BLACK
6
CONTINUOUS
10
1.7895355118110237
20
0.7579714566929133
11
1.7895505118110235
21
0.7577598031496063
0
LINE
8
BLACK
6
CONTINUOUS
10
1.7895505118110235
20
0.7577598031496063
11
1.7896317322834645
21
0.7575638188976378
0
LINE
8
BLACK
6
CONTINUOUS
10
1.7896317322834645
20
0.7575638188976378
11
1.7897451968503937
21
0.7564116929133858
0
LINE
8
BLACK
6
CONTINUOUS
10
1.7897451968503937
20
0.7564116929133858
11
1.7897451968503937
21
0.7451631102362205
0
LINE
8
BLACK
6
CONTINUOUS
10
1.7897451968503937
20
0.7451631102362205
11
1.7896317322834645
21
0.7440109842519684
0
LINE
8
BLACK
6
CONTINUOUS
10
1.7896317322834645
20
0.7440109842519684
11
1.7895505118110235
21
0.7438149606299213
0
LINE
8
BLACK
6
CONTINUOUS
10
1.7895505118110235
20
0.7438149606299213
11
1.7895355118110237
21
0.7436033464566929
0
LINE
8
BLACK
6
CONTINUOUS
10
1.7895355118110237
20
0.7436033464566929
11
1.7891217322834645
21
0.7425221259842519
0
LINE
8
BLACK
6
CONTINUOUS
10
1.7891217322834645
20
0.7425221259842519
11
1.7863096062992125
21
0.7368977952755905
0
LINE
8
BLACK
6
CONTINUOUS
10
1.7863096062992125
20
0.7368977952755905
11
1.7859975196850393
21
0.7364020472440945
0
LINE
8
BLACK
6
CONTINUOUS
10
1.7859975196850393
20
0.7364020472440945
11
1.7859378346456694
21
0.7362579133858268
0
LINE
8
BLACK
6
CONTINUOUS
10
1.7859378346456694
20
0.7362579133858268
11
1.7858046062992126
21
0.7360955905511811
0
LINE
8
BLACK
6
CONTINUOUS
10
1.7858046062992126
20
0.7360955905511811
11
1.7856928740157481
21
0.7359180708661417
0
LINE
8
BLACK
6
CONTINUOUS
10
1.7856928740157481
20
0.7359180708661417
11
1.7855750787401574
21
0.735815905511811
0
LINE
8
BLACK
6
CONTINUOUS
10
1.7855750787401574
20
0.735815905511811
11
1.7852033858267715
21
0.7353629921259842
0
LINE
8
BLACK
6
CONTINUOUS
10
1.7852033858267715
20
0.7353629921259842
11
1.7823912204724408
21
0.7325508267716535
0
LINE
8
BLACK
6
CONTINUOUS
10
1.7823912204724408
20
0.7325508267716535
11
1.7819383858267717
21
0.7321791732283465
0
LINE
8
BLACK
6
CONTINUOUS
10
1.7819383858267717
20
0.7321791732283465
11
1.7818361811023622
21
0.7320613385826772
0
LINE
8
BLACK
6
CONTINUOUS
10
1.7818361811023622
20
0.7320613385826772
11
1.7816584645669291
21
0.7319494881889763
0
LINE
8
BLACK
6
CONTINUOUS
10
1.7816584645669291
20
0.7319494881889763
11
1.7814962992125984
21
0.7318163779527559
0
LINE
8
BLACK
6
CONTINUOUS
10
1.7814962992125984
20
0.7318163779527559
11
1.7813522047244095
21
0.7317566929133859
0
LINE
8
BLACK
6
CONTINUOUS
10
1.7813522047244095
20
0.7317566929133859
11
1.7808564173228345
21
0.7314446062992126
0
LINE
8
BLACK
6
CONTINUOUS
10
1.7808564173228345
20
0.7314446062992126
11
1.7752321259842518
21
0.7286324803149606
0
LINE
8
BLACK
6
CONTINUOUS
10
1.7752321259842518
20
0.7286324803149606
11
1.7741508661417322
21
0.7282187007874016
0
LINE
8
BLACK
6
CONTINUOUS
10
1.7741508661417322
20
0.7282187007874016
11
1.7739392125984252
21
0.7282036614173228
0
LINE
8
BLACK
6
CONTINUOUS
10
1.7739392125984252
20
0.7282036614173228
11
1.7737432283464567
21
0.7281224803149606
0
LINE
8
BLACK
6
CONTINUOUS
10
1.7737432283464567
20
0.7281224803149606
11
1.7725911023622047
21
0.7280090157480315
0
LINE
8
BLACK
6
CONTINUOUS
10
1.7725911023622047
20
0.7280090157480315
11
1.7613425196850394
21
0.7280090157480315
0
LINE
8
BLACK
6
CONTINUOUS
10
1.7613425196850394
20
0.7280090157480315
11
1.7601903937007874
21
0.7281224803149606
0
LINE
8
BLACK
6
CONTINUOUS
10
1.7601903937007874
20
0.7281224803149606
11
1.7599943700787402
21
0.7282036614173228
0
LINE
8
BLACK
6
CONTINUOUS
10
1.7599943700787402
20
0.7282036614173228
11
1.7597827559055117
21
0.7282187007874016
0
LINE
8
BLACK
6
CONTINUOUS
10
1.7597827559055117
20
0.7282187007874016
11
1.7587015354330708
21
0.7286324409448819
0
LINE
8
BLACK
6
CONTINUOUS
10
1.7587015354330708
20
0.7286324409448819
11
1.7530772047244094
21
0.7314446062992126
0
LINE
8
BLACK
6
CONTINUOUS
10
1.7530772047244094
20
0.7314446062992126
11
1.7525812598425197
21
0.7317567322834645
0
LINE
8
BLACK
6
CONTINUOUS
10
1.7525812598425197
20
0.7317567322834645
11
1.7524372440944882
21
0.7318164173228346
0
LINE
8
BLACK
6
CONTINUOUS
10
1.7524372440944882
20
0.7318164173228346
11
1.7522751574803148
21
0.7319494094488189
0
LINE
8
BLACK
6
CONTINUOUS
10
1.7522751574803148
20
0.7319494094488189
11
1.752097440944882
21
0.7320612992125984
0
LINE
8
BLACK
6
CONTINUOUS
10
1.752097440944882
20
0.7320612992125984
11
1.751995157480315
21
0.7321792125984252
0
LINE
8
BLACK
6
CONTINUOUS
10
1.751995157480315
20
0.7321792125984252
11
1.7515423228346456
21
0.7325508661417323
0
LINE
8
BLACK
6
CONTINUOUS
10
1.7515423228346456
20
0.7325508661417323
11
1.7500938976377953
21
0.7339992913385827
0
LINE
8
BLACK
6
CONTINUOUS
10
1.7500938976377953
20
0.7339992913385827
11
1.7486454330708661
21
0.7325508267716535
0
LINE
8
BLACK
6
CONTINUOUS
10
1.7486454330708661
20
0.7325508267716535
11
1.7481925984251969
21
0.7321791732283465
0
LINE
8
BLACK
6
CONTINUOUS
10
1.7481925984251969
20
0.7321791732283465
11
1.7480903937007874
21
0.7320613385826772
0
LINE
8
BLACK
6
CONTINUOUS
10
1.7480903937007874
20
0.7320613385826772
11
1.7479126771653544
21
0.7319494881889763
0
LINE
8
BLACK
6
CONTINUOUS
10
1.7479126771653544
20
0.7319494881889763
11
1.7477505118110235
21
0.7318163779527559
0
LINE
8
BLACK
6
CONTINUOUS
10
1.7477505118110235
20
0.7318163779527559
11
1.7476064173228345
21
0.7317566929133859
0
LINE
8
BLACK
6
CONTINUOUS
10
1.7476064173228345
20
0.7317566929133859
11
1.7471106299212598
21
0.7314446062992126
0
LINE
8
BLACK
6
CONTINUOUS
10
1.7471106299212598
20
0.7314446062992126
11
1.7414863385826771
21
0.7286324803149606
0
LINE
8
BLACK
6
CONTINUOUS
10
1.7414863385826771
20
0.7286324803149606
11
1.7404050787401575
21
0.7282187007874016
0
LINE
8
BLACK
6
CONTINUOUS
10
1.7404050787401575
20
0.7282187007874016
11
1.7401934251968503
21
0.7282036614173228
0
LINE
8
BLACK
6
CONTINUOUS
10
1.7401934251968503
20
0.7282036614173228
11
1.739997440944882
21
0.7281224803149606
0
LINE
8
BLACK
6
CONTINUOUS
10
1.739997440944882
20
0.7281224803149606
11
1.7388453149606298
21
0.7280090157480315
0
LINE
8
BLACK
6
CONTINUOUS
10
1.7388453149606298
20
0.7280090157480315
11
1.7360331496062991
21
0.7280090157480315
0
LINE
8
BLACK
6
CONTINUOUS
10
1.7360331496062991
20
0.7280090157480315
11
1.7348810236220471
21
0.7281224803149606
0
LINE
8
BLACK
6
CONTINUOUS
10
1.7348810236220471
20
0.7281224803149606
11
1.734685
21
0.7282036614173228
0
LINE
8
BLACK
6
CONTINUOUS
10
1.734685
20
0.7282036614173228
11
1.7344733858267716
21
0.7282187007874016
0
LINE
8
BLACK
6
CONTINUOUS
10
1.7344733858267716
20
0.7282187007874016
11
1.7333921653543307
21
0.7286324803149606
0
LINE
8
BLACK
6
CONTINUOUS
10
1.7333921653543307
20
0.7286324803149606
11
1.7277678346456693
21
0.7314446062992126
0
LINE
8
BLACK
6
CONTINUOUS
10
1.7277678346456693
20
0.7314446062992126
11
1.727271968503937
21
0.7317567322834645
0
LINE
8
BLACK
6
CONTINUOUS
10
1.727271968503937
20
0.7317567322834645
11
1.7271279133858268
21
0.7318164173228346
0
LINE
8
BLACK
6
CONTINUOUS
10
1.7271279133858268
20
0.7318164173228346
11
1.7269656692913384
21
0.7319495275590551
0
LINE
8
BLACK
6
CONTINUOUS
10
1.7269656692913384
20
0.7319495275590551
11
1.7267881102362204
21
0.7320613385826772
0
LINE
8
BLACK
6
CONTINUOUS
10
1.7267881102362204
20
0.7320613385826772
11
1.7266859448818896
21
0.732179094488189
0
LINE
8
BLACK
6
CONTINUOUS
10
1.7266859448818896
20
0.732179094488189
11
1.7262329921259842
21
0.7325508661417323
0
LINE
8
BLACK
6
CONTINUOUS
10
1.7262329921259842
20
0.7325508661417323
11
1.7234208661417323
21
0.735363031496063
0
LINE
8
BLACK
6
CONTINUOUS
10
1.7234208661417323
20
0.735363031496063
11
1.7230492913385826
21
0.7358157480314961
0
LINE
8
BLACK
6
CONTINUOUS
10
1.7230492913385826
20
0.7358157480314961
11
1.7229314173228345
21
0.7359180314960629
0
LINE
8
BLACK
6
CONTINUOUS
10
1.7229314173228345
20
0.7359180314960629
11
1.7228194881889762
21
0.7360958267716535
0
LINE
8
BLACK
6
CONTINUOUS
10
1.7228194881889762
20
0.7360958267716535
11
1.7226864566929134
21
0.7362579527559054
0
LINE
8
BLACK
6
CONTINUOUS
10
1.7226864566929134
20
0.7362579527559054
11
1.722626811023622
21
0.7364018897637795
0
LINE
8
BLACK
6
CONTINUOUS
10
1.722626811023622
20
0.7364018897637795
11
1.72231468503937
21
0.7368977952755905
0
LINE
8
BLACK
6
CONTINUOUS
10
1.72231468503937
20
0.7368977952755905
11
1.7195025196850393
21
0.7425220866141732
0
LINE
8
BLACK
6
CONTINUOUS
10
1.7195025196850393
20
0.7425220866141732
11
1.7190887795275591
21
0.7436033070866142
0
LINE
8
BLACK
6
CONTINUOUS
10
1.7190887795275591
20
0.7436033070866142
11
1.7190737401574803
21
0.7438148818897637
0
LINE
8
BLACK
6
CONTINUOUS
10
1.7190737401574803
20
0.7438148818897637
11
1.7189925196850393
21
0.7440109842519684
0
LINE
8
BLACK
6
CONTINUOUS
10
1.7189925196850393
20
0.7440109842519684
11
1.7188790551181101
21
0.7451631102362205
0
LINE
8
BLACK
6
CONTINUOUS
10
1.7188790551181101
20
0.7451631102362205
11
1.7188790551181101
21
0.7564116929133858
0
LINE
8
BLACK
6
CONTINUOUS
10
1.7188790551181101
20
0.7564116929133858
11
1.7189925196850393
21
0.7575638188976378
0
LINE
8
BLACK
6
CONTINUOUS
10
1.7189925196850393
20
0.7575638188976378
11
1.7190736614173228
21
0.7577597637795276
0
LINE
8
BLACK
6
CONTINUOUS
10
1.7190736614173228
20
0.7577597637795276
11
1.7190887401574804
21
0.7579714960629921
0
LINE
8
BLACK
6
CONTINUOUS
10
1.7190887401574804
20
0.7579714960629921
11
1.7195025196850393
21
0.759052716535433
0
LINE
8
BLACK
6
CONTINUOUS
10
1.7195025196850393
20
0.759052716535433
11
1.72231468503937
21
0.7646770472440945
0
LINE
8
BLACK
6
CONTINUOUS
10
1.72231468503937
20
0.7646770472440945
11
1.7226267716535433
21
0.7651728346456693
0
LINE
8
BLACK
6
CONTINUOUS
10
1.7226267716535433
20
0.7651728346456693
11
1.7226864566929134
21
0.7653169291338583
0
LINE
8
BLACK
6
CONTINUOUS
10
1.7226864566929134
20
0.7653169291338583
11
1.7228195669291337
21
0.765479094488189
0
LINE
8
BLACK
6
CONTINUOUS
10
1.7228195669291337
20
0.765479094488189
11
1.7229314173228345
21
0.765656811023622
0
LINE
8
BLACK
6
CONTINUOUS
10
1.7229314173228345
20
0.765656811023622
11
1.7230492519685039
21
0.7657590157480315
0
LINE
8
BLACK
6
CONTINUOUS
10
1.7230492519685039
20
0.7657590157480315
11
1.723420905511811
21
0.7662118503937008
0
LINE
8
BLACK
6
CONTINUOUS
10
1.723420905511811
20
0.7662118503937008
11
1.726233031496063
21
0.7690239763779527
0
LINE
8
BLACK
6
CONTINUOUS
10
1.726233031496063
20
0.7690239763779527
11
1.7266858661417321
21
0.7693956299212599
0
LINE
8
BLACK
6
CONTINUOUS
10
1.7266858661417321
20
0.7693956299212599
11
1.7267880708661416
21
0.7695134645669292
0
LINE
8
BLACK
6
CONTINUOUS
10
1.7267880708661416
20
0.7695134645669292
11
1.7269655905511812
21
0.7696251968503937
0
LINE
8
BLACK
6
CONTINUOUS
10
1.7269655905511812
20
0.7696251968503937
11
1.7271279133858268
21
0.7697584251968503
0
LINE
8
BLACK
6
CONTINUOUS
10
1.7271279133858268
20
0.7697584251968503
11
1.7272720866141731
21
0.7698181102362205
0
LINE
8
BLACK
6
CONTINUOUS
10
1.7272720866141731
20
0.7698181102362205
11
1.7277678346456693
21
0.7701301968503936
0
LINE
8
BLACK
6
CONTINUOUS
10
1.7277678346456693
20
0.7701301968503936
11
1.7333920866141732
21
0.7729423622047243
0
LINE
8
BLACK
6
CONTINUOUS
10
1.7333920866141732
20
0.7729423622047243
11
1.7344733464566928
21
0.7733561023622048
0
LINE
8
BLACK
6
CONTINUOUS
10
1.7344733464566928
20
0.7733561023622048
11
1.7346849212598425
21
0.7733711023622047
0
LINE
8
BLACK
6
CONTINUOUS
10
1.7346849212598425
20
0.7733711023622047
11
1.7348810236220471
21
0.7734523622047244
0
LINE
8
BLACK
6
CONTINUOUS
10
1.7348810236220471
20
0.7734523622047244
11
1.7360331496062991
21
0.7735658267716535
0
LINE
8
BLACK
6
CONTINUOUS
10
1.7360331496062991
20
0.7735658267716535
11
1.7388453149606298
21
0.7735658267716535
0
LINE
8
BLACK
6
CONTINUOUS
10
1.7388453149606298
20
0.7735658267716535
11
1.739997440944882
21
0.7734523622047244
0
LINE
8
BLACK
6
CONTINUOUS
10
1.7339070472440945
20
0.7599946850393701
11
1.7324501968503936
21
0.7585378346456693
0
LINE
8
BLACK
6
CONTINUOUS
10
1.7324501968503936
20
0.7585378346456693
11
1.7306900787401573
21
0.7550175984251968
0
LINE
8
BLACK
6
CONTINUOUS
10
1.7306900787401573
20
0.7550175984251968
11
1.7306900787401573
21
0.7465572047244095
0
LINE
8
BLACK
6
CONTINUOUS
10
1.7306900787401573
20
0.7465572047244095
11
1.7324501968503936
21
0.7430369291338582
0
LINE
8
BLACK
6
CONTINUOUS
10
1.7324501968503936
20
0.7430369291338582
11
1.7339070472440945
21
0.7415800787401574
0
LINE
8
BLACK
6
CONTINUOUS
10
1.7339070472440945
20
0.7415800787401574
11
1.7374272440944882
21
0.7398200393700787
0
LINE
8
BLACK
6
CONTINUOUS
10
1.7374272440944882
20
0.7398200393700787
11
1.7374512204724408
21
0.7398200393700787
0
LINE
8
BLACK
6
CONTINUOUS
10
1.7374512204724408
20
0.7398200393700787
11
1.7409713779527558
21
0.7415800787401574
0
LINE
8
BLACK
6
CONTINUOUS
10
1.7409713779527558
20
0.7415800787401574
11
1.7424282677165355
21
0.743036968503937
0
LINE
8
BLACK
6
CONTINUOUS
10
1.7424282677165355
20
0.743036968503937
11
1.7441883858267717
21
0.7465571653543307
0
LINE
8
BLACK
6
CONTINUOUS
10
1.7441883858267717
20
0.7465571653543307
11
1.7441883858267717
21
0.7550175984251968
0
LINE
8
BLACK
6
CONTINUOUS
10
1.7441883858267717
20
0.7550175984251968
11
1.7424283070866142
21
0.7585377559055118
0
LINE
8
BLACK
6
CONTINUOUS
10
1.7424283070866142
20
0.7585377559055118
11
1.7409714566929133
21
0.7599946456692913
0
LINE
8
BLACK
6
CONTINUOUS
10
1.7409714566929133
20
0.7599946456692913
11
1.7374512204724408
21
0.7617548031496063
0
LINE
8
BLACK
6
CONTINUOUS
10
1.7374512204724408
20
0.7617548031496063
11
1.7374272440944882
21
0.7617548031496063
0
LINE
8
BLACK
6
CONTINUOUS
10
1.7374272440944882
20
0.7617548031496063
11
1.7339070472440945
21
0.7599946850393701
0
LINE
8
BLACK
6
CONTINUOUS
10
1.7592163779527559
20
0.7599946850393701
11
1.7577595275590552
21
0.7585378346456693
0
LINE
8
BLACK
6
CONTINUOUS
10
1.7577595275590552
20
0.7585378346456693
11
1.7559994094488189
21
0.7550175984251968
0
LINE
8
BLACK
6
CONTINUOUS
10
1.7559994094488189
20
0.7550175984251968
11
1.7559994094488189
21
0.7465572047244095
0
LINE
8
BLACK
6
CONTINUOUS
10
1.7559994094488189
20
0.7465572047244095
11
1.7577595275590552
21
0.7430369291338582
0
LINE
8
BLACK
6
CONTINUOUS
10
1.7577595275590552
20
0.7430369291338582
11
1.7592164173228346
21
0.7415800787401574
0
LINE
8
BLACK
6
CONTINUOUS
10
1.7592164173228346
20
0.7415800787401574
11
1.7627365748031496
21
0.7398200393700787
0
LINE
8
BLACK
6
CONTINUOUS
10
1.7627365748031496
20
0.7398200393700787
11
1.7711970078740158
21
0.7398200393700787
0
LINE
8
BLACK
6
CONTINUOUS
10
1.7711970078740158
20
0.7398200393700787
11
1.7747171653543308
21
0.7415800787401574
0
LINE
8
BLACK
6
CONTINUOUS
10
1.7747171653543308
20
0.7415800787401574
11
1.7761740551181102
21
0.743036968503937
0
LINE
8
BLACK
6
CONTINUOUS
10
1.7761740551181102
20
0.743036968503937
11
1.7779341732283465
21
0.7465571653543307
0
LINE
8
BLACK
6
CONTINUOUS
10
1.7779341732283465
20
0.7465571653543307
11
1.7779341732283465
21
0.7550175984251968
0
LINE
8
BLACK
6
CONTINUOUS
10
1.7779341732283465
20
0.7550175984251968
11
1.776174094488189
21
0.7585377559055118
0
LINE
8
BLACK
6
CONTINUOUS
10
1.776174094488189
20
0.7585377559055118
11
1.7747172440944881
21
0.7599946456692913
0
LINE
8
BLACK
6
CONTINUOUS
10
1.7747172440944881
20
0.7599946456692913
11
1.7711970078740158
21
0.7617548031496063
0
LINE
8
BLACK
6
CONTINUOUS
10
1.7711970078740158
20
0.7617548031496063
11
1.7627366141732284
21
0.7617548031496063
0
LINE
8
BLACK
6
CONTINUOUS
10
1.7627366141732284
20
0.7617548031496063
11
1.7592163779527559
21
0.7599946850393701
0
LINE
8
BLACK
6
CONTINUOUS
10
1.7615434251968503
20
0.8297889763779528
11
1.7616295669291338
21
0.829801811023622
0
LINE
8
BLACK
6
CONTINUOUS
10
1.7616295669291338
20
0.829801811023622
11
1.7620607086614173
21
0.829738031496063
0
LINE
8
BLACK
6
CONTINUOUS
10
1.7620607086614173
20
0.829738031496063
11
1.7624946456692914
21
0.8296953149606299
0
LINE
8
BLACK
6
CONTINUOUS
10
1.7624946456692914
20
0.8296953149606299
11
1.7625751181102363
21
0.829661968503937
0
LINE
8
BLACK
6
CONTINUOUS
10
1.7625751181102363
20
0.829661968503937
11
1.762774842519685
21
0.8296324409448819
0
LINE
8
BLACK
6
CONTINUOUS
10
1.762774842519685
20
0.8296324409448819
11
1.7740233858267715
21
0.8268202755905512
0
LINE
8
BLACK
6
CONTINUOUS
10
1.7740233858267715
20
0.8268202755905512
11
1.7741082283464567
21
0.8267899212598425
0
LINE
8
BLACK
6
CONTINUOUS
10
1.7741082283464567
20
0.8267899212598425
11
1.7741508661417322
21
0.8267869291338582
0
LINE
8
BLACK
6
CONTINUOUS
10
1.7741508661417322
20
0.8267869291338582
11
1.7746307086614173
21
0.8266032677165354
0
LINE
8
BLACK
6
CONTINUOUS
10
1.7746307086614173
20
0.8266032677165354
11
1.7751135826771653
21
0.8264307874015748
0
LINE
8
BLACK
6
CONTINUOUS
10
1.7751135826771653
20
0.8264307874015748
11
1.7751478346456693
21
0.8264053937007874
0
LINE
8
BLACK
6
CONTINUOUS
10
1.7751478346456693
20
0.8264053937007874
11
1.7752321259842518
21
0.8263731496062992
0
LINE
8
BLACK
6
CONTINUOUS
10
1.7752321259842518
20
0.8263731496062992
11
1.7808564173228345
21
0.8235610236220472
0
LINE
8
BLACK
6
CONTINUOUS
10
1.7808564173228345
20
0.8235610236220472
11
1.7813522047244095
21
0.8232488976377953
0
LINE
8
BLACK
6
CONTINUOUS
10
1.7813522047244095
20
0.8232488976377953
11
1.7814962992125984
21
0.8231892519685039
0
LINE
8
BLACK
6
CONTINUOUS
10
1.7814962992125984
20
0.8231892519685039
11
1.7816584645669291
21
0.8230561023622047
0
LINE
8
BLACK
6
CONTINUOUS
10
1.7816584645669291
20
0.8230561023622047
11
1.7818361811023622
21
0.8229442913385827
0
LINE
8
BLACK
6
CONTINUOUS
10
1.7818361811023622
20
0.8229442913385827
11
1.7819383858267717
21
0.8228264173228347
0
LINE
8
BLACK
6
CONTINUOUS
10
1.7819383858267717
20
0.8228264173228347
11
1.7823912204724408
21
0.8224548031496063
0
LINE
8
BLACK
6
CONTINUOUS
10
1.7823912204724408
20
0.8224548031496063
11
1.7852033858267715
21
0.8196426377952756
0
LINE
8
BLACK
6
CONTINUOUS
10
1.7852033858267715
20
0.8196426377952756
11
1.7855750787401574
21
0.8191896850393701
0
LINE
8
BLACK
6
CONTINUOUS
10
1.7855750787401574
20
0.8191896850393701
11
1.7856928740157481
21
0.8190875590551181
0
LINE
8
BLACK
6
CONTINUOUS
10
1.7856928740157481
20
0.8190875590551181
11
1.7858046062992126
21
0.81891
0
LINE
8
BLACK
6
CONTINUOUS
10
1.7858046062992126
20
0.81891
11
1.7859378346456694
21
0.8187477165354331
0
LINE
8
BLACK
6
CONTINUOUS
10
1.7859378346456694
20
0.8187477165354331
11
1.7859975196850393
21
0.8186035433070866
0
LINE
8
BLACK
6
CONTINUOUS
10
1.7859975196850393
20
0.8186035433070866
11
1.7863096062992125
21
0.8181078346456693
0
LINE
8
BLACK
6
CONTINUOUS
10
1.7863096062992125
20
0.8181078346456693
11
1.7891217322834645
21
0.8124835039370079
0
LINE
8
BLACK
6
CONTINUOUS
10
1.7891217322834645
20
0.8124835039370079
11
1.7895355118110237
21
0.8114022834645669
0
LINE
8
BLACK
6
CONTINUOUS
10
1.7895355118110237
20
0.8114022834645669
11
1.7895505118110235
21
0.8111906299212598
0
LINE
8
BLACK
6
CONTINUOUS
10
1.7895505118110235
20
0.8111906299212598
11
1.7896317322834645
21
0.8109946456692914
0
LINE
8
BLACK
6
CONTINUOUS
10
1.7896317322834645
20
0.8109946456692914
11
1.7897451968503937
21
0.8098425196850394
0
LINE
8
BLACK
6
CONTINUOUS
10
1.7897451968503937
20
0.8098425196850394
11
1.7897451968503937
21
0.8042182283464566
0
LINE
8
BLACK
6
CONTINUOUS
10
1.7897451968503937
20
0.8042182283464566
11
1.7896317322834645
21
0.8030661023622047
0
LINE
8
BLACK
6
CONTINUOUS
10
1.7896317322834645
20
0.8030661023622047
11
1.7895505118110235
21
0.8028700787401575
0
LINE
8
BLACK
6
CONTINUOUS
10
1.7895505118110235
20
0.8028700787401575
11
1.7895355118110237
21
0.8026584645669291
0
LINE
8
BLACK
6
CONTINUOUS
10
1.7895355118110237
20
0.8026584645669291
11
1.7891217322834645
21
0.8015772440944882
0
LINE
8
BLACK
6
CONTINUOUS
10
1.7891217322834645
20
0.8015772440944882
11
1.7863096062992125
21
0.7959529133858267
0
LINE
8
BLACK
6
CONTINUOUS
10
1.7863096062992125
20
0.7959529133858267
11
1.7859975196850393
21
0.7954571653543306
0
LINE
8
BLACK
6
CONTINUOUS
10
1.7859975196850393
20
0.7954571653543306
11
1.7859378346456694
21
0.795313031496063
0
LINE
8
BLACK
6
CONTINUOUS
10
1.7859378346456694
20
0.795313031496063
11
1.7858046062992126
21
0.7951507086614173
0
LINE
8
BLACK
6
CONTINUOUS
10
1.7858046062992126
20
0.7951507086614173
11
1.7856928740157481
21
0.7949731889763779
0
LINE
8
BLACK
6
CONTINUOUS
10
1.7856928740157481
20
0.7949731889763779
11
1.7855750787401574
21
0.7948710236220472
0
LINE
8
BLACK
6
CONTINUOUS
10
1.7855750787401574
20
0.7948710236220472
11
1.7852033858267715
21
0.7944181102362204
0
LINE
8
BLACK
6
CONTINUOUS
10
1.7852033858267715
20
0.7944181102362204
11
1.7823912204724408
21
0.7916059448818897
0
LINE
8
BLACK
6
CONTINUOUS
10
1.7823912204724408
20
0.7916059448818897
11
1.7819383858267717
21
0.7912342913385827
0
LINE
8
BLACK
6
CONTINUOUS
10
1.7819383858267717
20
0.7912342913385827
11
1.7818361811023622
21
0.7911164566929134
0
LINE
8
BLACK
6
CONTINUOUS
10
1.7818361811023622
20
0.7911164566929134
11
1.7816584645669291
21
0.7910046062992125
0
LINE
8
BLACK
6
CONTINUOUS
10
1.7816584645669291
20
0.7910046062992125
11
1.7814962992125984
21
0.7908714960629921
0
LINE
8
BLACK
6
CONTINUOUS
10
1.7814962992125984
20
0.7908714960629921
11
1.7813522047244095
21
0.7908118110236221
0
LINE
8
BLACK
6
CONTINUOUS
10
1.7813522047244095
20
0.7908118110236221
11
1.7808564173228345
21
0.7904997244094488
0
LINE
8
BLACK
6
CONTINUOUS
10
1.7808564173228345
20
0.7904997244094488
11
1.7752321259842518
21
0.7876875590551181
0
LINE
8
BLACK
6
CONTINUOUS
10
1.7752321259842518
20
0.7876875590551181
11
1.7751478346456693
21
0.7876552755905512
0
LINE
8
BLACK
6
CONTINUOUS
10
1.7751478346456693
20
0.7876552755905512
11
1.7751135826771653
21
0.7876299212598425
0
LINE
8
BLACK
6
CONTINUOUS
10
1.7751135826771653
20
0.7876299212598425
11
1.7746301968503937
21
0.7874572047244094
0
LINE
8
BLACK
6
CONTINUOUS
10
1.7746301968503937
20
0.7874572047244094
11
1.774150905511811
21
0.7872738188976378
0
LINE
8
BLACK
6
CONTINUOUS
10
1.774150905511811
20
0.7872738188976378
11
1.7741083464566929
21
0.7872707874015747
0
LINE
8
BLACK
6
CONTINUOUS
10
1.7741083464566929
20
0.7872707874015747
11
1.7740233858267715
21
0.7872404330708661
0
LINE
8
BLACK
6
CONTINUOUS
10
1.7740233858267715
20
0.7872404330708661
11
1.7627748031496062
21
0.7844283070866142
0
LINE
8
BLACK
6
CONTINUOUS
10
1.7627748031496062
20
0.7844283070866142
11
1.7625751181102363
21
0.784398779527559
0
LINE
8
BLACK
6
CONTINUOUS
10
1.7625751181102363
20
0.784398779527559
11
1.7624946456692914
21
0.7843654330708661
0
LINE
8
BLACK
6
CONTINUOUS
10
1.7624946456692914
20
0.7843654330708661
11
1.7620606692913385
21
0.7843226771653543
0
LINE
8
BLACK
6
CONTINUOUS
10
1.7620606692913385
20
0.7843226771653543
11
1.7616295669291338
21
0.784258937007874
0
LINE
8
BLACK
6
CONTINUOUS
10
1.7616295669291338
20
0.784258937007874
11
1.7615434251968503
21
0.7842717322834646
0
LINE
8
BLACK
6
CONTINUOUS
10
1.7615434251968503
20
0.7842717322834646
11
1.7613425196850394
21
0.784251968503937
0
LINE
8
BLACK
6
CONTINUOUS
10
1.7613425196850394
20
0.784251968503937
11
1.7472817716535434
21
0.784251968503937
0
LINE
8
BLACK
6
CONTINUOUS
10
1.7472817716535434
20
0.784251968503937
11
1.7470808267716536
21
0.7842717322834646
0
LINE
8
BLACK
6
CONTINUOUS
10
1.7470808267716536
20
0.7842717322834646
11
1.7469947244094488
21
0.784258937007874
0
LINE
8
BLACK
6
CONTINUOUS
10
1.7469947244094488
20
0.784258937007874
11
1.7465635826771653
21
0.7843226771653543
0
LINE
8
BLACK
6
CONTINUOUS
10
1.7465635826771653
20
0.7843226771653543
11
1.7461296456692914
21
0.7843654330708661
0
LINE
8
BLACK
6
CONTINUOUS
10
1.7461296456692914
20
0.7843654330708661
11
1.7460491338582678
21
0.784398779527559
0
LINE
8
BLACK
6
CONTINUOUS
10
1.7460491338582678
20
0.784398779527559
11
1.7458494881889763
21
0.7844283070866142
0
LINE
8
BLACK
6
CONTINUOUS
10
1.7458494881889763
20
0.7844283070866142
11
1.7346008661417323
21
0.7872404330708661
0
LINE
8
BLACK
6
CONTINUOUS
10
1.7346008661417323
20
0.7872404330708661
11
1.7345158661417321
21
0.7872707874015747
0
LINE
8
BLACK
6
CONTINUOUS
10
1.7345158661417321
20
0.7872707874015747
11
1.7344733464566928
21
0.7872738188976378
0
LINE
8
BLACK
6
CONTINUOUS
10
1.7344733464566928
20
0.7872738188976378
11
1.7339937795275591
21
0.7874572834645669
0
LINE
8
BLACK
6
CONTINUOUS
10
1.7339937795275591
20
0.7874572834645669
11
1.7335106692913385
21
0.7876299212598425
0
LINE
8
BLACK
6
CONTINUOUS
10
1.7335106692913385
20
0.7876299212598425
11
1.7334764173228345
21
0.7876552755905512
0
LINE
8
BLACK
6
CONTINUOUS
10
1.7334764173228345
20
0.7876552755905512
11
1.7333920866141732
21
0.7876875590551181
0
LINE
8
BLACK
6
CONTINUOUS
10
1.7333920866141732
20
0.7876875590551181
11
1.7277678346456693
21
0.7904997244094488
0
LINE
8
BLACK
6
CONTINUOUS
10
1.7277678346456693
20
0.7904997244094488
11
1.7272718897637795
21
0.7908118503937007
0
LINE
8
BLACK
6
CONTINUOUS
10
1.7272718897637795
20
0.7908118503937007
11
1.7271279133858268
21
0.7908715354330709
0
LINE
8
BLACK
6
CONTINUOUS
10
1.7271279133858268
20
0.7908715354330709
11
1.7269657874015747
21
0.7910045669291338
0
LINE
8
BLACK
6
CONTINUOUS
10
1.7269657874015747
20
0.7910045669291338
11
1.7267880708661416
21
0.7911164566929134
0
LINE
8
BLACK
6
CONTINUOUS
10
1.7267880708661416
20
0.7911164566929134
11
1.7266857874015749
21
0.7912343307086614
0
LINE
8
BLACK
6
CONTINUOUS
10
1.7266857874015749
20
0.7912343307086614
11
1.7262329921259842
21
0.7916059842519685
0
LINE
8
BLACK
6
CONTINUOUS
10
1.7262329921259842
20
0.7916059842519685
11
1.7234208661417323
21
0.7944181496062992
0
LINE
8
BLACK
6
CONTINUOUS
10
1.7234208661417323
20
0.7944181496062992
11
1.7230492913385826
21
0.7948708661417323
0
LINE
8
BLACK
6
CONTINUOUS
10
1.7230492913385826
20
0.7948708661417323
11
1.7229314173228345
21
0.7949731496062992
0
LINE
8
BLACK
6
CONTINUOUS
10
1.7229314173228345
20
0.7949731496062992
11
1.7228194881889762
21
0.7951509448818898
0
LINE
8
BLACK
6
CONTINUOUS
10
1.7228194881889762
20
0.7951509448818898
11
1.7226864566929134
21
0.7953130708661417
0
LINE
8
BLACK
6
CONTINUOUS
10
1.7226864566929134
20
0.7953130708661417
11
1.722626811023622
21
0.7954570078740157
0
LINE
8
BLACK
6
CONTINUOUS
10
1.722626811023622
20
0.7954570078740157
11
1.72231468503937
21
0.7959529133858267
0
LINE
8
BLACK
6
CONTINUOUS
10
1.72231468503937
20
0.7959529133858267
11
1.7195025196850393
21
0.8015772047244094
0
LINE
8
BLACK
6
CONTINUOUS
10
1.7195025196850393
20
0.8015772047244094
11
1.7190887795275591
21
0.8026584251968504
0
LINE
8
BLACK
6
CONTINUOUS
10
1.7190887795275591
20
0.8026584251968504
11
1.7190737401574803
21
0.80287
0
LINE
8
BLACK
6
CONTINUOUS
10
1.7190737401574803
20
0.80287
11
1.7189925196850393
21
0.8030661023622047
0
LINE
8
BLACK
6
CONTINUOUS
10
1.7189925196850393
20
0.8030661023622047
11
1.7188790551181101
21
0.8042182283464566
0
LINE
8
BLACK
6
CONTINUOUS
10
1.7188790551181101
20
0.8042182283464566
11
1.7188790551181101
21
0.8098425196850394
0
LINE
8
BLACK
6
CONTINUOUS
10
1.7188790551181101
20
0.8098425196850394
11
1.7189925196850393
21
0.8109946456692914
0
LINE
8
BLACK
6
CONTINUOUS
10
1.7189925196850393
20
0.8109946456692914
11
1.7190737401574803
21
0.8111907086614173
0
LINE
8
BLACK
6
CONTINUOUS
10
1.7190737401574803
20
0.8111907086614173
11
1.7190887795275591
21
0.8114023228346456
0
LINE
8
BLACK
6
CONTINUOUS
10
1.7190887795275591
20
0.8114023228346456
11
1.7195025196850393
21
0.8124835433070866
0
LINE
8
BLACK
6
CONTINUOUS
10
1.7195025196850393
20
0.8124835433070866
11
1.72231468503937
21
0.8181078346456693
0
LINE
8
BLACK
6
CONTINUOUS
10
1.72231468503937
20
0.8181078346456693
11
1.722626811023622
21
0.8186037007874015
0
LINE
8
BLACK
6
CONTINUOUS
10
1.722626811023622
20
0.8186037007874015
11
1.7226864566929134
21
0.8187476771653543
0
LINE
8
BLACK
6
CONTINUOUS
10
1.7226864566929134
20
0.8187476771653543
11
1.7228194881889762
21
0.8189097637795275
0
LINE
8
BLACK
6
CONTINUOUS
10
1.7228194881889762
20
0.8189097637795275
11
1.7229314173228345
21
0.8190875984251969
0
LINE
8
BLACK
6
CONTINUOUS
10
1.7229314173228345
20
0.8190875984251969
11
1.7230492913385826
21
0.8191898425196851
0
LINE
8
BLACK
6
CONTINUOUS
10
1.7230492913385826
20
0.8191898425196851
11
1.7234208661417323
21
0.8196425984251968
0
LINE
8
BLACK
6
CONTINUOUS
10
1.7234208661417323
20
0.8196425984251968
11
1.7262329921259842
21
0.8224547637795275
0
LINE
8
BLACK
6
CONTINUOUS
10
1.7262329921259842
20
0.8224547637795275
11
1.7266859448818896
21
0.8228264960629921
0
LINE
8
BLACK
6
CONTINUOUS
10
1.7266859448818896
20
0.8228264960629921
11
1.7267881102362204
21
0.8229442913385827
0
LINE
8
BLACK
6
CONTINUOUS
10
1.7267881102362204
20
0.8229442913385827
11
1.7269656692913384
21
0.823056062992126
0
LINE
8
BLACK
6
CONTINUOUS
10
1.7269656692913384
20
0.823056062992126
11
1.7271279133858268
21
0.8231892125984251
0
LINE
8
BLACK
6
CONTINUOUS
10
1.7271279133858268
20
0.8231892125984251
11
1.727271968503937
21
0.8232488582677165
0
LINE
8
BLACK
6
CONTINUOUS
10
1.727271968503937
20
0.8232488582677165
11
1.7277678346456693
21
0.8235610236220472
0
LINE
8
BLACK
6
CONTINUOUS
10
1.7277678346456693
20
0.8235610236220472
11
1.7333921653543307
21
0.8263731496062992
0
LINE
8
BLACK
6
CONTINUOUS
10
1.7333921653543307
20
0.8263731496062992
11
1.7334762598425197
21
0.8264053149606299
0
LINE
8
BLACK
6
CONTINUOUS
10
1.7334762598425197
20
0.8264053149606299
11
1.7335106299212597
21
0.8264307874015748
0
LINE
8
BLACK
6
CONTINUOUS
10
1.7335106299212597
20
0.8264307874015748
11
1.7339940551181101
21
0.8266034645669291
0
LINE
8
BLACK
6
CONTINUOUS
10
1.7339940551181101
20
0.8266034645669291
11
1.7344733858267716
21
0.8267869291338582
0
LINE
8
BLACK
6
CONTINUOUS
10
1.7344733858267716
20
0.8267869291338582
11
1.7345159842519684
21
0.8267899212598425
0
LINE
8
BLACK
6
CONTINUOUS
10
1.7345159842519684
20
0.8267899212598425
11
1.7346008661417323
21
0.8268202755905512
0
LINE
8
BLACK
6
CONTINUOUS
10
1.7346008661417323
20
0.8268202755905512
11
1.7458494488188976
21
0.8296324409448819
0
LINE
8
BLACK
6
CONTINUOUS
10
1.7458494488188976
20
0.8296324409448819
11
1.7460491338582678
21
0.829661968503937
0
LINE
8
BLACK
6
CONTINUOUS
10
1.7460491338582678
20
0.829661968503937
11
1.7461296456692914
21
0.8296953149606299
0
LINE
8
BLACK
6
CONTINUOUS
10
1.7461296456692914
20
0.8296953149606299
11
1.746563464566929
21
0.829738031496063
0
LINE
8
BLACK
6
CONTINUOUS
10
1.746563464566929
20
0.829738031496063
11
1.7469946850393701
21
0.829801811023622
0
LINE
8
BLACK
6
CONTINUOUS
10
1.7469946850393701
20
0.829801811023622
11
1.7470808267716536
21
0.8297889763779528
0
LINE
8
BLACK
6
CONTINUOUS
10
1.7470808267716536
20
0.8297889763779528
11
1.7472817716535434
21
0.829808779527559
0
LINE
8
BLACK
6
CONTINUOUS
10
1.7472817716535434
20
0.829808779527559
11
1.7613425196850394
21
0.829808779527559
0
LINE
8
BLACK
6
CONTINUOUS
10
1.7613425196850394
20
0.829808779527559
11
1.7615434251968503
21
0.8297889763779528
0
LINE
8
BLACK
6
CONTINUOUS
10
1.7380943700787401
20
0.8155191338582677
11
1.7339070472440945
21
0.8134255118110236
0
LINE
8
BLACK
6
CONTINUOUS
10
1.7339070472440945
20
0.8134255118110236
11
1.7324501968503936
21
0.8119686614173228
0
LINE
8
BLACK
6
CONTINUOUS
10
1.7324501968503936
20
0.8119686614173228
11
1.7306900787401573
21
0.8084483858267716
0
LINE
8
BLACK
6
CONTINUOUS
10
1.7306900787401573
20
0.8084483858267716
11
1.7306900787401573
21
0.8056123228346457
0
LINE
8
BLACK
6
CONTINUOUS
10
1.7306900787401573
20
0.8056123228346457
11
1.7324501968503936
21
0.8020920472440944
0
LINE
8
BLACK
6
CONTINUOUS
10
1.7324501968503936
20
0.8020920472440944
11
1.7339070472440945
21
0.8006351968503936
0
LINE
8
BLACK
6
CONTINUOUS
10
1.7339070472440945
20
0.8006351968503936
11
1.7380944094488189
21
0.7985415354330708
0
LINE
8
BLACK
6
CONTINUOUS
10
1.7380944094488189
20
0.7985415354330708
11
1.7480087007874014
21
0.7960629921259842
0
LINE
8
BLACK
6
CONTINUOUS
10
1.7480087007874014
20
0.7960629921259842
11
1.7606155905511811
21
0.7960629921259842
0
LINE
8
BLACK
6
CONTINUOUS
10
1.7606155905511811
20
0.7960629921259842
11
1.7705298031496062
21
0.7985414960629921
0
LINE
8
BLACK
6
CONTINUOUS
10
1.7705298031496062
20
0.7985414960629921
11
1.7747172047244093
21
0.8006352362204724
0
LINE
8
BLACK
6
CONTINUOUS
10
1.7747172047244093
20
0.8006352362204724
11
1.7761740551181102
21
0.8020920866141732
0
LINE
8
BLACK
6
CONTINUOUS
10
1.7761740551181102
20
0.8020920866141732
11
1.7779341732283465
21
0.8056122834645669
0
LINE
8
BLACK
6
CONTINUOUS
10
1.7779341732283465
20
0.8056122834645669
11
1.7779341732283465
21
0.8084484251968503
0
LINE
8
BLACK
6
CONTINUOUS
10
1.7779341732283465
20
0.8084484251968503
11
1.7761740551181102
21
0.8119686220472441
0
LINE
8
BLACK
6
CONTINUOUS
10
1.7761740551181102
20
0.8119686220472441
11
1.7747171653543308
21
0.8134255118110236
0
LINE
8
BLACK
6
CONTINUOUS
10
1.7747171653543308
20
0.8134255118110236
11
1.7705298818897637
21
0.8155191338582677
0
LINE
8
BLACK
6
CONTINUOUS
10
1.7705298818897637
20
0.8155191338582677
11
1.7606155511811024
21
0.8179977559055118
0
LINE
8
BLACK
6
CONTINUOUS
10
1.7606155511811024
20
0.8179977559055118
11
1.7480087007874014
21
0.8179977559055118
0
LINE
8
BLACK
6
CONTINUOUS
10
1.7480087007874014
20
0.8179977559055118
11
1.7380943700787401
21
0.8155191338582677
0
LINE
8
BLACK
6
CONTINUOUS
10
1.7615434251968503
20
0.8860319291338582
11
1.7616295669291338
21
0.8860447637795276
0
LINE
8
BLACK
6
CONTINUOUS
10
1.7616295669291338
20
0.8860447637795276
11
1.7620607086614173
21
0.8859809842519685
0
LINE
8
BLACK
6
CONTINUOUS
10
1.7620607086614173
20
0.8859809842519685
11
1.7624946456692914
21
0.8859382677165354
0
LINE
8
BLACK
6
CONTINUOUS
10
1.7624946456692914
20
0.8859382677165354
11
1.7625751181102363
21
0.8859049212598425
0
LINE
8
BLACK
6
CONTINUOUS
10
1.7625751181102363
20
0.8859049212598425
11
1.762774842519685
21
0.8858753937007874
0
LINE
8
BLACK
6
CONTINUOUS
10
1.762774842519685
20
0.8858753937007874
11
1.7740233858267715
21
0.8830632283464567
0
LINE
8
BLACK
6
CONTINUOUS
10
1.7740233858267715
20
0.8830632283464567
11
1.7741082283464567
21
0.883032874015748
0
LINE
8
BLACK
6
CONTINUOUS
10
1.7741082283464567
20
0.883032874015748
11
1.7741508661417322
21
0.8830298818897637
0
LINE
8
BLACK
6
CONTINUOUS
10
1.7741508661417322
20
0.8830298818897637
11
1.7746307086614173
21
0.8828462204724409
0
LINE
8
BLACK
6
CONTINUOUS
10
1.7746307086614173
20
0.8828462204724409
11
1.7751135826771653
21
0.8826737401574803
0
LINE
8
BLACK
6
CONTINUOUS
10
1.7751135826771653
20
0.8826737401574803
11
1.7751478346456693
21
0.8826483464566929
0
LINE
8
BLACK
6
CONTINUOUS
10
1.7751478346456693
20
0.8826483464566929
11
1.7752321259842518
21
0.8826161023622047
0
LINE
8
BLACK
6
CONTINUOUS
10
1.7752321259842518
20
0.8826161023622047
11
1.7808564173228345
21
0.8798039763779527
0
LINE
8
BLACK
6
CONTINUOUS
10
1.7808564173228345
20
0.8798039763779527
11
1.7813522047244095
21
0.8794918503937008
0
LINE
8
BLACK
6
CONTINUOUS
10
1.7813522047244095
20
0.8794918503937008
11
1.7814962992125984
21
0.8794322047244094
0
LINE
8
BLACK
6
CONTINUOUS
10
1.7814962992125984
20
0.8794322047244094
11
1.7816584645669291
21
0.8792990551181102
0
LINE
8
BLACK
6
CONTINUOUS
10
1.7816584645669291
20
0.8792990551181102
11
1.7818361811023622
21
0.8791872440944881
0
LINE
8
BLACK
6
CONTINUOUS
10
1.7818361811023622
20
0.8791872440944881
11
1.7819383858267717
21
0.8790693700787401
0
LINE
8
BLACK
6
CONTINUOUS
10
1.7819383858267717
20
0.8790693700787401
11
1.7823912204724408
21
0.8786977559055118
0
LINE
8
BLACK
6
CONTINUOUS
10
1.7823912204724408
20
0.8786977559055118
11
1.7852033858267715
21
0.8758855905511811
0
LINE
8
BLACK
6
CONTINUOUS
10
1.7852033858267715
20
0.8758855905511811
11
1.7855750787401574
21
0.8754326377952756
0
LINE
8
BLACK
6
CONTINUOUS
10
1.7855750787401574
20
0.8754326377952756
11
1.7856928740157481
21
0.8753305118110236
0
LINE
8
BLACK
6
CONTINUOUS
10
1.7856928740157481
20
0.8753305118110236
11
1.7858046062992126
21
0.8751529527559055
0
LINE
8
BLACK
6
CONTINUOUS
10
1.7858046062992126
20
0.8751529527559055
11
1.7859378346456694
21
0.8749906692913385
0
LINE
8
BLACK
6
CONTINUOUS
10
1.7859378346456694
20
0.8749906692913385
11
1.7859975196850393
21
0.8748464960629921
0
LINE
8
BLACK
6
CONTINUOUS
10
1.7859975196850393
20
0.8748464960629921
11
1.7863096062992125
21
0.8743507874015748
0
LINE
8
BLACK
6
CONTINUOUS
10
1.7863096062992125
20
0.8743507874015748
11
1.7891217322834645
21
0.8687264566929134
0
LINE
8
BLACK
6
CONTINUOUS
10
1.7891217322834645
20
0.8687264566929134
11
1.7895355118110237
21
0.8676452362204724
0
LINE
8
BLACK
6
CONTINUOUS
10
1.7895355118110237
20
0.8676452362204724
11
1.7895505118110235
21
0.8674335826771653
0
LINE
8
BLACK
6
CONTINUOUS
10
1.7895505118110235
20
0.8674335826771653
11
1.7896317322834645
21
0.8672375984251969
0
LINE
8
BLACK
6
CONTINUOUS
10
1.7896317322834645
20
0.8672375984251969
11
1.7897451968503937
21
0.8660854724409449
0
LINE
8
BLACK
6
CONTINUOUS
10
1.7897451968503937
20
0.8660854724409449
11
1.7897451968503937
21
0.8604611811023621
0
LINE
8
BLACK
6
CONTINUOUS
10
1.7897451968503937
20
0.8604611811023621
11
1.7896317322834645
21
0.8593090551181102
0
LINE
8
BLACK
6
CONTINUOUS
10
1.7896317322834645
20
0.8593090551181102
11
1.7895505118110235
21
0.859113031496063
0
LINE
8
BLACK
6
CONTINUOUS
10
1.7895505118110235
20
0.859113031496063
11
1.7895355118110237
21
0.8589014173228346
0
LINE
8
BLACK
6
CONTINUOUS
10
1.7895355118110237
20
0.8589014173228346
11
1.7891217322834645
21
0.8578201968503937
0
LINE
8
BLACK
6
CONTINUOUS
10
1.7891217322834645
20
0.8578201968503937
11
1.7863096062992125
21
0.8521958661417323
0
LINE
8
BLACK
6
CONTINUOUS
10
1.7863096062992125
20
0.8521958661417323
11
1.7859975196850393
21
0.8517001181102362
0
LINE
8
BLACK
6
CONTINUOUS
10
1.7859975196850393
20
0.8517001181102362
11
1.7859378346456694
21
0.8515559842519684
0
LINE
8
BLACK
6
CONTINUOUS
10
1.7859378346456694
20
0.8515559842519684
11
1.7858046062992126
21
0.8513936614173229
0
LINE
8
BLACK
6
CONTINUOUS
10
1.7858046062992126
20
0.8513936614173229
11
1.7856928740157481
21
0.8512161417322834
0
LINE
8
BLACK
6
CONTINUOUS
10
1.7856928740157481
20
0.8512161417322834
11
1.7855750787401574
21
0.8511139763779527
0
LINE
8
BLACK
6
CONTINUOUS
10
1.7855750787401574
20
0.8511139763779527
11
1.7852033858267715
21
0.850661062992126
0
LINE
8
BLACK
6
CONTINUOUS
10
1.7852033858267715
20
0.850661062992126
11
1.7823912204724408
21
0.8478488976377953
0
LINE
8
BLACK
6
CONTINUOUS
10
1.7823912204724408
20
0.8478488976377953
11
1.7819383858267717
21
0.8474772440944882
0
LINE
8
BLACK
6
CONTINUOUS
10
1.7819383858267717
20
0.8474772440944882
11
1.7818361811023622
21
0.8473594094488188
0
LINE
8
BLACK
6
CONTINUOUS
10
1.7818361811023622
20
0.8473594094488188
11
1.7816584645669291
21
0.8472475590551181
0
LINE
8
BLACK
6
CONTINUOUS
10
1.7816584645669291
20
0.8472475590551181
11
1.7814962992125984
21
0.8471144488188976
0
LINE
8
BLACK
6
CONTINUOUS
10
1.7814962992125984
20
0.8471144488188976
11
1.7813522047244095
21
0.8470547637795275
0
LINE
8
BLACK
6
CONTINUOUS
10
1.7813522047244095
20
0.8470547637795275
11
1.7808564173228345
21
0.8467426771653543
0
LINE
8
BLACK
6
CONTINUOUS
10
1.7808564173228345
20
0.8467426771653543
11
1.7752321259842518
21
0.8439305118110236
0
LINE
8
BLACK
6
CONTINUOUS
10
1.7752321259842518
20
0.8439305118110236
11
1.7751478346456693
21
0.8438982283464567
0
LINE
8
BLACK
6
CONTINUOUS
10
1.7751478346456693
20
0.8438982283464567
11
1.7751135826771653
21
0.8438728740157481
0
LINE
8
BLACK
6
CONTINUOUS
10
1.7751135826771653
20
0.8438728740157481
11
1.7746301968503937
21
0.8437001574803149
0
LINE
8
BLACK
6
CONTINUOUS
10
1.7746301968503937
20
0.8437001574803149
11
1.774150905511811
21
0.8435167716535433
0
LINE
8
BLACK
6
CONTINUOUS
10
1.774150905511811
20
0.8435167716535433
11
1.7741083464566929
21
0.8435137401574803
0
LINE
8
BLACK
6
CONTINUOUS
10
1.7741083464566929
20
0.8435137401574803
11
1.7740233858267715
21
0.8434833858267716
0
LINE
8
BLACK
6
CONTINUOUS
10
1.7740233858267715
20
0.8434833858267716
11
1.7627748031496062
21
0.8406712598425197
0
LINE
8
BLACK
6
CONTINUOUS
10
1.7627748031496062
20
0.8406712598425197
11
1.7625751181102363
21
0.8406417322834645
0
LINE
8
BLACK
6
CONTINUOUS
10
1.7625751181102363
20
0.8406417322834645
11
1.7624946456692914
21
0.8406083858267717
0
LINE
8
BLACK
6
CONTINUOUS
10
1.7624946456692914
20
0.8406083858267717
11
1.7620606692913385
21
0.8405656299212598
0
LINE
8
BLACK
6
CONTINUOUS
10
1.7620606692913385
20
0.8405656299212598
11
1.7616295669291338
21
0.8405018897637795
0
LINE
8
BLACK
6
CONTINUOUS
10
1.7616295669291338
20
0.8405018897637795
11
1.7615434251968503
21
0.8405146850393701
0
LINE
8
BLACK
6
CONTINUOUS
10
1.7615434251968503
20
0.8405146850393701
11
1.7613425196850394
21
0.8404949212598425
0
LINE
8
BLACK
6
CONTINUOUS
10
1.7613425196850394
20
0.8404949212598425
11
1.7472817716535434
21
0.8404949212598425
0
LINE
8
BLACK
6
CONTINUOUS
10
1.7472817716535434
20
0.8404949212598425
11
1.7470808267716536
21
0.8405146850393701
0
LINE
8
BLACK
6
CONTINUOUS
10
1.7470808267716536
20
0.8405146850393701
11
1.7469947244094488
21
0.8405018897637795
0
LINE
8
BLACK
6
CONTINUOUS
10
1.7469947244094488
20
0.8405018897637795
11
1.7465635826771653
21
0.8405656299212598
0
LINE
8
BLACK
6
CONTINUOUS
10
1.7465635826771653
20
0.8405656299212598
11
1.7461296456692914
21
0.8406083858267717
0
LINE
8
BLACK
6
CONTINUOUS
10
1.7461296456692914
20
0.8406083858267717
11
1.7460491338582678
21
0.8406417322834645
0
LINE
8
BLACK
6
CONTINUOUS
10
1.7460491338582678
20
0.8406417322834645
11
1.7458494881889763
21
0.8406712598425197
0
LINE
8
BLACK
6
CONTINUOUS
10
1.7458494881889763
20
0.8406712598425197
11
1.7346008661417323
21
0.8434833858267716
0
LINE
8
BLACK
6
CONTINUOUS
10
1.7346008661417323
20
0.8434833858267716
11
1.7345158661417321
21
0.8435137401574803
0
LINE
8
BLACK
6
CONTINUOUS
10
1.7345158661417321
20
0.8435137401574803
11
1.7344733464566928
21
0.8435167716535433
0
LINE
8
BLACK
6
CONTINUOUS
10
1.7344733464566928
20
0.8435167716535433
11
1.7339937795275591
21
0.8437002362204724
0
LINE
8
BLACK
6
CONTINUOUS
10
1.7339937795275591
20
0.8437002362204724
11
1.7335106692913385
21
0.8438728740157481
0
LINE
8
BLACK
6
CONTINUOUS
10
1.7335106692913385
20
0.8438728740157481
11
1.7334764173228345
21
0.8438982283464567
0
LINE
8
BLACK
6
CONTINUOUS
10
1.7334764173228345
20
0.8438982283464567
11
1.7333920866141732
21
0.8439305118110236
0
LINE
8
BLACK
6
CONTINUOUS
10
1.7333920866141732
20
0.8439305118110236
11
1.7277678346456693
21
0.8467426771653543
0
LINE
8
BLACK
6
CONTINUOUS
10
1.7277678346456693
20
0.8467426771653543
11
1.7272718897637795
21
0.8470548031496062
0
LINE
8
BLACK
6
CONTINUOUS
10
1.7272718897637795
20
0.8470548031496062
11
1.7271279133858268
21
0.8471144881889764
0
LINE
8
BLACK
6
CONTINUOUS
10
1.7271279133858268
20
0.8471144881889764
11
1.7269657874015747
21
0.8472475196850393
0
LINE
8
BLACK
6
CONTINUOUS
10
1.7269657874015747
20
0.8472475196850393
11
1.7267880708661416
21
0.8473594094488188
0
LINE
8
BLACK
6
CONTINUOUS
10
1.7267880708661416
20
0.8473594094488188
11
1.7266857874015749
21
0.8474772834645669
0
LINE
8
BLACK
6
CONTINUOUS
10
1.7266857874015749
20
0.8474772834645669
11
1.7262329921259842
21
0.847848937007874
0
LINE
8
BLACK
6
CONTINUOUS
10
1.7262329921259842
20
0.847848937007874
11
1.7234208661417323
21
0.8506611023622047
0
LINE
8
BLACK
6
CONTINUOUS
10
1.7234208661417323
20
0.8506611023622047
11
1.7230492913385826
21
0.8511138188976378
0
LINE
8
BLACK
6
CONTINUOUS
10
1.7230492913385826
20
0.8511138188976378
11
1.7229314173228345
21
0.8512161023622047
0
LINE
8
BLACK
6
CONTINUOUS
10
1.7229314173228345
20
0.8512161023622047
11
1.7228194881889762
21
0.8513938976377953
0
LINE
8
BLACK
6
CONTINUOUS
10
1.7228194881889762
20
0.8513938976377953
11
1.7226864566929134
21
0.8515560236220472
0
LINE
8
BLACK
6
CONTINUOUS
10
1.7226864566929134
20
0.8515560236220472
11
1.722626811023622
21
0.8516999606299213
0
LINE
8
BLACK
6
CONTINUOUS
10
1.722626811023622
20
0.8516999606299213
11
1.72231468503937
21
0.8521958661417323
0
LINE
8
BLACK
6
CONTINUOUS
10
1.72231468503937
20
0.8521958661417323
11
1.7195025196850393
21
0.8578201574803149
0
LINE
8
BLACK
6
CONTINUOUS
10
1.7195025196850393
20
0.8578201574803149
11
1.7190887795275591
21
0.8589013779527559
0
LINE
8
BLACK
6
CONTINUOUS
10
1.7190887795275591
20
0.8589013779527559
11
1.7190737401574803
21
0.8591129527559055
0
LINE
8
BLACK
6
CONTINUOUS
10
1.7190737401574803
20
0.8591129527559055
11
1.7189925196850393
21
0.8593090551181102
0
LINE
8
BLACK
6
CONTINUOUS
10
1.7189925196850393
20
0.8593090551181102
11
1.7188790551181101
21
0.8604611811023621
0
LINE
8
BLACK
6
CONTINUOUS
10
1.7188790551181101
20
0.8604611811023621
11
1.7188790551181101
21
0.8660854724409449
0
LINE
8
BLACK
6
CONTINUOUS
10
1.7188790551181101
20
0.8660854724409449
11
1.7189925196850393
21
0.8672375984251969
0
LINE
8
BLACK
6
CONTINUOUS
10
1.7189925196850393
20
0.8672375984251969
11
1.7190737401574803
21
0.8674336614173228
0
LINE
8
BLACK
6
CONTINUOUS
10
1.7190737401574803
20
0.8674336614173228
11
1.7190887795275591
21
0.8676452755905512
0
LINE
8
BLACK
6
CONTINUOUS
10
1.7190887795275591
20
0.8676452755905512
11
1.7195025196850393
21
0.8687264960629921
0
LINE
8
BLACK
6
CONTINUOUS
10
1.7195025196850393
20
0.8687264960629921
11
1.72231468503937
21
0.8743507874015748
0
LINE
8
BLACK
6
CONTINUOUS
10
1.72231468503937
20
0.8743507874015748
11
1.722626811023622
21
0.874846653543307
0
LINE
8
BLACK
6
CONTINUOUS
10
1.722626811023622
20
0.874846653543307
11
1.7226864566929134
21
0.8749906299212599
0
LINE
8
BLACK
6
CONTINUOUS
10
1.7226864566929134
20
0.8749906299212599
11
1.7228194881889762
21
0.875152716535433
0
LINE
8
BLACK
6
CONTINUOUS
10
1.7228194881889762
20
0.875152716535433
11
1.7229314173228345
21
0.8753305511811024
0
LINE
8
BLACK
6
CONTINUOUS
10
1.7229314173228345
20
0.8753305511811024
11
1.7230492913385826
21
0.8754327952755905
0
LINE
8
BLACK
6
CONTINUOUS
10
1.7230492913385826
20
0.8754327952755905
11
1.7234208661417323
21
0.8758855511811023
0
LINE
8
BLACK
6
CONTINUOUS
10
1.7234208661417323
20
0.8758855511811023
11
1.7262329921259842
21
0.878697716535433
0
LINE
8
BLACK
6
CONTINUOUS
10
1.7262329921259842
20
0.878697716535433
11
1.7266859448818896
21
0.8790694488188976
0
LINE
8
BLACK
6
CONTINUOUS
10
1.7266859448818896
20
0.8790694488188976
11
1.7267881102362204
21
0.8791872440944881
0
LINE
8
BLACK
6
CONTINUOUS
10
1.7267881102362204
20
0.8791872440944881
11
1.7269656692913384
21
0.8792990157480315
0
LINE
8
BLACK
6
CONTINUOUS
10
1.7269656692913384
20
0.8792990157480315
11
1.7271279133858268
21
0.8794321653543307
0
LINE
8
BLACK
6
CONTINUOUS
10
1.7271279133858268
20
0.8794321653543307
11
1.727271968503937
21
0.8794918110236221
0
LINE
8
BLACK
6
CONTINUOUS
10
1.727271968503937
20
0.8794918110236221
11
1.7277678346456693
21
0.8798039763779527
0
LINE
8
BLACK
6
CONTINUOUS
10
1.7277678346456693
20
0.8798039763779527
11
1.7333921653543307
21
0.8826161023622047
0
LINE
8
BLACK
6
CONTINUOUS
10
1.7333921653543307
20
0.8826161023622047
11
1.7334762598425197
21
0.8826482677165354
0
LINE
8
BLACK
6
CONTINUOUS
10
1.7334762598425197
20
0.8826482677165354
11
1.7335106299212597
21
0.8826737401574803
0
LINE
8
BLACK
6
CONTINUOUS
10
1.7335106299212597
20
0.8826737401574803
11
1.7339940551181101
21
0.8828464173228346
0
LINE
8
BLACK
6
CONTINUOUS
10
1.7339940551181101
20
0.8828464173228346
11
1.7344733858267716
21
0.8830298818897637
0
LINE
8
BLACK
6
CONTINUOUS
10
1.7344733858267716
20
0.8830298818897637
11
1.7345159842519684
21
0.883032874015748
0
LINE
8
BLACK
6
CONTINUOUS
10
1.7345159842519684
20
0.883032874015748
11
1.7346008661417323
21
0.8830632283464567
0
LINE
8
BLACK
6
CONTINUOUS
10
1.7346008661417323
20
0.8830632283464567
11
1.7458494488188976
21
0.8858753937007874
0
LINE
8
BLACK
6
CONTINUOUS
10
1.7458494488188976
20
0.8858753937007874
11
1.7460491338582678
21
0.8859049212598425
0
LINE
8
BLACK
6
CONTINUOUS
10
1.7460491338582678
20
0.8859049212598425
11
1.7461296456692914
21
0.8859382677165354
0
LINE
8
BLACK
6
CONTINUOUS
10
1.7461296456692914
20
0.8859382677165354
11
1.746563464566929
21
0.8859809842519685
0
LINE
8
BLACK
6
CONTINUOUS
10
1.746563464566929
20
0.8859809842519685
11
1.7469946850393701
21
0.8860447637795276
0
LINE
8
BLACK
6
CONTINUOUS
10
1.7469946850393701
20
0.8860447637795276
11
1.7470808267716536
21
0.8860319291338582
0
LINE
8
BLACK
6
CONTINUOUS
10
1.7470808267716536
20
0.8860319291338582
11
1.7472817716535434
21
0.8860517322834646
0
LINE
8
BLACK
6
CONTINUOUS
10
1.7472817716535434
20
0.8860517322834646
11
1.7613425196850394
21
0.8860517322834646
0
LINE
8
BLACK
6
CONTINUOUS
10
1.7613425196850394
20
0.8860517322834646
11
1.7615434251968503
21
0.8860319291338582
0
LINE
8
BLACK
6
CONTINUOUS
10
1.7380943700787401
20
0.8717620866141732
11
1.7339070472440945
21
0.8696684645669291
0
LINE
8
BLACK
6
CONTINUOUS
10
1.7339070472440945
20
0.8696684645669291
11
1.7324501968503936
21
0.8682116141732283
0
LINE
8
BLACK
6
CONTINUOUS
10
1.7324501968503936
20
0.8682116141732283
11
1.7306900787401573
21
0.8646913385826771
0
LINE
8
BLACK
6
CONTINUOUS
10
1.7306900787401573
20
0.8646913385826771
11
1.7306900787401573
21
0.8618552755905512
0
LINE
8
BLACK
6
CONTINUOUS
10
1.7306900787401573
20
0.8618552755905512
11
1.7324501968503936
21
0.858335
0
LINE
8
BLACK
6
CONTINUOUS
10
1.7324501968503936
20
0.858335
11
1.7339070472440945
21
0.8568781496062992
0
LINE
8
BLACK
6
CONTINUOUS
10
1.7339070472440945
20
0.8568781496062992
11
1.7380944094488189
21
0.8547844881889763
0
LINE
8
BLACK
6
CONTINUOUS
10
1.7380944094488189
20
0.8547844881889763
11
1.7480087007874014
21
0.8523059448818897
0
LINE
8
BLACK
6
CONTINUOUS
10
1.7480087007874014
20
0.8523059448818897
11
1.7606155905511811
21
0.8523059448818897
0
LINE
8
BLACK
6
CONTINUOUS
10
1.7606155905511811
20
0.8523059448818897
11
1.7705298031496062
21
0.8547844488188976
0
LINE
8
BLACK
6
CONTINUOUS
10
1.7705298031496062
20
0.8547844488188976
11
1.7747172047244093
21
0.8568781889763779
0
LINE
8
BLACK
6
CONTINUOUS
10
1.7747172047244093
20
0.8568781889763779
11
1.7761740551181102
21
0.8583350393700787
0
LINE
8
BLACK
6
CONTINUOUS
10
1.7761740551181102
20
0.8583350393700787
11
1.7779341732283465
21
0.8618552362204724
0
LINE
8
BLACK
6
CONTINUOUS
10
1.7779341732283465
20
0.8618552362204724
11
1.7779341732283465
21
0.8646913779527559
0
LINE
8
BLACK
6
CONTINUOUS
10
1.7779341732283465
20
0.8646913779527559
11
1.7761740551181102
21
0.8682115748031496
0
LINE
8
BLACK
6
CONTINUOUS
10
1.7761740551181102
20
0.8682115748031496
11
1.7747171653543308
21
0.8696684645669291
0
LINE
8
BLACK
6
CONTINUOUS
10
1.7747171653543308
20
0.8696684645669291
11
1.7705298818897637
21
0.8717620866141732
0
LINE
8
BLACK
6
CONTINUOUS
10
1.7705298818897637
20
0.8717620866141732
11
1.7606155511811024
21
0.8742407086614173
0
LINE
8
BLACK
6
CONTINUOUS
10
1.7606155511811024
20
0.8742407086614173
11
1.7480087007874014
21
0.8742407086614173
0
LINE
8
BLACK
6
CONTINUOUS
10
1.7480087007874014
20
0.8742407086614173
11
1.7380943700787401
21
0.8717620866141732
0
LINE
8
BLACK
6
CONTINUOUS
10
1.7296306299212598
20
0.9586888188976378
11
1.7308776377952755
21
0.9581723228346456
0
LINE
8
BLACK
6
CONTINUOUS
10
1.7308776377952755
20
0.9581723228346456
11
1.7308776771653542
21
0.958172283464567
0
LINE
8
BLACK
6
CONTINUOUS
10
1.7308776771653542
20
0.958172283464567
11
1.7317725984251968
21
0.9574378346456692
0
LINE
8
BLACK
6
CONTINUOUS
10
1.7317725984251968
20
0.9574378346456692
11
1.7345847244094488
21
0.9546256692913385
0
LINE
8
BLACK
6
CONTINUOUS
10
1.7345847244094488
20
0.9546256692913385
11
1.7353191338582676
21
0.9537307874015748
0
LINE
8
BLACK
6
CONTINUOUS
10
1.7353191338582676
20
0.9537307874015748
11
1.7353191338582676
21
0.953730748031496
0
LINE
8
BLACK
6
CONTINUOUS
10
1.7353191338582676
20
0.953730748031496
11
1.7362009055118111
21
0.9516020078740157
0
LINE
8
BLACK
6
CONTINUOUS
10
1.7362009055118111
20
0.9516020078740157
11
1.7362009055118111
21
0.9492977559055118
0
LINE
8
BLACK
6
CONTINUOUS
10
1.7362009055118111
20
0.9492977559055118
11
1.7356843307086613
21
0.9480507086614173
0
LINE
8
BLACK
6
CONTINUOUS
10
1.7356843307086613
20
0.9480507086614173
11
1.7353191338582676
21
0.947168937007874
0
LINE
8
BLACK
6
CONTINUOUS
10
1.7353191338582676
20
0.947168937007874
11
1.73458468503937
21
0.9462740551181102
0
LINE
8
BLACK
6
CONTINUOUS
10
1.73458468503937
20
0.9462740551181102
11
1.7317725590551181
21
0.9434619291338583
0
LINE
8
BLACK
6
CONTINUOUS
10
1.7317725590551181
20
0.9434619291338583
11
1.7308776377952755
21
0.9427274803149606
0
LINE
8
BLACK
6
CONTINUOUS
10
1.7308776377952755
20
0.9427274803149606
11
1.7287488188976377
21
0.9418457086614173
0
LINE
8
BLACK
6
CONTINUOUS
10
1.7287488188976377
20
0.9418457086614173
11
1.72644468503937
21
0.9418457086614173
0
LINE
8
BLACK
6
CONTINUOUS
10
1.72644468503937
20
0.9418457086614173
11
1.7264446456692912
21
0.9418457086614173
0
LINE
8
BLACK
6
CONTINUOUS
10
1.7264446456692912
20
0.9418457086614173
11
1.7243158267716534
21
0.9427274803149606
0
LINE
8
BLACK
6
CONTINUOUS
10
1.7243158267716534
20
0.9427274803149606
11
1.7243157874015749
21
0.9427275196850393
0
LINE
8
BLACK
6
CONTINUOUS
10
1.7243157874015749
20
0.9427275196850393
11
1.7234209448818898
21
0.9434618897637795
0
LINE
8
BLACK
6
CONTINUOUS
10
1.7234209448818898
20
0.9434618897637795
11
1.7206087795275591
21
0.9462740157480315
0
LINE
8
BLACK
6
CONTINUOUS
10
1.7206087795275591
20
0.9462740157480315
11
1.7198743307086615
21
0.947168937007874
0
LINE
8
BLACK
6
CONTINUOUS
10
1.7198743307086615
20
0.947168937007874
11
1.7198742913385827
21
0.9471689763779527
0
LINE
8
BLACK
6
CONTINUOUS
10
1.7198742913385827
20
0.9471689763779527
11
1.719080157480315
21
0.949086220472441
0
LINE
8
BLACK
6
CONTINUOUS
10
1.719080157480315
20
0.949086220472441
11
1.7189925196850393
21
0.9492977559055118
0
LINE
8
BLACK
6
CONTINUOUS
10
1.7189925196850393
20
0.9492977559055118
11
1.7189925196850393
21
0.9516019291338582
0
LINE
8
BLACK
6
CONTINUOUS
10
1.7189925196850393
20
0.9516019291338582
11
1.7189925196850393
21
0.951601968503937
0
LINE
8
BLACK
6
CONTINUOUS
10
1.7189925196850393
20
0.951601968503937
11
1.7189925196850393
21
0.9516020078740157
0
LINE
8
BLACK
6
CONTINUOUS
10
1.7189925196850393
20
0.9516020078740157
11
1.7198742913385827
21
0.953730748031496
0
LINE
8
BLACK
6
CONTINUOUS
10
1.7198742913385827
20
0.953730748031496
11
1.7198742913385827
21
0.9537307874015748
0
LINE
8
BLACK
6
CONTINUOUS
10
1.7198742913385827
20
0.9537307874015748
11
1.7206087401574803
21
0.9546257086614173
0
LINE
8
BLACK
6
CONTINUOUS
10
1.7206087401574803
20
0.9546257086614173
11
1.723420905511811
21
0.957437874015748
0
LINE
8
BLACK
6
CONTINUOUS
10
1.723420905511811
20
0.957437874015748
11
1.7243158267716534
21
0.9581723228346456
0
LINE
8
BLACK
6
CONTINUOUS
10
1.7243158267716534
20
0.9581723228346456
11
1.7264446456692912
21
0.9590540944881889
0
LINE
8
BLACK
6
CONTINUOUS
10
1.7264446456692912
20
0.9590540944881889
11
1.7287488188976377
21
0.9590540944881889
0
LINE
8
BLACK
6
CONTINUOUS
10
1.7287488188976377
20
0.9590540944881889
11
1.7287488582677164
21
0.9590540944881889
0
LINE
8
BLACK
6
CONTINUOUS
10
1.7287488582677164
20
0.9590540944881889
11
1.7296306299212598
21
0.9586888188976378
0
LINE
8
BLACK
6
CONTINUOUS
10
1.784991811023622
20
0.9562419291338582
11
1.7871206299212599
21
0.9553601181102362
0
LINE
8
BLACK
6
CONTINUOUS
10
1.7871206299212599
20
0.9553601181102362
11
1.7887499212598426
21
0.9537308267716536
0
LINE
8
BLACK
6
CONTINUOUS
10
1.7887499212598426
20
0.9537308267716536
11
1.7896317322834645
21
0.9516020078740157
0
LINE
8
BLACK
6
CONTINUOUS
10
1.7896317322834645
20
0.9516020078740157
11
1.7896317322834645
21
0.9492977559055118
0
LINE
8
BLACK
6
CONTINUOUS
10
1.7896317322834645
20
0.9492977559055118
11
1.7887499212598426
21
0.947168937007874
0
LINE
8
BLACK
6
CONTINUOUS
10
1.7887499212598426
20
0.947168937007874
11
1.7871206299212599
21
0.9455396456692913
0
LINE
8
BLACK
6
CONTINUOUS
10
1.7871206299212599
20
0.9455396456692913
11
1.784991811023622
21
0.9446578346456692
0
LINE
8
BLACK
6
CONTINUOUS
10
1.784991811023622
20
0.9446578346456692
11
1.7838396850393701
21
0.9445443700787401
0
LINE
8
BLACK
6
CONTINUOUS
10
1.7838396850393701
20
0.9445443700787401
11
1.7444696062992127
21
0.9445443700787401
0
LINE
8
BLACK
6
CONTINUOUS
10
1.7444696062992127
20
0.9445443700787401
11
1.7433174803149607
21
0.9446578346456692
0
LINE
8
BLACK
6
CONTINUOUS
10
1.7433174803149607
20
0.9446578346456692
11
1.7411886614173229
21
0.9455396456692913
0
LINE
8
BLACK
6
CONTINUOUS
10
1.7411886614173229
20
0.9455396456692913
11
1.7395593700787402
21
0.947168937007874
0
LINE
8
BLACK
6
CONTINUOUS
10
1.7395593700787402
20
0.947168937007874
11
1.738677559055118
21
0.9492977559055118
0
LINE
8
BLACK
6
CONTINUOUS
10
1.738677559055118
20
0.9492977559055118
11
1.738677559055118
21
0.9516020078740157
0
LINE
8
BLACK
6
CONTINUOUS
10
1.738677559055118
20
0.9516020078740157
11
1.7395593700787402
21
0.9537308267716536
0
LINE
8
BLACK
6
CONTINUOUS
10
1.7395593700787402
20
0.9537308267716536
11
1.7411886614173229
21
0.9553601181102362
0
LINE
8
BLACK
6
CONTINUOUS
10
1.7411886614173229
20
0.9553601181102362
11
1.7433174803149607
21
0.9562419291338582
0
LINE
8
BLACK
6
CONTINUOUS
10
1.7433174803149607
20
0.9562419291338582
11
1.7444696062992127
21
0.9563553937007874
0
LINE
8
BLACK
6
CONTINUOUS
10
1.7444696062992127
20
0.9563553937007874
11
1.7838396850393701
21
0.9563553937007874
0
LINE
8
BLACK
6
CONTINUOUS
10
1.7838396850393701
20
0.9563553937007874
11
1.784991811023622
21
0.9562419291338582
0
LINE
8
BLACK
6
CONTINUOUS
10
1.784991811023622
20
1.0096727952755906
11
1.7871206299212599
21
1.0087909842519684
0
LINE
8
BLACK
6
CONTINUOUS
10
1.7871206299212599
20
1.0087909842519684
11
1.7887499212598426
21
1.0071616929133858
0
LINE
8
BLACK
6
CONTINUOUS
10
1.7887499212598426
20
1.0071616929133858
11
1.7896317322834645
21
1.0050328740157479
0
LINE
8
BLACK
6
CONTINUOUS
10
1.7896317322834645
20
1.0050328740157479
11
1.7896317322834645
21
1.002728622047244
0
LINE
8
BLACK
6
CONTINUOUS
10
1.7896317322834645
20
1.002728622047244
11
1.7887499212598426
21
1.0005998031496062
0
LINE
8
BLACK
6
CONTINUOUS
10
1.7887499212598426
20
1.0005998031496062
11
1.7871206299212599
21
0.9989705118110236
0
LINE
8
BLACK
6
CONTINUOUS
10
1.7871206299212599
20
0.9989705118110236
11
1.784991811023622
21
0.9980887007874015
0
LINE
8
BLACK
6
CONTINUOUS
10
1.784991811023622
20
0.9980887007874015
11
1.7838396850393701
21
0.9979752362204725
0
LINE
8
BLACK
6
CONTINUOUS
10
1.7838396850393701
20
0.9979752362204725
11
1.754300157480315
21
0.9979752362204725
0
LINE
8
BLACK
6
CONTINUOUS
10
1.754300157480315
20
0.9979752362204725
11
1.751683464566929
21
0.9966668897637795
0
LINE
8
BLACK
6
CONTINUOUS
10
1.751683464566929
20
0.9966668897637795
11
1.7503751181102363
21
0.9940501574803149
0
LINE
8
BLACK
6
CONTINUOUS
10
1.7503751181102363
20
0.9940501574803149
11
1.7503751181102363
21
0.9884019291338583
0
LINE
8
BLACK
6
CONTINUOUS
10
1.7503751181102363
20
0.9884019291338583
11
1.7521352362204723
21
0.984881653543307
0
LINE
8
BLACK
6
CONTINUOUS
10
1.7521352362204723
20
0.984881653543307
11
1.7525400787401575
21
0.9844768897637795
0
LINE
8
BLACK
6
CONTINUOUS
10
1.7525400787401575
20
0.9844768897637795
11
1.7838396850393701
21
0.9844768897637795
0
LINE
8
BLACK
6
CONTINUOUS
10
1.7838396850393701
20
0.9844768897637795
11
1.784991811023622
21
0.9843634251968504
0
LINE
8
BLACK
6
CONTINUOUS
10
1.784991811023622
20
0.9843634251968504
11
1.7871206299212599
21
0.9834816141732283
0
LINE
8
BLACK
6
CONTINUOUS
10
1.7871206299212599
20
0.9834816141732283
11
1.7887499212598426
21
0.9818523228346456
0
LINE
8
BLACK
6
CONTINUOUS
10
1.7887499212598426
20
0.9818523228346456
11
1.7896317322834645
21
0.9797235039370078
0
LINE
8
BLACK
6
CONTINUOUS
10
1.7896317322834645
20
0.9797235039370078
11
1.7896317322834645
21
0.9774192519685039
0
LINE
8
BLACK
6
CONTINUOUS
10
1.7896317322834645
20
0.9774192519685039
11
1.7887499212598426
21
0.9752904330708662
0
LINE
8
BLACK
6
CONTINUOUS
10
1.7887499212598426
20
0.9752904330708662
11
1.7871206299212599
21
0.9736611417322835
0
LINE
8
BLACK
6
CONTINUOUS
10
1.7871206299212599
20
0.9736611417322835
11
1.784991811023622
21
0.9727793307086614
0
LINE
8
BLACK
6
CONTINUOUS
10
1.784991811023622
20
0.9727793307086614
11
1.7838396850393701
21
0.9726658661417322
0
LINE
8
BLACK
6
CONTINUOUS
10
1.7838396850393701
20
0.9726658661417322
11
1.7444696062992127
21
0.9726658661417322
0
LINE
8
BLACK
6
CONTINUOUS
10
1.7444696062992127
20
0.9726658661417322
11
1.7433174803149607
21
0.9727793307086614
0
LINE
8
BLACK
6
CONTINUOUS
10
1.7433174803149607
20
0.9727793307086614
11
1.7411886614173229
21
0.9736611417322835
0
LINE
8
BLACK
6
CONTINUOUS
10
1.7411886614173229
20
0.9736611417322835
11
1.7395593700787402
21
0.9752904330708662
0
LINE
8
BLACK
6
CONTINUOUS
10
1.7395593700787402
20
0.9752904330708662
11
1.738677559055118
21
0.9774192519685039
0
LINE
8
BLACK
6
CONTINUOUS
10
1.738677559055118
20
0.9774192519685039
11
1.738677559055118
21
0.9797235039370078
0
LINE
8
BLACK
6
CONTINUOUS
10
1.738677559055118
20
0.9797235039370078
11
1.7395593700787402
21
0.9818523228346456
0
LINE
8
BLACK
6
CONTINUOUS
10
1.7395593700787402
20
0.9818523228346456
11
1.7401496456692913
21
0.9824425984251969
0
LINE
8
BLACK
6
CONTINUOUS
10
1.7401496456692913
20
0.9824425984251969
11
1.739187559055118
21
0.984366811023622
0
LINE
8
BLACK
6
CONTINUOUS
10
1.739187559055118
20
0.984366811023622
11
1.7387738188976378
21
0.985448031496063
0
LINE
8
BLACK
6
CONTINUOUS
10
1.7387738188976378
20
0.985448031496063
11
1.738758779527559
21
0.9856596062992126
0
LINE
8
BLACK
6
CONTINUOUS
10
1.738758779527559
20
0.9856596062992126
11
1.738677559055118
21
0.9858557086614173
0
LINE
8
BLACK
6
CONTINUOUS
10
1.738677559055118
20
0.9858557086614173
11
1.7385640944881888
21
0.9870078346456693
0
LINE
8
BLACK
6
CONTINUOUS
10
1.7385640944881888
20
0.9870078346456693
11
1.7385640944881888
21
0.9954442913385827
0
LINE
8
BLACK
6
CONTINUOUS
10
1.7385640944881888
20
0.9954442913385827
11
1.738677559055118
21
0.9965964173228347
0
LINE
8
BLACK
6
CONTINUOUS
10
1.738677559055118
20
0.9965964173228347
11
1.738758779527559
21
0.9967924803149606
0
LINE
8
BLACK
6
CONTINUOUS
10
1.738758779527559
20
0.9967924803149606
11
1.7387738188976378
21
0.9970040944881889
0
LINE
8
BLACK
6
CONTINUOUS
10
1.7387738188976378
20
0.9970040944881889
11
1.739187559055118
21
0.9980853149606299
0
LINE
8
BLACK
6
CONTINUOUS
10
1.739187559055118
20
0.9980853149606299
11
1.7419997244094487
21
1.0037096062992126
0
LINE
8
BLACK
6
CONTINUOUS
10
1.7419997244094487
20
1.0037096062992126
11
1.742120905511811
21
1.003902125984252
0
LINE
8
BLACK
6
CONTINUOUS
10
1.742120905511811
20
1.003902125984252
11
1.7421512598425197
21
1.0039931496062993
0
LINE
8
BLACK
6
CONTINUOUS
10
1.7421512598425197
20
1.0039931496062993
11
1.742249527559055
21
1.0041064566929134
0
LINE
8
BLACK
6
CONTINUOUS
10
1.742249527559055
20
1.0041064566929134
11
1.7426164566929134
21
1.00468937007874
0
LINE
8
BLACK
6
CONTINUOUS
10
1.7426164566929134
20
1.00468937007874
11
1.7431757874015748
21
1.0051744488188976
0
LINE
8
BLACK
6
CONTINUOUS
10
1.7431757874015748
20
1.0051744488188976
11
1.7436609842519684
21
1.0057338976377952
0
LINE
8
BLACK
6
CONTINUOUS
10
1.7436609842519684
20
1.0057338976377952
11
1.7442440157480315
21
1.0061009055118111
0
LINE
8
BLACK
6
CONTINUOUS
10
1.7442440157480315
20
1.0061009055118111
11
1.7443572047244094
21
1.0061990551181101
0
LINE
8
BLACK
6
CONTINUOUS
10
1.7443572047244094
20
1.0061990551181101
11
1.7444480314960629
21
1.0062293307086614
0
LINE
8
BLACK
6
CONTINUOUS
10
1.7444480314960629
20
1.0062293307086614
11
1.744640748031496
21
1.0063506299212599
0
LINE
8
BLACK
6
CONTINUOUS
10
1.744640748031496
20
1.0063506299212599
11
1.750265
21
1.0091627952755906
0
LINE
8
BLACK
6
CONTINUOUS
10
1.750265
20
1.0091627952755906
11
1.7513462598425196
21
1.0095765354330708
0
LINE
8
BLACK
6
CONTINUOUS
10
1.7513462598425196
20
1.0095765354330708
11
1.7515578346456693
21
1.0095915354330709
0
LINE
8
BLACK
6
CONTINUOUS
10
1.7515578346456693
20
1.0095915354330709
11
1.7517539370078741
21
1.0096727952755906
0
LINE
8
BLACK
6
CONTINUOUS
10
1.7517539370078741
20
1.0096727952755906
11
1.752906062992126
21
1.0097862598425196
0
LINE
8
BLACK
6
CONTINUOUS
10
1.752906062992126
20
1.0097862598425196
11
1.7838396850393701
21
1.0097862598425196
0
LINE
8
BLACK
6
CONTINUOUS
10
1.7838396850393701
20
1.0097862598425196
11
1.784991811023622
21
1.0096727952755906
0
LINE
8
BLACK
6
CONTINUOUS
10
0.610444842519685
20
1.8277763779527558
11
0.6110297637795276
21
1.8277771259842519
0
LINE
8
BLACK
6
CONTINUOUS
10
0.6110297637795276
20
1.8277771259842519
11
0.6115646456692914
21
1.8275563385826772
0
LINE
8
BLACK
6
CONTINUOUS
10
0.6115646456692914
20
1.8275563385826772
11
0.6121322834645669
21
1.8274448031496062
0
LINE
8
BLACK
6
CONTINUOUS
10
0.6121322834645669
20
1.8274448031496062
11
0.6126192125984252
21
1.827121062992126
0
LINE
8
BLACK
6
CONTINUOUS
10
0.6126192125984252
20
1.827121062992126
11
0.61315968503937
21
1.8268979921259842
0
LINE
8
BLACK
6
CONTINUOUS
10
0.61315968503937
20
1.8268979921259842
11
0.6135692125984252
21
1.8264894488188976
0
LINE
8
BLACK
6
CONTINUOUS
10
0.6135692125984252
20
1.8264894488188976
11
0.6140511417322835
21
1.826169094488189
0
LINE
8
BLACK
6
CONTINUOUS
10
0.6140511417322835
20
1.826169094488189
11
0.614377125984252
21
1.8256835826771654
0
LINE
8
BLACK
6
CONTINUOUS
10
0.614377125984252
20
1.8256835826771654
11
0.6147910236220472
21
1.8252707874015748
0
LINE
8
BLACK
6
CONTINUOUS
10
0.6147910236220472
20
1.8252707874015748
11
0.6150131102362204
21
1.8247364960629922
0
LINE
8
BLACK
6
CONTINUOUS
10
0.6150131102362204
20
1.8247364960629922
11
0.6153357086614173
21
1.8242561417322833
0
LINE
8
BLACK
6
CONTINUOUS
10
0.6153357086614173
20
1.8242561417322833
11
0.6154510629921259
21
1.823683031496063
0
LINE
8
BLACK
6
CONTINUOUS
10
0.6154510629921259
20
1.823683031496063
11
0.6156755511811024
21
1.8231430708661418
0
LINE
8
BLACK
6
CONTINUOUS
10
0.6156755511811024
20
1.8231430708661418
11
0.6157892519685039
21
1.8220029527559054
0
LINE
8
BLACK
6
CONTINUOUS
10
0.6157892519685039
20
1.8220029527559054
11
0.6157904330708661
21
1.8219972834645668
0
LINE
8
BLACK
6
CONTINUOUS
10
0.6157904330708661
20
1.8219972834645668
11
0.6157900393700787
21
1.8219953149606298
0
LINE
8
BLACK
6
CONTINUOUS
10
0.6157900393700787
20
1.8219953149606298
11
0.6157904724409449
21
1.8219911023622046
0
LINE
8
BLACK
6
CONTINUOUS
10
0.6157904724409449
20
1.8219911023622046
11
0.6158577559055118
21
1.7688415354330709
0
LINE
8
BLACK
6
CONTINUOUS
10
0.6158577559055118
20
1.7688415354330709
11
0.6268251181102362
21
1.7688554330708661
0
LINE
8
BLACK
6
CONTINUOUS
10
0.6268251181102362
20
1.7688554330708661
11
0.6279774015748031
21
1.7687434251968503
0
LINE
8
BLACK
6
CONTINUOUS
10
0.6279774015748031
20
1.7687434251968503
11
0.6301073228346457
21
1.7678642913385827
0
LINE
8
BLACK
6
CONTINUOUS
10
0.6301073228346457
20
1.7678642913385827
11
0.6317387007874016
21
1.7662370866141732
0
LINE
8
BLACK
6
CONTINUOUS
10
0.6317387007874016
20
1.7662370866141732
11
0.6326231889763779
21
1.76410937007874
0
LINE
8
BLACK
6
CONTINUOUS
10
0.6326231889763779
20
1.76410937007874
11
0.6326261023622047
21
1.7618051181102361
0
LINE
8
BLACK
6
CONTINUOUS
10
0.6326261023622047
20
1.7618051181102361
11
0.6317470078740157
21
1.7596751968503936
0
LINE
8
BLACK
6
CONTINUOUS
10
0.6317470078740157
20
1.7596751968503936
11
0.6301197637795275
21
1.7580438582677165
0
LINE
8
BLACK
6
CONTINUOUS
10
0.6301197637795275
20
1.7580438582677165
11
0.6279920866141732
21
1.7571593307086615
0
LINE
8
BLACK
6
CONTINUOUS
10
0.6279920866141732
20
1.7571593307086615
11
0.6268400787401575
21
1.7570444094488189
0
LINE
8
BLACK
6
CONTINUOUS
10
0.6268400787401575
20
1.7570444094488189
11
0.5930943307086614
21
1.7570016929133858
0
LINE
8
BLACK
6
CONTINUOUS
10
0.5930943307086614
20
1.7570016929133858
11
0.5919420472440945
21
1.7571137007874016
0
LINE
8
BLACK
6
CONTINUOUS
10
0.5919420472440945
20
1.7571137007874016
11
0.5898121259842519
21
1.7579928346456692
0
LINE
8
BLACK
6
CONTINUOUS
10
0.5898121259842519
20
1.7579928346456692
11
0.5881807874015748
21
1.7596200393700787
0
LINE
8
BLACK
6
CONTINUOUS
10
0.5881807874015748
20
1.7596200393700787
11
0.5872962598425197
21
1.7617477559055117
0
LINE
8
BLACK
6
CONTINUOUS
10
0.5872962598425197
20
1.7617477559055117
11
0.587293346456693
21
1.7640520078740156
0
LINE
8
BLACK
6
CONTINUOUS
10
0.587293346456693
20
1.7640520078740156
11
0.5881724803149606
21
1.7661819291338583
0
LINE
8
BLACK
6
CONTINUOUS
10
0.5881724803149606
20
1.7661819291338583
11
0.5897996850393701
21
1.7678132677165355
0
LINE
8
BLACK
6
CONTINUOUS
10
0.5897996850393701
20
1.7678132677165355
11
0.5919274015748032
21
1.7686977952755905
0
LINE
8
BLACK
6
CONTINUOUS
10
0.5919274015748032
20
1.7686977952755905
11
0.5930793700787401
21
1.768812716535433
0
LINE
8
BLACK
6
CONTINUOUS
10
0.5930793700787401
20
1.768812716535433
11
0.6040467322834645
21
1.7688265748031495
0
LINE
8
BLACK
6
CONTINUOUS
10
0.6040467322834645
20
1.7688265748031495
11
0.6040010236220472
21
1.8049068503937007
0
LINE
8
BLACK
6
CONTINUOUS
10
0.6040010236220472
20
1.8049068503937007
11
0.6028352755905512
21
1.8037381102362204
0
LINE
8
BLACK
6
CONTINUOUS
10
0.6028352755905512
20
1.8037381102362204
11
0.602382874015748
21
1.8033658661417322
0
LINE
8
BLACK
6
CONTINUOUS
10
0.602382874015748
20
1.8033658661417322
11
0.6022808267716535
21
1.8032479133858268
0
LINE
8
BLACK
6
CONTINUOUS
10
0.6022808267716535
20
1.8032479133858268
11
0.6021033070866142
21
1.8031358267716535
0
LINE
8
BLACK
6
CONTINUOUS
10
0.6021033070866142
20
1.8031358267716535
11
0.6019412992125984
21
1.803002559055118
0
LINE
8
BLACK
6
CONTINUOUS
10
0.6019412992125984
20
1.803002559055118
11
0.601797283464567
21
1.8029426771653543
0
LINE
8
BLACK
6
CONTINUOUS
10
0.601797283464567
20
1.8029426771653543
11
0.6013018503937008
21
1.8026299606299212
0
LINE
8
BLACK
6
CONTINUOUS
10
0.6013018503937008
20
1.8026299606299212
11
0.5956811023622047
21
1.7998107086614172
0
LINE
8
BLACK
6
CONTINUOUS
10
0.5956811023622047
20
1.7998107086614172
11
0.5946003937007874
21
1.7993955905511811
0
LINE
8
BLACK
6
CONTINUOUS
10
0.5946003937007874
20
1.7993955905511811
11
0.5923021653543307
21
1.7992293307086613
0
LINE
8
BLACK
6
CONTINUOUS
10
0.5923021653543307
20
1.7992293307086613
11
0.5901153543307086
21
1.7999552362204725
0
LINE
8
BLACK
6
CONTINUOUS
10
0.5901153543307086
20
1.7999552362204725
11
0.5883726771653544
21
1.8014627559055119
0
LINE
8
BLACK
6
CONTINUOUS
10
0.5883726771653544
20
1.8014627559055119
11
0.5873396062992126
21
1.8035224409448818
0
LINE
8
BLACK
6
CONTINUOUS
10
0.5873396062992126
20
1.8035224409448818
11
0.5871733464566929
21
1.8058206692913386
0
LINE
8
BLACK
6
CONTINUOUS
10
0.5871733464566929
20
1.8058206692913386
11
0.5878992519685039
21
1.8080074803149606
0
LINE
8
BLACK
6
CONTINUOUS
10
0.5878992519685039
20
1.8080074803149606
11
0.5894067716535433
21
1.809750157480315
0
LINE
8
BLACK
6
CONTINUOUS
10
0.5894067716535433
20
1.809750157480315
11
0.590385748031496
21
1.8103681102362204
0
LINE
8
BLACK
6
CONTINUOUS
10
0.590385748031496
20
1.8103681102362204
11
0.5951498031496063
21
1.8127576771653542
0
LINE
8
BLACK
6
CONTINUOUS
10
0.5951498031496063
20
1.8127576771653542
11
0.5996772440944882
21
1.8172965748031495
0
LINE
8
BLACK
6
CONTINUOUS
10
0.5996772440944882
20
1.8172965748031495
11
0.604967125984252
21
1.8252531889763779
0
LINE
8
BLACK
6
CONTINUOUS
10
0.604967125984252
20
1.8252531889763779
11
0.6049698031496062
21
1.8252564566929133
0
LINE
8
BLACK
6
CONTINUOUS
10
0.6049698031496062
20
1.8252564566929133
11
0.6049705905511811
21
1.8252583464566929
0
LINE
8
BLACK
6
CONTINUOUS
10
0.6049705905511811
20
1.8252583464566929
11
0.60497468503937
21
1.8252624803149606
0
LINE
8
BLACK
6
CONTINUOUS
10
0.60497468503937
20
1.8252624803149606
11
0.6056994881889763
21
1.8261498031496062
0
LINE
8
BLACK
6
CONTINUOUS
10
0.6056994881889763
20
1.8261498031496062
11
0.6061849606299212
21
1.8264757874015747
0
LINE
8
BLACK
6
CONTINUOUS
10
0.6061849606299212
20
1.8264757874015747
11
0.6065977952755905
21
1.8268896850393701
0
LINE
8
BLACK
6
CONTINUOUS
10
0.6065977952755905
20
1.8268896850393701
11
0.6071320472440944
21
1.8271117716535432
0
LINE
8
BLACK
6
CONTINUOUS
10
0.6071320472440944
20
1.8271117716535432
11
0.6076124409448819
21
1.8274343700787401
0
LINE
8
BLACK
6
CONTINUOUS
10
0.6076124409448819
20
1.8274343700787401
11
0.6081855118110236
21
1.8275497244094487
0
LINE
8
BLACK
6
CONTINUOUS
10
0.6081855118110236
20
1.8275497244094487
11
0.6087255118110236
21
1.8277742125984251
0
LINE
8
BLACK
6
CONTINUOUS
10
0.6087255118110236
20
1.8277742125984251
11
0.6093042519685039
21
1.8277749212598424
0
LINE
8
BLACK
6
CONTINUOUS
10
0.6093042519685039
20
1.8277749212598424
11
0.6098712992125984
21
1.8278890944881889
0
LINE
8
BLACK
6
CONTINUOUS
10
0.6098712992125984
20
1.8278890944881889
11
0.610444842519685
21
1.8277763779527558
0
LINE
8
BLACK
6
CONTINUOUS
10
0.7094548818897638
20
1.8279017322834645
11
0.711584842519685
21
1.8270225984251969
0
LINE
8
BLACK
6
CONTINUOUS
10
0.711584842519685
20
1.8270225984251969
11
0.7132161811023622
21
1.8253953937007874
0
LINE
8
BLACK
6
CONTINUOUS
10
0.7132161811023622
20
1.8253953937007874
11
0.7141006692913385
21
1.8232676771653542
0
LINE
8
BLACK
6
CONTINUOUS
10
0.7141006692913385
20
1.8232676771653542
11
0.7141035826771653
21
1.8209634251968503
0
LINE
8
BLACK
6
CONTINUOUS
10
0.7141035826771653
20
1.8209634251968503
11
0.7132244881889763
21
1.8188335039370078
0
LINE
8
BLACK
6
CONTINUOUS
10
0.7132244881889763
20
1.8188335039370078
11
0.7115972440944882
21
1.8172021653543307
0
LINE
8
BLACK
6
CONTINUOUS
10
0.7115972440944882
20
1.8172021653543307
11
0.7094695669291339
21
1.8163176377952754
0
LINE
8
BLACK
6
CONTINUOUS
10
0.7094695669291339
20
1.8163176377952754
11
0.7083175590551181
21
1.8162027165354331
0
LINE
8
BLACK
6
CONTINUOUS
10
0.7083175590551181
20
1.8162027165354331
11
0.6855404724409448
21
1.8161738582677165
0
LINE
8
BLACK
6
CONTINUOUS
10
0.6855404724409448
20
1.8161738582677165
11
0.6844660236220472
21
1.8052902362204724
0
LINE
8
BLACK
6
CONTINUOUS
10
0.6844660236220472
20
1.8052902362204724
11
0.6844859448818897
21
1.805291653543307
0
LINE
8
BLACK
6
CONTINUOUS
10
0.6844859448818897
20
1.805291653543307
11
0.6846819291338583
21
1.8053731496062992
0
LINE
8
BLACK
6
CONTINUOUS
10
0.6846819291338583
20
1.8053731496062992
11
0.6858338976377952
21
1.8054880708661416
0
LINE
8
BLACK
6
CONTINUOUS
10
0.6858338976377952
20
1.8054880708661416
11
0.6998946456692913
21
1.8055058661417323
0
LINE
8
BLACK
6
CONTINUOUS
10
0.6998946456692913
20
1.8055058661417323
11
0.7010468897637795
21
1.8053938582677165
0
LINE
8
BLACK
6
CONTINUOUS
10
0.7010468897637795
20
1.8053938582677165
11
0.7012429527559055
21
1.8053129133858268
0
LINE
8
BLACK
6
CONTINUOUS
10
0.7012429527559055
20
1.8053129133858268
11
0.70145468503937
21
1.8052981496062992
0
LINE
8
BLACK
6
CONTINUOUS
10
0.70145468503937
20
1.8052981496062992
11
0.7025364566929134
21
1.8048857480314959
0
LINE
8
BLACK
6
CONTINUOUS
10
0.7025364566929134
20
1.8048857480314959
11
0.708164251968504
21
1.802080748031496
0
LINE
8
BLACK
6
CONTINUOUS
10
0.708164251968504
20
1.802080748031496
11
0.7086605118110236
21
1.8017692125984253
0
LINE
8
BLACK
6
CONTINUOUS
10
0.7086605118110236
20
1.8017692125984253
11
0.7088046456692914
21
1.8017097637795276
0
LINE
8
BLACK
6
CONTINUOUS
10
0.7088046456692914
20
1.8017097637795276
11
0.7089669291338583
21
1.8015768897637794
0
LINE
8
BLACK
6
CONTINUOUS
10
0.7089669291338583
20
1.8015768897637794
11
0.7091448031496063
21
1.8014652755905511
0
LINE
8
BLACK
6
CONTINUOUS
10
0.7091448031496063
20
1.8014652755905511
11
0.7092471653543307
21
1.8013475196850393
0
LINE
8
BLACK
6
CONTINUOUS
10
0.7092471653543307
20
1.8013475196850393
11
0.7097005118110236
21
1.8009764566929134
0
LINE
8
BLACK
6
CONTINUOUS
10
0.7097005118110236
20
1.8009764566929134
11
0.7125161811023621
21
1.7981678740157481
0
LINE
8
BLACK
6
CONTINUOUS
10
0.7125161811023621
20
1.7981678740157481
11
0.7128883464566929
21
1.7977155118110235
0
LINE
8
BLACK
6
CONTINUOUS
10
0.7128883464566929
20
1.7977155118110235
11
0.7130064173228347
21
1.7976134251968503
0
LINE
8
BLACK
6
CONTINUOUS
10
0.7130064173228347
20
1.7976134251968503
11
0.7131184645669291
21
1.7974358661417322
0
LINE
8
BLACK
6
CONTINUOUS
10
0.7131184645669291
20
1.7974358661417322
11
0.7132517716535433
21
1.7972738976377953
0
LINE
8
BLACK
6
CONTINUOUS
10
0.7132517716535433
20
1.7972738976377953
11
0.7133116141732283
21
1.7971298818897636
0
LINE
8
BLACK
6
CONTINUOUS
10
0.7133116141732283
20
1.7971298818897636
11
0.7136243700787401
21
1.7966344488188977
0
LINE
8
BLACK
6
CONTINUOUS
10
0.7136243700787401
20
1.7966344488188977
11
0.7164436220472441
21
1.7910137401574804
0
LINE
8
BLACK
6
CONTINUOUS
10
0.7164436220472441
20
1.7910137401574804
11
0.7168587401574803
21
1.7899330314960629
0
LINE
8
BLACK
6
CONTINUOUS
10
0.7168587401574803
20
1.7899330314960629
11
0.7168740157480314
21
1.7897214173228346
0
LINE
8
BLACK
6
CONTINUOUS
10
0.7168740157480314
20
1.7897214173228346
11
0.7169555118110236
21
1.7895254724409448
0
LINE
8
BLACK
6
CONTINUOUS
10
0.7169555118110236
20
1.7895254724409448
11
0.7170704330708662
21
1.7883735039370079
0
LINE
8
BLACK
6
CONTINUOUS
10
0.7170704330708662
20
1.7883735039370079
11
0.7170882283464567
21
1.7743127559055119
0
LINE
8
BLACK
6
CONTINUOUS
10
0.7170882283464567
20
1.7743127559055119
11
0.7169762204724409
21
1.7731605118110236
0
LINE
8
BLACK
6
CONTINUOUS
10
0.7169762204724409
20
1.7731605118110236
11
0.7168952755905512
21
1.7729644094488188
0
LINE
8
BLACK
6
CONTINUOUS
10
0.7168952755905512
20
1.7729644094488188
11
0.7168805118110236
21
1.7727526771653543
0
LINE
8
BLACK
6
CONTINUOUS
10
0.7168805118110236
20
1.7727526771653543
11
0.7164681102362205
21
1.7716709448818897
0
LINE
8
BLACK
6
CONTINUOUS
10
0.7164681102362205
20
1.7716709448818897
11
0.7136631102362204
21
1.7660431102362204
0
LINE
8
BLACK
6
CONTINUOUS
10
0.7136631102362204
20
1.7660431102362204
11
0.7133515748031496
21
1.7655468110236221
0
LINE
8
BLACK
6
CONTINUOUS
10
0.7133515748031496
20
1.7655468110236221
11
0.713292125984252
21
1.7654027559055119
0
LINE
8
BLACK
6
CONTINUOUS
10
0.713292125984252
20
1.7654027559055119
11
0.7131592913385827
21
1.765240472440945
0
LINE
8
BLACK
6
CONTINUOUS
10
0.7131592913385827
20
1.765240472440945
11
0.7130476377952756
21
1.7650625984251969
0
LINE
8
BLACK
6
CONTINUOUS
10
0.7130476377952756
20
1.7650625984251969
11
0.7129298818897638
21
1.7649601968503936
0
LINE
8
BLACK
6
CONTINUOUS
10
0.7129298818897638
20
1.7649601968503936
11
0.7125588188976377
21
1.7645068897637795
0
LINE
8
BLACK
6
CONTINUOUS
10
0.7125588188976377
20
1.7645068897637795
11
0.7097502362204724
21
1.7616911811023621
0
LINE
8
BLACK
6
CONTINUOUS
10
0.7097502362204724
20
1.7616911811023621
11
0.7092978346456693
21
1.7613189370078739
0
LINE
8
BLACK
6
CONTINUOUS
10
0.7092978346456693
20
1.7613189370078739
11
0.7091957874015747
21
1.7612009842519685
0
LINE
8
BLACK
6
CONTINUOUS
10
0.7091957874015747
20
1.7612009842519685
11
0.7090182677165354
21
1.7610888976377952
0
LINE
8
BLACK
6
CONTINUOUS
10
0.7090182677165354
20
1.7610888976377952
11
0.7088562598425197
21
1.7609556299212599
0
LINE
8
BLACK
6
CONTINUOUS
10
0.7088562598425197
20
1.7609556299212599
11
0.7087122440944882
21
1.760895748031496
0
LINE
8
BLACK
6
CONTINUOUS
10
0.7087122440944882
20
1.760895748031496
11
0.708216811023622
21
1.7605830314960629
0
LINE
8
BLACK
6
CONTINUOUS
10
0.708216811023622
20
1.7605830314960629
11
0.702596062992126
21
1.7577637795275589
0
LINE
8
BLACK
6
CONTINUOUS
10
0.702596062992126
20
1.7577637795275589
11
0.7015153543307087
21
1.7573486614173228
0
LINE
8
BLACK
6
CONTINUOUS
10
0.7015153543307087
20
1.7573486614173228
11
0.7013037795275591
21
1.7573333464566929
0
LINE
8
BLACK
6
CONTINUOUS
10
0.7013037795275591
20
1.7573333464566929
11
0.7011078346456693
21
1.7572518897637794
0
LINE
8
BLACK
6
CONTINUOUS
10
0.7011078346456693
20
1.7572518897637794
11
0.6999558661417322
21
1.7571369685039369
0
LINE
8
BLACK
6
CONTINUOUS
10
0.6999558661417322
20
1.7571369685039369
11
0.6858951181102362
21
1.7571191732283464
0
LINE
8
BLACK
6
CONTINUOUS
10
0.6858951181102362
20
1.7571191732283464
11
0.6847428346456693
21
1.7572311811023622
0
LINE
8
BLACK
6
CONTINUOUS
10
0.6847428346456693
20
1.7572311811023622
11
0.6845467322834645
21
1.7573120866141732
0
LINE
8
BLACK
6
CONTINUOUS
10
0.6845467322834645
20
1.7573120866141732
11
0.6843350393700788
21
1.7573268897637795
0
LINE
8
BLACK
6
CONTINUOUS
10
0.6843350393700788
20
1.7573268897637795
11
0.6832533070866141
21
1.7577392913385825
0
LINE
8
BLACK
6
CONTINUOUS
10
0.6832533070866141
20
1.7577392913385825
11
0.6776254724409448
21
1.7605442913385827
0
LINE
8
BLACK
6
CONTINUOUS
10
0.6776254724409448
20
1.7605442913385827
11
0.6771291732283464
21
1.7608557874015747
0
LINE
8
BLACK
6
CONTINUOUS
10
0.6771291732283464
20
1.7608557874015747
11
0.6769851181102362
21
1.7609152755905511
0
LINE
8
BLACK
6
CONTINUOUS
10
0.6769851181102362
20
1.7609152755905511
11
0.6768228346456693
21
1.7610480708661418
0
LINE
8
BLACK
6
CONTINUOUS
10
0.6768228346456693
20
1.7610480708661418
11
0.6766449606299213
21
1.7611597637795275
0
LINE
8
BLACK
6
CONTINUOUS
10
0.6766449606299213
20
1.7611597637795275
11
0.6765425590551181
21
1.7612774803149607
0
LINE
8
BLACK
6
CONTINUOUS
10
0.6765425590551181
20
1.7612774803149607
11
0.6760892519685039
21
1.7616485826771653
0
LINE
8
BLACK
6
CONTINUOUS
10
0.6760892519685039
20
1.7616485826771653
11
0.6732735433070866
21
1.7644571653543306
0
LINE
8
BLACK
6
CONTINUOUS
10
0.6732735433070866
20
1.7644571653543306
11
0.6725379921259842
21
1.7653511417322834
0
LINE
8
BLACK
6
CONTINUOUS
10
0.6725379921259842
20
1.7653511417322834
11
0.6716535039370078
21
1.7674788582677166
0
LINE
8
BLACK
6
CONTINUOUS
10
0.6716535039370078
20
1.7674788582677166
11
0.671650590551181
21
1.7697829921259842
0
LINE
8
BLACK
6
CONTINUOUS
10
0.671650590551181
20
1.7697829921259842
11
0.6725296850393701
21
1.7719129527559054
0
LINE
8
BLACK
6
CONTINUOUS
10
0.6725296850393701
20
1.7719129527559054
11
0.674156968503937
21
1.7735443700787401
0
LINE
8
BLACK
6
CONTINUOUS
10
0.674156968503937
20
1.7735443700787401
11
0.6762846850393701
21
1.7744288582677166
0
LINE
8
BLACK
6
CONTINUOUS
10
0.6762846850393701
20
1.7744288582677166
11
0.6785888188976378
21
1.7744317716535434
0
LINE
8
BLACK
6
CONTINUOUS
10
0.6785888188976378
20
1.7744317716535434
11
0.680718779527559
21
1.7735526771653543
0
LINE
8
BLACK
6
CONTINUOUS
10
0.680718779527559
20
1.7735526771653543
11
0.6816146456692913
21
1.77281937007874
0
LINE
8
BLACK
6
CONTINUOUS
10
0.6816146456692913
20
1.77281937007874
11
0.6837517716535433
21
1.7706875984251969
0
LINE
8
BLACK
6
CONTINUOUS
10
0.6837517716535433
20
1.7706875984251969
11
0.6872742125984251
21
1.7689319291338583
0
LINE
8
BLACK
6
CONTINUOUS
10
0.6872742125984251
20
1.7689319291338583
11
0.6985468503937008
21
1.7689462204724409
0
LINE
8
BLACK
6
CONTINUOUS
10
0.6985468503937008
20
1.7689462204724409
11
0.7020648031496063
21
1.7707107480314961
0
LINE
8
BLACK
6
CONTINUOUS
10
0.7020648031496063
20
1.7707107480314961
11
0.7035197637795275
21
1.772169409448819
0
LINE
8
BLACK
6
CONTINUOUS
10
0.7035197637795275
20
1.772169409448819
11
0.7052754330708662
21
1.7756918503937007
0
LINE
8
BLACK
6
CONTINUOUS
10
0.7052754330708662
20
1.7756918503937007
11
0.7052611417322835
21
1.7869644881889764
0
LINE
8
BLACK
6
CONTINUOUS
10
0.7052611417322835
20
1.7869644881889764
11
0.703496653543307
21
1.7904824015748031
0
LINE
8
BLACK
6
CONTINUOUS
10
0.703496653543307
20
1.7904824015748031
11
0.7020379133858268
21
1.7919374409448818
0
LINE
8
BLACK
6
CONTINUOUS
10
0.7020379133858268
20
1.7919374409448818
11
0.6985155118110236
21
1.7936930708661416
0
LINE
8
BLACK
6
CONTINUOUS
10
0.6985155118110236
20
1.7936930708661416
11
0.687242874015748
21
1.7936787795275591
0
LINE
8
BLACK
6
CONTINUOUS
10
0.687242874015748
20
1.7936787795275591
11
0.6837249606299213
21
1.7919142913385826
0
LINE
8
BLACK
6
CONTINUOUS
10
0.6837249606299213
20
1.7919142913385826
11
0.6815931496062992
21
1.7897770472440944
0
LINE
8
BLACK
6
CONTINUOUS
10
0.6815931496062992
20
1.7897770472440944
11
0.6806991732283464
21
1.7890414960629921
0
LINE
8
BLACK
6
CONTINUOUS
10
0.6806991732283464
20
1.7890414960629921
11
0.6804246062992125
21
1.7889273622047244
0
LINE
8
BLACK
6
CONTINUOUS
10
0.6804246062992125
20
1.7889273622047244
11
0.6801947244094488
21
1.7887387795275591
0
LINE
8
BLACK
6
CONTINUOUS
10
0.6801947244094488
20
1.7887387795275591
11
0.6793685826771654
21
1.788488346456693
0
LINE
8
BLACK
6
CONTINUOUS
10
0.6793685826771654
20
1.788488346456693
11
0.6785714566929134
21
1.7881570078740157
0
LINE
8
BLACK
6
CONTINUOUS
10
0.6785714566929134
20
1.7881570078740157
11
0.6782740551181102
21
1.7881566141732284
0
LINE
8
BLACK
6
CONTINUOUS
10
0.6782740551181102
20
1.7881566141732284
11
0.6779895669291338
21
1.7880703937007874
0
LINE
8
BLACK
6
CONTINUOUS
10
0.6779895669291338
20
1.7880703937007874
11
0.6771306299212598
21
1.7881551574803149
0
LINE
8
BLACK
6
CONTINUOUS
10
0.6771306299212598
20
1.7881551574803149
11
0.6762673228346456
21
1.7881540944881888
0
LINE
8
BLACK
6
CONTINUOUS
10
0.6762673228346456
20
1.7881540944881888
11
0.6759924015748031
21
1.7882675196850393
0
LINE
8
BLACK
6
CONTINUOUS
10
0.6759924015748031
20
1.7882675196850393
11
0.6756964566929133
21
1.7882967716535432
0
LINE
8
BLACK
6
CONTINUOUS
10
0.6756964566929133
20
1.7882967716535432
11
0.6749352362204725
21
1.7887038582677164
0
LINE
8
BLACK
6
CONTINUOUS
10
0.6749352362204725
20
1.7887038582677164
11
0.6741373622047244
21
1.789033188976378
0
LINE
8
BLACK
6
CONTINUOUS
10
0.6741373622047244
20
1.789033188976378
11
0.6739267716535433
21
1.789243188976378
0
LINE
8
BLACK
6
CONTINUOUS
10
0.6739267716535433
20
1.789243188976378
11
0.6736645669291338
21
1.7893834645669291
0
LINE
8
BLACK
6
CONTINUOUS
10
0.6736645669291338
20
1.7893834645669291
11
0.6731170472440945
21
1.7900508661417323
0
LINE
8
BLACK
6
CONTINUOUS
10
0.6731170472440945
20
1.7900508661417323
11
0.6725059448818898
21
1.790660472440945
0
LINE
8
BLACK
6
CONTINUOUS
10
0.6725059448818898
20
1.790660472440945
11
0.672391811023622
21
1.7909349999999999
0
LINE
8
BLACK
6
CONTINUOUS
10
0.672391811023622
20
1.7909349999999999
11
0.6722032283464566
21
1.7911649212598424
0
LINE
8
BLACK
6
CONTINUOUS
10
0.6722032283464566
20
1.7911649212598424
11
0.6719527952755905
21
1.7919910236220471
0
LINE
8
BLACK
6
CONTINUOUS
10
0.6719527952755905
20
1.7919910236220471
11
0.6716214566929134
21
1.7927881889763779
0
LINE
8
BLACK
6
CONTINUOUS
10
0.6716214566929134
20
1.7927881889763779
11
0.671621062992126
21
1.7930855511811024
0
LINE
8
BLACK
6
CONTINUOUS
10
0.671621062992126
20
1.7930855511811024
11
0.671534842519685
21
1.7933700787401574
0
LINE
8
BLACK
6
CONTINUOUS
10
0.671534842519685
20
1.7933700787401574
11
0.6715351181102363
21
1.7945277952755905
0
LINE
8
BLACK
6
CONTINUOUS
10
0.6715351181102363
20
1.7945277952755905
11
0.6743116929133858
21
1.8226528346456692
0
LINE
8
BLACK
6
CONTINUOUS
10
0.6743116929133858
20
1.8226528346456692
11
0.6743952755905511
21
1.8230726771653543
0
LINE
8
BLACK
6
CONTINUOUS
10
0.6743952755905511
20
1.8230726771653543
11
0.6743951181102362
21
1.8232174409448818
0
LINE
8
BLACK
6
CONTINUOUS
10
0.6743951181102362
20
1.8232174409448818
11
0.6744511417322835
21
1.8233532283464566
0
LINE
8
BLACK
6
CONTINUOUS
10
0.6744511417322835
20
1.8233532283464566
11
0.6745377952755905
21
1.8237882283464566
0
LINE
8
BLACK
6
CONTINUOUS
10
0.6745377952755905
20
1.8237882283464566
11
0.6749448818897638
21
1.8245494094488188
0
LINE
8
BLACK
6
CONTINUOUS
10
0.6749448818897638
20
1.8245494094488188
11
0.6752742519685039
21
1.8253473622047243
0
LINE
8
BLACK
6
CONTINUOUS
10
0.6752742519685039
20
1.8253473622047243
11
0.6754842125984252
21
1.8255578740157481
0
LINE
8
BLACK
6
CONTINUOUS
10
0.6754842125984252
20
1.8255578740157481
11
0.6756244881889764
21
1.8258201181102363
0
LINE
8
BLACK
6
CONTINUOUS
10
0.6756244881889764
20
1.8258201181102363
11
0.6762918897637795
21
1.8263675984251968
0
LINE
8
BLACK
6
CONTINUOUS
10
0.6762918897637795
20
1.8263675984251968
11
0.6769014566929134
21
1.8269787007874014
0
LINE
8
BLACK
6
CONTINUOUS
10
0.6769014566929134
20
1.8269787007874014
11
0.6771759842519685
21
1.8270927952755904
0
LINE
8
BLACK
6
CONTINUOUS
10
0.6771759842519685
20
1.8270927952755904
11
0.6774059448818898
21
1.8272814566929134
0
LINE
8
BLACK
6
CONTINUOUS
10
0.6774059448818898
20
1.8272814566929134
11
0.6782321653543307
21
1.8275318897637796
0
LINE
8
BLACK
6
CONTINUOUS
10
0.6782321653543307
20
1.8275318897637796
11
0.6790291732283464
21
1.8278632283464566
0
LINE
8
BLACK
6
CONTINUOUS
10
0.6790291732283464
20
1.8278632283464566
11
0.6794704330708661
21
1.8279072440944881
0
LINE
8
BLACK
6
CONTINUOUS
10
0.6794704330708661
20
1.8279072440944881
11
0.6796111023622047
21
1.8279498818897637
0
LINE
8
BLACK
6
CONTINUOUS
10
0.6796111023622047
20
1.8279498818897637
11
0.6797551574803149
21
1.8279356299212599
0
LINE
8
BLACK
6
CONTINUOUS
10
0.6797551574803149
20
1.8279356299212599
11
0.6801811417322835
21
1.8279781496062992
0
LINE
8
BLACK
6
CONTINUOUS
10
0.6801811417322835
20
1.8279781496062992
11
0.7083026377952756
21
1.8280137401574803
0
LINE
8
BLACK
6
CONTINUOUS
10
0.7083026377952756
20
1.8280137401574803
11
0.7094548818897638
21
1.8279017322834645
0
LINE
8
BLACK
6
CONTINUOUS
10
0.6545240551181102
20
1.773886062992126
11
0.6554094488188976
21
1.7735206692913386
0
LINE
8
BLACK
6
CONTINUOUS
10
0.6554094488188976
20
1.7735206692913386
11
0.6563053149606299
21
1.7727873622047243
0
LINE
8
BLACK
6
CONTINUOUS
10
0.6563053149606299
20
1.7727873622047243
11
0.6591209842519685
21
1.769978779527559
0
LINE
8
BLACK
6
CONTINUOUS
10
0.6591209842519685
20
1.769978779527559
11
0.6598565748031496
21
1.7690848031496063
0
LINE
8
BLACK
6
CONTINUOUS
10
0.6598565748031496
20
1.7690848031496063
11
0.6607410236220472
21
1.7669570866141733
0
LINE
8
BLACK
6
CONTINUOUS
10
0.6607410236220472
20
1.7669570866141733
11
0.6607439763779528
21
1.7646529133858266
0
LINE
8
BLACK
6
CONTINUOUS
10
0.6607439763779528
20
1.7646529133858266
11
0.6598648818897638
21
1.7625229921259842
0
LINE
8
BLACK
6
CONTINUOUS
10
0.6598648818897638
20
1.7625229921259842
11
0.6591315748031495
21
1.761627125984252
0
LINE
8
BLACK
6
CONTINUOUS
10
0.6591315748031495
20
1.761627125984252
11
0.6563229921259842
21
1.7588114173228346
0
LINE
8
BLACK
6
CONTINUOUS
10
0.6563229921259842
20
1.7588114173228346
11
0.6554290157480315
21
1.7580758661417322
0
LINE
8
BLACK
6
CONTINUOUS
10
0.6554290157480315
20
1.7580758661417322
11
0.6543716929133858
21
1.7576363385826772
0
LINE
8
BLACK
6
CONTINUOUS
10
0.6543716929133858
20
1.7576363385826772
11
0.6533013385826771
21
1.7571913779527559
0
LINE
8
BLACK
6
CONTINUOUS
10
0.6533013385826771
20
1.7571913779527559
11
0.6525332283464567
21
1.7571903937007873
0
LINE
8
BLACK
6
CONTINUOUS
10
0.6525332283464567
20
1.7571903937007873
11
0.6509971653543307
21
1.7571884645669291
0
LINE
8
BLACK
6
CONTINUOUS
10
0.6509971653543307
20
1.7571884645669291
11
0.650997125984252
21
1.7571884645669291
0
LINE
8
BLACK
6
CONTINUOUS
10
0.650997125984252
20
1.7571884645669291
11
0.6509970866141732
21
1.7571884645669291
0
LINE
8
BLACK
6
CONTINUOUS
10
0.6509970866141732
20
1.7571884645669291
11
0.6496032283464567
21
1.7577637795275589
0
LINE
8
BLACK
6
CONTINUOUS
10
0.6496032283464567
20
1.7577637795275589
11
0.6488672047244094
21
1.758067559055118
0
LINE
8
BLACK
6
CONTINUOUS
10
0.6488672047244094
20
1.758067559055118
11
0.6479713385826772
21
1.7588008661417323
0
LINE
8
BLACK
6
CONTINUOUS
10
0.6479713385826772
20
1.7588008661417323
11
0.6451556299212599
21
1.7616094488188976
0
LINE
8
BLACK
6
CONTINUOUS
10
0.6451556299212599
20
1.7616094488188976
11
0.6444200787401575
21
1.7625034251968503
0
LINE
8
BLACK
6
CONTINUOUS
10
0.6444200787401575
20
1.7625034251968503
11
0.643535590551181
21
1.7646311417322835
0
LINE
8
BLACK
6
CONTINUOUS
10
0.643535590551181
20
1.7646311417322835
11
0.6435326771653543
21
1.7669352755905512
0
LINE
8
BLACK
6
CONTINUOUS
10
0.6435326771653543
20
1.7669352755905512
11
0.6444117716535432
21
1.7690652362204724
0
LINE
8
BLACK
6
CONTINUOUS
10
0.6444117716535432
20
1.7690652362204724
11
0.6451450787401575
21
1.7699611023622046
0
LINE
8
BLACK
6
CONTINUOUS
10
0.6451450787401575
20
1.7699611023622046
11
0.6479536614173228
21
1.7727767716535432
0
LINE
8
BLACK
6
CONTINUOUS
10
0.6479536614173228
20
1.7727767716535432
11
0.6488476377952755
21
1.7735123622047244
0
LINE
8
BLACK
6
CONTINUOUS
10
0.6488476377952755
20
1.7735123622047244
11
0.6489446062992126
21
1.7735526771653543
0
LINE
8
BLACK
6
CONTINUOUS
10
0.6489446062992126
20
1.7735526771653543
11
0.6500908267716535
21
1.7740291338582677
0
LINE
8
BLACK
6
CONTINUOUS
10
0.6500908267716535
20
1.7740291338582677
11
0.6509753149606299
21
1.7743968503937007
0
LINE
8
BLACK
6
CONTINUOUS
10
0.6509753149606299
20
1.7743968503937007
11
0.6517433858267716
21
1.7743977952755905
0
LINE
8
BLACK
6
CONTINUOUS
10
0.6517433858267716
20
1.7743977952755905
11
0.6532794881889764
21
1.7743997637795275
0
LINE
8
BLACK
6
CONTINUOUS
10
0.6532794881889764
20
1.7743997637795275
11
0.6532794881889764
21
1.7743997244094487
0
LINE
8
BLACK
6
CONTINUOUS
10
0.6532794881889764
20
1.7743997244094487
11
0.6532795669291338
21
1.7743997637795275
0
LINE
8
BLACK
6
CONTINUOUS
10
0.6532795669291338
20
1.7743997637795275
11
0.6545240551181102
21
1.773886062992126
0
LINE
8
BLACK
6
CONTINUOUS
10
0.7572612992125984
20
1.827962244094488
11
0.7574573622047244
21
1.8278812992125983
0
LINE
8
BLACK
6
CONTINUOUS
10
0.7574573622047244
20
1.8278812992125983
11
0.7576691338582677
21
1.8278665354330708
0
LINE
8
BLACK
6
CONTINUOUS
10
0.7576691338582677
20
1.8278665354330708
11
0.7587508661417323
21
1.8274541338582677
0
LINE
8
BLACK
6
CONTINUOUS
10
0.7587508661417323
20
1.8274541338582677
11
0.7643787401574803
21
1.824649094488189
0
LINE
8
BLACK
6
CONTINUOUS
10
0.7643787401574803
20
1.824649094488189
11
0.764875
21
1.8243375590551181
0
LINE
8
BLACK
6
CONTINUOUS
10
0.764875
20
1.8243375590551181
11
0.7650190944881889
21
1.8242781102362204
0
LINE
8
BLACK
6
CONTINUOUS
10
0.7650190944881889
20
1.8242781102362204
11
0.7651814173228346
21
1.8241451968503937
0
LINE
8
BLACK
6
CONTINUOUS
10
0.7651814173228346
20
1.8241451968503937
11
0.7653592913385827
21
1.8240335826771654
0
LINE
8
BLACK
6
CONTINUOUS
10
0.7653592913385827
20
1.8240335826771654
11
0.7654616535433071
21
1.8239158267716535
0
LINE
8
BLACK
6
CONTINUOUS
10
0.7654616535433071
20
1.8239158267716535
11
0.7659149606299213
21
1.8235448031496062
0
LINE
8
BLACK
6
CONTINUOUS
10
0.7659149606299213
20
1.8235448031496062
11
0.7687306299212598
21
1.8207362204724409
0
LINE
8
BLACK
6
CONTINUOUS
10
0.7687306299212598
20
1.8207362204724409
11
0.7691027952755906
21
1.8202838582677165
0
LINE
8
BLACK
6
CONTINUOUS
10
0.7691027952755906
20
1.8202838582677165
11
0.7692208661417322
21
1.8201817716535433
0
LINE
8
BLACK
6
CONTINUOUS
10
0.7692208661417322
20
1.8201817716535433
11
0.7693329133858268
21
1.8200042125984253
0
LINE
8
BLACK
6
CONTINUOUS
10
0.7693329133858268
20
1.8200042125984253
11
0.769466220472441
21
1.8198422440944881
0
LINE
8
BLACK
6
CONTINUOUS
10
0.769466220472441
20
1.8198422440944881
11
0.769526062992126
21
1.8196982283464567
0
LINE
8
BLACK
6
CONTINUOUS
10
0.769526062992126
20
1.8196982283464567
11
0.7698388188976378
21
1.8192027952755905
0
LINE
8
BLACK
6
CONTINUOUS
10
0.7698388188976378
20
1.8192027952755905
11
0.7726580708661417
21
1.8135820866141732
0
LINE
8
BLACK
6
CONTINUOUS
10
0.7726580708661417
20
1.8135820866141732
11
0.7730731889763779
21
1.8125013779527559
0
LINE
8
BLACK
6
CONTINUOUS
10
0.7730731889763779
20
1.8125013779527559
11
0.7730884645669291
21
1.8122897244094487
0
LINE
8
BLACK
6
CONTINUOUS
10
0.7730884645669291
20
1.8122897244094487
11
0.7731699606299213
21
1.8120937795275591
0
LINE
8
BLACK
6
CONTINUOUS
10
0.7731699606299213
20
1.8120937795275591
11
0.7732848818897637
21
1.810941811023622
0
LINE
8
BLACK
6
CONTINUOUS
10
0.7732848818897637
20
1.810941811023622
11
0.7732884251968504
21
1.80812968503937
0
LINE
8
BLACK
6
CONTINUOUS
10
0.7732884251968504
20
1.80812968503937
11
0.7731764173228346
21
1.806977401574803
0
LINE
8
BLACK
6
CONTINUOUS
10
0.7731764173228346
20
1.806977401574803
11
0.7730954724409449
21
1.8067812598425197
0
LINE
8
BLACK
6
CONTINUOUS
10
0.7730954724409449
20
1.8067812598425197
11
0.7730807086614173
21
1.80656968503937
0
LINE
8
BLACK
6
CONTINUOUS
10
0.7730807086614173
20
1.80656968503937
11
0.7726683070866142
21
1.8054879133858268
0
LINE
8
BLACK
6
CONTINUOUS
10
0.7726683070866142
20
1.8054879133858268
11
0.7698633070866141
21
1.7998600787401575
0
LINE
8
BLACK
6
CONTINUOUS
10
0.7698633070866141
20
1.7998600787401575
11
0.7695518503937008
21
1.7993638582677165
0
LINE
8
BLACK
6
CONTINUOUS
10
0.7695518503937008
20
1.7993638582677165
11
0.7694923228346456
21
1.7992196456692913
0
LINE
8
BLACK
6
CONTINUOUS
10
0.7694923228346456
20
1.7992196456692913
11
0.7693593700787401
21
1.7990572047244093
0
LINE
8
BLACK
6
CONTINUOUS
10
0.7693593700787401
20
1.7990572047244093
11
0.7692478346456693
21
1.798879527559055
0
LINE
8
BLACK
6
CONTINUOUS
10
0.7692478346456693
20
1.798879527559055
11
0.7691301181102362
21
1.7987771653543307
0
LINE
8
BLACK
6
CONTINUOUS
10
0.7691301181102362
20
1.7987771653543307
11
0.7687590157480315
21
1.7983238188976378
0
LINE
8
BLACK
6
CONTINUOUS
10
0.7687590157480315
20
1.7983238188976378
11
0.7673123622047244
21
1.7968735039370078
0
LINE
8
BLACK
6
CONTINUOUS
10
0.7673123622047244
20
1.7968735039370078
11
0.7687626771653543
21
1.7954268897637795
0
LINE
8
BLACK
6
CONTINUOUS
10
0.7687626771653543
20
1.7954268897637795
11
0.7691348818897638
21
1.7949744881889764
0
LINE
8
BLACK
6
CONTINUOUS
10
0.7691348818897638
20
1.7949744881889764
11
0.7692528346456693
21
1.7948724803149605
0
LINE
8
BLACK
6
CONTINUOUS
10
0.7692528346456693
20
1.7948724803149605
11
0.7693648818897637
21
1.7946949606299212
0
LINE
8
BLACK
6
CONTINUOUS
10
0.7693648818897637
20
1.7946949606299212
11
0.7694982677165354
21
1.794532874015748
0
LINE
8
BLACK
6
CONTINUOUS
10
0.7694982677165354
20
1.794532874015748
11
0.7695581102362204
21
1.7943888582677165
0
LINE
8
BLACK
6
CONTINUOUS
10
0.7695581102362204
20
1.7943888582677165
11
0.7698708267716535
21
1.7938935433070866
0
LINE
8
BLACK
6
CONTINUOUS
10
0.7698708267716535
20
1.7938935433070866
11
0.7726901181102362
21
1.7882727952755906
0
LINE
8
BLACK
6
CONTINUOUS
10
0.7726901181102362
20
1.7882727952755906
11
0.7731052362204724
21
1.7871920866141733
0
LINE
8
BLACK
6
CONTINUOUS
10
0.7731052362204724
20
1.7871920866141733
11
0.7731205118110236
21
1.7869804724409448
0
LINE
8
BLACK
6
CONTINUOUS
10
0.7731205118110236
20
1.7869804724409448
11
0.7732020078740157
21
1.786784527559055
0
LINE
8
BLACK
6
CONTINUOUS
10
0.7732020078740157
20
1.786784527559055
11
0.7733169291338583
21
1.7856325590551181
0
LINE
8
BLACK
6
CONTINUOUS
10
0.7733169291338583
20
1.7856325590551181
11
0.7733311417322835
21
1.7743839763779528
0
LINE
8
BLACK
6
CONTINUOUS
10
0.7733311417322835
20
1.7743839763779528
11
0.7732191338582677
21
1.7732316929133858
0
LINE
8
BLACK
6
CONTINUOUS
10
0.7732191338582677
20
1.7732316929133858
11
0.773138188976378
21
1.773035590551181
0
LINE
8
BLACK
6
CONTINUOUS
10
0.773138188976378
20
1.773035590551181
11
0.7731234251968504
21
1.772823937007874
0
LINE
8
BLACK
6
CONTINUOUS
10
0.7731234251968504
20
1.772823937007874
11
0.7727110236220472
21
1.7717421653543306
0
LINE
8
BLACK
6
CONTINUOUS
10
0.7727110236220472
20
1.7717421653543306
11
0.7699060236220472
21
1.7661143307086613
0
LINE
8
BLACK
6
CONTINUOUS
10
0.7699060236220472
20
1.7661143307086613
11
0.7695945669291339
21
1.7656181102362205
0
LINE
8
BLACK
6
CONTINUOUS
10
0.7695945669291339
20
1.7656181102362205
11
0.7695350393700787
21
1.7654738976377953
0
LINE
8
BLACK
6
CONTINUOUS
10
0.7695350393700787
20
1.7654738976377953
11
0.7694020866141732
21
1.7653114566929133
0
LINE
8
BLACK
6
CONTINUOUS
10
0.7694020866141732
20
1.7653114566929133
11
0.7692905511811023
21
1.765133779527559
0
LINE
8
BLACK
6
CONTINUOUS
10
0.7692905511811023
20
1.765133779527559
11
0.7691728346456693
21
1.7650314173228345
0
LINE
8
BLACK
6
CONTINUOUS
10
0.7691728346456693
20
1.7650314173228345
11
0.7688017322834646
21
1.7645780708661416
0
LINE
8
BLACK
6
CONTINUOUS
10
0.7688017322834646
20
1.7645780708661416
11
0.7659931102362204
21
1.7617623622047243
0
LINE
8
BLACK
6
CONTINUOUS
10
0.7659931102362204
20
1.7617623622047243
11
0.7655406692913386
21
1.7613901181102363
0
LINE
8
BLACK
6
CONTINUOUS
10
0.7655406692913386
20
1.7613901181102363
11
0.7654386614173229
21
1.7612721653543306
0
LINE
8
BLACK
6
CONTINUOUS
10
0.7654386614173229
20
1.7612721653543306
11
0.7652611811023622
21
1.7611601181102361
0
LINE
8
BLACK
6
CONTINUOUS
10
0.7652611811023622
20
1.7611601181102361
11
0.7650990944881889
21
1.7610267716535433
0
LINE
8
BLACK
6
CONTINUOUS
10
0.7650990944881889
20
1.7610267716535433
11
0.7649549999999999
21
1.7609668503937008
0
LINE
8
BLACK
6
CONTINUOUS
10
0.7649549999999999
20
1.7609668503937008
11
0.76445968503937
21
1.7606542125984253
0
LINE
8
BLACK
6
CONTINUOUS
10
0.76445968503937
20
1.7606542125984253
11
0.7588390157480315
21
1.7578349606299213
0
LINE
8
BLACK
6
CONTINUOUS
10
0.7588390157480315
20
1.7578349606299213
11
0.7577583070866142
21
1.757419842519685
0
LINE
8
BLACK
6
CONTINUOUS
10
0.7577583070866142
20
1.757419842519685
11
0.7575466929133858
21
1.7574045275590551
0
LINE
8
BLACK
6
CONTINUOUS
10
0.7575466929133858
20
1.7574045275590551
11
0.757350748031496
21
1.7573230708661416
0
LINE
8
BLACK
6
CONTINUOUS
10
0.757350748031496
20
1.7573230708661416
11
0.756198779527559
21
1.7572081496062992
0
LINE
8
BLACK
6
CONTINUOUS
10
0.756198779527559
20
1.7572081496062992
11
0.7449501968503937
21
1.7571938976377952
0
LINE
8
BLACK
6
CONTINUOUS
10
0.7449501968503937
20
1.7571938976377952
11
0.7437979133858268
21
1.757305905511811
0
LINE
8
BLACK
6
CONTINUOUS
10
0.7437979133858268
20
1.757305905511811
11
0.743601811023622
21
1.7573868110236219
0
LINE
8
BLACK
6
CONTINUOUS
10
0.743601811023622
20
1.7573868110236219
11
0.7433901574803149
21
1.7574016141732283
0
LINE
8
BLACK
6
CONTINUOUS
10
0.7433901574803149
20
1.7574016141732283
11
0.7423083858267716
21
1.7578140157480315
0
LINE
8
BLACK
6
CONTINUOUS
10
0.7423083858267716
20
1.7578140157480315
11
0.7366805118110236
21
1.7606190551181102
0
LINE
8
BLACK
6
CONTINUOUS
10
0.7366805118110236
20
1.7606190551181102
11
0.7361842519685039
21
1.7609305511811024
0
LINE
8
BLACK
6
CONTINUOUS
10
0.7361842519685039
20
1.7609305511811024
11
0.7360401574803149
21
1.7609900393700788
0
LINE
8
BLACK
6
CONTINUOUS
10
0.7360401574803149
20
1.7609900393700788
11
0.7358777952755905
21
1.7611229133858268
0
LINE
8
BLACK
6
CONTINUOUS
10
0.7358777952755905
20
1.7611229133858268
11
0.7356999606299213
21
1.7612345669291338
0
LINE
8
BLACK
6
CONTINUOUS
10
0.7356999606299213
20
1.7612345669291338
11
0.7355975590551181
21
1.761352283464567
0
LINE
8
BLACK
6
CONTINUOUS
10
0.7355975590551181
20
1.761352283464567
11
0.7351442913385826
21
1.7617233464566928
0
LINE
8
BLACK
6
CONTINUOUS
10
0.7351442913385826
20
1.7617233464566928
11
0.7323285826771654
21
1.7645319291338581
0
LINE
8
BLACK
6
CONTINUOUS
10
0.7323285826771654
20
1.7645319291338581
11
0.7319563385826772
21
1.7649842913385827
0
LINE
8
BLACK
6
CONTINUOUS
10
0.7319563385826772
20
1.7649842913385827
11
0.7318383858267716
21
1.7650863779527559
0
LINE
8
BLACK
6
CONTINUOUS
10
0.7318383858267716
20
1.7650863779527559
11
0.7317262992125985
21
1.7652638582677165
0
LINE
8
BLACK
6
CONTINUOUS
10
0.7317262992125985
20
1.7652638582677165
11
0.731593031496063
21
1.7654259055118109
0
LINE
8
BLACK
6
CONTINUOUS
10
0.731593031496063
20
1.7654259055118109
11
0.7315331496062992
21
1.7655698818897638
0
LINE
8
BLACK
6
CONTINUOUS
10
0.7315331496062992
20
1.7655698818897638
11
0.7312204330708661
21
1.7660653543307085
0
LINE
8
BLACK
6
CONTINUOUS
10
0.7312204330708661
20
1.7660653543307085
11
0.7284011811023622
21
1.7716861023622046
0
LINE
8
BLACK
6
CONTINUOUS
10
0.7284011811023622
20
1.7716861023622046
11
0.727986062992126
21
1.7727668110236221
0
LINE
8
BLACK
6
CONTINUOUS
10
0.727986062992126
20
1.7727668110236221
11
0.7279707480314961
21
1.7729783464566928
0
LINE
8
BLACK
6
CONTINUOUS
10
0.7279707480314961
20
1.7729783464566928
11
0.7278892913385827
21
1.7731743307086614
0
LINE
8
BLACK
6
CONTINUOUS
10
0.7278892913385827
20
1.7731743307086614
11
0.7277743700787401
21
1.7743262992125983
0
LINE
8
BLACK
6
CONTINUOUS
10
0.7277743700787401
20
1.7743262992125983
11
0.7277601181102362
21
1.7855748818897637
0
LINE
8
BLACK
6
CONTINUOUS
10
0.7277601181102362
20
1.7855748818897637
11
0.727872125984252
21
1.7867271653543306
0
LINE
8
BLACK
6
CONTINUOUS
10
0.727872125984252
20
1.7867271653543306
11
0.7279530314960629
21
1.7869232283464567
0
LINE
8
BLACK
6
CONTINUOUS
10
0.7279530314960629
20
1.7869232283464567
11
0.7279678346456693
21
1.7871349606299212
0
LINE
8
BLACK
6
CONTINUOUS
10
0.7279678346456693
20
1.7871349606299212
11
0.7283802362204724
21
1.7882167322834646
0
LINE
8
BLACK
6
CONTINUOUS
10
0.7283802362204724
20
1.7882167322834646
11
0.7311852755905511
21
1.7938445669291339
0
LINE
8
BLACK
6
CONTINUOUS
10
0.7311852755905511
20
1.7938445669291339
11
0.7314968110236221
21
1.7943408267716534
0
LINE
8
BLACK
6
CONTINUOUS
10
0.7314968110236221
20
1.7943408267716534
11
0.7315562598425197
21
1.7944848818897636
0
LINE
8
BLACK
6
CONTINUOUS
10
0.7315562598425197
20
1.7944848818897636
11
0.731689094488189
21
1.7946471653543308
0
LINE
8
BLACK
6
CONTINUOUS
10
0.731689094488189
20
1.7946471653543308
11
0.7318007874015748
21
1.7948250787401574
0
LINE
8
BLACK
6
CONTINUOUS
10
0.7318007874015748
20
1.7948250787401574
11
0.7319185039370079
21
1.7949274409448819
0
LINE
8
BLACK
6
CONTINUOUS
10
0.7319185039370079
20
1.7949274409448819
11
0.7322895669291338
21
1.7953807480314961
0
LINE
8
BLACK
6
CONTINUOUS
10
0.7322895669291338
20
1.7953807480314961
11
0.7337361811023622
21
1.7968309842519685
0
LINE
8
BLACK
6
CONTINUOUS
10
0.7337361811023622
20
1.7968309842519685
11
0.7322858661417323
21
1.7982776771653544
0
LINE
8
BLACK
6
CONTINUOUS
10
0.7322858661417323
20
1.7982776771653544
11
0.7319136220472441
21
1.7987300393700787
0
LINE
8
BLACK
6
CONTINUOUS
10
0.7319136220472441
20
1.7987300393700787
11
0.7317956692913385
21
1.7988321259842519
0
LINE
8
BLACK
6
CONTINUOUS
10
0.7317956692913385
20
1.7988321259842519
11
0.7316835826771654
21
1.7990096062992125
0
LINE
8
BLACK
6
CONTINUOUS
10
0.7316835826771654
20
1.7990096062992125
11
0.7315503149606299
21
1.7991716535433071
0
LINE
8
BLACK
6
CONTINUOUS
10
0.7315503149606299
20
1.7991716535433071
11
0.7314904330708661
21
1.7993156299212598
0
LINE
8
BLACK
6
CONTINUOUS
10
0.7314904330708661
20
1.7993156299212598
11
0.7311777165354331
21
1.7998111023622048
0
LINE
8
BLACK
6
CONTINUOUS
10
0.7311777165354331
20
1.7998111023622048
11
0.7283584645669291
21
1.8054318503937008
0
LINE
8
BLACK
6
CONTINUOUS
10
0.7283584645669291
20
1.8054318503937008
11
0.7279433464566929
21
1.8065125590551181
0
LINE
8
BLACK
6
CONTINUOUS
10
0.7279433464566929
20
1.8065125590551181
11
0.727928031496063
21
1.8067241338582676
0
LINE
8
BLACK
6
CONTINUOUS
10
0.727928031496063
20
1.8067241338582676
11
0.7278465748031496
21
1.8069201181102361
0
LINE
8
BLACK
6
CONTINUOUS
10
0.7278465748031496
20
1.8069201181102361
11
0.727731653543307
21
1.8080720866141733
0
LINE
8
BLACK
6
CONTINUOUS
10
0.727731653543307
20
1.8080720866141733
11
0.7277281102362204
21
1.8108842125984252
0
LINE
8
BLACK
6
CONTINUOUS
10
0.7277281102362204
20
1.8108842125984252
11
0.7278401181102362
21
1.812036496062992
0
LINE
8
BLACK
6
CONTINUOUS
10
0.7278401181102362
20
1.812036496062992
11
0.7279210236220472
21
1.8122325984251968
0
LINE
8
BLACK
6
CONTINUOUS
10
0.7279210236220472
20
1.8122325984251968
11
0.7279358267716535
21
1.8124442125984253
0
LINE
8
BLACK
6
CONTINUOUS
10
0.7279358267716535
20
1.8124442125984253
11
0.7283482283464566
21
1.8135259448818897
0
LINE
8
BLACK
6
CONTINUOUS
10
0.7283482283464566
20
1.8135259448818897
11
0.7311532283464567
21
1.8191538188976377
0
LINE
8
BLACK
6
CONTINUOUS
10
0.7311532283464567
20
1.8191538188976377
11
0.7314647244094488
21
1.8196500787401575
0
LINE
8
BLACK
6
CONTINUOUS
10
0.7314647244094488
20
1.8196500787401575
11
0.7315242125984251
21
1.8197942125984252
0
LINE
8
BLACK
6
CONTINUOUS
10
0.7315242125984251
20
1.8197942125984252
11
0.7316570472440944
21
1.8199564960629921
0
LINE
8
BLACK
6
CONTINUOUS
10
0.7316570472440944
20
1.8199564960629921
11
0.7317687007874015
21
1.82013437007874
0
LINE
8
BLACK
6
CONTINUOUS
10
0.7317687007874015
20
1.82013437007874
11
0.7318864566929134
21
1.8202367322834645
0
LINE
8
BLACK
6
CONTINUOUS
10
0.7318864566929134
20
1.8202367322834645
11
0.7322575196850394
21
1.8206900787401574
0
LINE
8
BLACK
6
CONTINUOUS
10
0.7322575196850394
20
1.8206900787401574
11
0.7350661023622047
21
1.823505748031496
0
LINE
8
BLACK
6
CONTINUOUS
10
0.7350661023622047
20
1.823505748031496
11
0.7355184251968504
21
1.8238779133858267
0
LINE
8
BLACK
6
CONTINUOUS
10
0.7355184251968504
20
1.8238779133858267
11
0.7356205511811024
21
1.8239959842519684
0
LINE
8
BLACK
6
CONTINUOUS
10
0.7356205511811024
20
1.8239959842519684
11
0.7357980708661417
21
1.8241080314960629
0
LINE
8
BLACK
6
CONTINUOUS
10
0.7357980708661417
20
1.8241080314960629
11
0.7359600787401575
21
1.8242413385826772
0
LINE
8
BLACK
6
CONTINUOUS
10
0.7359600787401575
20
1.8242413385826772
11
0.7361040551181102
21
1.8243011811023622
0
LINE
8
BLACK
6
CONTINUOUS
10
0.7361040551181102
20
1.8243011811023622
11
0.7365995275590551
21
1.824613937007874
0
LINE
8
BLACK
6
CONTINUOUS
10
0.7365995275590551
20
1.824613937007874
11
0.7422202362204724
21
1.827433188976378
0
LINE
8
BLACK
6
CONTINUOUS
10
0.7422202362204724
20
1.827433188976378
11
0.7433009448818897
21
1.8278483070866141
0
LINE
8
BLACK
6
CONTINUOUS
10
0.7433009448818897
20
1.8278483070866141
11
0.7435125196850394
21
1.8278635826771654
0
LINE
8
BLACK
6
CONTINUOUS
10
0.7435125196850394
20
1.8278635826771654
11
0.7437085039370078
21
1.8279450787401574
0
LINE
8
BLACK
6
CONTINUOUS
10
0.7437085039370078
20
1.8279450787401574
11
0.7448604724409449
21
1.82806
0
LINE
8
BLACK
6
CONTINUOUS
10
0.7448604724409449
20
1.82806
11
0.7561090551181102
21
1.8280742519685038
0
LINE
8
BLACK
6
CONTINUOUS
10
0.7561090551181102
20
1.8280742519685038
11
0.7572612992125984
21
1.827962244094488
0
LINE
8
BLACK
6
CONTINUOUS
10
0.7463015354330709
20
1.7909414173228346
11
0.7427835826771654
21
1.7891768503937007
0
LINE
8
BLACK
6
CONTINUOUS
10
0.7427835826771654
20
1.7891768503937007
11
0.7413285433070866
21
1.7877181496062993
0
LINE
8
BLACK
6
CONTINUOUS
10
0.7413285433070866
20
1.7877181496062993
11
0.739572874015748
21
1.7841956692913385
0
LINE
8
BLACK
6
CONTINUOUS
10
0.739572874015748
20
1.7841956692913385
11
0.739583622047244
21
1.7757352755905511
0
LINE
8
BLACK
6
CONTINUOUS
10
0.739583622047244
20
1.7757352755905511
11
0.7413481496062992
21
1.7722173228346456
0
LINE
8
BLACK
6
CONTINUOUS
10
0.7413481496062992
20
1.7722173228346456
11
0.742806811023622
21
1.7707623622047244
0
LINE
8
BLACK
6
CONTINUOUS
10
0.742806811023622
20
1.7707623622047244
11
0.7463293307086614
21
1.7690066535433071
0
LINE
8
BLACK
6
CONTINUOUS
10
0.7463293307086614
20
1.7690066535433071
11
0.7547897244094488
21
1.769017401574803
0
LINE
8
BLACK
6
CONTINUOUS
10
0.7547897244094488
20
1.769017401574803
11
0.7583076771653543
21
1.7707819291338582
0
LINE
8
BLACK
6
CONTINUOUS
10
0.7583076771653543
20
1.7707819291338582
11
0.7597627559055118
21
1.7722407086614174
0
LINE
8
BLACK
6
CONTINUOUS
10
0.7597627559055118
20
1.7722407086614174
11
0.7615183464566929
21
1.7757630314960628
0
LINE
8
BLACK
6
CONTINUOUS
10
0.7615183464566929
20
1.7757630314960628
11
0.7615076377952755
21
1.7842234251968503
0
LINE
8
BLACK
6
CONTINUOUS
10
0.7615076377952755
20
1.7842234251968503
11
0.7597430314960629
21
1.787741496062992
0
LINE
8
BLACK
6
CONTINUOUS
10
0.7597430314960629
20
1.787741496062992
11
0.7582843307086614
21
1.789196496062992
0
LINE
8
BLACK
6
CONTINUOUS
10
0.7582843307086614
20
1.789196496062992
11
0.7547619291338582
21
1.790952125984252
0
LINE
8
BLACK
6
CONTINUOUS
10
0.7547619291338582
20
1.790952125984252
11
0.7463015354330709
21
1.7909414173228346
0
LINE
8
BLACK
6
CONTINUOUS
10
0.7462694488188977
20
1.8162507086614172
11
0.7427515354330708
21
1.814486220472441
0
LINE
8
BLACK
6
CONTINUOUS
10
0.7427515354330708
20
1.814486220472441
11
0.7412964960629921
21
1.8130274803149606
0
LINE
8
BLACK
6
CONTINUOUS
10
0.7412964960629921
20
1.8130274803149606
11
0.7395408661417323
21
1.8095050393700787
0
LINE
8
BLACK
6
CONTINUOUS
10
0.7395408661417323
20
1.8095050393700787
11
0.739540905511811
21
1.8094810236220471
0
LINE
8
BLACK
6
CONTINUOUS
10
0.739540905511811
20
1.8094810236220471
11
0.7413054330708662
21
1.8059630708661416
0
LINE
8
BLACK
6
CONTINUOUS
10
0.7413054330708662
20
1.8059630708661416
11
0.7427641338582677
21
1.8045080708661416
0
LINE
8
BLACK
6
CONTINUOUS
10
0.7427641338582677
20
1.8045080708661416
11
0.7462865354330709
21
1.8027524409448819
0
LINE
8
BLACK
6
CONTINUOUS
10
0.7462865354330709
20
1.8027524409448819
11
0.7547470078740157
21
1.8027631496062992
0
LINE
8
BLACK
6
CONTINUOUS
10
0.7547470078740157
20
1.8027631496062992
11
0.758265
21
1.804527716535433
0
LINE
8
BLACK
6
CONTINUOUS
10
0.758265
20
1.804527716535433
11
0.7597200393700787
21
1.8059864566929134
0
LINE
8
BLACK
6
CONTINUOUS
10
0.7597200393700787
20
1.8059864566929134
11
0.7614756299212598
21
1.8095088188976378
0
LINE
8
BLACK
6
CONTINUOUS
10
0.7614756299212598
20
1.8095088188976378
11
0.7614755905511811
21
1.8095328346456692
0
LINE
8
BLACK
6
CONTINUOUS
10
0.7614755905511811
20
1.8095328346456692
11
0.7597111023622047
21
1.8130507480314961
0
LINE
8
BLACK
6
CONTINUOUS
10
0.7597111023622047
20
1.8130507480314961
11
0.7582523622047244
21
1.8145057874015749
0
LINE
8
BLACK
6
CONTINUOUS
10
0.7582523622047244
20
1.8145057874015749
11
0.7547298818897638
21
1.8162614566929134
0
LINE
8
BLACK
6
CONTINUOUS
10
0.7547298818897638
20
1.8162614566929134
11
0.7462694488188977
21
1.8162507086614172
0
LINE
8
BLACK
6
CONTINUOUS
10
0.8106920472440945
20
1.8280298818897638
11
0.8108881102362204
21
1.8279489370078739
0
LINE
8
BLACK
6
CONTINUOUS
10
0.8108881102362204
20
1.8279489370078739
11
0.8110998818897638
21
1.8279341732283465
0
LINE
8
BLACK
6
CONTINUOUS
10
0.8110998818897638
20
1.8279341732283465
11
0.8121816141732283
21
1.8275217716535432
0
LINE
8
BLACK
6
CONTINUOUS
10
0.8121816141732283
20
1.8275217716535432
11
0.8178094881889764
21
1.8247167322834645
0
LINE
8
BLACK
6
CONTINUOUS
10
0.8178094881889764
20
1.8247167322834645
11
0.818305748031496
21
1.8244051968503936
0
LINE
8
BLACK
6
CONTINUOUS
10
0.818305748031496
20
1.8244051968503936
11
0.818449842519685
21
1.824345748031496
0
LINE
8
BLACK
6
CONTINUOUS
10
0.818449842519685
20
1.824345748031496
11
0.8186121653543307
21
1.8242128346456692
0
LINE
8
BLACK
6
CONTINUOUS
10
0.8186121653543307
20
1.8242128346456692
11
0.8187900393700788
21
1.8241012204724409
0
LINE
8
BLACK
6
CONTINUOUS
10
0.8187900393700788
20
1.8241012204724409
11
0.8188924015748031
21
1.8239834645669291
0
LINE
8
BLACK
6
CONTINUOUS
10
0.8188924015748031
20
1.8239834645669291
11
0.8193457086614173
21
1.823612440944882
0
LINE
8
BLACK
6
CONTINUOUS
10
0.8193457086614173
20
1.823612440944882
11
0.8221613779527559
21
1.8208038582677164
0
LINE
8
BLACK
6
CONTINUOUS
10
0.8221613779527559
20
1.8208038582677164
11
0.8225335433070866
21
1.8203514960629921
0
LINE
8
BLACK
6
CONTINUOUS
10
0.8225335433070866
20
1.8203514960629921
11
0.8226516141732283
21
1.8202494094488189
0
LINE
8
BLACK
6
CONTINUOUS
10
0.8226516141732283
20
1.8202494094488189
11
0.8227636614173228
21
1.8200718503937008
0
LINE
8
BLACK
6
CONTINUOUS
10
0.8227636614173228
20
1.8200718503937008
11
0.822896968503937
21
1.8199098818897637
0
LINE
8
BLACK
6
CONTINUOUS
10
0.822896968503937
20
1.8199098818897637
11
0.8229568110236221
21
1.8197658661417322
0
LINE
8
BLACK
6
CONTINUOUS
10
0.8229568110236221
20
1.8197658661417322
11
0.8232695669291339
21
1.819270433070866
0
LINE
8
BLACK
6
CONTINUOUS
10
0.8232695669291339
20
1.819270433070866
11
0.8260888188976377
21
1.8136497244094487
0
LINE
8
BLACK
6
CONTINUOUS
10
0.8260888188976377
20
1.8136497244094487
11
0.8261211417322835
21
1.8135655118110237
0
LINE
8
BLACK
6
CONTINUOUS
10
0.8261211417322835
20
1.8135655118110237
11
0.8261466141732283
21
1.8135312598425197
0
LINE
8
BLACK
6
CONTINUOUS
10
0.8261466141732283
20
1.8135312598425197
11
0.8263200393700787
21
1.8130477165354331
0
LINE
8
BLACK
6
CONTINUOUS
10
0.8263200393700787
20
1.8130477165354331
11
0.8265039370078739
21
1.8125690157480314
0
LINE
8
BLACK
6
CONTINUOUS
10
0.8265039370078739
20
1.8125690157480314
11
0.8265070078740158
21
1.8125264960629921
0
LINE
8
BLACK
6
CONTINUOUS
10
0.8265070078740158
20
1.8125264960629921
11
0.8265374803149607
21
1.8124415748031495
0
LINE
8
BLACK
6
CONTINUOUS
10
0.8265374803149607
20
1.8124415748031495
11
0.8293638582677165
21
1.8011965354330708
0
LINE
8
BLACK
6
CONTINUOUS
10
0.8293638582677165
20
1.8011965354330708
11
0.8293936220472441
21
1.8009968897637796
0
LINE
8
BLACK
6
CONTINUOUS
10
0.8293936220472441
20
1.8009968897637796
11
0.8294270866141732
21
1.8009164566929134
0
LINE
8
BLACK
6
CONTINUOUS
10
0.8294270866141732
20
1.8009164566929134
11
0.8294703543307086
21
1.8004826771653544
0
LINE
8
BLACK
6
CONTINUOUS
10
0.8294703543307086
20
1.8004826771653544
11
0.8295346850393701
21
1.8000515354330708
0
LINE
8
BLACK
6
CONTINUOUS
10
0.8295346850393701
20
1.8000515354330708
11
0.829521968503937
21
1.7999653149606298
0
LINE
8
BLACK
6
CONTINUOUS
10
0.829521968503937
20
1.7999653149606298
11
0.8295420078740158
21
1.7997644881889763
0
LINE
8
BLACK
6
CONTINUOUS
10
0.8295420078740158
20
1.7997644881889763
11
0.8295598031496063
21
1.7857037401574802
0
LINE
8
BLACK
6
CONTINUOUS
10
0.8295598031496063
20
1.7857037401574802
11
0.8295402362204725
21
1.7855027559055117
0
LINE
8
BLACK
6
CONTINUOUS
10
0.8295402362204725
20
1.7855027559055117
11
0.829553188976378
21
1.7854166929133859
0
LINE
8
BLACK
6
CONTINUOUS
10
0.829553188976378
20
1.7854166929133859
11
0.8294899606299212
21
1.7849855511811024
0
LINE
8
BLACK
6
CONTINUOUS
10
0.8294899606299212
20
1.7849855511811024
11
0.8294477952755905
21
1.784551496062992
0
LINE
8
BLACK
6
CONTINUOUS
10
0.8294477952755905
20
1.784551496062992
11
0.8294145275590551
21
1.7844709448818896
0
LINE
8
BLACK
6
CONTINUOUS
10
0.8294145275590551
20
1.7844709448818896
11
0.8293852755905512
21
1.7842712204724409
0
LINE
8
BLACK
6
CONTINUOUS
10
0.8293852755905512
20
1.7842712204724409
11
0.8265874015748031
21
1.773019094488189
0
LINE
8
BLACK
6
CONTINUOUS
10
0.8265874015748031
20
1.773019094488189
11
0.8265571653543307
21
1.7729341732283463
0
LINE
8
BLACK
6
CONTINUOUS
10
0.8265571653543307
20
1.7729341732283463
11
0.8265542125984252
21
1.7728915748031495
0
LINE
8
BLACK
6
CONTINUOUS
10
0.8265542125984252
20
1.7728915748031495
11
0.8263712598425197
21
1.772411653543307
0
LINE
8
BLACK
6
CONTINUOUS
10
0.8263712598425197
20
1.772411653543307
11
0.8261992913385826
21
1.7719283858267716
0
LINE
8
BLACK
6
CONTINUOUS
10
0.8261992913385826
20
1.7719283858267716
11
0.826173937007874
21
1.7718940551181102
0
LINE
8
BLACK
6
CONTINUOUS
10
0.826173937007874
20
1.7718940551181102
11
0.8261418110236221
21
1.7718098031496063
0
LINE
8
BLACK
6
CONTINUOUS
10
0.8261418110236221
20
1.7718098031496063
11
0.8233367716535432
21
1.7661819291338583
0
LINE
8
BLACK
6
CONTINUOUS
10
0.8233367716535432
20
1.7661819291338583
11
0.8230252362204724
21
1.7656856692913385
0
LINE
8
BLACK
6
CONTINUOUS
10
0.8230252362204724
20
1.7656856692913385
11
0.8229657874015748
21
1.7655415748031495
0
LINE
8
BLACK
6
CONTINUOUS
10
0.8229657874015748
20
1.7655415748031495
11
0.822832874015748
21
1.7653792125984251
0
LINE
8
BLACK
6
CONTINUOUS
10
0.822832874015748
20
1.7653792125984251
11
0.8227212598425196
21
1.7652013779527558
0
LINE
8
BLACK
6
CONTINUOUS
10
0.8227212598425196
20
1.7652013779527558
11
0.8226035039370079
21
1.7650989763779528
0
LINE
8
BLACK
6
CONTINUOUS
10
0.8226035039370079
20
1.7650989763779528
11
0.8222324803149607
21
1.7646457086614173
0
LINE
8
BLACK
6
CONTINUOUS
10
0.8222324803149607
20
1.7646457086614173
11
0.8194238976377952
21
1.76183
0
LINE
8
BLACK
6
CONTINUOUS
10
0.8194238976377952
20
1.76183
11
0.8189714960629921
21
1.7614577559055118
0
LINE
8
BLACK
6
CONTINUOUS
10
0.8189714960629921
20
1.7614577559055118
11
0.8188694488188977
21
1.7613398031496064
0
LINE
8
BLACK
6
CONTINUOUS
10
0.8188694488188977
20
1.7613398031496064
11
0.8186919291338582
21
1.7612277165354331
0
LINE
8
BLACK
6
CONTINUOUS
10
0.8186919291338582
20
1.7612277165354331
11
0.8185299212598425
21
1.7610944488188975
0
LINE
8
BLACK
6
CONTINUOUS
10
0.8185299212598425
20
1.7610944488188975
11
0.818385905511811
21
1.7610345669291338
0
LINE
8
BLACK
6
CONTINUOUS
10
0.818385905511811
20
1.7610345669291338
11
0.8178904724409448
21
1.7607218503937008
0
LINE
8
BLACK
6
CONTINUOUS
10
0.8178904724409448
20
1.7607218503937008
11
0.8122697244094488
21
1.7579025984251968
0
LINE
8
BLACK
6
CONTINUOUS
10
0.8122697244094488
20
1.7579025984251968
11
0.8111890157480315
21
1.7574874803149605
0
LINE
8
BLACK
6
CONTINUOUS
10
0.8111890157480315
20
1.7574874803149605
11
0.8109774409448819
21
1.7574721653543306
0
LINE
8
BLACK
6
CONTINUOUS
10
0.8109774409448819
20
1.7574721653543306
11
0.8107814960629921
21
1.7573907086614173
0
LINE
8
BLACK
6
CONTINUOUS
10
0.8107814960629921
20
1.7573907086614173
11
0.8096295275590552
21
1.7572757874015748
0
LINE
8
BLACK
6
CONTINUOUS
10
0.8096295275590552
20
1.7572757874015748
11
0.8040052362204724
21
1.7572686614173227
0
LINE
8
BLACK
6
CONTINUOUS
10
0.8040052362204724
20
1.7572686614173227
11
0.8028529527559055
21
1.7573806692913385
0
LINE
8
BLACK
6
CONTINUOUS
10
0.8028529527559055
20
1.7573806692913385
11
0.8026568503937007
21
1.7574615748031495
0
LINE
8
BLACK
6
CONTINUOUS
10
0.8026568503937007
20
1.7574615748031495
11
0.802445157480315
21
1.7574763779527558
0
LINE
8
BLACK
6
CONTINUOUS
10
0.802445157480315
20
1.7574763779527558
11
0.8013634251968503
21
1.7578887795275591
0
LINE
8
BLACK
6
CONTINUOUS
10
0.8013634251968503
20
1.7578887795275591
11
0.7957355511811024
21
1.7606938188976378
0
LINE
8
BLACK
6
CONTINUOUS
10
0.7957355511811024
20
1.7606938188976378
11
0.7952392519685039
21
1.76100531496063
0
LINE
8
BLACK
6
CONTINUOUS
10
0.7952392519685039
20
1.76100531496063
11
0.7950952362204724
21
1.7610648031496063
0
LINE
8
BLACK
6
CONTINUOUS
10
0.7950952362204724
20
1.7610648031496063
11
0.7949329133858267
21
1.7611976377952756
0
LINE
8
BLACK
6
CONTINUOUS
10
0.7949329133858267
20
1.7611976377952756
11
0.7947550393700787
21
1.7613093307086614
0
LINE
8
BLACK
6
CONTINUOUS
10
0.7947550393700787
20
1.7613093307086614
11
0.7946526377952756
21
1.7614270472440945
0
LINE
8
BLACK
6
CONTINUOUS
10
0.7946526377952756
20
1.7614270472440945
11
0.7941993700787401
21
1.7617981102362203
0
LINE
8
BLACK
6
CONTINUOUS
10
0.7941993700787401
20
1.7617981102362203
11
0.7913836614173229
21
1.7646066929133857
0
LINE
8
BLACK
6
CONTINUOUS
10
0.7913836614173229
20
1.7646066929133857
11
0.7910114173228346
21
1.7650590551181102
0
LINE
8
BLACK
6
CONTINUOUS
10
0.7910114173228346
20
1.7650590551181102
11
0.7908935039370079
21
1.7651611023622047
0
LINE
8
BLACK
6
CONTINUOUS
10
0.7908935039370079
20
1.7651611023622047
11
0.7907814173228346
21
1.765338622047244
0
LINE
8
BLACK
6
CONTINUOUS
10
0.7907814173228346
20
1.765338622047244
11
0.7906481102362205
21
1.7655006692913386
0
LINE
8
BLACK
6
CONTINUOUS
10
0.7906481102362205
20
1.7655006692913386
11
0.7905882677165355
21
1.7656445669291339
0
LINE
8
BLACK
6
CONTINUOUS
10
0.7905882677165355
20
1.7656445669291339
11
0.7902755118110236
21
1.7661400393700788
0
LINE
8
BLACK
6
CONTINUOUS
10
0.7902755118110236
20
1.7661400393700788
11
0.7874562204724409
21
1.7717607480314961
0
LINE
8
BLACK
6
CONTINUOUS
10
0.7874562204724409
20
1.7717607480314961
11
0.7874238188976378
21
1.7718449999999999
0
LINE
8
BLACK
6
CONTINUOUS
10
0.7874238188976378
20
1.7718449999999999
11
0.7873984251968503
21
1.7718792519685038
0
LINE
8
BLACK
6
CONTINUOUS
10
0.7873984251968503
20
1.7718792519685038
11
0.7872251968503937
21
1.7723621653543307
0
LINE
8
BLACK
6
CONTINUOUS
10
0.7872251968503937
20
1.7723621653543307
11
0.7870411023622047
21
1.7728414566929134
0
LINE
8
BLACK
6
CONTINUOUS
10
0.7870411023622047
20
1.7728414566929134
11
0.7870379921259842
21
1.7728839763779527
0
LINE
8
BLACK
6
CONTINUOUS
10
0.7870379921259842
20
1.7728839763779527
11
0.7870075590551181
21
1.7729689370078741
0
LINE
8
BLACK
6
CONTINUOUS
10
0.7870075590551181
20
1.7729689370078741
11
0.7841811811023622
21
1.7842140157480315
0
LINE
8
BLACK
6
CONTINUOUS
10
0.7841811811023622
20
1.7842140157480315
11
0.7841513779527559
21
1.784413622047244
0
LINE
8
BLACK
6
CONTINUOUS
10
0.7841513779527559
20
1.784413622047244
11
0.7841179527559055
21
1.7844940944881889
0
LINE
8
BLACK
6
CONTINUOUS
10
0.7841179527559055
20
1.7844940944881889
11
0.7840746456692913
21
1.7849278346456692
0
LINE
8
BLACK
6
CONTINUOUS
10
0.7840746456692913
20
1.7849278346456692
11
0.7840103543307086
21
1.7853590157480315
0
LINE
8
BLACK
6
CONTINUOUS
10
0.7840103543307086
20
1.7853590157480315
11
0.784023031496063
21
1.7854451968503937
0
LINE
8
BLACK
6
CONTINUOUS
10
0.784023031496063
20
1.7854451968503937
11
0.784003031496063
21
1.785646062992126
0
LINE
8
BLACK
6
CONTINUOUS
10
0.784003031496063
20
1.785646062992126
11
0.7839852362204724
21
1.7997068110236221
0
LINE
8
BLACK
6
CONTINUOUS
10
0.7839852362204724
20
1.7997068110236221
11
0.7840047637795275
21
1.7999077952755904
0
LINE
8
BLACK
6
CONTINUOUS
10
0.7840047637795275
20
1.7999077952755904
11
0.7839918503937008
21
1.7999938976377952
0
LINE
8
BLACK
6
CONTINUOUS
10
0.7839918503937008
20
1.7999938976377952
11
0.7840550393700787
21
1.8004249999999999
0
LINE
8
BLACK
6
CONTINUOUS
10
0.7840550393700787
20
1.8004249999999999
11
0.7840972440944882
21
1.800859094488189
0
LINE
8
BLACK
6
CONTINUOUS
10
0.7840972440944882
20
1.800859094488189
11
0.7841304724409449
21
1.8009396062992125
0
LINE
8
BLACK
6
CONTINUOUS
10
0.7841304724409449
20
1.8009396062992125
11
0.7841597637795276
21
1.8011393307086614
0
LINE
8
BLACK
6
CONTINUOUS
10
0.7841597637795276
20
1.8011393307086614
11
0.7869576771653544
21
1.8123914566929133
0
LINE
8
BLACK
6
CONTINUOUS
10
0.7869576771653544
20
1.8123914566929133
11
0.786987874015748
21
1.8124763385826772
0
LINE
8
BLACK
6
CONTINUOUS
10
0.786987874015748
20
1.8124763385826772
11
0.7869908661417323
21
1.8125190157480315
0
LINE
8
BLACK
6
CONTINUOUS
10
0.7869908661417323
20
1.8125190157480315
11
0.7871738976377952
21
1.8129991732283464
0
LINE
8
BLACK
6
CONTINUOUS
10
0.7871738976377952
20
1.8129991732283464
11
0.7873457874015748
21
1.8134821653543307
0
LINE
8
BLACK
6
CONTINUOUS
10
0.7873457874015748
20
1.8134821653543307
11
0.7873711023622048
21
1.8135164566929134
0
LINE
8
BLACK
6
CONTINUOUS
10
0.7873711023622048
20
1.8135164566929134
11
0.7874032677165355
21
1.813600748031496
0
LINE
8
BLACK
6
CONTINUOUS
10
0.7874032677165355
20
1.813600748031496
11
0.7902083070866142
21
1.819228622047244
0
LINE
8
BLACK
6
CONTINUOUS
10
0.7902083070866142
20
1.819228622047244
11
0.7905198031496062
21
1.8197248818897638
0
LINE
8
BLACK
6
CONTINUOUS
10
0.7905198031496062
20
1.8197248818897638
11
0.7905792913385826
21
1.8198689763779528
0
LINE
8
BLACK
6
CONTINUOUS
10
0.7905792913385826
20
1.8198689763779528
11
0.7907121653543306
21
1.8200312992125984
0
LINE
8
BLACK
6
CONTINUOUS
10
0.7907121653543306
20
1.8200312992125984
11
0.7908238188976378
21
1.8202091732283465
0
LINE
8
BLACK
6
CONTINUOUS
10
0.7908238188976378
20
1.8202091732283465
11
0.7909415354330709
21
1.8203115354330708
0
LINE
8
BLACK
6
CONTINUOUS
10
0.7909415354330709
20
1.8203115354330708
11
0.7913125984251969
21
1.820764842519685
0
LINE
8
BLACK
6
CONTINUOUS
10
0.7913125984251969
20
1.820764842519685
11
0.7941211811023622
21
1.8235805118110235
0
LINE
8
BLACK
6
CONTINUOUS
10
0.7941211811023622
20
1.8235805118110235
11
0.7945733858267716
21
1.8239525984251967
0
LINE
8
BLACK
6
CONTINUOUS
10
0.7945733858267716
20
1.8239525984251967
11
0.7946755905511811
21
1.8240707480314959
0
LINE
8
BLACK
6
CONTINUOUS
10
0.7946755905511811
20
1.8240707480314959
11
0.7948532677165354
21
1.8241829133858267
0
LINE
8
BLACK
6
CONTINUOUS
10
0.7948532677165354
20
1.8241829133858267
11
0.7950151574803149
21
1.8243161023622048
0
LINE
8
BLACK
6
CONTINUOUS
10
0.7950151574803149
20
1.8243161023622048
11
0.7951590157480315
21
1.8243759055118109
0
LINE
8
BLACK
6
CONTINUOUS
10
0.7951590157480315
20
1.8243759055118109
11
0.7956545669291338
21
1.8246887007874015
0
LINE
8
BLACK
6
CONTINUOUS
10
0.7956545669291338
20
1.8246887007874015
11
0.8012752755905511
21
1.8275079527559055
0
LINE
8
BLACK
6
CONTINUOUS
10
0.8012752755905511
20
1.8275079527559055
11
0.8023559842519685
21
1.8279230708661416
0
LINE
8
BLACK
6
CONTINUOUS
10
0.8023559842519685
20
1.8279230708661416
11
0.8025675590551181
21
1.827938346456693
0
LINE
8
BLACK
6
CONTINUOUS
10
0.8025675590551181
20
1.827938346456693
11
0.8027635433070865
21
1.828019842519685
0
LINE
8
BLACK
6
CONTINUOUS
10
0.8027635433070865
20
1.828019842519685
11
0.8039155118110236
21
1.8281347637795275
0
LINE
8
BLACK
6
CONTINUOUS
10
0.8039155118110236
20
1.8281347637795275
11
0.8095398031496063
21
1.8281418897637796
0
LINE
8
BLACK
6
CONTINUOUS
10
0.8095398031496063
20
1.8281418897637796
11
0.8106920472440945
21
1.8280298818897638
0
LINE
8
BLACK
6
CONTINUOUS
10
0.8053245275590551
20
1.8163254724409448
11
0.8018066141732283
21
1.8145609448818898
0
LINE
8
BLACK
6
CONTINUOUS
10
0.8018066141732283
20
1.8145609448818898
11
0.8003515748031496
21
1.8131022440944882
0
LINE
8
BLACK
6
CONTINUOUS
10
0.8003515748031496
20
1.8131022440944882
11
0.7982631889763779
21
1.8089122047244095
0
LINE
8
BLACK
6
CONTINUOUS
10
0.7982631889763779
20
1.8089122047244095
11
0.7957971653543306
21
1.7989948031496064
0
LINE
8
BLACK
6
CONTINUOUS
10
0.7957971653543306
20
1.7989948031496064
11
0.7958131102362205
21
1.7863879133858267
0
LINE
8
BLACK
6
CONTINUOUS
10
0.7958131102362205
20
1.7863879133858267
11
0.7983042125984252
21
1.7764768897637795
0
LINE
8
BLACK
6
CONTINUOUS
10
0.7983042125984252
20
1.7764768897637795
11
0.8004032283464567
21
1.7722920866141731
0
LINE
8
BLACK
6
CONTINUOUS
10
0.8004032283464567
20
1.7722920866141731
11
0.8018618503937007
21
1.7708371653543307
0
LINE
8
BLACK
6
CONTINUOUS
10
0.8018618503937007
20
1.7708371653543307
11
0.8053844094488188
21
1.7690814173228346
0
LINE
8
BLACK
6
CONTINUOUS
10
0.8053844094488188
20
1.7690814173228346
11
0.8082205118110236
21
1.7690850393700788
0
LINE
8
BLACK
6
CONTINUOUS
10
0.8082205118110236
20
1.7690850393700788
11
0.8117384645669291
21
1.7708495669291338
0
LINE
8
BLACK
6
CONTINUOUS
10
0.8117384645669291
20
1.7708495669291338
11
0.8131934251968503
21
1.7723082283464566
0
LINE
8
BLACK
6
CONTINUOUS
10
0.8131934251968503
20
1.7723082283464566
11
0.8152818503937008
21
1.776498307086614
0
LINE
8
BLACK
6
CONTINUOUS
10
0.8152818503937008
20
1.776498307086614
11
0.8177478346456692
21
1.7864156692913384
0
LINE
8
BLACK
6
CONTINUOUS
10
0.8177478346456692
20
1.7864156692913384
11
0.8177318897637795
21
1.7990225590551181
0
LINE
8
BLACK
6
CONTINUOUS
10
0.8177318897637795
20
1.7990225590551181
11
0.815240748031496
21
1.8089338188976378
0
LINE
8
BLACK
6
CONTINUOUS
10
0.815240748031496
20
1.8089338188976378
11
0.8131418503937008
21
1.8131183858267717
0
LINE
8
BLACK
6
CONTINUOUS
10
0.8131418503937008
20
1.8131183858267717
11
0.8116831102362204
21
1.8145734251968504
0
LINE
8
BLACK
6
CONTINUOUS
10
0.8116831102362204
20
1.8145734251968504
11
0.8081606299212598
21
1.8163290944881889
0
LINE
8
BLACK
6
CONTINUOUS
10
0.8081606299212598
20
1.8163290944881889
11
0.8053245275590551
21
1.8163254724409448
0
LINE
8
BLACK
6
CONTINUOUS
10
0.8669349606299213
20
1.8281010629921259
11
0.8671310236220472
21
1.8280201181102362
0
LINE
8
BLACK
6
CONTINUOUS
10
0.8671310236220472
20
1.8280201181102362
11
0.8673427952755906
21
1.8280053543307087
0
LINE
8
BLACK
6
CONTINUOUS
10
0.8673427952755906
20
1.8280053543307087
11
0.8684245275590551
21
1.8275929527559054
0
LINE
8
BLACK
6
CONTINUOUS
10
0.8684245275590551
20
1.8275929527559054
11
0.8740524015748031
21
1.8247879133858267
0
LINE
8
BLACK
6
CONTINUOUS
10
0.8740524015748031
20
1.8247879133858267
11
0.8745486614173228
21
1.824476377952756
0
LINE
8
BLACK
6
CONTINUOUS
10
0.8745486614173228
20
1.824476377952756
11
0.8746927559055118
21
1.8244169291338583
0
LINE
8
BLACK
6
CONTINUOUS
10
0.8746927559055118
20
1.8244169291338583
11
0.8748550787401574
21
1.8242840157480316
0
LINE
8
BLACK
6
CONTINUOUS
10
0.8748550787401574
20
1.8242840157480316
11
0.8750329527559055
21
1.8241724015748031
0
LINE
8
BLACK
6
CONTINUOUS
10
0.8750329527559055
20
1.8241724015748031
11
0.8751353149606299
21
1.8240546456692912
0
LINE
8
BLACK
6
CONTINUOUS
10
0.8751353149606299
20
1.8240546456692912
11
0.8755886220472441
21
1.8236836220472441
0
LINE
8
BLACK
6
CONTINUOUS
10
0.8755886220472441
20
1.8236836220472441
11
0.8784042913385827
21
1.8208750393700788
0
LINE
8
BLACK
6
CONTINUOUS
10
0.8784042913385827
20
1.8208750393700788
11
0.8787763779527559
21
1.8204227952755905
0
LINE
8
BLACK
6
CONTINUOUS
10
0.8787763779527559
20
1.8204227952755905
11
0.8788945275590551
21
1.8203206299212598
0
LINE
8
BLACK
6
CONTINUOUS
10
0.8788945275590551
20
1.8203206299212598
11
0.8790066929133858
21
1.8201429133858267
0
LINE
8
BLACK
6
CONTINUOUS
10
0.8790066929133858
20
1.8201429133858267
11
0.8791398818897638
21
1.819981062992126
0
LINE
8
BLACK
6
CONTINUOUS
10
0.8791398818897638
20
1.819981062992126
11
0.8791996850393701
21
1.8198371653543306
0
LINE
8
BLACK
6
CONTINUOUS
10
0.8791996850393701
20
1.8198371653543306
11
0.8795124803149607
21
1.8193416535433071
0
LINE
8
BLACK
6
CONTINUOUS
10
0.8795124803149607
20
1.8193416535433071
11
0.8823317322834645
21
1.8137209448818896
0
LINE
8
BLACK
6
CONTINUOUS
10
0.8823317322834645
20
1.8137209448818896
11
0.8823640551181102
21
1.8136367322834646
0
LINE
8
BLACK
6
CONTINUOUS
10
0.8823640551181102
20
1.8136367322834646
11
0.8823895275590551
21
1.8136024803149606
0
LINE
8
BLACK
6
CONTINUOUS
10
0.8823895275590551
20
1.8136024803149606
11
0.8825628346456693
21
1.8131191732283465
0
LINE
8
BLACK
6
CONTINUOUS
10
0.8825628346456693
20
1.8131191732283465
11
0.8827468503937008
21
1.8126402362204723
0
LINE
8
BLACK
6
CONTINUOUS
10
0.8827468503937008
20
1.8126402362204723
11
0.8827499212598425
21
1.8125976771653542
0
LINE
8
BLACK
6
CONTINUOUS
10
0.8827499212598425
20
1.8125976771653542
11
0.8827803937007874
21
1.8125127559055119
0
LINE
8
BLACK
6
CONTINUOUS
10
0.8827803937007874
20
1.8125127559055119
11
0.8856067716535433
21
1.8012677165354329
0
LINE
8
BLACK
6
CONTINUOUS
10
0.8856067716535433
20
1.8012677165354329
11
0.8856365354330709
21
1.8010680708661417
0
LINE
8
BLACK
6
CONTINUOUS
10
0.8856365354330709
20
1.8010680708661417
11
0.88567
21
1.8009876377952756
0
LINE
8
BLACK
6
CONTINUOUS
10
0.88567
20
1.8009876377952756
11
0.8857132677165355
21
1.800553779527559
0
LINE
8
BLACK
6
CONTINUOUS
10
0.8857132677165355
20
1.800553779527559
11
0.8857775984251969
21
1.8001226771653542
0
LINE
8
BLACK
6
CONTINUOUS
10
0.8857775984251969
20
1.8001226771653542
11
0.8857648818897638
21
1.800036496062992
0
LINE
8
BLACK
6
CONTINUOUS
10
0.8857648818897638
20
1.800036496062992
11
0.8857849212598425
21
1.7998356692913386
0
LINE
8
BLACK
6
CONTINUOUS
10
0.8857849212598425
20
1.7998356692913386
11
0.8858027165354331
21
1.7857749212598424
0
LINE
8
BLACK
6
CONTINUOUS
10
0.8858027165354331
20
1.7857749212598424
11
0.8857831496062992
21
1.7855738976377953
0
LINE
8
BLACK
6
CONTINUOUS
10
0.8857831496062992
20
1.7855738976377953
11
0.8857961023622047
21
1.7854878346456693
0
LINE
8
BLACK
6
CONTINUOUS
10
0.8857961023622047
20
1.7854878346456693
11
0.885732874015748
21
1.785056653543307
0
LINE
8
BLACK
6
CONTINUOUS
10
0.885732874015748
20
1.785056653543307
11
0.8856907086614173
21
1.7846226771653544
0
LINE
8
BLACK
6
CONTINUOUS
10
0.8856907086614173
20
1.7846226771653544
11
0.8856574409448819
21
1.784542125984252
0
LINE
8
BLACK
6
CONTINUOUS
10
0.8856574409448819
20
1.784542125984252
11
0.885628188976378
21
1.7843424015748031
0
LINE
8
BLACK
6
CONTINUOUS
10
0.885628188976378
20
1.7843424015748031
11
0.8828302755905512
21
1.7730902755905511
0
LINE
8
BLACK
6
CONTINUOUS
10
0.8828302755905512
20
1.7730902755905511
11
0.8828000393700787
21
1.7730053543307087
0
LINE
8
BLACK
6
CONTINUOUS
10
0.8828000393700787
20
1.7730053543307087
11
0.8827970866141732
21
1.7729627165354331
0
LINE
8
BLACK
6
CONTINUOUS
10
0.8827970866141732
20
1.7729627165354331
11
0.8826140157480314
21
1.7724825196850393
0
LINE
8
BLACK
6
CONTINUOUS
10
0.8826140157480314
20
1.7724825196850393
11
0.8824421653543307
21
1.7719995669291337
0
LINE
8
BLACK
6
CONTINUOUS
10
0.8824421653543307
20
1.7719995669291337
11
0.882416811023622
21
1.7719652362204723
0
LINE
8
BLACK
6
CONTINUOUS
10
0.882416811023622
20
1.7719652362204723
11
0.8823846850393701
21
1.7718809842519685
0
LINE
8
BLACK
6
CONTINUOUS
10
0.8823846850393701
20
1.7718809842519685
11
0.87957968503937
21
1.7662531496062992
0
LINE
8
BLACK
6
CONTINUOUS
10
0.87957968503937
20
1.7662531496062992
11
0.8792681496062992
21
1.7657568503937007
0
LINE
8
BLACK
6
CONTINUOUS
10
0.8792681496062992
20
1.7657568503937007
11
0.8792087007874015
21
1.7656127952755905
0
LINE
8
BLACK
6
CONTINUOUS
10
0.8792087007874015
20
1.7656127952755905
11
0.8790758661417323
21
1.7654505118110235
0
LINE
8
BLACK
6
CONTINUOUS
10
0.8790758661417323
20
1.7654505118110235
11
0.8789642125984252
21
1.7652726377952757
0
LINE
8
BLACK
6
CONTINUOUS
10
0.8789642125984252
20
1.7652726377952757
11
0.8788464566929134
21
1.7651702362204724
0
LINE
8
BLACK
6
CONTINUOUS
10
0.8788464566929134
20
1.7651702362204724
11
0.8784753937007874
21
1.7647169291338582
0
LINE
8
BLACK
6
CONTINUOUS
10
0.8784753937007874
20
1.7647169291338582
11
0.875666811023622
21
1.7619012204724409
0
LINE
8
BLACK
6
CONTINUOUS
10
0.875666811023622
20
1.7619012204724409
11
0.8752144094488189
21
1.7615290157480314
0
LINE
8
BLACK
6
CONTINUOUS
10
0.8752144094488189
20
1.7615290157480314
11
0.8751124015748031
21
1.761411062992126
0
LINE
8
BLACK
6
CONTINUOUS
10
0.8751124015748031
20
1.761411062992126
11
0.8749348818897638
21
1.7612989763779527
0
LINE
8
BLACK
6
CONTINUOUS
10
0.8749348818897638
20
1.7612989763779527
11
0.8747728346456692
21
1.7611656692913384
0
LINE
8
BLACK
6
CONTINUOUS
10
0.8747728346456692
20
1.7611656692913384
11
0.8746288188976378
21
1.7611057874015748
0
LINE
8
BLACK
6
CONTINUOUS
10
0.8746288188976378
20
1.7611057874015748
11
0.8741334251968503
21
1.7607930708661417
0
LINE
8
BLACK
6
CONTINUOUS
10
0.8741334251968503
20
1.7607930708661417
11
0.8685126771653543
21
1.757973779527559
0
LINE
8
BLACK
6
CONTINUOUS
10
0.8685126771653543
20
1.757973779527559
11
0.867431968503937
21
1.7575586614173229
0
LINE
8
BLACK
6
CONTINUOUS
10
0.867431968503937
20
1.7575586614173229
11
0.8672203543307087
21
1.757543346456693
0
LINE
8
BLACK
6
CONTINUOUS
10
0.8672203543307087
20
1.757543346456693
11
0.8670244094488189
21
1.7574618897637795
0
LINE
8
BLACK
6
CONTINUOUS
10
0.8670244094488189
20
1.7574618897637795
11
0.8658724409448819
21
1.7573469685039369
0
LINE
8
BLACK
6
CONTINUOUS
10
0.8658724409448819
20
1.7573469685039369
11
0.8602481496062991
21
1.7573398425196849
0
LINE
8
BLACK
6
CONTINUOUS
10
0.8602481496062991
20
1.7573398425196849
11
0.8590958661417323
21
1.7574518503937007
0
LINE
8
BLACK
6
CONTINUOUS
10
0.8590958661417323
20
1.7574518503937007
11
0.8588997637795276
21
1.7575327559055118
0
LINE
8
BLACK
6
CONTINUOUS
10
0.8588997637795276
20
1.7575327559055118
11
0.8586880708661417
21
1.7575475590551182
0
LINE
8
BLACK
6
CONTINUOUS
10
0.8586880708661417
20
1.7575475590551182
11
0.8576063385826771
21
1.7579599606299212
0
LINE
8
BLACK
6
CONTINUOUS
10
0.8576063385826771
20
1.7579599606299212
11
0.8519784645669292
21
1.7607649999999999
0
LINE
8
BLACK
6
CONTINUOUS
10
0.8519784645669292
20
1.7607649999999999
11
0.8514821653543307
21
1.7610764960629921
0
LINE
8
BLACK
6
CONTINUOUS
10
0.8514821653543307
20
1.7610764960629921
11
0.8513381496062992
21
1.7611359842519685
0
LINE
8
BLACK
6
CONTINUOUS
10
0.8513381496062992
20
1.7611359842519685
11
0.8511758267716535
21
1.7612688188976378
0
LINE
8
BLACK
6
CONTINUOUS
10
0.8511758267716535
20
1.7612688188976378
11
0.8509979527559055
21
1.7613805118110235
0
LINE
8
BLACK
6
CONTINUOUS
10
0.8509979527559055
20
1.7613805118110235
11
0.8508955511811024
21
1.7614982283464566
0
LINE
8
BLACK
6
CONTINUOUS
10
0.8508955511811024
20
1.7614982283464566
11
0.850442283464567
21
1.7618692913385827
0
LINE
8
BLACK
6
CONTINUOUS
10
0.850442283464567
20
1.7618692913385827
11
0.8476265748031496
21
1.764677874015748
0
LINE
8
BLACK
6
CONTINUOUS
10
0.8476265748031496
20
1.764677874015748
11
0.8472543700787402
21
1.7651302362204724
0
LINE
8
BLACK
6
CONTINUOUS
10
0.8472543700787402
20
1.7651302362204724
11
0.8471364173228346
21
1.7652322834645668
0
LINE
8
BLACK
6
CONTINUOUS
10
0.8471364173228346
20
1.7652322834645668
11
0.8470243307086613
21
1.7654097637795276
0
LINE
8
BLACK
6
CONTINUOUS
10
0.8470243307086613
20
1.7654097637795276
11
0.8468910236220473
21
1.7655718503937008
0
LINE
8
BLACK
6
CONTINUOUS
10
0.8468910236220473
20
1.7655718503937008
11
0.8468311417322835
21
1.7657158267716535
0
LINE
8
BLACK
6
CONTINUOUS
10
0.8468311417322835
20
1.7657158267716535
11
0.8465184251968504
21
1.7662112598425197
0
LINE
8
BLACK
6
CONTINUOUS
10
0.8465184251968504
20
1.7662112598425197
11
0.8436991338582677
21
1.7718320078740157
0
LINE
8
BLACK
6
CONTINUOUS
10
0.8436991338582677
20
1.7718320078740157
11
0.8436667716535433
21
1.7719161811023623
0
LINE
8
BLACK
6
CONTINUOUS
10
0.8436667716535433
20
1.7719161811023623
11
0.8436413385826771
21
1.7719504724409449
0
LINE
8
BLACK
6
CONTINUOUS
10
0.8436413385826771
20
1.7719504724409449
11
0.843467874015748
21
1.7724339763779526
0
LINE
8
BLACK
6
CONTINUOUS
10
0.843467874015748
20
1.7724339763779526
11
0.8432840157480315
21
1.772912716535433
0
LINE
8
BLACK
6
CONTINUOUS
10
0.8432840157480315
20
1.772912716535433
11
0.843280905511811
21
1.7729551968503936
0
LINE
8
BLACK
6
CONTINUOUS
10
0.843280905511811
20
1.7729551968503936
11
0.8432504724409449
21
1.773040157480315
0
LINE
8
BLACK
6
CONTINUOUS
10
0.8432504724409449
20
1.773040157480315
11
0.840424094488189
21
1.7842851574803149
0
LINE
8
BLACK
6
CONTINUOUS
10
0.840424094488189
20
1.7842851574803149
11
0.8403942913385827
21
1.7844848425196851
0
LINE
8
BLACK
6
CONTINUOUS
10
0.8403942913385827
20
1.7844848425196851
11
0.8403608661417322
21
1.7845652755905512
0
LINE
8
BLACK
6
CONTINUOUS
10
0.8403608661417322
20
1.7845652755905512
11
0.8403175590551181
21
1.7849989763779528
0
LINE
8
BLACK
6
CONTINUOUS
10
0.8403175590551181
20
1.7849989763779528
11
0.8402532677165354
21
1.7854301968503936
0
LINE
8
BLACK
6
CONTINUOUS
10
0.8402532677165354
20
1.7854301968503936
11
0.8402659448818898
21
1.7855163779527559
0
LINE
8
BLACK
6
CONTINUOUS
10
0.8402659448818898
20
1.7855163779527559
11
0.8402459448818898
21
1.7857172440944882
0
LINE
8
BLACK
6
CONTINUOUS
10
0.8402459448818898
20
1.7857172440944882
11
0.8402281496062992
21
1.7997779921259842
0
LINE
8
BLACK
6
CONTINUOUS
10
0.8402281496062992
20
1.7997779921259842
11
0.8402476771653543
21
1.7999789763779528
0
LINE
8
BLACK
6
CONTINUOUS
10
0.8402476771653543
20
1.7999789763779528
11
0.8402347637795275
21
1.8000650787401575
0
LINE
8
BLACK
6
CONTINUOUS
10
0.8402347637795275
20
1.8000650787401575
11
0.8402979527559055
21
1.8004961811023621
0
LINE
8
BLACK
6
CONTINUOUS
10
0.8402979527559055
20
1.8004961811023621
11
0.840340157480315
21
1.8009302755905512
0
LINE
8
BLACK
6
CONTINUOUS
10
0.840340157480315
20
1.8009302755905512
11
0.8403733858267717
21
1.8010107874015748
0
LINE
8
BLACK
6
CONTINUOUS
10
0.8403733858267717
20
1.8010107874015748
11
0.8404026771653543
21
1.8012105118110235
0
LINE
8
BLACK
6
CONTINUOUS
10
0.8404026771653543
20
1.8012105118110235
11
0.8432005905511811
21
1.8124626377952755
0
LINE
8
BLACK
6
CONTINUOUS
10
0.8432005905511811
20
1.8124626377952755
11
0.8432307874015748
21
1.8125475196850394
0
LINE
8
BLACK
6
CONTINUOUS
10
0.8432307874015748
20
1.8125475196850394
11
0.8432337795275591
21
1.8125901968503937
0
LINE
8
BLACK
6
CONTINUOUS
10
0.8432337795275591
20
1.8125901968503937
11
0.843416811023622
21
1.8130703543307085
0
LINE
8
BLACK
6
CONTINUOUS
10
0.843416811023622
20
1.8130703543307085
11
0.8435887007874016
21
1.8135533464566929
0
LINE
8
BLACK
6
CONTINUOUS
10
0.8435887007874016
20
1.8135533464566929
11
0.8436140157480315
21
1.8135876377952755
0
LINE
8
BLACK
6
CONTINUOUS
10
0.8436140157480315
20
1.8135876377952755
11
0.8436461811023622
21
1.8136719291338583
0
LINE
8
BLACK
6
CONTINUOUS
10
0.8436461811023622
20
1.8136719291338583
11
0.8464512204724409
21
1.8192998031496062
0
LINE
8
BLACK
6
CONTINUOUS
10
0.8464512204724409
20
1.8192998031496062
11
0.846762716535433
21
1.8197960629921259
0
LINE
8
BLACK
6
CONTINUOUS
10
0.846762716535433
20
1.8197960629921259
11
0.8468222047244094
21
1.8199401574803149
0
LINE
8
BLACK
6
CONTINUOUS
10
0.8468222047244094
20
1.8199401574803149
11
0.8469550787401574
21
1.8201024803149606
0
LINE
8
BLACK
6
CONTINUOUS
10
0.8469550787401574
20
1.8201024803149606
11
0.8470667322834645
21
1.8202803543307087
0
LINE
8
BLACK
6
CONTINUOUS
10
0.8470667322834645
20
1.8202803543307087
11
0.8471844488188977
21
1.8203827165354329
0
LINE
8
BLACK
6
CONTINUOUS
10
0.8471844488188977
20
1.8203827165354329
11
0.8475555118110236
21
1.8208360236220471
0
LINE
8
BLACK
6
CONTINUOUS
10
0.8475555118110236
20
1.8208360236220471
11
0.8503640944881889
21
1.8236516929133857
0
LINE
8
BLACK
6
CONTINUOUS
10
0.8503640944881889
20
1.8236516929133857
11
0.8508162992125984
21
1.8240237795275591
0
LINE
8
BLACK
6
CONTINUOUS
10
0.8508162992125984
20
1.8240237795275591
11
0.8509185039370079
21
1.8241419291338583
0
LINE
8
BLACK
6
CONTINUOUS
10
0.8509185039370079
20
1.8241419291338583
11
0.8510961811023622
21
1.8242540944881889
0
LINE
8
BLACK
6
CONTINUOUS
10
0.8510961811023622
20
1.8242540944881889
11
0.8512580708661417
21
1.8243872834645669
0
LINE
8
BLACK
6
CONTINUOUS
10
0.8512580708661417
20
1.8243872834645669
11
0.8514019291338583
21
1.8244470866141731
0
LINE
8
BLACK
6
CONTINUOUS
10
0.8514019291338583
20
1.8244470866141731
11
0.8518974803149606
21
1.8247598818897637
0
LINE
8
BLACK
6
CONTINUOUS
10
0.8518974803149606
20
1.8247598818897637
11
0.8575181889763779
21
1.8275791338582676
0
LINE
8
BLACK
6
CONTINUOUS
10
0.8575181889763779
20
1.8275791338582676
11
0.8585988976377953
21
1.827994251968504
0
LINE
8
BLACK
6
CONTINUOUS
10
0.8585988976377953
20
1.827994251968504
11
0.8588104724409449
21
1.8280095275590551
0
LINE
8
BLACK
6
CONTINUOUS
10
0.8588104724409449
20
1.8280095275590551
11
0.8590064566929133
21
1.8280910236220471
0
LINE
8
BLACK
6
CONTINUOUS
10
0.8590064566929133
20
1.8280910236220471
11
0.8601584251968504
21
1.8282059448818897
0
LINE
8
BLACK
6
CONTINUOUS
10
0.8601584251968504
20
1.8282059448818897
11
0.865782716535433
21
1.8282130708661417
0
LINE
8
BLACK
6
CONTINUOUS
10
0.865782716535433
20
1.8282130708661417
11
0.8669349606299213
21
1.8281010629921259
0
LINE
8
BLACK
6
CONTINUOUS
10
0.8615674409448819
20
1.8163966535433071
11
0.8580495275590551
21
1.8146321259842519
0
LINE
8
BLACK
6
CONTINUOUS
10
0.8580495275590551
20
1.8146321259842519
11
0.8565944881889763
21
1.8131734251968503
0
LINE
8
BLACK
6
CONTINUOUS
10
0.8565944881889763
20
1.8131734251968503
11
0.8545061023622047
21
1.8089833858267717
0
LINE
8
BLACK
6
CONTINUOUS
10
0.8545061023622047
20
1.8089833858267717
11
0.8520400787401574
21
1.7990659842519685
0
LINE
8
BLACK
6
CONTINUOUS
10
0.8520400787401574
20
1.7990659842519685
11
0.8520560236220472
21
1.7864591338582676
0
LINE
8
BLACK
6
CONTINUOUS
10
0.8520560236220472
20
1.7864591338582676
11
0.854547125984252
21
1.7765480314960629
0
LINE
8
BLACK
6
CONTINUOUS
10
0.854547125984252
20
1.7765480314960629
11
0.8566461417322835
21
1.7723632677165353
0
LINE
8
BLACK
6
CONTINUOUS
10
0.8566461417322835
20
1.7723632677165353
11
0.8581047637795275
21
1.7709083464566928
0
LINE
8
BLACK
6
CONTINUOUS
10
0.8581047637795275
20
1.7709083464566928
11
0.8616273228346456
21
1.7691525984251968
0
LINE
8
BLACK
6
CONTINUOUS
10
0.8616273228346456
20
1.7691525984251968
11
0.8644633464566929
21
1.7691562204724409
0
LINE
8
BLACK
6
CONTINUOUS
10
0.8644633464566929
20
1.7691562204724409
11
0.8679813779527559
21
1.7709207874015747
0
LINE
8
BLACK
6
CONTINUOUS
10
0.8679813779527559
20
1.7709207874015747
11
0.8694363385826771
21
1.7723794488188975
0
LINE
8
BLACK
6
CONTINUOUS
10
0.8694363385826771
20
1.7723794488188975
11
0.8715247244094488
21
1.7765694094488189
0
LINE
8
BLACK
6
CONTINUOUS
10
0.8715247244094488
20
1.7765694094488189
11
0.873990748031496
21
1.7864868897637796
0
LINE
8
BLACK
6
CONTINUOUS
10
0.873990748031496
20
1.7864868897637796
11
0.8739748031496063
21
1.7990937401574802
0
LINE
8
BLACK
6
CONTINUOUS
10
0.8739748031496063
20
1.7990937401574802
11
0.8714836614173228
21
1.8090049606299212
0
LINE
8
BLACK
6
CONTINUOUS
10
0.8714836614173228
20
1.8090049606299212
11
0.8693847244094488
21
1.8131895669291338
0
LINE
8
BLACK
6
CONTINUOUS
10
0.8693847244094488
20
1.8131895669291338
11
0.8679260236220472
21
1.8146446062992125
0
LINE
8
BLACK
6
CONTINUOUS
10
0.8679260236220472
20
1.8146446062992125
11
0.8644035433070866
21
1.8164002755905511
0
LINE
8
BLACK
6
CONTINUOUS
10
0.8644035433070866
20
1.8164002755905511
11
0.8615674409448819
21
1.8163966535433071
0
LINE
8
BLACK
6
CONTINUOUS
10
0.9534542125984252
20
1.8076437007874016
11
0.9550855511811024
21
1.8060164960629921
0
LINE
8
BLACK
6
CONTINUOUS
10
0.9550855511811024
20
1.8060164960629921
11
0.9559700787401575
21
1.8038887795275591
0
LINE
8
BLACK
6
CONTINUOUS
10
0.9559700787401575
20
1.8038887795275591
11
0.956085
21
1.8027368110236219
0
LINE
8
BLACK
6
CONTINUOUS
10
0.956085
20
1.8027368110236219
11
0.9561348425196851
21
1.7633667716535433
0
LINE
8
BLACK
6
CONTINUOUS
10
0.9561348425196851
20
1.7633667716535433
11
0.9560228346456693
21
1.7622144881889763
0
LINE
8
BLACK
6
CONTINUOUS
10
0.9560228346456693
20
1.7622144881889763
11
0.9551437007874015
21
1.7600845669291338
0
LINE
8
BLACK
6
CONTINUOUS
10
0.9551437007874015
20
1.7600845669291338
11
0.9535164960629922
21
1.7584531889763779
0
LINE
8
BLACK
6
CONTINUOUS
10
0.9535164960629922
20
1.7584531889763779
11
0.9513887795275591
21
1.7575687007874015
0
LINE
8
BLACK
6
CONTINUOUS
10
0.9513887795275591
20
1.7575687007874015
11
0.9490845275590551
21
1.7575657874015747
0
LINE
8
BLACK
6
CONTINUOUS
10
0.9490845275590551
20
1.7575657874015747
11
0.9469546062992126
21
1.7584448818897638
0
LINE
8
BLACK
6
CONTINUOUS
10
0.9469546062992126
20
1.7584448818897638
11
0.9453232677165354
21
1.760072125984252
0
LINE
8
BLACK
6
CONTINUOUS
10
0.9453232677165354
20
1.760072125984252
11
0.9444387401574803
21
1.762199842519685
0
LINE
8
BLACK
6
CONTINUOUS
10
0.9444387401574803
20
1.762199842519685
11
0.9443238188976377
21
1.7633518110236219
0
LINE
8
BLACK
6
CONTINUOUS
10
0.9443238188976377
20
1.7633518110236219
11
0.9442739763779527
21
1.8027218503937008
0
LINE
8
BLACK
6
CONTINUOUS
10
0.9442739763779527
20
1.8027218503937008
11
0.9443859842519685
21
1.8038741338582678
0
LINE
8
BLACK
6
CONTINUOUS
10
0.9443859842519685
20
1.8038741338582678
11
0.9452651181102362
21
1.8060040551181102
0
LINE
8
BLACK
6
CONTINUOUS
10
0.9452651181102362
20
1.8060040551181102
11
0.9468923228346456
21
1.8076353937007874
0
LINE
8
BLACK
6
CONTINUOUS
10
0.9468923228346456
20
1.8076353937007874
11
0.9490200393700787
21
1.8085199212598424
0
LINE
8
BLACK
6
CONTINUOUS
10
0.9490200393700787
20
1.8085199212598424
11
0.9513242913385827
21
1.8085228346456692
0
LINE
8
BLACK
6
CONTINUOUS
10
0.9513242913385827
20
1.8085228346456692
11
0.9534542125984252
21
1.8076437007874016
0
LINE
8
BLACK
6
CONTINUOUS
10
0.9963186220472441
20
1.8085798031496063
11
0.99651468503937
21
1.8084988582677164
0
LINE
8
BLACK
6
CONTINUOUS
10
0.99651468503937
20
1.8084988582677164
11
0.9967264566929134
21
1.808484094488189
0
LINE
8
BLACK
6
CONTINUOUS
10
0.9967264566929134
20
1.808484094488189
11
0.9978082283464567
21
1.8080716929133858
0
LINE
8
BLACK
6
CONTINUOUS
10
0.9978082283464567
20
1.8080716929133858
11
1.003436062992126
21
1.8052666535433071
0
LINE
8
BLACK
6
CONTINUOUS
10
1.003436062992126
20
1.8052666535433071
11
1.0036288976377952
21
1.8051455511811023
0
LINE
8
BLACK
6
CONTINUOUS
10
1.0036288976377952
20
1.8051455511811023
11
1.0037197637795274
21
1.8051154330708661
0
LINE
8
BLACK
6
CONTINUOUS
10
1.0037197637795274
20
1.8051154330708661
11
1.0038329921259843
21
1.8050174803149606
0
LINE
8
BLACK
6
CONTINUOUS
10
1.0038329921259843
20
1.8050174803149606
11
1.0044165748031495
21
1.8046511417322835
0
LINE
8
BLACK
6
CONTINUOUS
10
1.0044165748031495
20
1.8046511417322835
11
1.0049024409448819
21
1.8040923228346457
0
LINE
8
BLACK
6
CONTINUOUS
10
1.0049024409448819
20
1.8040923228346457
11
1.0054624409448818
21
1.8036079133858267
0
LINE
8
BLACK
6
CONTINUOUS
10
1.0054624409448818
20
1.8036079133858267
11
1.0058300787401575
21
1.8030254330708662
0
LINE
8
BLACK
6
CONTINUOUS
10
1.0058300787401575
20
1.8030254330708662
11
1.0059285039370078
21
1.8029122834645668
0
LINE
8
BLACK
6
CONTINUOUS
10
1.0059285039370078
20
1.8029122834645668
11
1.0059589370078741
21
1.8028212992125985
0
LINE
8
BLACK
6
CONTINUOUS
10
1.0059589370078741
20
1.8028212992125985
11
1.0060803937007874
21
1.8026289370078741
0
LINE
8
BLACK
6
CONTINUOUS
10
1.0060803937007874
20
1.8026289370078741
11
1.0088996456692914
21
1.7970082283464566
0
LINE
8
BLACK
6
CONTINUOUS
10
1.0088996456692914
20
1.7970082283464566
11
1.0093147637795274
21
1.7959275196850393
0
LINE
8
BLACK
6
CONTINUOUS
10
1.0093147637795274
20
1.7959275196850393
11
1.0093300393700788
21
1.795715905511811
0
LINE
8
BLACK
6
CONTINUOUS
10
1.0093300393700788
20
1.795715905511811
11
1.0094115354330708
21
1.7955199606299213
0
LINE
8
BLACK
6
CONTINUOUS
10
1.0094115354330708
20
1.7955199606299213
11
1.0095264566929134
21
1.7943679921259843
0
LINE
8
BLACK
6
CONTINUOUS
10
1.0095264566929134
20
1.7943679921259843
11
1.0095656299212599
21
1.7634344094488188
0
LINE
8
BLACK
6
CONTINUOUS
10
1.0095656299212599
20
1.7634344094488188
11
1.0094536220472441
21
1.7622821259842518
0
LINE
8
BLACK
6
CONTINUOUS
10
1.0094536220472441
20
1.7622821259842518
11
1.0085744881889764
21
1.7601522047244094
0
LINE
8
BLACK
6
CONTINUOUS
10
1.0085744881889764
20
1.7601522047244094
11
1.006947283464567
21
1.7585208267716534
0
LINE
8
BLACK
6
CONTINUOUS
10
1.006947283464567
20
1.7585208267716534
11
1.0048195669291338
21
1.7576363385826772
0
LINE
8
BLACK
6
CONTINUOUS
10
1.0048195669291338
20
1.7576363385826772
11
1.0025153149606298
21
1.7576334251968504
0
LINE
8
BLACK
6
CONTINUOUS
10
1.0025153149606298
20
1.7576334251968504
11
1.0003853937007874
21
1.7585125196850393
0
LINE
8
BLACK
6
CONTINUOUS
10
1.0003853937007874
20
1.7585125196850393
11
0.9987540551181102
21
1.7601397637795275
0
LINE
8
BLACK
6
CONTINUOUS
10
0.9987540551181102
20
1.7601397637795275
11
0.9978695275590551
21
1.7622674409448817
0
LINE
8
BLACK
6
CONTINUOUS
10
0.9978695275590551
20
1.7622674409448817
11
0.9977546062992125
21
1.7634194488188977
0
LINE
8
BLACK
6
CONTINUOUS
10
0.9977546062992125
20
1.7634194488188977
11
0.9977171653543306
21
1.7929589763779528
0
LINE
8
BLACK
6
CONTINUOUS
10
0.9977171653543306
20
1.7929589763779528
11
0.9964055511811023
21
1.795573937007874
0
LINE
8
BLACK
6
CONTINUOUS
10
0.9964055511811023
20
1.795573937007874
11
0.9937872047244094
21
1.7968790157480314
0
LINE
8
BLACK
6
CONTINUOUS
10
0.9937872047244094
20
1.7968790157480314
11
0.9881388976377953
21
1.7968718110236219
0
LINE
8
BLACK
6
CONTINUOUS
10
0.9881388976377953
20
1.7968718110236219
11
0.9846209842519685
21
1.7951073228346457
0
LINE
8
BLACK
6
CONTINUOUS
10
0.9846209842519685
20
1.7951073228346457
11
0.9842166929133858
21
1.7947019685039369
0
LINE
8
BLACK
6
CONTINUOUS
10
0.9842166929133858
20
1.7947019685039369
11
0.9842562992125984
21
1.7634023622047243
0
LINE
8
BLACK
6
CONTINUOUS
10
0.9842562992125984
20
1.7634023622047243
11
0.9841442913385826
21
1.7622500787401574
0
LINE
8
BLACK
6
CONTINUOUS
10
0.9841442913385826
20
1.7622500787401574
11
0.983265157480315
21
1.7601201574803149
0
LINE
8
BLACK
6
CONTINUOUS
10
0.983265157480315
20
1.7601201574803149
11
0.9816379527559055
21
1.758488779527559
0
LINE
8
BLACK
6
CONTINUOUS
10
0.9816379527559055
20
1.758488779527559
11
0.9795102362204724
21
1.7576042913385825
0
LINE
8
BLACK
6
CONTINUOUS
10
0.9795102362204724
20
1.7576042913385825
11
0.9772059842519685
21
1.7576013779527559
0
LINE
8
BLACK
6
CONTINUOUS
10
0.9772059842519685
20
1.7576013779527559
11
0.975076062992126
21
1.7584804724409449
0
LINE
8
BLACK
6
CONTINUOUS
10
0.975076062992126
20
1.7584804724409449
11
0.9734447244094488
21
1.7601077165354331
0
LINE
8
BLACK
6
CONTINUOUS
10
0.9734447244094488
20
1.7601077165354331
11
0.9725601968503936
21
1.7622354330708661
0
LINE
8
BLACK
6
CONTINUOUS
10
0.9725601968503936
20
1.7622354330708661
11
0.9724452755905512
21
1.763387401574803
0
LINE
8
BLACK
6
CONTINUOUS
10
0.9724452755905512
20
1.763387401574803
11
0.9723954724409448
21
1.8027574409448819
0
LINE
8
BLACK
6
CONTINUOUS
10
0.9723954724409448
20
1.8027574409448819
11
0.9725074803149606
21
1.8039097244094489
0
LINE
8
BLACK
6
CONTINUOUS
10
0.9725074803149606
20
1.8039097244094489
11
0.9733866141732284
21
1.8060396456692913
0
LINE
8
BLACK
6
CONTINUOUS
10
0.9733866141732284
20
1.8060396456692913
11
0.9750138188976377
21
1.8076709842519685
0
LINE
8
BLACK
6
CONTINUOUS
10
0.9750138188976377
20
1.8076709842519685
11
0.9771415354330708
21
1.8085555118110235
0
LINE
8
BLACK
6
CONTINUOUS
10
0.9771415354330708
20
1.8085555118110235
11
0.9794457874015747
21
1.8085584251968503
0
LINE
8
BLACK
6
CONTINUOUS
10
0.9794457874015747
20
1.8085584251968503
11
0.9815757086614173
21
1.8076792913385826
0
LINE
8
BLACK
6
CONTINUOUS
10
0.9815757086614173
20
1.8076792913385826
11
0.9821666929133858
21
1.8070897637795276
0
LINE
8
BLACK
6
CONTINUOUS
10
0.9821666929133858
20
1.8070897637795276
11
0.9840896850393701
21
1.8080542913385826
0
LINE
8
BLACK
6
CONTINUOUS
10
0.9840896850393701
20
1.8080542913385826
11
0.9851703937007874
21
1.808469409448819
0
LINE
8
BLACK
6
CONTINUOUS
10
0.9851703937007874
20
1.808469409448819
11
0.9853819291338582
21
1.8084846850393701
0
LINE
8
BLACK
6
CONTINUOUS
10
0.9853819291338582
20
1.8084846850393701
11
0.9855779133858268
21
1.8085661811023621
0
LINE
8
BLACK
6
CONTINUOUS
10
0.9855779133858268
20
1.8085661811023621
11
0.9867299212598425
21
1.8086811023622047
0
LINE
8
BLACK
6
CONTINUOUS
10
0.9867299212598425
20
1.8086811023622047
11
0.9951663385826771
21
1.8086918110236221
0
LINE
8
BLACK
6
CONTINUOUS
10
0.9951663385826771
20
1.8086918110236221
11
0.9963186220472441
21
1.8085798031496063
0
LINE
8
BLACK
6
CONTINUOUS
10
0.9534292913385827
20
1.827328779527559
11
0.9543251181102362
21
1.8265954724409448
0
LINE
8
BLACK
6
CONTINUOUS
10
0.9543251181102362
20
1.8265954724409448
11
0.9571408267716536
21
1.8237868503937007
0
LINE
8
BLACK
6
CONTINUOUS
10
0.9571408267716536
20
1.8237868503937007
11
0.9578764173228346
21
1.8228928346456692
0
LINE
8
BLACK
6
CONTINUOUS
10
0.9578764173228346
20
1.8228928346456692
11
0.9587608661417323
21
1.8207651181102362
0
LINE
8
BLACK
6
CONTINUOUS
10
0.9587608661417323
20
1.8207651181102362
11
0.958763779527559
21
1.8184609448818898
0
LINE
8
BLACK
6
CONTINUOUS
10
0.958763779527559
20
1.8184609448818898
11
0.9578846850393701
21
1.8163310236220471
0
LINE
8
BLACK
6
CONTINUOUS
10
0.9578846850393701
20
1.8163310236220471
11
0.9578845275590551
21
1.8163308661417323
0
LINE
8
BLACK
6
CONTINUOUS
10
0.9578845275590551
20
1.8163308661417323
11
0.9571513779527558
21
1.8154351968503937
0
LINE
8
BLACK
6
CONTINUOUS
10
0.9571513779527558
20
1.8154351968503937
11
0.9543427952755905
21
1.8126194881889763
0
LINE
8
BLACK
6
CONTINUOUS
10
0.9543427952755905
20
1.8126194881889763
11
0.9534488582677165
21
1.8118839763779526
0
LINE
8
BLACK
6
CONTINUOUS
10
0.9534488582677165
20
1.8118839763779526
11
0.953448779527559
21
1.8118838976377953
0
LINE
8
BLACK
6
CONTINUOUS
10
0.953448779527559
20
1.8118838976377953
11
0.952205590551181
21
1.8113671259842519
0
LINE
8
BLACK
6
CONTINUOUS
10
0.952205590551181
20
1.8113671259842519
11
0.9513211417322834
21
1.8109994488188976
0
LINE
8
BLACK
6
CONTINUOUS
10
0.9513211417322834
20
1.8109994488188976
11
0.950553031496063
21
1.810998464566929
0
LINE
8
BLACK
6
CONTINUOUS
10
0.950553031496063
20
1.810998464566929
11
0.949016968503937
21
1.8109965354330708
0
LINE
8
BLACK
6
CONTINUOUS
10
0.949016968503937
20
1.8109965354330708
11
0.9490169291338583
21
1.8109965354330708
0
LINE
8
BLACK
6
CONTINUOUS
10
0.9490169291338583
20
1.8109965354330708
11
0.9490168897637795
21
1.8109965354330708
0
LINE
8
BLACK
6
CONTINUOUS
10
0.9490168897637795
20
1.8109965354330708
11
0.9483602755905511
21
1.8112675590551182
0
LINE
8
BLACK
6
CONTINUOUS
10
0.9483602755905511
20
1.8112675590551182
11
0.9468869685039369
21
1.8118756299212597
0
LINE
8
BLACK
6
CONTINUOUS
10
0.9468869685039369
20
1.8118756299212597
11
0.9459911417322835
21
1.812608937007874
0
LINE
8
BLACK
6
CONTINUOUS
10
0.9459911417322835
20
1.812608937007874
11
0.9431754330708662
21
1.815417559055118
0
LINE
8
BLACK
6
CONTINUOUS
10
0.9431754330708662
20
1.815417559055118
11
0.942439842519685
21
1.8163115748031495
0
LINE
8
BLACK
6
CONTINUOUS
10
0.942439842519685
20
1.8163115748031495
11
0.9418168897637795
21
1.8178101968503937
0
LINE
8
BLACK
6
CONTINUOUS
10
0.9418168897637795
20
1.8178101968503937
11
0.9415553937007873
21
1.818439251968504
0
LINE
8
BLACK
6
CONTINUOUS
10
0.9415553937007873
20
1.818439251968504
11
0.9415524803149606
21
1.8207433858267716
0
LINE
8
BLACK
6
CONTINUOUS
10
0.9415524803149606
20
1.8207433858267716
11
0.9415524803149606
21
1.8207434645669291
0
LINE
8
BLACK
6
CONTINUOUS
10
0.9415524803149606
20
1.8207434645669291
11
0.9424315748031495
21
1.8228733858267716
0
LINE
8
BLACK
6
CONTINUOUS
10
0.9424315748031495
20
1.8228733858267716
11
0.9424317322834646
21
1.8228735433070866
0
LINE
8
BLACK
6
CONTINUOUS
10
0.9424317322834646
20
1.8228735433070866
11
0.9431648818897638
21
1.8237692125984251
0
LINE
8
BLACK
6
CONTINUOUS
10
0.9431648818897638
20
1.8237692125984251
11
0.9459734645669291
21
1.8265848818897636
0
LINE
8
BLACK
6
CONTINUOUS
10
0.9459734645669291
20
1.8265848818897636
11
0.9468674409448818
21
1.8273204724409449
0
LINE
8
BLACK
6
CONTINUOUS
10
0.9468674409448818
20
1.8273204724409449
11
0.9468674803149606
21
1.8273205118110236
0
LINE
8
BLACK
6
CONTINUOUS
10
0.9468674803149606
20
1.8273205118110236
11
0.9481372047244094
21
1.8278483070866141
0
LINE
8
BLACK
6
CONTINUOUS
10
0.9481372047244094
20
1.8278483070866141
11
0.9489951181102362
21
1.8282049606299213
0
LINE
8
BLACK
6
CONTINUOUS
10
0.9489951181102362
20
1.8282049606299213
11
0.9512934645669291
21
1.8282078346456692
0
LINE
8
BLACK
6
CONTINUOUS
10
0.9512934645669291
20
1.8282078346456692
11
0.9512992913385827
21
1.8282078740157479
0
LINE
8
BLACK
6
CONTINUOUS
10
0.9512992913385827
20
1.8282078740157479
11
0.9512992913385827
21
1.8282078346456692
0
LINE
8
BLACK
6
CONTINUOUS
10
0.9512992913385827
20
1.8282078346456692
11
0.9512993700787401
21
1.8282078740157479
0
LINE
8
BLACK
6
CONTINUOUS
10
0.9512993700787401
20
1.8282078740157479
11
0.9534292913385827
21
1.827328779527559
0
LINE
8
BLACK
6
CONTINUOUS
10
0.0573759842519685
20
1.8822058661417322
11
0.0591401968503937
21
1.8807236614173228
0
LINE
8
BLACK
6
CONTINUOUS
10
0.0591401968503937
20
1.8807236614173228
11
0.060202874015748
21
1.878679094488189
0
LINE
8
BLACK
6
CONTINUOUS
10
0.060202874015748
20
1.878679094488189
11
0.0604022440944882
21
1.8763835039370078
0
LINE
8
BLACK
6
CONTINUOUS
10
0.0604022440944882
20
1.8763835039370078
11
0.0597079527559055
21
1.8741864173228346
0
LINE
8
BLACK
6
CONTINUOUS
10
0.0597079527559055
20
1.8741864173228346
11
0.0582257480314961
21
1.8724222047244095
0
LINE
8
BLACK
6
CONTINUOUS
10
0.0582257480314961
20
1.8724222047244095
11
0.0572557874015748
21
1.8717901574803149
0
LINE
8
BLACK
6
CONTINUOUS
10
0.0572557874015748
20
1.8717901574803149
11
0.0343046456692913
21
1.8598610236220472
0
LINE
8
BLACK
6
CONTINUOUS
10
0.0343046456692913
20
1.8598610236220472
11
1.566036968503937
21
1.8588915354330708
0
LINE
8
BLACK
6
CONTINUOUS
10
1.566036968503937
20
1.8588915354330708
11
1.5431009842519685
21
1.8708497637795276
0
LINE
8
BLACK
6
CONTINUOUS
10
1.5431009842519685
20
1.8708497637795276
11
1.5421318503937007
21
1.8714830314960629
0
LINE
8
BLACK
6
CONTINUOUS
10
1.5421318503937007
20
1.8714830314960629
11
1.5406518503937008
21
1.8732491338582677
0
LINE
8
BLACK
6
CONTINUOUS
10
1.5406518503937008
20
1.8732491338582677
11
1.5399603543307085
21
1.8754470866141733
0
LINE
8
BLACK
6
CONTINUOUS
10
1.5399603543307085
20
1.8754470866141733
11
1.5401626377952755
21
1.8777424015748032
0
LINE
8
BLACK
6
CONTINUOUS
10
1.5401626377952755
20
1.8777424015748032
11
1.5412279133858267
21
1.8797856299212599
0
LINE
8
BLACK
6
CONTINUOUS
10
1.5412279133858267
20
1.8797856299212599
11
1.5429940157480315
21
1.8812656299212598
0
LINE
8
BLACK
6
CONTINUOUS
10
1.5429940157480315
20
1.8812656299212598
11
1.545191968503937
21
1.881957125984252
0
LINE
8
BLACK
6
CONTINUOUS
10
1.545191968503937
20
1.881957125984252
11
1.547487283464567
21
1.8817548425196851
0
LINE
8
BLACK
6
CONTINUOUS
10
1.547487283464567
20
1.8817548425196851
11
1.5485613779527558
21
1.8813228346456692
0
LINE
8
BLACK
6
CONTINUOUS
10
1.5485613779527558
20
1.8813228346456692
11
1.5842677165354331
21
1.862706496062992
0
LINE
8
BLACK
6
CONTINUOUS
10
1.5842677165354331
20
1.862706496062992
11
1.5842761811023622
21
1.8760618897637795
0
LINE
8
BLACK
6
CONTINUOUS
10
1.5842761811023622
20
1.8760618897637795
11
1.5843903937007873
21
1.8772139763779527
0
LINE
8
BLACK
6
CONTINUOUS
10
1.5843903937007873
20
1.8772139763779527
11
1.5852735433070866
21
1.8793422047244095
0
LINE
8
BLACK
6
CONTINUOUS
10
1.5852735433070866
20
1.8793422047244095
11
1.5869038582677164
21
1.8809704724409448
0
LINE
8
BLACK
6
CONTINUOUS
10
1.5869038582677164
20
1.8809704724409448
11
1.5890332283464565
21
1.8818509448818896
0
LINE
8
BLACK
6
CONTINUOUS
10
1.5890332283464565
20
1.8818509448818896
11
1.5913374803149607
21
1.8818494881889762
0
LINE
8
BLACK
6
CONTINUOUS
10
1.5913374803149607
20
1.8818494881889762
11
1.593465748031496
21
1.8809663385826771
0
LINE
8
BLACK
6
CONTINUOUS
10
1.593465748031496
20
1.8809663385826771
11
1.5950940157480316
21
1.8793360236220471
0
LINE
8
BLACK
6
CONTINUOUS
10
1.5950940157480316
20
1.8793360236220471
11
1.5959744488188976
21
1.8772066141732282
0
LINE
8
BLACK
6
CONTINUOUS
10
1.5959744488188976
20
1.8772066141732282
11
1.5960872047244095
21
1.8760544488188975
0
LINE
8
BLACK
6
CONTINUOUS
10
1.5960872047244095
20
1.8760544488188975
11
1.5959098818897637
21
1.5959055118110237
0
LINE
8
BLACK
6
CONTINUOUS
10
1.5959098818897637
20
1.5959055118110237
11
1.725087401574803
21
1.5959055118110237
0
LINE
8
BLACK
6
CONTINUOUS
10
1.725087401574803
20
1.5959055118110237
11
1.8510874015748031
21
1.5959055118110237
0
LINE
8
BLACK
6
CONTINUOUS
10
1.8510874015748031
20
1.5959055118110237
11
1.8522395275590551
21
1.5957920472440945
0
LINE
8
BLACK
6
CONTINUOUS
10
1.8522395275590551
20
1.5957920472440945
11
1.8543683464566929
21
1.5949102362204723
0
LINE
8
BLACK
6
CONTINUOUS
10
1.8543683464566929
20
1.5949102362204723
11
1.8559976377952756
21
1.5932809448818896
0
LINE
8
BLACK
6
CONTINUOUS
10
1.8559976377952756
20
1.5932809448818896
11
1.8568794488188975
21
1.591152125984252
0
LINE
8
BLACK
6
CONTINUOUS
10
1.8568794488188975
20
1.591152125984252
11
1.8568794488188975
21
1.5888478740157479
0
LINE
8
BLACK
6
CONTINUOUS
10
1.8568794488188975
20
1.5888478740157479
11
1.8559976377952756
21
1.5867190551181103
0
LINE
8
BLACK
6
CONTINUOUS
10
1.8559976377952756
20
1.5867190551181103
11
1.8543683464566929
21
1.5850897637795276
0
LINE
8
BLACK
6
CONTINUOUS
10
1.8543683464566929
20
1.5850897637795276
11
1.8522395275590551
21
1.5842079527559054
0
LINE
8
BLACK
6
CONTINUOUS
10
1.8522395275590551
20
1.5842079527559054
11
1.8510874015748031
21
1.5840944881889762
0
LINE
8
BLACK
6
CONTINUOUS
10
1.8510874015748031
20
1.5840944881889762
11
1.8377320078740158
21
1.5840944881889762
0
LINE
8
BLACK
6
CONTINUOUS
10
1.8377320078740158
20
1.5840944881889762
11
1.8563256692913386
21
1.5483763385826772
0
LINE
8
BLACK
6
CONTINUOUS
10
1.8563256692913386
20
1.5483763385826772
11
1.8567570472440944
21
1.5473019685039369
0
LINE
8
BLACK
6
CONTINUOUS
10
1.8567570472440944
20
1.5473019685039369
11
1.8569578346456692
21
1.5450065354330709
0
LINE
8
BLACK
6
CONTINUOUS
10
1.8569578346456692
20
1.5450065354330709
11
1.8562649606299213
21
1.5428090157480314
0
LINE
8
BLACK
6
CONTINUOUS
10
1.8562649606299213
20
1.5428090157480314
11
1.8547838582677165
21
1.5410438582677164
0
LINE
8
BLACK
6
CONTINUOUS
10
1.8547838582677165
20
1.5410438582677164
11
1.8527399606299213
21
1.5399798425196849
0
LINE
8
BLACK
6
CONTINUOUS
10
1.8527399606299213
20
1.5399798425196849
11
1.8504444881889763
21
1.5397790551181103
0
LINE
8
BLACK
6
CONTINUOUS
10
1.8504444881889763
20
1.5397790551181103
11
1.8482469685039369
21
1.5404719291338582
0
LINE
8
BLACK
6
CONTINUOUS
10
1.8482469685039369
20
1.5404719291338582
11
1.8464818110236221
21
1.541953031496063
0
LINE
8
BLACK
6
CONTINUOUS
10
1.8464818110236221
20
1.541953031496063
11
1.8458491732283464
21
1.5429225984251969
0
LINE
8
BLACK
6
CONTINUOUS
10
1.8458491732283464
20
1.5429225984251969
11
1.8339055118110237
21
1.5658661417322834
0
LINE
8
BLACK
6
CONTINUOUS
10
1.8339055118110237
20
1.5658661417322834
11
1.8339055118110237
21
0.0341338188976378
0
LINE
8
BLACK
6
CONTINUOUS
10
1.8339055118110237
20
0.0341338188976378
11
1.8458491732283464
21
0.0570774015748031
0
LINE
8
BLACK
6
CONTINUOUS
10
1.8458491732283464
20
0.0570774015748031
11
1.8464818110236221
21
0.058046968503937
0
LINE
8
BLACK
6
CONTINUOUS
10
1.8464818110236221
20
0.058046968503937
11
1.8482469685039369
21
0.0595280708661417
0
LINE
8
BLACK
6
CONTINUOUS
10
1.8482469685039369
20
0.0595280708661417
11
1.8504444881889763
21
0.0602209448818898
0
LINE
8
BLACK
6
CONTINUOUS
10
1.8504444881889763
20
0.0602209448818898
11
1.8527399606299213
21
0.060020157480315
0
LINE
8
BLACK
6
CONTINUOUS
10
1.8527399606299213
20
0.060020157480315
11
1.8547838582677165
21
0.0589561417322835
0
LINE
8
BLACK
6
CONTINUOUS
10
1.8547838582677165
20
0.0589561417322835
11
1.8562649606299213
21
0.0571909842519685
0
LINE
8
BLACK
6
CONTINUOUS
10
1.8562649606299213
20
0.0571909842519685
11
1.8569578346456692
21
0.0549934645669291
0
LINE
8
BLACK
6
CONTINUOUS
10
1.8569578346456692
20
0.0549934645669291
11
1.8567570472440944
21
0.052698031496063
0
LINE
8
BLACK
6
CONTINUOUS
10
1.8567570472440944
20
0.052698031496063
11
1.8563256692913386
21
0.0516236614173228
0
LINE
8
BLACK
6
CONTINUOUS
10
1.8563256692913386
20
0.0516236614173228
11
1.8377320078740158
21
0.0159055118110236
0
LINE
8
BLACK
6
CONTINUOUS
10
1.8377320078740158
20
0.0159055118110236
11
1.8510874015748031
21
0.0159055118110236
0
LINE
8
BLACK
6
CONTINUOUS
10
1.8510874015748031
20
0.0159055118110236
11
1.8522395275590551
21
0.0157920472440945
0
LINE
8
BLACK
6
CONTINUOUS
10
1.8522395275590551
20
0.0157920472440945
11
1.8543683464566929
21
0.0149102362204724
0
LINE
8
BLACK
6
CONTINUOUS
10
1.8543683464566929
20
0.0149102362204724
11
1.8559976377952756
21
0.0132809448818898
0
LINE
8
BLACK
6
CONTINUOUS
10
1.8559976377952756
20
0.0132809448818898
11
1.8568794488188975
21
0.011152125984252
0
LINE
8
BLACK
6
CONTINUOUS
10
1.8568794488188975
20
0.011152125984252
11
1.8568794488188975
21
0.008847874015748
0
LINE
8
BLACK
6
CONTINUOUS
10
1.8568794488188975
20
0.008847874015748
11
1.8559976377952756
21
0.0067190551181102
0
LINE
8
BLACK
6
CONTINUOUS
10
1.8559976377952756
20
0.0067190551181102
11
1.8543683464566929
21
0.0050897637795276
0
LINE
8
BLACK
6
CONTINUOUS
10
1.8543683464566929
20
0.0050897637795276
11
1.8522395275590551
21
0.0042079527559055
0
LINE
8
BLACK
6
CONTINUOUS
10
1.8522395275590551
20
0.0042079527559055
11
1.8510874015748031
21
0.0040944881889764
0
LINE
8
BLACK
6
CONTINUOUS
10
1.8510874015748031
20
0.0040944881889764
11
1.725087401574803
21
0.0040944881889764
0
LINE
8
BLACK
6
CONTINUOUS
10
1.725087401574803
20
0.0040944881889764
11
1.5899999999999999
21
0.0040944881889764
0
LINE
8
BLACK
6
CONTINUOUS
10
1.5899999999999999
20
0.0040944881889764
11
1.5888478740157479
21
0.0042079527559055
0
LINE
8
BLACK
6
CONTINUOUS
10
1.5888478740157479
20
0.0042079527559055
11
1.5867190551181103
21
0.0050897637795276
0
LINE
8
BLACK
6
CONTINUOUS
10
1.5867190551181103
20
0.0050897637795276
11
1.5850897637795276
21
0.0067190551181102
0
LINE
8
BLACK
6
CONTINUOUS
10
1.5850897637795276
20
0.0067190551181102
11
1.5842079527559054
21
0.008847874015748
0
LINE
8
BLACK
6
CONTINUOUS
10
1.5842079527559054
20
0.008847874015748
11
1.5842079527559054
21
0.011152125984252
0
LINE
8
BLACK
6
CONTINUOUS
10
1.5842079527559054
20
0.011152125984252
11
1.5850897637795276
21
0.0132809448818898
0
LINE
8
BLACK
6
CONTINUOUS
10
1.5850897637795276
20
0.0132809448818898
11
1.5867190551181103
21
0.0149102362204724
0
LINE
8
BLACK
6
CONTINUOUS
10
1.5867190551181103
20
0.0149102362204724
11
1.5888478740157479
21
0.0157920472440945
0
LINE
8
BLACK
6
CONTINUOUS
10
1.5888478740157479
20
0.0157920472440945
11
1.5899999999999999
21
0.0159055118110236
0
LINE
8
BLACK
6
CONTINUOUS
10
1.5899999999999999
20
0.0159055118110236
11
1.6922679921259842
21
0.0159055118110236
0
LINE
8
BLACK
6
CONTINUOUS
10
1.6922679921259842
20
0.0159055118110236
11
1.6736742913385827
21
0.0516237007874016
0
LINE
8
BLACK
6
CONTINUOUS
10
1.6736742913385827
20
0.0516237007874016
11
1.6732429527559054
21
0.052698031496063
0
LINE
8
BLACK
6
CONTINUOUS
10
1.6732429527559054
20
0.052698031496063
11
1.6730421653543306
21
0.0549935039370079
0
LINE
8
BLACK
6
CONTINUOUS
10
1.6730421653543306
20
0.0549935039370079
11
1.6737350393700787
21
0.0571910236220472
0
LINE
8
BLACK
6
CONTINUOUS
10
1.6737350393700787
20
0.0571910236220472
11
1.6752161417322835
21
0.0589561811023622
0
LINE
8
BLACK
6
CONTINUOUS
10
1.6752161417322835
20
0.0589561811023622
11
1.6772600393700787
21
0.060020157480315
0
LINE
8
BLACK
6
CONTINUOUS
10
1.6772600393700787
20
0.060020157480315
11
1.6795555118110237
21
0.0602209448818898
0
LINE
8
BLACK
6
CONTINUOUS
10
1.6795555118110237
20
0.0602209448818898
11
1.6817530314960629
21
0.0595280708661417
0
LINE
8
BLACK
6
CONTINUOUS
10
1.6817530314960629
20
0.0595280708661417
11
1.6835181889763779
21
0.058046968503937
0
LINE
8
BLACK
6
CONTINUOUS
10
1.6835181889763779
20
0.058046968503937
11
1.6841508267716534
21
0.0570774015748031
0
LINE
8
BLACK
6
CONTINUOUS
10
1.6841508267716534
20
0.0570774015748031
11
1.6960944881889763
21
0.0341338188976378
0
LINE
8
BLACK
6
CONTINUOUS
10
1.6960944881889763
20
0.0341338188976378
11
1.6960944881889763
21
1.5658661417322834
0
LINE
8
BLACK
6
CONTINUOUS
10
1.6960944881889763
20
1.5658661417322834
11
1.6841508267716534
21
1.5429225984251969
0
LINE
8
BLACK
6
CONTINUOUS
10
1.6841508267716534
20
1.5429225984251969
11
1.6835181889763779
21
1.541953031496063
0
LINE
8
BLACK
6
CONTINUOUS
10
1.6835181889763779
20
1.541953031496063
11
1.6817530314960629
21
1.5404719291338582
0
LINE
8
BLACK
6
CONTINUOUS
10
1.6817530314960629
20
1.5404719291338582
11
1.6795555118110237
21
1.5397790551181103
0
LINE
8
BLACK
6
CONTINUOUS
10
1.6795555118110237
20
1.5397790551181103
11
1.6772600393700787
21
1.5399798425196849
0
LINE
8
BLACK
6
CONTINUOUS
10
1.6772600393700787
20
1.5399798425196849
11
1.6752161417322835
21
1.5410438188976379
0
LINE
8
BLACK
6
CONTINUOUS
10
1.6752161417322835
20
1.5410438188976379
11
1.6737350393700787
21
1.5428089763779527
0
LINE
8
BLACK
6
CONTINUOUS
10
1.6737350393700787
20
1.5428089763779527
11
1.6730421653543306
21
1.5450064960629921
0
LINE
8
BLACK
6
CONTINUOUS
10
1.6730421653543306
20
1.5450064960629921
11
1.6732429527559054
21
1.5473019685039369
0
LINE
8
BLACK
6
CONTINUOUS
10
1.6732429527559054
20
1.5473019685039369
11
1.6736742913385827
21
1.5483762992125985
0
LINE
8
BLACK
6
CONTINUOUS
10
1.6736742913385827
20
1.5483762992125985
11
1.6922679921259842
21
1.5840944881889762
0
LINE
8
BLACK
6
CONTINUOUS
10
1.6922679921259842
20
1.5840944881889762
11
1.5932846456692913
21
1.5840944881889762
0
LINE
8
BLACK
6
CONTINUOUS
10
1.5932846456692913
20
1.5840944881889762
11
1.5932778346456693
21
1.5840876771653543
0
LINE
8
BLACK
6
CONTINUOUS
10
1.5932778346456693
20
1.5840876771653543
11
1.5911484645669292
21
1.5832072440944882
0
LINE
8
BLACK
6
CONTINUOUS
10
1.5911484645669292
20
1.5832072440944882
11
1.5888442125984252
21
1.5832087007874016
0
LINE
8
BLACK
6
CONTINUOUS
10
1.5888442125984252
20
1.5832087007874016
11
1.5867159448818897
21
1.5840918503937007
0
LINE
8
BLACK
6
CONTINUOUS
10
1.5867159448818897
20
1.5840918503937007
11
1.5850876771653544
21
1.5857221653543307
0
LINE
8
BLACK
6
CONTINUOUS
10
1.5850876771653544
20
1.5857221653543307
11
1.5842072440944881
21
1.5878515354330709
0
LINE
8
BLACK
6
CONTINUOUS
10
1.5842072440944881
20
1.5878515354330709
11
1.5840944881889762
21
1.5890037401574804
0
LINE
8
BLACK
6
CONTINUOUS
10
1.5840944881889762
20
1.5890037401574804
11
1.5840950787401575
21
1.5899862598425196
0
LINE
8
BLACK
6
CONTINUOUS
10
1.5840950787401575
20
1.5899862598425196
11
1.5840944881889762
21
1.5899925196850393
0
LINE
8
BLACK
6
CONTINUOUS
10
1.5840944881889762
20
1.5899925196850393
11
1.5839422440944881
21
1.7102691338582676
0
LINE
8
BLACK
6
CONTINUOUS
10
1.5839422440944881
20
1.7102691338582676
11
1.5482476377952756
21
1.6916302362204725
0
LINE
8
BLACK
6
CONTINUOUS
10
1.5482476377952756
20
1.6916302362204725
11
1.5471738188976378
21
1.6911975196850393
0
LINE
8
BLACK
6
CONTINUOUS
10
1.5471738188976378
20
1.6911975196850393
11
1.5448786220472441
21
1.6909938188976377
0
LINE
8
BLACK
6
CONTINUOUS
10
1.5448786220472441
20
1.6909938188976377
11
1.5426802362204723
21
1.691683937007874
0
LINE
8
BLACK
6
CONTINUOUS
10
1.5426802362204723
20
1.691683937007874
11
1.5409131889763779
21
1.6931627952755905
0
LINE
8
BLACK
6
CONTINUOUS
10
1.5409131889763779
20
1.6931627952755905
11
1.5398466141732283
21
1.6952053543307086
0
LINE
8
BLACK
6
CONTINUOUS
10
1.5398466141732283
20
1.6952053543307086
11
1.5396429133858267
21
1.6975005511811023
0
LINE
8
BLACK
6
CONTINUOUS
10
1.5396429133858267
20
1.6975005511811023
11
1.540333031496063
21
1.6996989370078739
0
LINE
8
BLACK
6
CONTINUOUS
10
1.540333031496063
20
1.6996989370078739
11
1.5418118897637796
21
1.7014659842519684
0
LINE
8
BLACK
6
CONTINUOUS
10
1.5418118897637796
20
1.7014659842519684
11
1.5427806299212599
21
1.7020998425196849
0
LINE
8
BLACK
6
CONTINUOUS
10
1.5427806299212599
20
1.7020998425196849
11
1.5657090157480316
21
1.7140725196850393
0
LINE
8
BLACK
6
CONTINUOUS
10
1.5657090157480316
20
1.7140725196850393
11
0.0339767322834646
21
1.7121335826771653
0
LINE
8
BLACK
6
CONTINUOUS
10
0.0339767322834646
20
1.7121335826771653
11
0.0569353937007874
21
1.7002190157480315
0
LINE
8
BLACK
6
CONTINUOUS
10
0.0569353937007874
20
1.7002190157480315
11
0.0579057480314961
21
1.6995875984251969
0
LINE
8
BLACK
6
CONTINUOUS
10
0.0579057480314961
20
1.6995875984251969
11
0.059389094488189
21
1.6978243307086613
0
LINE
8
BLACK
6
CONTINUOUS
10
0.059389094488189
20
1.6978243307086613
11
0.0600847637795276
21
1.6956276771653542
0
LINE
8
BLACK
6
CONTINUOUS
10
0.0600847637795276
20
1.6956276771653542
11
0.0598868503937008
21
1.693331968503937
0
LINE
8
BLACK
6
CONTINUOUS
10
0.0598868503937008
20
1.693331968503937
11
0.0588254724409449
21
1.6912867322834646
0
LINE
8
BLACK
6
CONTINUOUS
10
0.0588254724409449
20
1.6912867322834646
11
0.0570621653543307
21
1.6898033858267716
0
LINE
8
BLACK
6
CONTINUOUS
10
0.0570621653543307
20
1.6898033858267716
11
0.0548655511811024
21
1.6891077165354331
0
LINE
8
BLACK
6
CONTINUOUS
10
0.0548655511811024
20
1.6891077165354331
11
0.052569842519685
21
1.6893056299212599
0
LINE
8
BLACK
6
CONTINUOUS
10
0.052569842519685
20
1.6893056299212599
11
0.0514949212598425
21
1.6897356299212598
0
LINE
8
BLACK
6
CONTINUOUS
10
0.0514949212598425
20
1.6897356299212598
11
0.0159802755905512
21
1.7081662598425196
0
LINE
8
BLACK
6
CONTINUOUS
10
0.0159802755905512
20
1.7081662598425196
11
0.0159055118110236
21
1.5899962598425197
0
LINE
8
BLACK
6
CONTINUOUS
10
0.0159055118110236
20
1.5899962598425197
11
0.0159029921259843
21
1.5899711811023622
0
LINE
8
BLACK
6
CONTINUOUS
10
0.0159029921259843
20
1.5899711811023622
11
0.0159055118110236
21
1.5880074803149606
0
LINE
8
BLACK
6
CONTINUOUS
10
0.0159055118110236
20
1.5880074803149606
11
0.0157935039370079
21
1.5868551968503937
0
LINE
8
BLACK
6
CONTINUOUS
10
0.0157935039370079
20
1.5868551968503937
11
0.0149143700787402
21
1.5847252755905512
0
LINE
8
BLACK
6
CONTINUOUS
10
0.0149143700787402
20
1.5847252755905512
11
0.0132871653543307
21
1.583093937007874
0
LINE
8
BLACK
6
CONTINUOUS
10
0.0132871653543307
20
1.583093937007874
11
0.0111594488188976
21
1.5822094094488188
0
LINE
8
BLACK
6
CONTINUOUS
10
0.0111594488188976
20
1.5822094094488188
11
0.0088551968503937
21
1.582206496062992
0
LINE
8
BLACK
6
CONTINUOUS
10
0.0088551968503937
20
1.582206496062992
11
0.0067252755905512
21
1.5830856299212599
0
LINE
8
BLACK
6
CONTINUOUS
10
0.0067252755905512
20
1.5830856299212599
11
0.005093937007874
21
1.5847128346456694
0
LINE
8
BLACK
6
CONTINUOUS
10
0.005093937007874
20
1.5847128346456694
11
0.0042094094488189
21
1.5868405511811023
0
LINE
8
BLACK
6
CONTINUOUS
10
0.0042094094488189
20
1.5868405511811023
11
0.0040944881889764
21
1.5879925196850393
0
LINE
8
BLACK
6
CONTINUOUS
10
0.0040944881889764
20
1.5879925196850393
11
0.0039007086614173
21
1.7410885039370079
0
LINE
8
BLACK
6
CONTINUOUS
10
0.0039007086614173
20
1.7410885039370079
11
0.0040127165354331
21
1.7422407874015748
0
LINE
8
BLACK
6
CONTINUOUS
10
0.0040127165354331
20
1.7422407874015748
11
0.0041911023622047
21
1.7426729921259843
0
LINE
8
BLACK
6
CONTINUOUS
10
0.0041911023622047
20
1.7426729921259843
11
0.0042761811023622
21
1.8770618897637794
0
LINE
8
BLACK
6
CONTINUOUS
10
0.0042761811023622
20
1.8770618897637794
11
0.0043903937007874
21
1.8782139763779526
0
LINE
8
BLACK
6
CONTINUOUS
10
0.0043903937007874
20
1.8782139763779526
11
0.0052735433070866
21
1.8803422047244094
0
LINE
8
BLACK
6
CONTINUOUS
10
0.0052735433070866
20
1.8803422047244094
11
0.0069038582677165
21
1.8819704724409447
0
LINE
8
BLACK
6
CONTINUOUS
10
0.0069038582677165
20
1.8819704724409447
11
0.0090332283464567
21
1.8828509448818898
0
LINE
8
BLACK
6
CONTINUOUS
10
0.0090332283464567
20
1.8828509448818898
11
0.0113374803149606
21
1.8828494881889764
0
LINE
8
BLACK
6
CONTINUOUS
10
0.0113374803149606
20
1.8828494881889764
11
0.0134657480314961
21
1.881966338582677
0
LINE
8
BLACK
6
CONTINUOUS
10
0.0134657480314961
20
1.881966338582677
11
0.0150940157480315
21
1.8803360236220472
0
LINE
8
BLACK
6
CONTINUOUS
10
0.0150940157480315
20
1.8803360236220472
11
0.0159744488188976
21
1.8782066141732283
0
LINE
8
BLACK
6
CONTINUOUS
10
0.0159744488188976
20
1.8782066141732283
11
0.0160872047244094
21
1.8770544488188976
0
LINE
8
BLACK
6
CONTINUOUS
10
0.0160872047244094
20
1.8770544488188976
11
0.0160787401574803
21
1.8636989763779528
0
LINE
8
BLACK
6
CONTINUOUS
10
0.0160787401574803
20
1.8636989763779528
11
0.0518087007874016
21
1.8822701181102361
0
LINE
8
BLACK
6
CONTINUOUS
10
0.0518087007874016
20
1.8822701181102361
11
0.0528833070866142
21
1.8827007874015749
0
LINE
8
BLACK
6
CONTINUOUS
10
0.0528833070866142
20
1.8827007874015749
11
0.0551788976377953
21
1.882900157480315
0
LINE
8
BLACK
6
CONTINUOUS
10
0.0551788976377953
20
1.882900157480315
11
0.0573759842519685
21
1.8822058661417322
0
LINE
8
BLACK
6
CONTINUOUS
10
1.725087401574803
20
1.5840944881889762
11
1.7117320078740157
21
1.5840944881889762
0
LINE
8
BLACK
6
CONTINUOUS
10
1.7117320078740157
20
1.5840944881889762
11
1.7303256692913385
21
1.5483763385826772
0
LINE
8
BLACK
6
CONTINUOUS
10
1.7303256692913385
20
1.5483763385826772
11
1.7307570472440945
21
1.5473019685039369
0
LINE
8
BLACK
6
CONTINUOUS
10
1.7307570472440945
20
1.5473019685039369
11
1.7309578346456693
21
1.5450065354330709
0
LINE
8
BLACK
6
CONTINUOUS
10
1.7309578346456693
20
1.5450065354330709
11
1.7302649606299212
21
1.5428090157480314
0
LINE
8
BLACK
6
CONTINUOUS
10
1.7302649606299212
20
1.5428090157480314
11
1.7287838582677164
21
1.5410438582677164
0
LINE
8
BLACK
6
CONTINUOUS
10
1.7287838582677164
20
1.5410438582677164
11
1.7267399606299212
21
1.5399798425196849
0
LINE
8
BLACK
6
CONTINUOUS
10
1.7267399606299212
20
1.5399798425196849
11
1.7244444881889764
21
1.5397790551181103
0
LINE
8
BLACK
6
CONTINUOUS
10
1.7244444881889764
20
1.5397790551181103
11
1.722246968503937
21
1.5404719291338582
0
LINE
8
BLACK
6
CONTINUOUS
10
1.722246968503937
20
1.5404719291338582
11
1.720481811023622
21
1.541953031496063
0
LINE
8
BLACK
6
CONTINUOUS
10
1.720481811023622
20
1.541953031496063
11
1.7198491732283465
21
1.5429225984251969
0
LINE
8
BLACK
6
CONTINUOUS
10
1.7198491732283465
20
1.5429225984251969
11
1.7079055118110236
21
1.5658661417322834
0
LINE
8
BLACK
6
CONTINUOUS
10
1.7079055118110236
20
1.5658661417322834
11
1.7079055118110236
21
0.0341338188976378
0
LINE
8
BLACK
6
CONTINUOUS
10
1.7079055118110236
20
0.0341338188976378
11
1.7198491732283465
21
0.0570774015748031
0
LINE
8
BLACK
6
CONTINUOUS
10
1.7198491732283465
20
0.0570774015748031
11
1.720481811023622
21
0.058046968503937
0
LINE
8
BLACK
6
CONTINUOUS
10
1.720481811023622
20
0.058046968503937
11
1.722246968503937
21
0.0595280708661417
0
LINE
8
BLACK
6
CONTINUOUS
10
1.722246968503937
20
0.0595280708661417
11
1.7244444881889764
21
0.0602209448818898
0
LINE
8
BLACK
6
CONTINUOUS
10
1.7244444881889764
20
0.0602209448818898
11
1.7267399606299212
21
0.060020157480315
0
LINE
8
BLACK
6
CONTINUOUS
10
1.7267399606299212
20
0.060020157480315
11
1.7287838582677164
21
0.0589561417322835
0
LINE
8
BLACK
6
CONTINUOUS
10
1.7287838582677164
20
0.0589561417322835
11
1.7302649606299212
21
0.0571909842519685
0
LINE
8
BLACK
6
CONTINUOUS
10
1.7302649606299212
20
0.0571909842519685
11
1.7309578346456693
21
0.0549934645669291
0
LINE
8
BLACK
6
CONTINUOUS
10
1.7309578346456693
20
0.0549934645669291
11
1.7307570472440945
21
0.052698031496063
0
LINE
8
BLACK
6
CONTINUOUS
10
1.7307570472440945
20
0.052698031496063
11
1.7303256692913385
21
0.0516236614173228
0
LINE
8
BLACK
6
CONTINUOUS
10
1.7303256692913385
20
0.0516236614173228
11
1.7117320078740157
21
0.0159055118110236
0
LINE
8
BLACK
6
CONTINUOUS
10
1.7117320078740157
20
0.0159055118110236
11
1.725087401574803
21
0.0159055118110236
0
LINE
8
BLACK
6
CONTINUOUS
10
1.725087401574803
20
0.0159055118110236
11
1.8182679921259841
21
0.0159055118110236
0
LINE
8
BLACK
6
CONTINUOUS
10
1.8182679921259841
20
0.0159055118110236
11
1.7996742913385826
21
0.0516237007874016
0
LINE
8
BLACK
6
CONTINUOUS
10
1.7996742913385826
20
0.0516237007874016
11
1.7992429527559055
21
0.052698031496063
0
LINE
8
BLACK
6
CONTINUOUS
10
1.7992429527559055
20
0.052698031496063
11
1.7990421653543307
21
0.0549935039370079
0
LINE
8
BLACK
6
CONTINUOUS
10
1.7990421653543307
20
0.0549935039370079
11
1.7997350393700786
21
0.0571910236220472
0
LINE
8
BLACK
6
CONTINUOUS
10
1.7997350393700786
20
0.0571910236220472
11
1.8012161417322834
21
0.0589561811023622
0
LINE
8
BLACK
6
CONTINUOUS
10
1.8012161417322834
20
0.0589561811023622
11
1.8032600393700786
21
0.060020157480315
0
LINE
8
BLACK
6
CONTINUOUS
10
1.8032600393700786
20
0.060020157480315
11
1.8055555118110236
21
0.0602209448818898
0
LINE
8
BLACK
6
CONTINUOUS
10
1.8055555118110236
20
0.0602209448818898
11
1.807753031496063
21
0.0595280708661417
0
LINE
8
BLACK
6
CONTINUOUS
10
1.807753031496063
20
0.0595280708661417
11
1.8095181889763778
21
0.058046968503937
0
LINE
8
BLACK
6
CONTINUOUS
10
1.8095181889763778
20
0.058046968503937
11
1.8101508267716535
21
0.0570774015748031
0
LINE
8
BLACK
6
CONTINUOUS
10
1.8101508267716535
20
0.0570774015748031
11
1.8220944881889762
21
0.0341338188976378
0
LINE
8
BLACK
6
CONTINUOUS
10
1.8220944881889762
20
0.0341338188976378
11
1.8220944881889762
21
1.5658661417322834
0
LINE
8
BLACK
6
CONTINUOUS
10
1.8220944881889762
20
1.5658661417322834
11
1.8101508267716535
21
1.5429225984251969
0
LINE
8
BLACK
6
CONTINUOUS
10
1.8101508267716535
20
1.5429225984251969
11
1.8095181889763778
21
1.541953031496063
0
LINE
8
BLACK
6
CONTINUOUS
10
1.8095181889763778
20
1.541953031496063
11
1.807753031496063
21
1.5404719291338582
0
LINE
8
BLACK
6
CONTINUOUS
10
1.807753031496063
20
1.5404719291338582
11
1.8055555118110236
21
1.5397790551181103
0
LINE
8
BLACK
6
CONTINUOUS
10
1.8055555118110236
20
1.5397790551181103
11
1.8032600393700786
21
1.5399798425196849
0
LINE
8
BLACK
6
CONTINUOUS
10
1.8032600393700786
20
1.5399798425196849
11
1.8012161417322834
21
1.5410438188976379
0
LINE
8
BLACK
6
CONTINUOUS
10
1.8012161417322834
20
1.5410438188976379
11
1.7997350393700786
21
1.5428089763779527
0
LINE
8
BLACK
6
CONTINUOUS
10
1.7997350393700786
20
1.5428089763779527
11
1.7990421653543307
21
1.5450064960629921
0
LINE
8
BLACK
6
CONTINUOUS
10
1.7990421653543307
20
1.5450064960629921
11
1.7992429527559055
21
1.5473019685039369
0
LINE
8
BLACK
6
CONTINUOUS
10
1.7992429527559055
20
1.5473019685039369
11
1.7996742913385826
21
1.5483762992125985
0
LINE
8
BLACK
6
CONTINUOUS
10
1.7996742913385826
20
1.5483762992125985
11
1.8182679921259841
21
1.5840944881889762
0
LINE
8
BLACK
6
CONTINUOUS
10
1.8182679921259841
20
1.5840944881889762
11
1.725087401574803
21
1.5840944881889762
0
LINE
8
BLACK
6
CONTINUOUS
10
0.0572331889763779
20
1.836091811023622
11
0.0582023228346457
21
1.8354585433070865
0
LINE
8
BLACK
6
CONTINUOUS
10
0.0582023228346457
20
1.8354585433070865
11
0.0596823228346457
21
1.8336924409448818
0
LINE
8
BLACK
6
CONTINUOUS
10
0.0596823228346457
20
1.8336924409448818
11
0.0603738188976378
21
1.8314944881889763
0
LINE
8
BLACK
6
CONTINUOUS
10
0.0603738188976378
20
1.8314944881889763
11
0.0601715354330709
21
1.8291991732283464
0
LINE
8
BLACK
6
CONTINUOUS
10
0.0601715354330709
20
1.8291991732283464
11
0.0591062598425197
21
1.8271559448818897
0
LINE
8
BLACK
6
CONTINUOUS
10
0.0591062598425197
20
1.8271559448818897
11
0.0573401968503937
21
1.8256759448818898
0
LINE
8
BLACK
6
CONTINUOUS
10
0.0573401968503937
20
1.8256759448818898
11
0.0551422047244094
21
1.8249844488188975
0
LINE
8
BLACK
6
CONTINUOUS
10
0.0551422047244094
20
1.8249844488188975
11
0.0528468897637795
21
1.8251867322834645
0
LINE
8
BLACK
6
CONTINUOUS
10
0.0528468897637795
20
1.8251867322834645
11
0.0517728346456693
21
1.8256187401574804
0
LINE
8
BLACK
6
CONTINUOUS
10
0.0517728346456693
20
1.8256187401574804
11
0.0160664173228346
21
1.8442350393700786
0
LINE
8
BLACK
6
CONTINUOUS
10
0.0160664173228346
20
1.8442350393700786
11
0.0159927559055118
21
1.7278859842519685
0
LINE
8
BLACK
6
CONTINUOUS
10
0.0159927559055118
20
1.7278859842519685
11
0.0514232283464567
21
1.7463869291338583
0
LINE
8
BLACK
6
CONTINUOUS
10
0.0514232283464567
20
1.7463869291338583
11
0.0524970078740157
21
1.7468196456692913
0
LINE
8
BLACK
6
CONTINUOUS
10
0.0524970078740157
20
1.7468196456692913
11
0.0547922440944882
21
1.7470233464566929
0
LINE
8
BLACK
6
CONTINUOUS
10
0.0547922440944882
20
1.7470233464566929
11
0.0569906299212598
21
1.7463332283464565
0
LINE
8
BLACK
6
CONTINUOUS
10
0.0569906299212598
20
1.7463332283464565
11
0.0587576377952756
21
1.7448543700787402
0
LINE
8
BLACK
6
CONTINUOUS
10
0.0587576377952756
20
1.7448543700787402
11
0.0598242125984252
21
1.7428118110236219
0
LINE
8
BLACK
6
CONTINUOUS
10
0.0598242125984252
20
1.7428118110236219
11
0.0600279527559055
21
1.7405166141732282
0
LINE
8
BLACK
6
CONTINUOUS
10
0.0600279527559055
20
1.7405166141732282
11
0.0593378346456693
21
1.7383182283464567
0
LINE
8
BLACK
6
CONTINUOUS
10
0.0593378346456693
20
1.7383182283464567
11
0.0578589763779528
21
1.7365511811023622
0
LINE
8
BLACK
6
CONTINUOUS
10
0.0578589763779528
20
1.7365511811023622
11
0.0568901968503937
21
1.7359173228346456
0
LINE
8
BLACK
6
CONTINUOUS
10
0.0568901968503937
20
1.7359173228346456
11
0.0339617716535433
21
1.7239446062992125
0
LINE
8
BLACK
6
CONTINUOUS
10
0.0339617716535433
20
1.7239446062992125
11
1.565694094488189
21
1.7258835433070865
0
LINE
8
BLACK
6
CONTINUOUS
10
1.565694094488189
20
1.7258835433070865
11
1.5427354724409448
21
1.7377981496062991
0
LINE
8
BLACK
6
CONTINUOUS
10
1.5427354724409448
20
1.7377981496062991
11
1.5417651181102361
21
1.7384295669291339
0
LINE
8
BLACK
6
CONTINUOUS
10
1.5417651181102361
20
1.7384295669291339
11
1.5402817716535433
21
1.7401928346456692
0
LINE
8
BLACK
6
CONTINUOUS
10
1.5402817716535433
20
1.7401928346456692
11
1.5395861417322834
21
1.7423894881889763
0
LINE
8
BLACK
6
CONTINUOUS
10
1.5395861417322834
20
1.7423894881889763
11
1.5397840157480314
21
1.7446851968503936
0
LINE
8
BLACK
6
CONTINUOUS
10
1.5397840157480314
20
1.7446851968503936
11
1.5408454330708661
21
1.7467304330708662
0
LINE
8
BLACK
6
CONTINUOUS
10
1.5408454330708661
20
1.7467304330708662
11
1.5426087007874016
21
1.748213779527559
0
LINE
8
BLACK
6
CONTINUOUS
10
1.5426087007874016
20
1.748213779527559
11
1.5448053543307085
21
1.7489094094488189
0
LINE
8
BLACK
6
CONTINUOUS
10
1.5448053543307085
20
1.7489094094488189
11
1.547101062992126
21
1.7487115354330709
0
LINE
8
BLACK
6
CONTINUOUS
10
1.547101062992126
20
1.7487115354330709
11
1.5481759448818897
21
1.7482815354330707
0
LINE
8
BLACK
6
CONTINUOUS
10
1.5481759448818897
20
1.7482815354330707
11
1.5839175984251967
21
1.7297330708661416
0
LINE
8
BLACK
6
CONTINUOUS
10
1.5839175984251967
20
1.7297330708661416
11
1.5839007086614172
21
1.7430885039370079
0
LINE
8
BLACK
6
CONTINUOUS
10
1.5839007086614172
20
1.7430885039370079
11
1.584012716535433
21
1.7442407874015748
0
LINE
8
BLACK
6
CONTINUOUS
10
1.584012716535433
20
1.7442407874015748
11
1.5841929921259843
21
1.7446775984251968
0
LINE
8
BLACK
6
CONTINUOUS
10
1.5841929921259843
20
1.7446775984251968
11
1.5842553937007873
21
1.8432425196850393
0
LINE
8
BLACK
6
CONTINUOUS
10
1.5842553937007873
20
1.8432425196850393
11
1.5485254724409447
21
1.8246714566929134
0
LINE
8
BLACK
6
CONTINUOUS
10
1.5485254724409447
20
1.8246714566929134
11
1.5474508661417323
21
1.8242407874015747
0
LINE
8
BLACK
6
CONTINUOUS
10
1.5474508661417323
20
1.8242407874015747
11
1.5451552755905511
21
1.8240414173228345
0
LINE
8
BLACK
6
CONTINUOUS
10
1.5451552755905511
20
1.8240414173228345
11
1.5429581889763779
21
1.8247356692913386
0
LINE
8
BLACK
6
CONTINUOUS
10
1.5429581889763779
20
1.8247356692913386
11
1.5411939763779527
21
1.8262179133858267
0
LINE
8
BLACK
6
CONTINUOUS
10
1.5411939763779527
20
1.8262179133858267
11
1.5401312992125984
21
1.8282624803149605
0
LINE
8
BLACK
6
CONTINUOUS
10
1.5401312992125984
20
1.8282624803149605
11
1.5399319291338582
21
1.8305580708661418
0
LINE
8
BLACK
6
CONTINUOUS
10
1.5399319291338582
20
1.8305580708661418
11
1.5406261811023623
21
1.8327551574803149
0
LINE
8
BLACK
6
CONTINUOUS
10
1.5406261811023623
20
1.8327551574803149
11
1.5421084251968504
21
1.8345193700787401
0
LINE
8
BLACK
6
CONTINUOUS
10
1.5421084251968504
20
1.8345193700787401
11
1.5430783858267716
21
1.835151377952756
0
LINE
8
BLACK
6
CONTINUOUS
10
1.5430783858267716
20
1.835151377952756
11
1.566029527559055
21
1.8470805118110236
0
LINE
8
BLACK
6
CONTINUOUS
10
1.566029527559055
20
1.8470805118110236
11
0.0342971653543307
21
1.84805
0
LINE
8
BLACK
6
CONTINUOUS
10
0.0342971653543307
20
1.84805
11
0.0572331889763779
21
1.836091811023622
0
LINE
8
BLACK
6
CONTINUOUS
10
1.6611206299212598
20
0.6319631496062992
11
1.6627499212598424
21
0.6303338582677165
0
LINE
8
BLACK
6
CONTINUOUS
10
1.6627499212598424
20
0.6303338582677165
11
1.6636317322834646
21
0.6282050393700788
0
LINE
8
BLACK
6
CONTINUOUS
10
1.6636317322834646
20
0.6282050393700788
11
1.6637451968503936
21
0.6270529133858268
0
LINE
8
BLACK
6
CONTINUOUS
10
1.6637451968503936
20
0.6270529133858268
11
1.6637451968503936
21
0.5933071259842519
0
LINE
8
BLACK
6
CONTINUOUS
10
1.6637451968503936
20
0.5933071259842519
11
1.6636317322834646
21
0.592155
0
LINE
8
BLACK
6
CONTINUOUS
10
1.6636317322834646
20
0.592155
11
1.6627499212598424
21
0.5900261811023622
0
LINE
8
BLACK
6
CONTINUOUS
10
1.6627499212598424
20
0.5900261811023622
11
1.6611206299212598
21
0.5883968897637795
0
LINE
8
BLACK
6
CONTINUOUS
10
1.6611206299212598
20
0.5883968897637795
11
1.6589918110236219
21
0.5875150787401575
0
LINE
8
BLACK
6
CONTINUOUS
10
1.6589918110236219
20
0.5875150787401575
11
1.656687559055118
21
0.5875150787401575
0
LINE
8
BLACK
6
CONTINUOUS
10
1.656687559055118
20
0.5875150787401575
11
1.6545587401574802
21
0.5883968897637795
0
LINE
8
BLACK
6
CONTINUOUS
10
1.6545587401574802
20
0.5883968897637795
11
1.6529294488188977
21
0.5900261811023622
0
LINE
8
BLACK
6
CONTINUOUS
10
1.6529294488188977
20
0.5900261811023622
11
1.6520476377952755
21
0.592155
0
LINE
8
BLACK
6
CONTINUOUS
10
1.6520476377952755
20
0.592155
11
1.6519341732283463
21
0.5933071259842519
0
LINE
8
BLACK
6
CONTINUOUS
10
1.6519341732283463
20
0.5933071259842519
11
1.6519341732283463
21
0.6042744881889763
0
LINE
8
BLACK
6
CONTINUOUS
10
1.6519341732283463
20
0.6042744881889763
11
1.6158538976377952
21
0.6042744881889763
0
LINE
8
BLACK
6
CONTINUOUS
10
1.6158538976377952
20
0.6042744881889763
11
1.6170211417322835
21
0.6031072440944881
0
LINE
8
BLACK
6
CONTINUOUS
10
1.6170211417322835
20
0.6031072440944881
11
1.6173927952755904
21
0.6026543700787401
0
LINE
8
BLACK
6
CONTINUOUS
10
1.6173927952755904
20
0.6026543700787401
11
1.6175106299212598
21
0.6025522047244094
0
LINE
8
BLACK
6
CONTINUOUS
10
1.6175106299212598
20
0.6025522047244094
11
1.6176223622047243
21
0.6023746456692913
0
LINE
8
BLACK
6
CONTINUOUS
10
1.6176223622047243
20
0.6023746456692913
11
1.6177555905511811
21
0.6022123622047244
0
LINE
8
BLACK
6
CONTINUOUS
10
1.6177555905511811
20
0.6022123622047244
11
1.617815275590551
21
0.6020681496062992
0
LINE
8
BLACK
6
CONTINUOUS
10
1.617815275590551
20
0.6020681496062992
11
1.6181273622047243
21
0.6015724409448818
0
LINE
8
BLACK
6
CONTINUOUS
10
1.6181273622047243
20
0.6015724409448818
11
1.620939527559055
21
0.5959481889763779
0
LINE
8
BLACK
6
CONTINUOUS
10
1.620939527559055
20
0.5959481889763779
11
1.6213532677165354
21
0.5948669291338583
0
LINE
8
BLACK
6
CONTINUOUS
10
1.6213532677165354
20
0.5948669291338583
11
1.6215166141732282
21
0.5925685039370079
0
LINE
8
BLACK
6
CONTINUOUS
10
1.6215166141732282
20
0.5925685039370079
11
1.6207879921259842
21
0.5903825984251968
0
LINE
8
BLACK
6
CONTINUOUS
10
1.6207879921259842
20
0.5903825984251968
11
1.6192782677165354
21
0.588641811023622
0
LINE
8
BLACK
6
CONTINUOUS
10
1.6192782677165354
20
0.588641811023622
11
1.6172172834645668
21
0.5876113385826771
0
LINE
8
BLACK
6
CONTINUOUS
10
1.6172172834645668
20
0.5876113385826771
11
1.6149188582677165
21
0.5874479921259842
0
LINE
8
BLACK
6
CONTINUOUS
10
1.6149188582677165
20
0.5874479921259842
11
1.6127329133858268
21
0.5881766535433071
0
LINE
8
BLACK
6
CONTINUOUS
10
1.6127329133858268
20
0.5881766535433071
11
1.6109921653543307
21
0.5896863385826772
0
LINE
8
BLACK
6
CONTINUOUS
10
1.6109921653543307
20
0.5896863385826772
11
1.6103754330708662
21
0.5906661023622047
0
LINE
8
BLACK
6
CONTINUOUS
10
1.6103754330708662
20
0.5906661023622047
11
1.6079918503937007
21
0.595433188976378
0
LINE
8
BLACK
6
CONTINUOUS
10
1.6079918503937007
20
0.595433188976378
11
1.6034587401574802
21
0.5999662992125984
0
LINE
8
BLACK
6
CONTINUOUS
10
1.6034587401574802
20
0.5999662992125984
11
1.5955087795275591
21
0.6052662992125984
0
LINE
8
BLACK
6
CONTINUOUS
10
1.5955087795275591
20
0.6052662992125984
11
1.5955054724409448
21
0.6052689763779527
0
LINE
8
BLACK
6
CONTINUOUS
10
1.5955054724409448
20
0.6052689763779527
11
1.5955036220472441
21
0.6052697637795276
0
LINE
8
BLACK
6
CONTINUOUS
10
1.5955036220472441
20
0.6052697637795276
11
1.5954994094488189
21
0.605273937007874
0
LINE
8
BLACK
6
CONTINUOUS
10
1.5954994094488189
20
0.605273937007874
11
1.5946131102362204
21
0.6059998031496063
0
LINE
8
BLACK
6
CONTINUOUS
10
1.5946131102362204
20
0.6059998031496063
11
1.5942877559055117
21
0.6064855905511811
0
LINE
8
BLACK
6
CONTINUOUS
10
1.5942877559055117
20
0.6064855905511811
11
1.5938743307086614
21
0.6068990551181103
0
LINE
8
BLACK
6
CONTINUOUS
10
1.5938743307086614
20
0.6068990551181103
11
1.5936528740157481
21
0.6074335826771653
0
LINE
8
BLACK
6
CONTINUOUS
10
1.5936528740157481
20
0.6074335826771653
11
1.5933309448818898
21
0.6079143700787402
0
LINE
8
BLACK
6
CONTINUOUS
10
1.5933309448818898
20
0.6079143700787402
11
1.5932162598425197
21
0.6084876771653543
0
LINE
8
BLACK
6
CONTINUOUS
10
1.5932162598425197
20
0.6084876771653543
11
1.5929925196850394
21
0.609027874015748
0
LINE
8
BLACK
6
CONTINUOUS
10
1.5929925196850394
20
0.609027874015748
11
1.5929925196850394
21
0.6096064566929134
0
LINE
8
BLACK
6
CONTINUOUS
10
1.5929925196850394
20
0.6096064566929134
11
1.5928790551181102
21
0.610173779527559
0
LINE
8
BLACK
6
CONTINUOUS
10
1.5928790551181102
20
0.610173779527559
11
1.5929925196850394
21
0.6107473228346456
0
LINE
8
BLACK
6
CONTINUOUS
10
1.5929925196850394
20
0.6107473228346456
11
1.5929925196850394
21
0.6113321259842519
0
LINE
8
BLACK
6
CONTINUOUS
10
1.5929925196850394
20
0.6113321259842519
11
1.5932139370078739
21
0.6118666929133858
0
LINE
8
BLACK
6
CONTINUOUS
10
1.5932139370078739
20
0.6118666929133858
11
1.593326220472441
21
0.6124342125984252
0
LINE
8
BLACK
6
CONTINUOUS
10
1.593326220472441
20
0.6124342125984252
11
1.5936505511811023
21
0.6129207086614173
0
LINE
8
BLACK
6
CONTINUOUS
10
1.5936505511811023
20
0.6129207086614173
11
1.5938743307086614
21
0.6134609448818897
0
LINE
8
BLACK
6
CONTINUOUS
10
1.5938743307086614
20
0.6134609448818897
11
1.5942834251968503
21
0.6138700393700788
0
LINE
8
BLACK
6
CONTINUOUS
10
1.5942834251968503
20
0.6138700393700788
11
1.5946043700787402
21
0.6143514566929134
0
LINE
8
BLACK
6
CONTINUOUS
10
1.5946043700787402
20
0.6143514566929134
11
1.5950901574803149
21
0.6146767716535433
0
LINE
8
BLACK
6
CONTINUOUS
10
1.5950901574803149
20
0.6146767716535433
11
1.5955036220472441
21
0.6150902362204724
0
LINE
8
BLACK
6
CONTINUOUS
10
1.5955036220472441
20
0.6150902362204724
11
1.5960381496062992
21
0.6153116535433071
0
LINE
8
BLACK
6
CONTINUOUS
10
1.5960381496062992
20
0.6153116535433071
11
1.5965189370078741
21
0.615633622047244
0
LINE
8
BLACK
6
CONTINUOUS
10
1.5965189370078741
20
0.615633622047244
11
1.5970922440944881
21
0.6157482677165355
0
LINE
8
BLACK
6
CONTINUOUS
10
1.5970922440944881
20
0.6157482677165355
11
1.5976324409448819
21
0.6159720472440945
0
LINE
8
BLACK
6
CONTINUOUS
10
1.5976324409448819
20
0.6159720472440945
11
1.5987722834645668
21
0.6160842913385827
0
LINE
8
BLACK
6
CONTINUOUS
10
1.5987722834645668
20
0.6160842913385827
11
1.5987783464566929
21
0.6160855118110236
0
LINE
8
BLACK
6
CONTINUOUS
10
1.5987783464566929
20
0.6160855118110236
11
1.5987803937007874
21
0.6160850787401575
0
LINE
8
BLACK
6
CONTINUOUS
10
1.5987803937007874
20
0.6160850787401575
11
1.5987845669291338
21
0.6160855118110236
0
LINE
8
BLACK
6
CONTINUOUS
10
1.5987845669291338
20
0.6160855118110236
11
1.6519341732283463
21
0.6160855118110236
0
LINE
8
BLACK
6
CONTINUOUS
10
1.6519341732283463
20
0.6160855118110236
11
1.6519341732283463
21
0.6270529133858268
0
LINE
8
BLACK
6
CONTINUOUS
10
1.6519341732283463
20
0.6270529133858268
11
1.6520476377952755
21
0.6282050393700788
0
LINE
8
BLACK
6
CONTINUOUS
10
1.6520476377952755
20
0.6282050393700788
11
1.6529294488188977
21
0.6303338582677165
0
LINE
8
BLACK
6
CONTINUOUS
10
1.6529294488188977
20
0.6303338582677165
11
1.6545587401574802
21
0.6319631496062992
0
LINE
8
BLACK
6
CONTINUOUS
10
1.6545587401574802
20
0.6319631496062992
11
1.656687559055118
21
0.6328449606299212
0
LINE
8
BLACK
6
CONTINUOUS
10
1.656687559055118
20
0.6328449606299212
11
1.6589918110236219
21
0.6328449606299212
0
LINE
8
BLACK
6
CONTINUOUS
10
1.6589918110236219
20
0.6328449606299212
11
1.6611206299212598
21
0.6319631496062992
0
LINE
8
BLACK
6
CONTINUOUS
10
1.6570614566929134
20
0.6606011417322835
11
1.658308464566929
21
0.6600846456692914
0
LINE
8
BLACK
6
CONTINUOUS
10
1.658308464566929
20
0.6600846456692914
11
1.6583085039370078
21
0.6600846062992126
0
LINE
8
BLACK
6
CONTINUOUS
10
1.6583085039370078
20
0.6600846062992126
11
1.6592034251968504
21
0.6593501574803149
0
LINE
8
BLACK
6
CONTINUOUS
10
1.6592034251968504
20
0.6593501574803149
11
1.6620155511811023
21
0.6565379921259842
0
LINE
8
BLACK
6
CONTINUOUS
10
1.6620155511811023
20
0.6565379921259842
11
1.6627499606299212
21
0.6556431102362205
0
LINE
8
BLACK
6
CONTINUOUS
10
1.6627499606299212
20
0.6556431102362205
11
1.6627499606299212
21
0.6556430708661417
0
LINE
8
BLACK
6
CONTINUOUS
10
1.6627499606299212
20
0.6556430708661417
11
1.6636317322834646
21
0.6535143307086614
0
LINE
8
BLACK
6
CONTINUOUS
10
1.6636317322834646
20
0.6535143307086614
11
1.6636317322834646
21
0.6512100787401575
0
LINE
8
BLACK
6
CONTINUOUS
10
1.6636317322834646
20
0.6512100787401575
11
1.6631151574803149
21
0.6499630314960629
0
LINE
8
BLACK
6
CONTINUOUS
10
1.6631151574803149
20
0.6499630314960629
11
1.6627499606299212
21
0.6490812598425196
0
LINE
8
BLACK
6
CONTINUOUS
10
1.6627499606299212
20
0.6490812598425196
11
1.6620155118110236
21
0.6481863779527559
0
LINE
8
BLACK
6
CONTINUOUS
10
1.6620155118110236
20
0.6481863779527559
11
1.6592033858267716
21
0.645374251968504
0
LINE
8
BLACK
6
CONTINUOUS
10
1.6592033858267716
20
0.645374251968504
11
1.658308464566929
21
0.6446398031496063
0
LINE
8
BLACK
6
CONTINUOUS
10
1.658308464566929
20
0.6446398031496063
11
1.6561796456692912
21
0.643758031496063
0
LINE
8
BLACK
6
CONTINUOUS
10
1.6561796456692912
20
0.643758031496063
11
1.6538755118110235
21
0.643758031496063
0
LINE
8
BLACK
6
CONTINUOUS
10
1.6538755118110235
20
0.643758031496063
11
1.6538754724409448
21
0.643758031496063
0
LINE
8
BLACK
6
CONTINUOUS
10
1.6538754724409448
20
0.643758031496063
11
1.651746653543307
21
0.6446398031496063
0
LINE
8
BLACK
6
CONTINUOUS
10
1.651746653543307
20
0.6446398031496063
11
1.6517466141732282
21
0.644639842519685
0
LINE
8
BLACK
6
CONTINUOUS
10
1.6517466141732282
20
0.644639842519685
11
1.6508517716535434
21
0.6453742125984252
0
LINE
8
BLACK
6
CONTINUOUS
10
1.6508517716535434
20
0.6453742125984252
11
1.6480396062992126
21
0.6481863385826772
0
LINE
8
BLACK
6
CONTINUOUS
10
1.6480396062992126
20
0.6481863385826772
11
1.647305157480315
21
0.6490812598425196
0
LINE
8
BLACK
6
CONTINUOUS
10
1.647305157480315
20
0.6490812598425196
11
1.6473051181102363
21
0.6490812992125984
0
LINE
8
BLACK
6
CONTINUOUS
10
1.6473051181102363
20
0.6490812992125984
11
1.6465109842519685
21
0.6509985433070866
0
LINE
8
BLACK
6
CONTINUOUS
10
1.6465109842519685
20
0.6509985433070866
11
1.6464233464566929
21
0.6512100787401575
0
LINE
8
BLACK
6
CONTINUOUS
10
1.6464233464566929
20
0.6512100787401575
11
1.6464233464566929
21
0.6535142519685039
0
LINE
8
BLACK
6
CONTINUOUS
10
1.6464233464566929
20
0.6535142519685039
11
1.6464233464566929
21
0.6535142913385826
0
LINE
8
BLACK
6
CONTINUOUS
10
1.6464233464566929
20
0.6535142913385826
11
1.6464233464566929
21
0.6535143307086614
0
LINE
8
BLACK
6
CONTINUOUS
10
1.6464233464566929
20
0.6535143307086614
11
1.6473051181102363
21
0.6556430708661417
0
LINE
8
BLACK
6
CONTINUOUS
10
1.6473051181102363
20
0.6556430708661417
11
1.6473051181102363
21
0.6556431102362205
0
LINE
8
BLACK
6
CONTINUOUS
10
1.6473051181102363
20
0.6556431102362205
11
1.6480395669291339
21
0.6565380314960629
0
LINE
8
BLACK
6
CONTINUOUS
10
1.6480395669291339
20
0.6565380314960629
11
1.6508517322834646
21
0.6593501968503936
0
LINE
8
BLACK
6
CONTINUOUS
10
1.6508517322834646
20
0.6593501968503936
11
1.651746653543307
21
0.6600846456692914
0
LINE
8
BLACK
6
CONTINUOUS
10
1.651746653543307
20
0.6600846456692914
11
1.6538754724409448
21
0.6609664173228347
0
LINE
8
BLACK
6
CONTINUOUS
10
1.6538754724409448
20
0.6609664173228347
11
1.6561796456692912
21
0.6609664173228347
0
LINE
8
BLACK
6
CONTINUOUS
10
1.6561796456692912
20
0.6609664173228347
11
1.65617968503937
21
0.6609664173228347
0
LINE
8
BLACK
6
CONTINUOUS
10
1.65617968503937
20
0.6609664173228347
11
1.6570614566929134
21
0.6606011417322835
0
LINE
8
BLACK
6
CONTINUOUS
10
1.6477432283464566
20
0.7172094094488188
11
1.6479392913385826
21
0.7171281496062992
0
LINE
8
BLACK
6
CONTINUOUS
10
1.6479392913385826
20
0.7171281496062992
11
1.6481509055118111
21
0.7171131496062992
0
LINE
8
BLACK
6
CONTINUOUS
10
1.6481509055118111
20
0.7171131496062992
11
1.649232125984252
21
0.7166994094488189
0
LINE
8
BLACK
6
CONTINUOUS
10
1.649232125984252
20
0.7166994094488189
11
1.6548564173228346
21
0.7138872440944882
0
LINE
8
BLACK
6
CONTINUOUS
10
1.6548564173228346
20
0.7138872440944882
11
1.6553522834645669
21
0.7135750787401575
0
LINE
8
BLACK
6
CONTINUOUS
10
1.6553522834645669
20
0.7135750787401575
11
1.6554962598425196
21
0.7135154724409448
0
LINE
8
BLACK
6
CONTINUOUS
10
1.6554962598425196
20
0.7135154724409448
11
1.655658346456693
21
0.7133824015748031
0
LINE
8
BLACK
6
CONTINUOUS
10
1.655658346456693
20
0.7133824015748031
11
1.6558361811023621
21
0.7132705118110236
0
LINE
8
BLACK
6
CONTINUOUS
10
1.6558361811023621
20
0.7132705118110236
11
1.6559384251968503
21
0.7131525984251968
0
LINE
8
BLACK
6
CONTINUOUS
10
1.6559384251968503
20
0.7131525984251968
11
1.6563911811023622
21
0.712781062992126
0
LINE
8
BLACK
6
CONTINUOUS
10
1.6563911811023622
20
0.712781062992126
11
1.6592033464566929
21
0.709968937007874
0
LINE
8
BLACK
6
CONTINUOUS
10
1.6592033464566929
20
0.709968937007874
11
1.6595749606299213
21
0.709516062992126
0
LINE
8
BLACK
6
CONTINUOUS
10
1.6595749606299213
20
0.709516062992126
11
1.6596929133858267
21
0.7094138188976378
0
LINE
8
BLACK
6
CONTINUOUS
10
1.6596929133858267
20
0.7094138188976378
11
1.6598047637795275
21
0.7092360629921259
0
LINE
8
BLACK
6
CONTINUOUS
10
1.6598047637795275
20
0.7092360629921259
11
1.6599377952755905
21
0.7090740157480315
0
LINE
8
BLACK
6
CONTINUOUS
10
1.6599377952755905
20
0.7090740157480315
11
1.6599974409448819
21
0.7089299606299212
0
LINE
8
BLACK
6
CONTINUOUS
10
1.6599974409448819
20
0.7089299606299212
11
1.6603096062992126
21
0.7084340551181102
0
LINE
8
BLACK
6
CONTINUOUS
10
1.6603096062992126
20
0.7084340551181102
11
1.6631217716535434
21
0.7028097244094488
0
LINE
8
BLACK
6
CONTINUOUS
10
1.6631217716535434
20
0.7028097244094488
11
1.6635355118110235
21
0.7017285039370078
0
LINE
8
BLACK
6
CONTINUOUS
10
1.6635355118110235
20
0.7017285039370078
11
1.6635505118110236
21
0.7015168503937008
0
LINE
8
BLACK
6
CONTINUOUS
10
1.6635505118110236
20
0.7015168503937008
11
1.6636317322834646
21
0.7013208661417323
0
LINE
8
BLACK
6
CONTINUOUS
10
1.6636317322834646
20
0.7013208661417323
11
1.6637451968503936
21
0.7001687401574803
0
LINE
8
BLACK
6
CONTINUOUS
10
1.6637451968503936
20
0.7001687401574803
11
1.6637451968503936
21
0.686108031496063
0
LINE
8
BLACK
6
CONTINUOUS
10
1.6637451968503936
20
0.686108031496063
11
1.6636317322834646
21
0.684955905511811
0
LINE
8
BLACK
6
CONTINUOUS
10
1.6636317322834646
20
0.684955905511811
11
1.6635505118110236
21
0.6847598818897638
0
LINE
8
BLACK
6
CONTINUOUS
10
1.6635505118110236
20
0.6847598818897638
11
1.6635355118110235
21
0.6845482677165354
0
LINE
8
BLACK
6
CONTINUOUS
10
1.6635355118110235
20
0.6845482677165354
11
1.6631217716535434
21
0.6834670472440945
0
LINE
8
BLACK
6
CONTINUOUS
10
1.6631217716535434
20
0.6834670472440945
11
1.6603096062992126
21
0.677842716535433
0
LINE
8
BLACK
6
CONTINUOUS
10
1.6603096062992126
20
0.677842716535433
11
1.6599974409448819
21
0.6773467716535433
0
LINE
8
BLACK
6
CONTINUOUS
10
1.6599974409448819
20
0.6773467716535433
11
1.6599377952755905
21
0.6772027559055118
0
LINE
8
BLACK
6
CONTINUOUS
10
1.6599377952755905
20
0.6772027559055118
11
1.6598047637795275
21
0.6770406692913385
0
LINE
8
BLACK
6
CONTINUOUS
10
1.6598047637795275
20
0.6770406692913385
11
1.6596929133858267
21
0.6768629527559055
0
LINE
8
BLACK
6
CONTINUOUS
10
1.6596929133858267
20
0.6768629527559055
11
1.6595749606299213
21
0.6767606692913386
0
LINE
8
BLACK
6
CONTINUOUS
10
1.6595749606299213
20
0.6767606692913386
11
1.6592033464566929
21
0.6763078346456692
0
LINE
8
BLACK
6
CONTINUOUS
10
1.6592033464566929
20
0.6763078346456692
11
1.6563911811023622
21
0.6734957086614173
0
LINE
8
BLACK
6
CONTINUOUS
10
1.6563911811023622
20
0.6734957086614173
11
1.6554962598425196
21
0.6727612992125984
0
LINE
8
BLACK
6
CONTINUOUS
10
1.6554962598425196
20
0.6727612992125984
11
1.6533674409448817
21
0.6718795275590551
0
LINE
8
BLACK
6
CONTINUOUS
10
1.6533674409448817
20
0.6718795275590551
11
1.6510632677165353
21
0.6718795275590551
0
LINE
8
BLACK
6
CONTINUOUS
10
1.6510632677165353
20
0.6718795275590551
11
1.6489344488188975
21
0.6727613385826772
0
LINE
8
BLACK
6
CONTINUOUS
10
1.6489344488188975
20
0.6727613385826772
11
1.6473051181102363
21
0.6743907086614173
0
LINE
8
BLACK
6
CONTINUOUS
10
1.6473051181102363
20
0.6743907086614173
11
1.6464233464566929
21
0.6765195275590551
0
LINE
8
BLACK
6
CONTINUOUS
10
1.6464233464566929
20
0.6765195275590551
11
1.6464233464566929
21
0.6788237007874015
0
LINE
8
BLACK
6
CONTINUOUS
10
1.6464233464566929
20
0.6788237007874015
11
1.647305157480315
21
0.6809525196850393
0
LINE
8
BLACK
6
CONTINUOUS
10
1.647305157480315
20
0.6809525196850393
11
1.6480396062992126
21
0.6818474409448819
0
LINE
8
BLACK
6
CONTINUOUS
10
1.6480396062992126
20
0.6818474409448819
11
1.6501740944881889
21
0.6839819291338582
0
LINE
8
BLACK
6
CONTINUOUS
10
1.6501740944881889
20
0.6839819291338582
11
1.6519341732283463
21
0.6875020866141732
0
LINE
8
BLACK
6
CONTINUOUS
10
1.6519341732283463
20
0.6875020866141732
11
1.6519341732283463
21
0.6987746456692914
0
LINE
8
BLACK
6
CONTINUOUS
10
1.6519341732283463
20
0.6987746456692914
11
1.6501740944881889
21
0.7022948031496062
0
LINE
8
BLACK
6
CONTINUOUS
10
1.6501740944881889
20
0.7022948031496062
11
1.6487172440944882
21
0.7037516929133858
0
LINE
8
BLACK
6
CONTINUOUS
10
1.6487172440944882
20
0.7037516929133858
11
1.6451970078740157
21
0.7055118503937008
0
LINE
8
BLACK
6
CONTINUOUS
10
1.6451970078740157
20
0.7055118503937008
11
1.6339244488188975
21
0.7055118503937008
0
LINE
8
BLACK
6
CONTINUOUS
10
1.6339244488188975
20
0.7055118503937008
11
1.6304042125984251
21
0.7037516929133858
0
LINE
8
BLACK
6
CONTINUOUS
10
1.6304042125984251
20
0.7037516929133858
11
1.6289473622047244
21
0.7022948818897637
0
LINE
8
BLACK
6
CONTINUOUS
10
1.6289473622047244
20
0.7022948818897637
11
1.6271872834645669
21
0.69877468503937
0
LINE
8
BLACK
6
CONTINUOUS
10
1.6271872834645669
20
0.69877468503937
11
1.6271872834645669
21
0.6875020866141732
0
LINE
8
BLACK
6
CONTINUOUS
10
1.6271872834645669
20
0.6875020866141732
11
1.6289473622047244
21
0.6839818503937007
0
LINE
8
BLACK
6
CONTINUOUS
10
1.6289473622047244
20
0.6839818503937007
11
1.6310818503937008
21
0.6818474409448819
0
LINE
8
BLACK
6
CONTINUOUS
10
1.6310818503937008
20
0.6818474409448819
11
1.6318162992125984
21
0.6809525196850393
0
LINE
8
BLACK
6
CONTINUOUS
10
1.6318162992125984
20
0.6809525196850393
11
1.6319300787401574
21
0.6806777559055118
0
LINE
8
BLACK
6
CONTINUOUS
10
1.6319300787401574
20
0.6806777559055118
11
1.6321183858267716
21
0.6804476377952756
0
LINE
8
BLACK
6
CONTINUOUS
10
1.6321183858267716
20
0.6804476377952756
11
1.6323677165354331
21
0.6796211811023621
0
LINE
8
BLACK
6
CONTINUOUS
10
1.6323677165354331
20
0.6796211811023621
11
1.6326980708661416
21
0.6788237007874015
0
LINE
8
BLACK
6
CONTINUOUS
10
1.6326980708661416
20
0.6788237007874015
11
1.6326980708661416
21
0.6785263385826772
0
LINE
8
BLACK
6
CONTINUOUS
10
1.6326980708661416
20
0.6785263385826772
11
1.6327839763779528
21
0.6782416535433071
0
LINE
8
BLACK
6
CONTINUOUS
10
1.6327839763779528
20
0.6782416535433071
11
1.6326980708661416
21
0.677382716535433
0
LINE
8
BLACK
6
CONTINUOUS
10
1.6326980708661416
20
0.677382716535433
11
1.6326981102362204
21
0.6765195275590551
0
LINE
8
BLACK
6
CONTINUOUS
10
1.6326981102362204
20
0.6765195275590551
11
1.6325842913385826
21
0.6762447637795276
0
LINE
8
BLACK
6
CONTINUOUS
10
1.6325842913385826
20
0.6762447637795276
11
1.6325547244094487
21
0.6759488582677166
0
LINE
8
BLACK
6
CONTINUOUS
10
1.6325547244094487
20
0.6759488582677166
11
1.6321466535433071
21
0.6751882283464566
0
LINE
8
BLACK
6
CONTINUOUS
10
1.6321466535433071
20
0.6751882283464566
11
1.6318163385826772
21
0.6743907086614173
0
LINE
8
BLACK
6
CONTINUOUS
10
1.6318163385826772
20
0.6743907086614173
11
1.6316059842519686
21
0.6741803543307087
0
LINE
8
BLACK
6
CONTINUOUS
10
1.6316059842519686
20
0.6741803543307087
11
1.631465433070866
21
0.6739183464566929
0
LINE
8
BLACK
6
CONTINUOUS
10
1.631465433070866
20
0.6739183464566929
11
1.6307974803149605
21
0.6733718503937007
0
LINE
8
BLACK
6
CONTINUOUS
10
1.6307974803149605
20
0.6733718503937007
11
1.6301870078740157
21
0.6727613385826772
0
LINE
8
BLACK
6
CONTINUOUS
10
1.6301870078740157
20
0.6727613385826772
11
1.6299122047244095
21
0.6726475196850393
0
LINE
8
BLACK
6
CONTINUOUS
10
1.6299122047244095
20
0.6726475196850393
11
1.629682125984252
21
0.6724592519685039
0
LINE
8
BLACK
6
CONTINUOUS
10
1.629682125984252
20
0.6724592519685039
11
1.6288555511811023
21
0.6722098425196851
0
LINE
8
BLACK
6
CONTINUOUS
10
1.6288555511811023
20
0.6722098425196851
11
1.6280581889763779
21
0.6718795669291339
0
LINE
8
BLACK
6
CONTINUOUS
10
1.6280581889763779
20
0.6718795669291339
11
1.6277609448818897
21
0.6718795275590551
0
LINE
8
BLACK
6
CONTINUOUS
10
1.6277609448818897
20
0.6718795275590551
11
1.6274761417322834
21
0.6717936220472441
0
LINE
8
BLACK
6
CONTINUOUS
10
1.6274761417322834
20
0.6717936220472441
11
1.6263184251968503
21
0.6717953543307087
0
LINE
8
BLACK
6
CONTINUOUS
10
1.6263184251968503
20
0.6717953543307087
11
1.598196968503937
21
0.6746074803149607
0
LINE
8
BLACK
6
CONTINUOUS
10
1.598196968503937
20
0.6746074803149607
11
1.5977770866141732
21
0.6746916535433071
0
LINE
8
BLACK
6
CONTINUOUS
10
1.5977770866141732
20
0.6746916535433071
11
1.5976324409448819
21
0.6746916535433071
0
LINE
8
BLACK
6
CONTINUOUS
10
1.5976324409448819
20
0.6746916535433071
11
1.5974967716535433
21
0.6747478346456692
0
LINE
8
BLACK
6
CONTINUOUS
10
1.5974967716535433
20
0.6747478346456692
11
1.5970618503937009
21
0.6748350393700787
0
LINE
8
BLACK
6
CONTINUOUS
10
1.5970618503937009
20
0.6748350393700787
11
1.5963011417322834
21
0.6752430708661418
0
LINE
8
BLACK
6
CONTINUOUS
10
1.5963011417322834
20
0.6752430708661418
11
1.5955036220472441
21
0.6755734645669291
0
LINE
8
BLACK
6
CONTINUOUS
10
1.5955036220472441
20
0.6755734645669291
11
1.595293346456693
21
0.6757837007874016
0
LINE
8
BLACK
6
CONTINUOUS
10
1.595293346456693
20
0.6757837007874016
11
1.5950313385826771
21
0.6759242913385827
0
LINE
8
BLACK
6
CONTINUOUS
10
1.5950313385826771
20
0.6759242913385827
11
1.5944847637795274
21
0.6765922834645669
0
LINE
8
BLACK
6
CONTINUOUS
10
1.5944847637795274
20
0.6765922834645669
11
1.5938743307086614
21
0.6772027559055118
0
LINE
8
BLACK
6
CONTINUOUS
10
1.5938743307086614
20
0.6772027559055118
11
1.5937604724409449
21
0.6774775196850393
0
LINE
8
BLACK
6
CONTINUOUS
10
1.5937604724409449
20
0.6774775196850393
11
1.5935722440944882
21
0.6777076377952755
0
LINE
8
BLACK
6
CONTINUOUS
10
1.5935722440944882
20
0.6777076377952755
11
1.5933228740157479
21
0.678533937007874
0
LINE
8
BLACK
6
CONTINUOUS
10
1.5933228740157479
20
0.678533937007874
11
1.5929925196850394
21
0.6793315748031495
0
LINE
8
BLACK
6
CONTINUOUS
10
1.5929925196850394
20
0.6793315748031495
11
1.5929490157480315
21
0.6797729527559055
0
LINE
8
BLACK
6
CONTINUOUS
10
1.5929490157480315
20
0.6797729527559055
11
1.5929066141732282
21
0.679913622047244
0
LINE
8
BLACK
6
CONTINUOUS
10
1.5929066141732282
20
0.679913622047244
11
1.5929209842519685
21
0.6800575984251969
0
LINE
8
BLACK
6
CONTINUOUS
10
1.5929209842519685
20
0.6800575984251969
11
1.5928790551181102
21
0.6804837007874016
0
LINE
8
BLACK
6
CONTINUOUS
10
1.5928790551181102
20
0.6804837007874016
11
1.5928790551181102
21
0.7086051968503937
0
LINE
8
BLACK
6
CONTINUOUS
10
1.5928790551181102
20
0.7086051968503937
11
1.5929925196850394
21
0.7097573228346457
0
LINE
8
BLACK
6
CONTINUOUS
10
1.5929925196850394
20
0.7097573228346457
11
1.5938743307086614
21
0.7118861417322835
0
LINE
8
BLACK
6
CONTINUOUS
10
1.5938743307086614
20
0.7118861417322835
11
1.5955036220472441
21
0.7135154330708662
0
LINE
8
BLACK
6
CONTINUOUS
10
1.5955036220472441
20
0.7135154330708662
11
1.5976324409448819
21
0.7143972440944881
0
LINE
8
BLACK
6
CONTINUOUS
10
1.5976324409448819
20
0.7143972440944881
11
1.5999366929133858
21
0.7143972440944881
0
LINE
8
BLACK
6
CONTINUOUS
10
1.5999366929133858
20
0.7143972440944881
11
1.6020655118110236
21
0.7135154330708662
0
LINE
8
BLACK
6
CONTINUOUS
10
1.6020655118110236
20
0.7135154330708662
11
1.6036948031496063
21
0.7118861417322835
0
LINE
8
BLACK
6
CONTINUOUS
10
1.6036948031496063
20
0.7118861417322835
11
1.6045766141732283
21
0.7097573228346457
0
LINE
8
BLACK
6
CONTINUOUS
10
1.6045766141732283
20
0.7097573228346457
11
1.6046900787401575
21
0.7086051968503937
0
LINE
8
BLACK
6
CONTINUOUS
10
1.6046900787401575
20
0.7086051968503937
11
1.6046900787401575
21
0.6858281102362205
0
LINE
8
BLACK
6
CONTINUOUS
10
1.6046900787401575
20
0.6858281102362205
11
1.6155723228346457
21
0.6847398818897638
0
LINE
8
BLACK
6
CONTINUOUS
10
1.6155723228346457
20
0.6847398818897638
11
1.615570905511811
21
0.6847598818897638
0
LINE
8
BLACK
6
CONTINUOUS
10
1.615570905511811
20
0.6847598818897638
11
1.6154897244094488
21
0.684955905511811
0
LINE
8
BLACK
6
CONTINUOUS
10
1.6154897244094488
20
0.684955905511811
11
1.6153762598425196
21
0.686108031496063
0
LINE
8
BLACK
6
CONTINUOUS
10
1.6153762598425196
20
0.686108031496063
11
1.6153762598425196
21
0.7001687401574803
0
LINE
8
BLACK
6
CONTINUOUS
10
1.6153762598425196
20
0.7001687401574803
11
1.6154897244094488
21
0.7013208661417323
0
LINE
8
BLACK
6
CONTINUOUS
10
1.6154897244094488
20
0.7013208661417323
11
1.615570905511811
21
0.7015168503937008
0
LINE
8
BLACK
6
CONTINUOUS
10
1.615570905511811
20
0.7015168503937008
11
1.6155859448818897
21
0.7017285039370078
0
LINE
8
BLACK
6
CONTINUOUS
10
1.6155859448818897
20
0.7017285039370078
11
1.6159997244094488
21
0.7028097244094488
0
LINE
8
BLACK
6
CONTINUOUS
10
1.6159997244094488
20
0.7028097244094488
11
1.6188118503937008
21
0.7084340944881889
0
LINE
8
BLACK
6
CONTINUOUS
10
1.6188118503937008
20
0.7084340944881889
11
1.6191239763779528
21
0.7089299212598426
0
LINE
8
BLACK
6
CONTINUOUS
10
1.6191239763779528
20
0.7089299212598426
11
1.6191836614173227
21
0.7090740157480315
0
LINE
8
BLACK
6
CONTINUOUS
10
1.6191836614173227
20
0.7090740157480315
11
1.6193167716535433
21
0.7092362204724409
0
LINE
8
BLACK
6
CONTINUOUS
10
1.6193167716535433
20
0.7092362204724409
11
1.6194285826771653
21
0.7094138188976378
0
LINE
8
BLACK
6
CONTINUOUS
10
1.6194285826771653
20
0.7094138188976378
11
1.6195463385826772
21
0.7095159448818897
0
LINE
8
BLACK
6
CONTINUOUS
10
1.6195463385826772
20
0.7095159448818897
11
1.6199181102362203
21
0.709968937007874
0
LINE
8
BLACK
6
CONTINUOUS
10
1.6199181102362203
20
0.709968937007874
11
1.6227302755905511
21
0.712781062992126
0
LINE
8
BLACK
6
CONTINUOUS
10
1.6227302755905511
20
0.712781062992126
11
1.6231830314960629
21
0.7131526377952756
0
LINE
8
BLACK
6
CONTINUOUS
10
1.6231830314960629
20
0.7131526377952756
11
1.6232852755905511
21
0.7132705118110236
0
LINE
8
BLACK
6
CONTINUOUS
10
1.6232852755905511
20
0.7132705118110236
11
1.6234629133858267
21
0.7133823228346456
0
LINE
8
BLACK
6
CONTINUOUS
10
1.6234629133858267
20
0.7133823228346456
11
1.6236251574803149
21
0.7135154724409448
0
LINE
8
BLACK
6
CONTINUOUS
10
1.6236251574803149
20
0.7135154724409448
11
1.6237692125984251
21
0.7135751181102362
0
LINE
8
BLACK
6
CONTINUOUS
10
1.6237692125984251
20
0.7135751181102362
11
1.6242650393700786
21
0.7138872440944882
0
LINE
8
BLACK
6
CONTINUOUS
10
1.6242650393700786
20
0.7138872440944882
11
1.6298892913385827
21
0.7166994094488189
0
LINE
8
BLACK
6
CONTINUOUS
10
1.6298892913385827
20
0.7166994094488189
11
1.6309705511811023
21
0.7171131496062992
0
LINE
8
BLACK
6
CONTINUOUS
10
1.6309705511811023
20
0.7171131496062992
11
1.6311821259842518
21
0.7171281496062992
0
LINE
8
BLACK
6
CONTINUOUS
10
1.6311821259842518
20
0.7171281496062992
11
1.6313782283464566
21
0.7172094094488188
0
LINE
8
BLACK
6
CONTINUOUS
10
1.6313782283464566
20
0.7172094094488188
11
1.6325303543307086
21
0.717322874015748
0
LINE
8
BLACK
6
CONTINUOUS
10
1.6325303543307086
20
0.717322874015748
11
1.6465911023622046
21
0.717322874015748
0
LINE
8
BLACK
6
CONTINUOUS
10
1.6465911023622046
20
0.717322874015748
11
1.6477432283464566
21
0.7172094094488188
0
LINE
8
BLACK
6
CONTINUOUS
10
1.6139974409448818
20
0.7734523622047244
11
1.6141935039370079
21
0.7733711023622047
0
LINE
8
BLACK
6
CONTINUOUS
10
1.6141935039370079
20
0.7733711023622047
11
1.6144051181102361
21
0.7733561023622048
0
LINE
8
BLACK
6
CONTINUOUS
10
1.6144051181102361
20
0.7733561023622048
11
1.6154863385826772
21
0.7729423622047243
0
LINE
8
BLACK
6
CONTINUOUS
10
1.6154863385826772
20
0.7729423622047243
11
1.6211106299212599
21
0.7701301968503936
0
LINE
8
BLACK
6
CONTINUOUS
10
1.6211106299212599
20
0.7701301968503936
11
1.6216064960629921
21
0.769818031496063
0
LINE
8
BLACK
6
CONTINUOUS
10
1.6216064960629921
20
0.769818031496063
11
1.6217504724409448
21
0.7697584251968503
0
LINE
8
BLACK
6
CONTINUOUS
10
1.6217504724409448
20
0.7697584251968503
11
1.621912559055118
21
0.7696253543307087
0
LINE
8
BLACK
6
CONTINUOUS
10
1.621912559055118
20
0.7696253543307087
11
1.6220903937007873
21
0.7695134645669292
0
LINE
8
BLACK
6
CONTINUOUS
10
1.6220903937007873
20
0.7695134645669292
11
1.6221926377952756
21
0.7693955511811024
0
LINE
8
BLACK
6
CONTINUOUS
10
1.6221926377952756
20
0.7693955511811024
11
1.6226453937007874
21
0.7690240157480315
0
LINE
8
BLACK
6
CONTINUOUS
10
1.6226453937007874
20
0.7690240157480315
11
1.6240938976377952
21
0.7675755118110236
0
LINE
8
BLACK
6
CONTINUOUS
10
1.6240938976377952
20
0.7675755118110236
11
1.6255423622047245
21
0.7690239763779527
0
LINE
8
BLACK
6
CONTINUOUS
10
1.6255423622047245
20
0.7690239763779527
11
1.6259951968503936
21
0.7693956299212599
0
LINE
8
BLACK
6
CONTINUOUS
10
1.6259951968503936
20
0.7693956299212599
11
1.6260974015748031
21
0.7695134645669292
0
LINE
8
BLACK
6
CONTINUOUS
10
1.6260974015748031
20
0.7695134645669292
11
1.6262749212598424
21
0.7696251968503937
0
LINE
8
BLACK
6
CONTINUOUS
10
1.6262749212598424
20
0.7696251968503937
11
1.6264372440944881
21
0.7697584251968503
0
LINE
8
BLACK
6
CONTINUOUS
10
1.6264372440944881
20
0.7697584251968503
11
1.6265814173228346
21
0.7698181102362205
0
LINE
8
BLACK
6
CONTINUOUS
10
1.6265814173228346
20
0.7698181102362205
11
1.6270771653543308
21
0.7701301968503936
0
LINE
8
BLACK
6
CONTINUOUS
10
1.6270771653543308
20
0.7701301968503936
11
1.6327014960629922
21
0.7729423622047243
0
LINE
8
BLACK
6
CONTINUOUS
10
1.6327014960629922
20
0.7729423622047243
11
1.6337827165354331
21
0.7733561417322834
0
LINE
8
BLACK
6
CONTINUOUS
10
1.6337827165354331
20
0.7733561417322834
11
1.6339944094488188
21
0.7733711811023621
0
LINE
8
BLACK
6
CONTINUOUS
10
1.6339944094488188
20
0.7733711811023621
11
1.6341903937007873
21
0.7734523622047244
0
LINE
8
BLACK
6
CONTINUOUS
10
1.6341903937007873
20
0.7734523622047244
11
1.6353425196850393
21
0.7735658267716535
0
LINE
8
BLACK
6
CONTINUOUS
10
1.6353425196850393
20
0.7735658267716535
11
1.6465911023622046
21
0.7735658267716535
0
LINE
8
BLACK
6
CONTINUOUS
10
1.6465911023622046
20
0.7735658267716535
11
1.6477432283464566
21
0.7734523622047244
0
LINE
8
BLACK
6
CONTINUOUS
10
1.6477432283464566
20
0.7734523622047244
11
1.6479392913385826
21
0.7733711023622047
0
LINE
8
BLACK
6
CONTINUOUS
10
1.6479392913385826
20
0.7733711023622047
11
1.6481509055118111
21
0.7733561023622048
0
LINE
8
BLACK
6
CONTINUOUS
10
1.6481509055118111
20
0.7733561023622048
11
1.649232125984252
21
0.7729423622047243
0
LINE
8
BLACK
6
CONTINUOUS
10
1.649232125984252
20
0.7729423622047243
11
1.6548564173228346
21
0.7701301968503936
0
LINE
8
BLACK
6
CONTINUOUS
10
1.6548564173228346
20
0.7701301968503936
11
1.6553522834645669
21
0.769818031496063
0
LINE
8
BLACK
6
CONTINUOUS
10
1.6553522834645669
20
0.769818031496063
11
1.6554962598425196
21
0.7697584251968503
0
LINE
8
BLACK
6
CONTINUOUS
10
1.6554962598425196
20
0.7697584251968503
11
1.655658346456693
21
0.7696253543307087
0
LINE
8
BLACK
6
CONTINUOUS
10
1.655658346456693
20
0.7696253543307087
11
1.6558361811023621
21
0.7695134645669292
0
LINE
8
BLACK
6
CONTINUOUS
10
1.6558361811023621
20
0.7695134645669292
11
1.6559384251968503
21
0.7693955511811024
0
LINE
8
BLACK
6
CONTINUOUS
10
1.6559384251968503
20
0.7693955511811024
11
1.6563911811023622
21
0.7690240157480315
0
LINE
8
BLACK
6
CONTINUOUS
10
1.6563911811023622
20
0.7690240157480315
11
1.6592033464566929
21
0.7662118897637795
0
LINE
8
BLACK
6
CONTINUOUS
10
1.6592033464566929
20
0.7662118897637795
11
1.6595749606299213
21
0.7657590157480315
0
LINE
8
BLACK
6
CONTINUOUS
10
1.6595749606299213
20
0.7657590157480315
11
1.6596929133858267
21
0.7656567716535433
0
LINE
8
BLACK
6
CONTINUOUS
10
1.6596929133858267
20
0.7656567716535433
11
1.6598047637795275
21
0.7654790157480315
0
LINE
8
BLACK
6
CONTINUOUS
10
1.6598047637795275
20
0.7654790157480315
11
1.6599377952755905
21
0.765316968503937
0
LINE
8
BLACK
6
CONTINUOUS
10
1.6599377952755905
20
0.765316968503937
11
1.6599974409448819
21
0.7651729133858267
0
LINE
8
BLACK
6
CONTINUOUS
10
1.6599974409448819
20
0.7651729133858267
11
1.6603096062992126
21
0.7646770078740157
0
LINE
8
BLACK
6
CONTINUOUS
10
1.6603096062992126
20
0.7646770078740157
11
1.6631217716535434
21
0.7590526771653543
0
LINE
8
BLACK
6
CONTINUOUS
10
1.6631217716535434
20
0.7590526771653543
11
1.6635355118110235
21
0.7579714566929133
0
LINE
8
BLACK
6
CONTINUOUS
10
1.6635355118110235
20
0.7579714566929133
11
1.6635505118110236
21
0.7577598031496063
0
LINE
8
BLACK
6
CONTINUOUS
10
1.6635505118110236
20
0.7577598031496063
11
1.6636317322834646
21
0.7575638188976378
0
LINE
8
BLACK
6
CONTINUOUS
10
1.6636317322834646
20
0.7575638188976378
11
1.6637451968503936
21
0.7564116929133858
0
LINE
8
BLACK
6
CONTINUOUS
10
1.6637451968503936
20
0.7564116929133858
11
1.6637451968503936
21
0.7451631102362205
0
LINE
8
BLACK
6
CONTINUOUS
10
1.6637451968503936
20
0.7451631102362205
11
1.6636317322834646
21
0.7440109842519684
0
LINE
8
BLACK
6
CONTINUOUS
10
1.6636317322834646
20
0.7440109842519684
11
1.6635505118110236
21
0.7438149606299213
0
LINE
8
BLACK
6
CONTINUOUS
10
1.6635505118110236
20
0.7438149606299213
11
1.6635355118110235
21
0.7436033464566929
0
LINE
8
BLACK
6
CONTINUOUS
10
1.6635355118110235
20
0.7436033464566929
11
1.6631217322834646
21
0.7425221259842519
0
LINE
8
BLACK
6
CONTINUOUS
10
1.6631217322834646
20
0.7425221259842519
11
1.6603096062992126
21
0.7368977952755905
0
LINE
8
BLACK
6
CONTINUOUS
10
1.6603096062992126
20
0.7368977952755905
11
1.6599975196850394
21
0.7364020472440945
0
LINE
8
BLACK
6
CONTINUOUS
10
1.6599975196850394
20
0.7364020472440945
11
1.6599378346456692
21
0.7362579133858268
0
LINE
8
BLACK
6
CONTINUOUS
10
1.6599378346456692
20
0.7362579133858268
11
1.6598046062992127
21
0.7360955905511811
0
LINE
8
BLACK
6
CONTINUOUS
10
1.6598046062992127
20
0.7360955905511811
11
1.6596928740157479
21
0.7359180708661417
0
LINE
8
BLACK
6
CONTINUOUS
10
1.6596928740157479
20
0.7359180708661417
11
1.6595750787401575
21
0.735815905511811
0
LINE
8
BLACK
6
CONTINUOUS
10
1.6595750787401575
20
0.735815905511811
11
1.6592033858267716
21
0.7353629921259842
0
LINE
8
BLACK
6
CONTINUOUS
10
1.6592033858267716
20
0.7353629921259842
11
1.6563912204724409
21
0.7325508267716535
0
LINE
8
BLACK
6
CONTINUOUS
10
1.6563912204724409
20
0.7325508267716535
11
1.6559383858267716
21
0.7321791732283465
0
LINE
8
BLACK
6
CONTINUOUS
10
1.6559383858267716
20
0.7321791732283465
11
1.6558361811023621
21
0.7320613385826772
0
LINE
8
BLACK
6
CONTINUOUS
10
1.6558361811023621
20
0.7320613385826772
11
1.655658464566929
21
0.7319494881889763
0
LINE
8
BLACK
6
CONTINUOUS
10
1.655658464566929
20
0.7319494881889763
11
1.6554962992125983
21
0.7318163779527559
0
LINE
8
BLACK
6
CONTINUOUS
10
1.6554962992125983
20
0.7318163779527559
11
1.6553522047244094
21
0.7317566929133859
0
LINE
8
BLACK
6
CONTINUOUS
10
1.6553522047244094
20
0.7317566929133859
11
1.6548564173228346
21
0.7314446062992126
0
LINE
8
BLACK
6
CONTINUOUS
10
1.6548564173228346
20
0.7314446062992126
11
1.649232125984252
21
0.7286324803149606
0
LINE
8
BLACK
6
CONTINUOUS
10
1.649232125984252
20
0.7286324803149606
11
1.6481508661417323
21
0.7282187007874016
0
LINE
8
BLACK
6
CONTINUOUS
10
1.6481508661417323
20
0.7282187007874016
11
1.6479392125984251
21
0.7282036614173228
0
LINE
8
BLACK
6
CONTINUOUS
10
1.6479392125984251
20
0.7282036614173228
11
1.6477432283464566
21
0.7281224803149606
0
LINE
8
BLACK
6
CONTINUOUS
10
1.6477432283464566
20
0.7281224803149606
11
1.6465911023622046
21
0.7280090157480315
0
LINE
8
BLACK
6
CONTINUOUS
10
1.6465911023622046
20
0.7280090157480315
11
1.6353425196850393
21
0.7280090157480315
0
LINE
8
BLACK
6
CONTINUOUS
10
1.6353425196850393
20
0.7280090157480315
11
1.6341903937007873
21
0.7281224803149606
0
LINE
8
BLACK
6
CONTINUOUS
10
1.6341903937007873
20
0.7281224803149606
11
1.63399437007874
21
0.7282036614173228
0
LINE
8
BLACK
6
CONTINUOUS
10
1.63399437007874
20
0.7282036614173228
11
1.6337827559055118
21
0.7282187007874016
0
LINE
8
BLACK
6
CONTINUOUS
10
1.6337827559055118
20
0.7282187007874016
11
1.6327015354330707
21
0.7286324409448819
0
LINE
8
BLACK
6
CONTINUOUS
10
1.6327015354330707
20
0.7286324409448819
11
1.6270772047244093
21
0.7314446062992126
0
LINE
8
BLACK
6
CONTINUOUS
10
1.6270772047244093
20
0.7314446062992126
11
1.6265812598425196
21
0.7317567322834645
0
LINE
8
BLACK
6
CONTINUOUS
10
1.6265812598425196
20
0.7317567322834645
11
1.6264372440944881
21
0.7318164173228346
0
LINE
8
BLACK
6
CONTINUOUS
10
1.6264372440944881
20
0.7318164173228346
11
1.6262751574803149
21
0.7319494094488189
0
LINE
8
BLACK
6
CONTINUOUS
10
1.6262751574803149
20
0.7319494094488189
11
1.6260974409448818
21
0.7320612992125984
0
LINE
8
BLACK
6
CONTINUOUS
10
1.6260974409448818
20
0.7320612992125984
11
1.6259951574803149
21
0.7321792125984252
0
LINE
8
BLACK
6
CONTINUOUS
10
1.6259951574803149
20
0.7321792125984252
11
1.6255423228346457
21
0.7325508661417323
0
LINE
8
BLACK
6
CONTINUOUS
10
1.6255423228346457
20
0.7325508661417323
11
1.6240938976377952
21
0.7339992913385827
0
LINE
8
BLACK
6
CONTINUOUS
10
1.6240938976377952
20
0.7339992913385827
11
1.6226454330708662
21
0.7325508267716535
0
LINE
8
BLACK
6
CONTINUOUS
10
1.6226454330708662
20
0.7325508267716535
11
1.6221925984251968
21
0.7321791732283465
0
LINE
8
BLACK
6
CONTINUOUS
10
1.6221925984251968
20
0.7321791732283465
11
1.6220903937007873
21
0.7320613385826772
0
LINE
8
BLACK
6
CONTINUOUS
10
1.6220903937007873
20
0.7320613385826772
11
1.6219126771653543
21
0.7319494881889763
0
LINE
8
BLACK
6
CONTINUOUS
10
1.6219126771653543
20
0.7319494881889763
11
1.6217505118110236
21
0.7318163779527559
0
LINE
8
BLACK
6
CONTINUOUS
10
1.6217505118110236
20
0.7318163779527559
11
1.6216064173228346
21
0.7317566929133859
0
LINE
8
BLACK
6
CONTINUOUS
10
1.6216064173228346
20
0.7317566929133859
11
1.6211106299212599
21
0.7314446062992126
0
LINE
8
BLACK
6
CONTINUOUS
10
1.6211106299212599
20
0.7314446062992126
11
1.6154863385826772
21
0.7286324803149606
0
LINE
8
BLACK
6
CONTINUOUS
10
1.6154863385826772
20
0.7286324803149606
11
1.6144050787401574
21
0.7282187007874016
0
LINE
8
BLACK
6
CONTINUOUS
10
1.6144050787401574
20
0.7282187007874016
11
1.6141934251968504
21
0.7282036614173228
0
LINE
8
BLACK
6
CONTINUOUS
10
1.6141934251968504
20
0.7282036614173228
11
1.6139974409448818
21
0.7281224803149606
0
LINE
8
BLACK
6
CONTINUOUS
10
1.6139974409448818
20
0.7281224803149606
11
1.6128453149606299
21
0.7280090157480315
0
LINE
8
BLACK
6
CONTINUOUS
10
1.6128453149606299
20
0.7280090157480315
11
1.6100331496062992
21
0.7280090157480315
0
LINE
8
BLACK
6
CONTINUOUS
10
1.6100331496062992
20
0.7280090157480315
11
1.6088810236220472
21
0.7281224803149606
0
LINE
8
BLACK
6
CONTINUOUS
10
1.6088810236220472
20
0.7281224803149606
11
1.6086849999999999
21
0.7282036614173228
0
LINE
8
BLACK
6
CONTINUOUS
10
1.6086849999999999
20
0.7282036614173228
11
1.6084733858267717
21
0.7282187007874016
0
LINE
8
BLACK
6
CONTINUOUS
10
1.6084733858267717
20
0.7282187007874016
11
1.6073921653543306
21
0.7286324803149606
0
LINE
8
BLACK
6
CONTINUOUS
10
1.6073921653543306
20
0.7286324803149606
11
1.6017678346456692
21
0.7314446062992126
0
LINE
8
BLACK
6
CONTINUOUS
10
1.6017678346456692
20
0.7314446062992126
11
1.6012719685039369
21
0.7317567322834645
0
LINE
8
BLACK
6
CONTINUOUS
10
1.6012719685039369
20
0.7317567322834645
11
1.6011279133858267
21
0.7318164173228346
0
LINE
8
BLACK
6
CONTINUOUS
10
1.6011279133858267
20
0.7318164173228346
11
1.6009656692913385
21
0.7319495275590551
0
LINE
8
BLACK
6
CONTINUOUS
10
1.6009656692913385
20
0.7319495275590551
11
1.6007881102362205
21
0.7320613385826772
0
LINE
8
BLACK
6
CONTINUOUS
10
1.6007881102362205
20
0.7320613385826772
11
1.6006859448818898
21
0.732179094488189
0
LINE
8
BLACK
6
CONTINUOUS
10
1.6006859448818898
20
0.732179094488189
11
1.6002329921259841
21
0.7325508661417323
0
LINE
8
BLACK
6
CONTINUOUS
10
1.6002329921259841
20
0.7325508661417323
11
1.5974208661417322
21
0.735363031496063
0
LINE
8
BLACK
6
CONTINUOUS
10
1.5974208661417322
20
0.735363031496063
11
1.5970492913385825
21
0.7358157480314961
0
LINE
8
BLACK
6
CONTINUOUS
10
1.5970492913385825
20
0.7358157480314961
11
1.5969314173228346
21
0.7359180314960629
0
LINE
8
BLACK
6
CONTINUOUS
10
1.5969314173228346
20
0.7359180314960629
11
1.5968194881889763
21
0.7360958267716535
0
LINE
8
BLACK
6
CONTINUOUS
10
1.5968194881889763
20
0.7360958267716535
11
1.5966864566929133
21
0.7362579527559054
0
LINE
8
BLACK
6
CONTINUOUS
10
1.5966864566929133
20
0.7362579527559054
11
1.5966268110236219
21
0.7364018897637795
0
LINE
8
BLACK
6
CONTINUOUS
10
1.5966268110236219
20
0.7364018897637795
11
1.5963146850393701
21
0.7368977952755905
0
LINE
8
BLACK
6
CONTINUOUS
10
1.5963146850393701
20
0.7368977952755905
11
1.5935025196850394
21
0.7425220866141732
0
LINE
8
BLACK
6
CONTINUOUS
10
1.5935025196850394
20
0.7425220866141732
11
1.593088779527559
21
0.7436033070866142
0
LINE
8
BLACK
6
CONTINUOUS
10
1.593088779527559
20
0.7436033070866142
11
1.5930737401574804
21
0.7438148818897637
0
LINE
8
BLACK
6
CONTINUOUS
10
1.5930737401574804
20
0.7438148818897637
11
1.5929925196850394
21
0.7440109842519684
0
LINE
8
BLACK
6
CONTINUOUS
10
1.5929925196850394
20
0.7440109842519684
11
1.5928790551181102
21
0.7451631102362205
0
LINE
8
BLACK
6
CONTINUOUS
10
1.5928790551181102
20
0.7451631102362205
11
1.5928790551181102
21
0.7564116929133858
0
LINE
8
BLACK
6
CONTINUOUS
10
1.5928790551181102
20
0.7564116929133858
11
1.5929925196850394
21
0.7575638188976378
0
LINE
8
BLACK
6
CONTINUOUS
10
1.5929925196850394
20
0.7575638188976378
11
1.5930736614173229
21
0.7577597637795276
0
LINE
8
BLACK
6
CONTINUOUS
10
1.5930736614173229
20
0.7577597637795276
11
1.5930887401574803
21
0.7579714960629921
0
LINE
8
BLACK
6
CONTINUOUS
10
1.5930887401574803
20
0.7579714960629921
11
1.5935025196850394
21
0.759052716535433
0
LINE
8
BLACK
6
CONTINUOUS
10
1.5935025196850394
20
0.759052716535433
11
1.5963146850393701
21
0.7646770472440945
0
LINE
8
BLACK
6
CONTINUOUS
10
1.5963146850393701
20
0.7646770472440945
11
1.5966267716535432
21
0.7651728346456693
0
LINE
8
BLACK
6
CONTINUOUS
10
1.5966267716535432
20
0.7651728346456693
11
1.5966864566929133
21
0.7653169291338583
0
LINE
8
BLACK
6
CONTINUOUS
10
1.5966864566929133
20
0.7653169291338583
11
1.5968195669291338
21
0.765479094488189
0
LINE
8
BLACK
6
CONTINUOUS
10
1.5968195669291338
20
0.765479094488189
11
1.5969314173228346
21
0.765656811023622
0
LINE
8
BLACK
6
CONTINUOUS
10
1.5969314173228346
20
0.765656811023622
11
1.597049251968504
21
0.7657590157480315
0
LINE
8
BLACK
6
CONTINUOUS
10
1.597049251968504
20
0.7657590157480315
11
1.5974209055118109
21
0.7662118503937008
0
LINE
8
BLACK
6
CONTINUOUS
10
1.5974209055118109
20
0.7662118503937008
11
1.6002330314960629
21
0.7690239763779527
0
LINE
8
BLACK
6
CONTINUOUS
10
1.6002330314960629
20
0.7690239763779527
11
1.6006858661417322
21
0.7693956299212599
0
LINE
8
BLACK
6
CONTINUOUS
10
1.6006858661417322
20
0.7693956299212599
11
1.6007880708661417
21
0.7695134645669292
0
LINE
8
BLACK
6
CONTINUOUS
10
1.6007880708661417
20
0.7695134645669292
11
1.600965590551181
21
0.7696251968503937
0
LINE
8
BLACK
6
CONTINUOUS
10
1.600965590551181
20
0.7696251968503937
11
1.6011279133858267
21
0.7697584251968503
0
LINE
8
BLACK
6
CONTINUOUS
10
1.6011279133858267
20
0.7697584251968503
11
1.6012720866141732
21
0.7698181102362205
0
LINE
8
BLACK
6
CONTINUOUS
10
1.6012720866141732
20
0.7698181102362205
11
1.6017678346456692
21
0.7701301968503936
0
LINE
8
BLACK
6
CONTINUOUS
10
1.6017678346456692
20
0.7701301968503936
11
1.6073920866141731
21
0.7729423622047243
0
LINE
8
BLACK
6
CONTINUOUS
10
1.6073920866141731
20
0.7729423622047243
11
1.6084733464566929
21
0.7733561023622048
0
LINE
8
BLACK
6
CONTINUOUS
10
1.6084733464566929
20
0.7733561023622048
11
1.6086849212598424
21
0.7733711023622047
0
LINE
8
BLACK
6
CONTINUOUS
10
1.6086849212598424
20
0.7733711023622047
11
1.6088810236220472
21
0.7734523622047244
0
LINE
8
BLACK
6
CONTINUOUS
10
1.6088810236220472
20
0.7734523622047244
11
1.6100331496062992
21
0.7735658267716535
0
LINE
8
BLACK
6
CONTINUOUS
10
1.6100331496062992
20
0.7735658267716535
11
1.6128453149606299
21
0.7735658267716535
0
LINE
8
BLACK
6
CONTINUOUS
10
1.6128453149606299
20
0.7735658267716535
11
1.6139974409448818
21
0.7734523622047244
0
LINE
8
BLACK
6
CONTINUOUS
10
1.6079070472440944
20
0.7599946850393701
11
1.6064501968503937
21
0.7585378346456693
0
LINE
8
BLACK
6
CONTINUOUS
10
1.6064501968503937
20
0.7585378346456693
11
1.6046900787401575
21
0.7550175984251968
0
LINE
8
BLACK
6
CONTINUOUS
10
1.6046900787401575
20
0.7550175984251968
11
1.6046900787401575
21
0.7465572047244095
0
LINE
8
BLACK
6
CONTINUOUS
10
1.6046900787401575
20
0.7465572047244095
11
1.6064501968503937
21
0.7430369291338582
0
LINE
8
BLACK
6
CONTINUOUS
10
1.6064501968503937
20
0.7430369291338582
11
1.6079070472440944
21
0.7415800787401574
0
LINE
8
BLACK
6
CONTINUOUS
10
1.6079070472440944
20
0.7415800787401574
11
1.6114272440944881
21
0.7398200393700787
0
LINE
8
BLACK
6
CONTINUOUS
10
1.6114272440944881
20
0.7398200393700787
11
1.6114512204724409
21
0.7398200393700787
0
LINE
8
BLACK
6
CONTINUOUS
10
1.6114512204724409
20
0.7398200393700787
11
1.6149713779527559
21
0.7415800787401574
0
LINE
8
BLACK
6
CONTINUOUS
10
1.6149713779527559
20
0.7415800787401574
11
1.6164282677165354
21
0.743036968503937
0
LINE
8
BLACK
6
CONTINUOUS
10
1.6164282677165354
20
0.743036968503937
11
1.6181883858267716
21
0.7465571653543307
0
LINE
8
BLACK
6
CONTINUOUS
10
1.6181883858267716
20
0.7465571653543307
11
1.6181883858267716
21
0.7550175984251968
0
LINE
8
BLACK
6
CONTINUOUS
10
1.6181883858267716
20
0.7550175984251968
11
1.6164283070866141
21
0.7585377559055118
0
LINE
8
BLACK
6
CONTINUOUS
10
1.6164283070866141
20
0.7585377559055118
11
1.6149714566929134
21
0.7599946456692913
0
LINE
8
BLACK
6
CONTINUOUS
10
1.6149714566929134
20
0.7599946456692913
11
1.6114512204724409
21
0.7617548031496063
0
LINE
8
BLACK
6
CONTINUOUS
10
1.6114512204724409
20
0.7617548031496063
11
1.6114272440944881
21
0.7617548031496063
0
LINE
8
BLACK
6
CONTINUOUS
10
1.6114272440944881
20
0.7617548031496063
11
1.6079070472440944
21
0.7599946850393701
0
LINE
8
BLACK
6
CONTINUOUS
10
1.6332163779527558
20
0.7599946850393701
11
1.6317595275590551
21
0.7585378346456693
0
LINE
8
BLACK
6
CONTINUOUS
10
1.6317595275590551
20
0.7585378346456693
11
1.6299994094488188
21
0.7550175984251968
0
LINE
8
BLACK
6
CONTINUOUS
10
1.6299994094488188
20
0.7550175984251968
11
1.6299994094488188
21
0.7465572047244095
0
LINE
8
BLACK
6
CONTINUOUS
10
1.6299994094488188
20
0.7465572047244095
11
1.6317595275590551
21
0.7430369291338582
0
LINE
8
BLACK
6
CONTINUOUS
10
1.6317595275590551
20
0.7430369291338582
11
1.6332164173228345
21
0.7415800787401574
0
LINE
8
BLACK
6
CONTINUOUS
10
1.6332164173228345
20
0.7415800787401574
11
1.6367365748031495
21
0.7398200393700787
0
LINE
8
BLACK
6
CONTINUOUS
10
1.6367365748031495
20
0.7398200393700787
11
1.6451970078740157
21
0.7398200393700787
0
LINE
8
BLACK
6
CONTINUOUS
10
1.6451970078740157
20
0.7398200393700787
11
1.6487171653543307
21
0.7415800787401574
0
LINE
8
BLACK
6
CONTINUOUS
10
1.6487171653543307
20
0.7415800787401574
11
1.6501740551181101
21
0.743036968503937
0
LINE
8
BLACK
6
CONTINUOUS
10
1.6501740551181101
20
0.743036968503937
11
1.6519341732283463
21
0.7465571653543307
0
LINE
8
BLACK
6
CONTINUOUS
10
1.6519341732283463
20
0.7465571653543307
11
1.6519341732283463
21
0.7550175984251968
0
LINE
8
BLACK
6
CONTINUOUS
10
1.6519341732283463
20
0.7550175984251968
11
1.6501740944881889
21
0.7585377559055118
0
LINE
8
BLACK
6
CONTINUOUS
10
1.6501740944881889
20
0.7585377559055118
11
1.6487172440944882
21
0.7599946456692913
0
LINE
8
BLACK
6
CONTINUOUS
10
1.6487172440944882
20
0.7599946456692913
11
1.6451970078740157
21
0.7617548031496063
0
LINE
8
BLACK
6
CONTINUOUS
10
1.6451970078740157
20
0.7617548031496063
11
1.6367366141732282
21
0.7617548031496063
0
LINE
8
BLACK
6
CONTINUOUS
10
1.6367366141732282
20
0.7617548031496063
11
1.6332163779527558
21
0.7599946850393701
0
LINE
8
BLACK
6
CONTINUOUS
10
1.6355434251968504
20
0.8297889763779528
11
1.6356295669291339
21
0.829801811023622
0
LINE
8
BLACK
6
CONTINUOUS
10
1.6356295669291339
20
0.829801811023622
11
1.6360607086614174
21
0.829738031496063
0
LINE
8
BLACK
6
CONTINUOUS
10
1.6360607086614174
20
0.829738031496063
11
1.6364946456692913
21
0.8296953149606299
0
LINE
8
BLACK
6
CONTINUOUS
10
1.6364946456692913
20
0.8296953149606299
11
1.6365751181102361
21
0.829661968503937
0
LINE
8
BLACK
6
CONTINUOUS
10
1.6365751181102361
20
0.829661968503937
11
1.6367748425196851
21
0.8296324409448819
0
LINE
8
BLACK
6
CONTINUOUS
10
1.6367748425196851
20
0.8296324409448819
11
1.6480233858267717
21
0.8268202755905512
0
LINE
8
BLACK
6
CONTINUOUS
10
1.6480233858267717
20
0.8268202755905512
11
1.6481082283464568
21
0.8267899212598425
0
LINE
8
BLACK
6
CONTINUOUS
10
1.6481082283464568
20
0.8267899212598425
11
1.6481508661417323
21
0.8267869291338582
0
LINE
8
BLACK
6
CONTINUOUS
10
1.6481508661417323
20
0.8267869291338582
11
1.6486307086614174
21
0.8266032677165354
0
LINE
8
BLACK
6
CONTINUOUS
10
1.6486307086614174
20
0.8266032677165354
11
1.6491135826771652
21
0.8264307874015748
0
LINE
8
BLACK
6
CONTINUOUS
10
1.6491135826771652
20
0.8264307874015748
11
1.6491478346456692
21
0.8264053937007874
0
LINE
8
BLACK
6
CONTINUOUS
10
1.6491478346456692
20
0.8264053937007874
11
1.649232125984252
21
0.8263731496062992
0
LINE
8
BLACK
6
CONTINUOUS
10
1.649232125984252
20
0.8263731496062992
11
1.6548564173228346
21
0.8235610236220472
0
LINE
8
BLACK
6
CONTINUOUS
10
1.6548564173228346
20
0.8235610236220472
11
1.6553522047244094
21
0.8232488976377953
0
LINE
8
BLACK
6
CONTINUOUS
10
1.6553522047244094
20
0.8232488976377953
11
1.6554962992125983
21
0.8231892519685039
0
LINE
8
BLACK
6
CONTINUOUS
10
1.6554962992125983
20
0.8231892519685039
11
1.655658464566929
21
0.8230561023622047
0
LINE
8
BLACK
6
CONTINUOUS
10
1.655658464566929
20
0.8230561023622047
11
1.6558361811023621
21
0.8229442913385827
0
LINE
8
BLACK
6
CONTINUOUS
10
1.6558361811023621
20
0.8229442913385827
11
1.6559383858267716
21
0.8228264173228347
0
LINE
8
BLACK
6
CONTINUOUS
10
1.6559383858267716
20
0.8228264173228347
11
1.6563912204724409
21
0.8224548031496063
0
LINE
8
BLACK
6
CONTINUOUS
10
1.6563912204724409
20
0.8224548031496063
11
1.6592033858267716
21
0.8196426377952756
0
LINE
8
BLACK
6
CONTINUOUS
10
1.6592033858267716
20
0.8196426377952756
11
1.6595750787401575
21
0.8191896850393701
0
LINE
8
BLACK
6
CONTINUOUS
10
1.6595750787401575
20
0.8191896850393701
11
1.6596928740157479
21
0.8190875590551181
0
LINE
8
BLACK
6
CONTINUOUS
10
1.6596928740157479
20
0.8190875590551181
11
1.6598046062992127
21
0.81891
0
LINE
8
BLACK
6
CONTINUOUS
10
1.6598046062992127
20
0.81891
11
1.6599378346456692
21
0.8187477165354331
0
LINE
8
BLACK
6
CONTINUOUS
10
1.6599378346456692
20
0.8187477165354331
11
1.6599975196850394
21
0.8186035433070866
0
LINE
8
BLACK
6
CONTINUOUS
10
1.6599975196850394
20
0.8186035433070866
11
1.6603096062992126
21
0.8181078346456693
0
LINE
8
BLACK
6
CONTINUOUS
10
1.6603096062992126
20
0.8181078346456693
11
1.6631217322834646
21
0.8124835039370079
0
LINE
8
BLACK
6
CONTINUOUS
10
1.6631217322834646
20
0.8124835039370079
11
1.6635355118110235
21
0.8114022834645669
0
LINE
8
BLACK
6
CONTINUOUS
10
1.6635355118110235
20
0.8114022834645669
11
1.6635505118110236
21
0.8111906299212598
0
LINE
8
BLACK
6
CONTINUOUS
10
1.6635505118110236
20
0.8111906299212598
11
1.6636317322834646
21
0.8109946456692914
0
LINE
8
BLACK
6
CONTINUOUS
10
1.6636317322834646
20
0.8109946456692914
11
1.6637451968503936
21
0.8098425196850394
0
LINE
8
BLACK
6
CONTINUOUS
10
1.6637451968503936
20
0.8098425196850394
11
1.6637451968503936
21
0.8042182283464566
0
LINE
8
BLACK
6
CONTINUOUS
10
1.6637451968503936
20
0.8042182283464566
11
1.6636317322834646
21
0.8030661023622047
0
LINE
8
BLACK
6
CONTINUOUS
10
1.6636317322834646
20
0.8030661023622047
11
1.6635505118110236
21
0.8028700787401575
0
LINE
8
BLACK
6
CONTINUOUS
10
1.6635505118110236
20
0.8028700787401575
11
1.6635355118110235
21
0.8026584645669291
0
LINE
8
BLACK
6
CONTINUOUS
10
1.6635355118110235
20
0.8026584645669291
11
1.6631217322834646
21
0.8015772440944882
0
LINE
8
BLACK
6
CONTINUOUS
10
1.6631217322834646
20
0.8015772440944882
11
1.6603096062992126
21
0.7959529133858267
0
LINE
8
BLACK
6
CONTINUOUS
10
1.6603096062992126
20
0.7959529133858267
11
1.6599975196850394
21
0.7954571653543306
0
LINE
8
BLACK
6
CONTINUOUS
10
1.6599975196850394
20
0.7954571653543306
11
1.6599378346456692
21
0.795313031496063
0
LINE
8
BLACK
6
CONTINUOUS
10
1.6599378346456692
20
0.795313031496063
11
1.6598046062992127
21
0.7951507086614173
0
LINE
8
BLACK
6
CONTINUOUS
10
1.6598046062992127
20
0.7951507086614173
11
1.6596928740157479
21
0.7949731889763779
0
LINE
8
BLACK
6
CONTINUOUS
10
1.6596928740157479
20
0.7949731889763779
11
1.6595750787401575
21
0.7948710236220472
0
LINE
8
BLACK
6
CONTINUOUS
10
1.6595750787401575
20
0.7948710236220472
11
1.6592033858267716
21
0.7944181102362204
0
LINE
8
BLACK
6
CONTINUOUS
10
1.6592033858267716
20
0.7944181102362204
11
1.6563912204724409
21
0.7916059448818897
0
LINE
8
BLACK
6
CONTINUOUS
10
1.6563912204724409
20
0.7916059448818897
11
1.6559383858267716
21
0.7912342913385827
0
LINE
8
BLACK
6
CONTINUOUS
10
1.6559383858267716
20
0.7912342913385827
11
1.6558361811023621
21
0.7911164566929134
0
LINE
8
BLACK
6
CONTINUOUS
10
1.6558361811023621
20
0.7911164566929134
11
1.655658464566929
21
0.7910046062992125
0
LINE
8
BLACK
6
CONTINUOUS
10
1.655658464566929
20
0.7910046062992125
11
1.6554962992125983
21
0.7908714960629921
0
LINE
8
BLACK
6
CONTINUOUS
10
1.6554962992125983
20
0.7908714960629921
11
1.6553522047244094
21
0.7908118110236221
0
LINE
8
BLACK
6
CONTINUOUS
10
1.6553522047244094
20
0.7908118110236221
11
1.6548564173228346
21
0.7904997244094488
0
LINE
8
BLACK
6
CONTINUOUS
10
1.6548564173228346
20
0.7904997244094488
11
1.649232125984252
21
0.7876875590551181
0
LINE
8
BLACK
6
CONTINUOUS
10
1.649232125984252
20
0.7876875590551181
11
1.6491478346456692
21
0.7876552755905512
0
LINE
8
BLACK
6
CONTINUOUS
10
1.6491478346456692
20
0.7876552755905512
11
1.6491135826771652
21
0.7876299212598425
0
LINE
8
BLACK
6
CONTINUOUS
10
1.6491135826771652
20
0.7876299212598425
11
1.6486301968503936
21
0.7874572047244094
0
LINE
8
BLACK
6
CONTINUOUS
10
1.6486301968503936
20
0.7874572047244094
11
1.6481509055118111
21
0.7872738188976378
0
LINE
8
BLACK
6
CONTINUOUS
10
1.6481509055118111
20
0.7872738188976378
11
1.6481083464566928
21
0.7872707874015747
0
LINE
8
BLACK
6
CONTINUOUS
10
1.6481083464566928
20
0.7872707874015747
11
1.6480233858267717
21
0.7872404330708661
0
LINE
8
BLACK
6
CONTINUOUS
10
1.6480233858267717
20
0.7872404330708661
11
1.6367748031496063
21
0.7844283070866142
0
LINE
8
BLACK
6
CONTINUOUS
10
1.6367748031496063
20
0.7844283070866142
11
1.6365751181102361
21
0.784398779527559
0
LINE
8
BLACK
6
CONTINUOUS
10
1.6365751181102361
20
0.784398779527559
11
1.6364946456692913
21
0.7843654330708661
0
LINE
8
BLACK
6
CONTINUOUS
10
1.6364946456692913
20
0.7843654330708661
11
1.6360606692913386
21
0.7843226771653543
0
LINE
8
BLACK
6
CONTINUOUS
10
1.6360606692913386
20
0.7843226771653543
11
1.6356295669291339
21
0.784258937007874
0
LINE
8
BLACK
6
CONTINUOUS
10
1.6356295669291339
20
0.784258937007874
11
1.6355434251968504
21
0.7842717322834646
0
LINE
8
BLACK
6
CONTINUOUS
10
1.6355434251968504
20
0.7842717322834646
11
1.6353425196850393
21
0.784251968503937
0
LINE
8
BLACK
6
CONTINUOUS
10
1.6353425196850393
20
0.784251968503937
11
1.6212817716535433
21
0.784251968503937
0
LINE
8
BLACK
6
CONTINUOUS
10
1.6212817716535433
20
0.784251968503937
11
1.6210808267716534
21
0.7842717322834646
0
LINE
8
BLACK
6
CONTINUOUS
10
1.6210808267716534
20
0.7842717322834646
11
1.6209947244094487
21
0.784258937007874
0
LINE
8
BLACK
6
CONTINUOUS
10
1.6209947244094487
20
0.784258937007874
11
1.6205635826771654
21
0.7843226771653543
0
LINE
8
BLACK
6
CONTINUOUS
10
1.6205635826771654
20
0.7843226771653543
11
1.6201296456692913
21
0.7843654330708661
0
LINE
8
BLACK
6
CONTINUOUS
10
1.6201296456692913
20
0.7843654330708661
11
1.6200491338582677
21
0.784398779527559
0
LINE
8
BLACK
6
CONTINUOUS
10
1.6200491338582677
20
0.784398779527559
11
1.6198494881889764
21
0.7844283070866142
0
LINE
8
BLACK
6
CONTINUOUS
10
1.6198494881889764
20
0.7844283070866142
11
1.6086008661417321
21
0.7872404330708661
0
LINE
8
BLACK
6
CONTINUOUS
10
1.6086008661417321
20
0.7872404330708661
11
1.6085158661417323
21
0.7872707874015747
0
LINE
8
BLACK
6
CONTINUOUS
10
1.6085158661417323
20
0.7872707874015747
11
1.6084733464566929
21
0.7872738188976378
0
LINE
8
BLACK
6
CONTINUOUS
10
1.6084733464566929
20
0.7872738188976378
11
1.607993779527559
21
0.7874572834645669
0
LINE
8
BLACK
6
CONTINUOUS
10
1.607993779527559
20
0.7874572834645669
11
1.6075106692913386
21
0.7876299212598425
0
LINE
8
BLACK
6
CONTINUOUS
10
1.6075106692913386
20
0.7876299212598425
11
1.6074764173228346
21
0.7876552755905512
0
LINE
8
BLACK
6
CONTINUOUS
10
1.6074764173228346
20
0.7876552755905512
11
1.6073920866141731
21
0.7876875590551181
0
LINE
8
BLACK
6
CONTINUOUS
10
1.6073920866141731
20
0.7876875590551181
11
1.6017678346456692
21
0.7904997244094488
0
LINE
8
BLACK
6
CONTINUOUS
10
1.6017678346456692
20
0.7904997244094488
11
1.6012718897637794
21
0.7908118503937007
0
LINE
8
BLACK
6
CONTINUOUS
10
1.6012718897637794
20
0.7908118503937007
11
1.6011279133858267
21
0.7908715354330709
0
LINE
8
BLACK
6
CONTINUOUS
10
1.6011279133858267
20
0.7908715354330709
11
1.6009657874015748
21
0.7910045669291338
0
LINE
8
BLACK
6
CONTINUOUS
10
1.6009657874015748
20
0.7910045669291338
11
1.6007880708661417
21
0.7911164566929134
0
LINE
8
BLACK
6
CONTINUOUS
10
1.6007880708661417
20
0.7911164566929134
11
1.6006857874015747
21
0.7912343307086614
0
LINE
8
BLACK
6
CONTINUOUS
10
1.6006857874015747
20
0.7912343307086614
11
1.6002329921259841
21
0.7916059842519685
0
LINE
8
BLACK
6
CONTINUOUS
10
1.6002329921259841
20
0.7916059842519685
11
1.5974208661417322
21
0.7944181496062992
0
LINE
8
BLACK
6
CONTINUOUS
10
1.5974208661417322
20
0.7944181496062992
11
1.5970492913385825
21
0.7948708661417323
0
LINE
8
BLACK
6
CONTINUOUS
10
1.5970492913385825
20
0.7948708661417323
11
1.5969314173228346
21
0.7949731496062992
0
LINE
8
BLACK
6
CONTINUOUS
10
1.5969314173228346
20
0.7949731496062992
11
1.5968194881889763
21
0.7951509448818898
0
LINE
8
BLACK
6
CONTINUOUS
10
1.5968194881889763
20
0.7951509448818898
11
1.5966864566929133
21
0.7953130708661417
0
LINE
8
BLACK
6
CONTINUOUS
10
1.5966864566929133
20
0.7953130708661417
11
1.5966268110236219
21
0.7954570078740157
0
LINE
8
BLACK
6
CONTINUOUS
10
1.5966268110236219
20
0.7954570078740157
11
1.5963146850393701
21
0.7959529133858267
0
LINE
8
BLACK
6
CONTINUOUS
10
1.5963146850393701
20
0.7959529133858267
11
1.5935025196850394
21
0.8015772047244094
0
LINE
8
BLACK
6
CONTINUOUS
10
1.5935025196850394
20
0.8015772047244094
11
1.593088779527559
21
0.8026584251968504
0
LINE
8
BLACK
6
CONTINUOUS
10
1.593088779527559
20
0.8026584251968504
11
1.5930737401574804
21
0.80287
0
LINE
8
BLACK
6
CONTINUOUS
10
1.5930737401574804
20
0.80287
11
1.5929925196850394
21
0.8030661023622047
0
LINE
8
BLACK
6
CONTINUOUS
10
1.5929925196850394
20
0.8030661023622047
11
1.5928790551181102
21
0.8042182283464566
0
LINE
8
BLACK
6
CONTINUOUS
10
1.5928790551181102
20
0.8042182283464566
11
1.5928790551181102
21
0.8098425196850394
0
LINE
8
BLACK
6
CONTINUOUS
10
1.5928790551181102
20
0.8098425196850394
11
1.5929925196850394
21
0.8109946456692914
0
LINE
8
BLACK
6
CONTINUOUS
10
1.5929925196850394
20
0.8109946456692914
11
1.5930737401574804
21
0.8111907086614173
0
LINE
8
BLACK
6
CONTINUOUS
10
1.5930737401574804
20
0.8111907086614173
11
1.593088779527559
21
0.8114023228346456
0
LINE
8
BLACK
6
CONTINUOUS
10
1.593088779527559
20
0.8114023228346456
11
1.5935025196850394
21
0.8124835433070866
0
LINE
8
BLACK
6
CONTINUOUS
10
1.5935025196850394
20
0.8124835433070866
11
1.5963146850393701
21
0.8181078346456693
0
LINE
8
BLACK
6
CONTINUOUS
10
1.5963146850393701
20
0.8181078346456693
11
1.5966268110236219
21
0.8186037007874015
0
LINE
8
BLACK
6
CONTINUOUS
10
1.5966268110236219
20
0.8186037007874015
11
1.5966864566929133
21
0.8187476771653543
0
LINE
8
BLACK
6
CONTINUOUS
10
1.5966864566929133
20
0.8187476771653543
11
1.5968194881889763
21
0.8189097637795275
0
LINE
8
BLACK
6
CONTINUOUS
10
1.5968194881889763
20
0.8189097637795275
11
1.5969314173228346
21
0.8190875984251969
0
LINE
8
BLACK
6
CONTINUOUS
10
1.5969314173228346
20
0.8190875984251969
11
1.5970492913385825
21
0.8191898425196851
0
LINE
8
BLACK
6
CONTINUOUS
10
1.5970492913385825
20
0.8191898425196851
11
1.5974208661417322
21
0.8196425984251968
0
LINE
8
BLACK
6
CONTINUOUS
10
1.5974208661417322
20
0.8196425984251968
11
1.6002329921259841
21
0.8224547637795275
0
LINE
8
BLACK
6
CONTINUOUS
10
1.6002329921259841
20
0.8224547637795275
11
1.6006859448818898
21
0.8228264960629921
0
LINE
8
BLACK
6
CONTINUOUS
10
1.6006859448818898
20
0.8228264960629921
11
1.6007881102362205
21
0.8229442913385827
0
LINE
8
BLACK
6
CONTINUOUS
10
1.6007881102362205
20
0.8229442913385827
11
1.6009656692913385
21
0.823056062992126
0
LINE
8
BLACK
6
CONTINUOUS
10
1.6009656692913385
20
0.823056062992126
11
1.6011279133858267
21
0.8231892125984251
0
LINE
8
BLACK
6
CONTINUOUS
10
1.6011279133858267
20
0.8231892125984251
11
1.6012719685039369
21
0.8232488582677165
0
LINE
8
BLACK
6
CONTINUOUS
10
1.6012719685039369
20
0.8232488582677165
11
1.6017678346456692
21
0.8235610236220472
0
LINE
8
BLACK
6
CONTINUOUS
10
1.6017678346456692
20
0.8235610236220472
11
1.6073921653543306
21
0.8263731496062992
0
LINE
8
BLACK
6
CONTINUOUS
10
1.6073921653543306
20
0.8263731496062992
11
1.6074762598425196
21
0.8264053149606299
0
LINE
8
BLACK
6
CONTINUOUS
10
1.6074762598425196
20
0.8264053149606299
11
1.6075106299212598
21
0.8264307874015748
0
LINE
8
BLACK
6
CONTINUOUS
10
1.6075106299212598
20
0.8264307874015748
11
1.6079940551181102
21
0.8266034645669291
0
LINE
8
BLACK
6
CONTINUOUS
10
1.6079940551181102
20
0.8266034645669291
11
1.6084733858267717
21
0.8267869291338582
0
LINE
8
BLACK
6
CONTINUOUS
10
1.6084733858267717
20
0.8267869291338582
11
1.6085159842519685
21
0.8267899212598425
0
LINE
8
BLACK
6
CONTINUOUS
10
1.6085159842519685
20
0.8267899212598425
11
1.6086008661417321
21
0.8268202755905512
0
LINE
8
BLACK
6
CONTINUOUS
10
1.6086008661417321
20
0.8268202755905512
11
1.6198494488188977
21
0.8296324409448819
0
LINE
8
BLACK
6
CONTINUOUS
10
1.6198494488188977
20
0.8296324409448819
11
1.6200491338582677
21
0.829661968503937
0
LINE
8
BLACK
6
CONTINUOUS
10
1.6200491338582677
20
0.829661968503937
11
1.6201296456692913
21
0.8296953149606299
0
LINE
8
BLACK
6
CONTINUOUS
10
1.6201296456692913
20
0.8296953149606299
11
1.6205634645669291
21
0.829738031496063
0
LINE
8
BLACK
6
CONTINUOUS
10
1.6205634645669291
20
0.829738031496063
11
1.6209946850393699
21
0.829801811023622
0
LINE
8
BLACK
6
CONTINUOUS
10
1.6209946850393699
20
0.829801811023622
11
1.6210808267716534
21
0.8297889763779528
0
LINE
8
BLACK
6
CONTINUOUS
10
1.6210808267716534
20
0.8297889763779528
11
1.6212817716535433
21
0.829808779527559
0
LINE
8
BLACK
6
CONTINUOUS
10
1.6212817716535433
20
0.829808779527559
11
1.6353425196850393
21
0.829808779527559
0
LINE
8
BLACK
6
CONTINUOUS
10
1.6353425196850393
20
0.829808779527559
11
1.6355434251968504
21
0.8297889763779528
0
LINE
8
BLACK
6
CONTINUOUS
10
1.61209437007874
20
0.8155191338582677
11
1.6079070472440944
21
0.8134255118110236
0
LINE
8
BLACK
6
CONTINUOUS
10
1.6079070472440944
20
0.8134255118110236
11
1.6064501968503937
21
0.8119686614173228
0
LINE
8
BLACK
6
CONTINUOUS
10
1.6064501968503937
20
0.8119686614173228
11
1.6046900787401575
21
0.8084483858267716
0
LINE
8
BLACK
6
CONTINUOUS
10
1.6046900787401575
20
0.8084483858267716
11
1.6046900787401575
21
0.8056123228346457
0
LINE
8
BLACK
6
CONTINUOUS
10
1.6046900787401575
20
0.8056123228346457
11
1.6064501968503937
21
0.8020920472440944
0
LINE
8
BLACK
6
CONTINUOUS
10
1.6064501968503937
20
0.8020920472440944
11
1.6079070472440944
21
0.8006351968503936
0
LINE
8
BLACK
6
CONTINUOUS
10
1.6079070472440944
20
0.8006351968503936
11
1.6120944094488188
21
0.7985415354330708
0
LINE
8
BLACK
6
CONTINUOUS
10
1.6120944094488188
20
0.7985415354330708
11
1.6220087007874016
21
0.7960629921259842
0
LINE
8
BLACK
6
CONTINUOUS
10
1.6220087007874016
20
0.7960629921259842
11
1.634615590551181
21
0.7960629921259842
0
LINE
8
BLACK
6
CONTINUOUS
10
1.634615590551181
20
0.7960629921259842
11
1.6445298031496063
21
0.7985414960629921
0
LINE
8
BLACK
6
CONTINUOUS
10
1.6445298031496063
20
0.7985414960629921
11
1.6487172047244094
21
0.8006352362204724
0
LINE
8
BLACK
6
CONTINUOUS
10
1.6487172047244094
20
0.8006352362204724
11
1.6501740551181101
21
0.8020920866141732
0
LINE
8
BLACK
6
CONTINUOUS
10
1.6501740551181101
20
0.8020920866141732
11
1.6519341732283463
21
0.8056122834645669
0
LINE
8
BLACK
6
CONTINUOUS
10
1.6519341732283463
20
0.8056122834645669
11
1.6519341732283463
21
0.8084484251968503
0
LINE
8
BLACK
6
CONTINUOUS
10
1.6519341732283463
20
0.8084484251968503
11
1.6501740551181101
21
0.8119686220472441
0
LINE
8
BLACK
6
CONTINUOUS
10
1.6501740551181101
20
0.8119686220472441
11
1.6487171653543307
21
0.8134255118110236
0
LINE
8
BLACK
6
CONTINUOUS
10
1.6487171653543307
20
0.8134255118110236
11
1.6445298818897638
21
0.8155191338582677
0
LINE
8
BLACK
6
CONTINUOUS
10
1.6445298818897638
20
0.8155191338582677
11
1.6346155511811022
21
0.8179977559055118
0
LINE
8
BLACK
6
CONTINUOUS
10
1.6346155511811022
20
0.8179977559055118
11
1.6220087007874016
21
0.8179977559055118
0
LINE
8
BLACK
6
CONTINUOUS
10
1.6220087007874016
20
0.8179977559055118
11
1.61209437007874
21
0.8155191338582677
0
LINE
8
BLACK
6
CONTINUOUS
10
1.6355434251968504
20
0.8860319291338582
11
1.6356295669291339
21
0.8860447637795276
0
LINE
8
BLACK
6
CONTINUOUS
10
1.6356295669291339
20
0.8860447637795276
11
1.6360607086614174
21
0.8859809842519685
0
LINE
8
BLACK
6
CONTINUOUS
10
1.6360607086614174
20
0.8859809842519685
11
1.6364946456692913
21
0.8859382677165354
0
LINE
8
BLACK
6
CONTINUOUS
10
1.6364946456692913
20
0.8859382677165354
11
1.6365751181102361
21
0.8859049212598425
0
LINE
8
BLACK
6
CONTINUOUS
10
1.6365751181102361
20
0.8859049212598425
11
1.6367748425196851
21
0.8858753937007874
0
LINE
8
BLACK
6
CONTINUOUS
10
1.6367748425196851
20
0.8858753937007874
11
1.6480233858267717
21
0.8830632283464567
0
LINE
8
BLACK
6
CONTINUOUS
10
1.6480233858267717
20
0.8830632283464567
11
1.6481082283464568
21
0.883032874015748
0
LINE
8
BLACK
6
CONTINUOUS
10
1.6481082283464568
20
0.883032874015748
11
1.6481508661417323
21
0.8830298818897637
0
LINE
8
BLACK
6
CONTINUOUS
10
1.6481508661417323
20
0.8830298818897637
11
1.6486307086614174
21
0.8828462204724409
0
LINE
8
BLACK
6
CONTINUOUS
10
1.6486307086614174
20
0.8828462204724409
11
1.6491135826771652
21
0.8826737401574803
0
LINE
8
BLACK
6
CONTINUOUS
10
1.6491135826771652
20
0.8826737401574803
11
1.6491478346456692
21
0.8826483464566929
0
LINE
8
BLACK
6
CONTINUOUS
10
1.6491478346456692
20
0.8826483464566929
11
1.649232125984252
21
0.8826161023622047
0
LINE
8
BLACK
6
CONTINUOUS
10
1.649232125984252
20
0.8826161023622047
11
1.6548564173228346
21
0.8798039763779527
0
LINE
8
BLACK
6
CONTINUOUS
10
1.6548564173228346
20
0.8798039763779527
11
1.6553522047244094
21
0.8794918503937008
0
LINE
8
BLACK
6
CONTINUOUS
10
1.6553522047244094
20
0.8794918503937008
11
1.6554962992125983
21
0.8794322047244094
0
LINE
8
BLACK
6
CONTINUOUS
10
1.6554962992125983
20
0.8794322047244094
11
1.655658464566929
21
0.8792990551181102
0
LINE
8
BLACK
6
CONTINUOUS
10
1.655658464566929
20
0.8792990551181102
11
1.6558361811023621
21
0.8791872440944881
0
LINE
8
BLACK
6
CONTINUOUS
10
1.6558361811023621
20
0.8791872440944881
11
1.6559383858267716
21
0.8790693700787401
0
LINE
8
BLACK
6
CONTINUOUS
10
1.6559383858267716
20
0.8790693700787401
11
1.6563912204724409
21
0.8786977559055118
0
LINE
8
BLACK
6
CONTINUOUS
10
1.6563912204724409
20
0.8786977559055118
11
1.6592033858267716
21
0.8758855905511811
0
LINE
8
BLACK
6
CONTINUOUS
10
1.6592033858267716
20
0.8758855905511811
11
1.6595750787401575
21
0.8754326377952756
0
LINE
8
BLACK
6
CONTINUOUS
10
1.6595750787401575
20
0.8754326377952756
11
1.6596928740157479
21
0.8753305118110236
0
LINE
8
BLACK
6
CONTINUOUS
10
1.6596928740157479
20
0.8753305118110236
11
1.6598046062992127
21
0.8751529527559055
0
LINE
8
BLACK
6
CONTINUOUS
10
1.6598046062992127
20
0.8751529527559055
11
1.6599378346456692
21
0.8749906692913385
0
LINE
8
BLACK
6
CONTINUOUS
10
1.6599378346456692
20
0.8749906692913385
11
1.6599975196850394
21
0.8748464960629921
0
LINE
8
BLACK
6
CONTINUOUS
10
1.6599975196850394
20
0.8748464960629921
11
1.6603096062992126
21
0.8743507874015748
0
LINE
8
BLACK
6
CONTINUOUS
10
1.6603096062992126
20
0.8743507874015748
11
1.6631217322834646
21
0.8687264566929134
0
LINE
8
BLACK
6
CONTINUOUS
10
1.6631217322834646
20
0.8687264566929134
11
1.6635355118110235
21
0.8676452362204724
0
LINE
8
BLACK
6
CONTINUOUS
10
1.6635355118110235
20
0.8676452362204724
11
1.6635505118110236
21
0.8674335826771653
0
LINE
8
BLACK
6
CONTINUOUS
10
1.6635505118110236
20
0.8674335826771653
11
1.6636317322834646
21
0.8672375984251969
0
LINE
8
BLACK
6
CONTINUOUS
10
1.6636317322834646
20
0.8672375984251969
11
1.6637451968503936
21
0.8660854724409449
0
LINE
8
BLACK
6
CONTINUOUS
10
1.6637451968503936
20
0.8660854724409449
11
1.6637451968503936
21
0.8604611811023621
0
LINE
8
BLACK
6
CONTINUOUS
10
1.6637451968503936
20
0.8604611811023621
11
1.6636317322834646
21
0.8593090551181102
0
LINE
8
BLACK
6
CONTINUOUS
10
1.6636317322834646
20
0.8593090551181102
11
1.6635505118110236
21
0.859113031496063
0
LINE
8
BLACK
6
CONTINUOUS
10
1.6635505118110236
20
0.859113031496063
11
1.6635355118110235
21
0.8589014173228346
0
LINE
8
BLACK
6
CONTINUOUS
10
1.6635355118110235
20
0.8589014173228346
11
1.6631217322834646
21
0.8578201968503937
0
LINE
8
BLACK
6
CONTINUOUS
10
1.6631217322834646
20
0.8578201968503937
11
1.6603096062992126
21
0.8521958661417323
0
LINE
8
BLACK
6
CONTINUOUS
10
1.6603096062992126
20
0.8521958661417323
11
1.6599975196850394
21
0.8517001181102362
0
LINE
8
BLACK
6
CONTINUOUS
10
1.6599975196850394
20
0.8517001181102362
11
1.6599378346456692
21
0.8515559842519684
0
LINE
8
BLACK
6
CONTINUOUS
10
1.6599378346456692
20
0.8515559842519684
11
1.6598046062992127
21
0.8513936614173229
0
LINE
8
BLACK
6
CONTINUOUS
10
1.6598046062992127
20
0.8513936614173229
11
1.6596928740157479
21
0.8512161417322834
0
LINE
8
BLACK
6
CONTINUOUS
10
1.6596928740157479
20
0.8512161417322834
11
1.6595750787401575
21
0.8511139763779527
0
LINE
8
BLACK
6
CONTINUOUS
10
1.6595750787401575
20
0.8511139763779527
11
1.6592033858267716
21
0.850661062992126
0
LINE
8
BLACK
6
CONTINUOUS
10
1.6592033858267716
20
0.850661062992126
11
1.6563912204724409
21
0.8478488976377953
0
LINE
8
BLACK
6
CONTINUOUS
10
1.6563912204724409
20
0.8478488976377953
11
1.6559383858267716
21
0.8474772440944882
0
LINE
8
BLACK
6
CONTINUOUS
10
1.6559383858267716
20
0.8474772440944882
11
1.6558361811023621
21
0.8473594094488188
0
LINE
8
BLACK
6
CONTINUOUS
10
1.6558361811023621
20
0.8473594094488188
11
1.655658464566929
21
0.8472475590551181
0
LINE
8
BLACK
6
CONTINUOUS
10
1.655658464566929
20
0.8472475590551181
11
1.6554962992125983
21
0.8471144488188976
0
LINE
8
BLACK
6
CONTINUOUS
10
1.6554962992125983
20
0.8471144488188976
11
1.6553522047244094
21
0.8470547637795275
0
LINE
8
BLACK
6
CONTINUOUS
10
1.6553522047244094
20
0.8470547637795275
11
1.6548564173228346
21
0.8467426771653543
0
LINE
8
BLACK
6
CONTINUOUS
10
1.6548564173228346
20
0.8467426771653543
11
1.649232125984252
21
0.8439305118110236
0
LINE
8
BLACK
6
CONTINUOUS
10
1.649232125984252
20
0.8439305118110236
11
1.6491478346456692
21
0.8438982283464567
0
LINE
8
BLACK
6
CONTINUOUS
10
1.6491478346456692
20
0.8438982283464567
11
1.6491135826771652
21
0.8438728740157481
0
LINE
8
BLACK
6
CONTINUOUS
10
1.6491135826771652
20
0.8438728740157481
11
1.6486301968503936
21
0.8437001574803149
0
LINE
8
BLACK
6
CONTINUOUS
10
1.6486301968503936
20
0.8437001574803149
11
1.6481509055118111
21
0.8435167716535433
0
LINE
8
BLACK
6
CONTINUOUS
10
1.6481509055118111
20
0.8435167716535433
11
1.6481083464566928
21
0.8435137401574803
0
LINE
8
BLACK
6
CONTINUOUS
10
1.6481083464566928
20
0.8435137401574803
11
1.6480233858267717
21
0.8434833858267716
0
LINE
8
BLACK
6
CONTINUOUS
10
1.6480233858267717
20
0.8434833858267716
11
1.6367748031496063
21
0.8406712598425197
0
LINE
8
BLACK
6
CONTINUOUS
10
1.6367748031496063
20
0.8406712598425197
11
1.6365751181102361
21
0.8406417322834645
0
LINE
8
BLACK
6
CONTINUOUS
10
1.6365751181102361
20
0.8406417322834645
11
1.6364946456692913
21
0.8406083858267717
0
LINE
8
BLACK
6
CONTINUOUS
10
1.6364946456692913
20
0.8406083858267717
11
1.6360606692913386
21
0.8405656299212598
0
LINE
8
BLACK
6
CONTINUOUS
10
1.6360606692913386
20
0.8405656299212598
11
1.6356295669291339
21
0.8405018897637795
0
LINE
8
BLACK
6
CONTINUOUS
10
1.6356295669291339
20
0.8405018897637795
11
1.6355434251968504
21
0.8405146850393701
0
LINE
8
BLACK
6
CONTINUOUS
10
1.6355434251968504
20
0.8405146850393701
11
1.6353425196850393
21
0.8404949212598425
0
LINE
8
BLACK
6
CONTINUOUS
10
1.6353425196850393
20
0.8404949212598425
11
1.6212817716535433
21
0.8404949212598425
0
LINE
8
BLACK
6
CONTINUOUS
10
1.6212817716535433
20
0.8404949212598425
11
1.6210808267716534
21
0.8405146850393701
0
LINE
8
BLACK
6
CONTINUOUS
10
1.6210808267716534
20
0.8405146850393701
11
1.6209947244094487
21
0.8405018897637795
0
LINE
8
BLACK
6
CONTINUOUS
10
1.6209947244094487
20
0.8405018897637795
11
1.6205635826771654
21
0.8405656299212598
0
LINE
8
BLACK
6
CONTINUOUS
10
1.6205635826771654
20
0.8405656299212598
11
1.6201296456692913
21
0.8406083858267717
0
LINE
8
BLACK
6
CONTINUOUS
10
1.6201296456692913
20
0.8406083858267717
11
1.6200491338582677
21
0.8406417322834645
0
LINE
8
BLACK
6
CONTINUOUS
10
1.6200491338582677
20
0.8406417322834645
11
1.6198494881889764
21
0.8406712598425197
0
LINE
8
BLACK
6
CONTINUOUS
10
1.6198494881889764
20
0.8406712598425197
11
1.6086008661417321
21
0.8434833858267716
0
LINE
8
BLACK
6
CONTINUOUS
10
1.6086008661417321
20
0.8434833858267716
11
1.6085158661417323
21
0.8435137401574803
0
LINE
8
BLACK
6
CONTINUOUS
10
1.6085158661417323
20
0.8435137401574803
11
1.6084733464566929
21
0.8435167716535433
0
LINE
8
BLACK
6
CONTINUOUS
10
1.6084733464566929
20
0.8435167716535433
11
1.607993779527559
21
0.8437002362204724
0
LINE
8
BLACK
6
CONTINUOUS
10
1.607993779527559
20
0.8437002362204724
11
1.6075106692913386
21
0.8438728740157481
0
LINE
8
BLACK
6
CONTINUOUS
10
1.6075106692913386
20
0.8438728740157481
11
1.6074764173228346
21
0.8438982283464567
0
LINE
8
BLACK
6
CONTINUOUS
10
1.6074764173228346
20
0.8438982283464567
11
1.6073920866141731
21
0.8439305118110236
0
LINE
8
BLACK
6
CONTINUOUS
10
1.6073920866141731
20
0.8439305118110236
11
1.6017678346456692
21
0.8467426771653543
0
LINE
8
BLACK
6
CONTINUOUS
10
1.6017678346456692
20
0.8467426771653543
11
1.6012718897637794
21
0.8470548031496062
0
LINE
8
BLACK
6
CONTINUOUS
10
1.6012718897637794
20
0.8470548031496062
11
1.6011279133858267
21
0.8471144881889764
0
LINE
8
BLACK
6
CONTINUOUS
10
1.6011279133858267
20
0.8471144881889764
11
1.6009657874015748
21
0.8472475196850393
0
LINE
8
BLACK
6
CONTINUOUS
10
1.6009657874015748
20
0.8472475196850393
11
1.6007880708661417
21
0.8473594094488188
0
LINE
8
BLACK
6
CONTINUOUS
10
1.6007880708661417
20
0.8473594094488188
11
1.6006857874015747
21
0.8474772834645669
0
LINE
8
BLACK
6
CONTINUOUS
10
1.6006857874015747
20
0.8474772834645669
11
1.6002329921259841
21
0.847848937007874
0
LINE
8
BLACK
6
CONTINUOUS
10
1.6002329921259841
20
0.847848937007874
11
1.5974208661417322
21
0.8506611023622047
0
LINE
8
BLACK
6
CONTINUOUS
10
1.5974208661417322
20
0.8506611023622047
11
1.5970492913385825
21
0.8511138188976378
0
LINE
8
BLACK
6
CONTINUOUS
10
1.5970492913385825
20
0.8511138188976378
11
1.5969314173228346
21
0.8512161023622047
0
LINE
8
BLACK
6
CONTINUOUS
10
1.5969314173228346
20
0.8512161023622047
11
1.5968194881889763
21
0.8513938976377953
0
LINE
8
BLACK
6
CONTINUOUS
10
1.5968194881889763
20
0.8513938976377953
11
1.5966864566929133
21
0.8515560236220472
0
LINE
8
BLACK
6
CONTINUOUS
10
1.5966864566929133
20
0.8515560236220472
11
1.5966268110236219
21
0.8516999606299213
0
LINE
8
BLACK
6
CONTINUOUS
10
1.5966268110236219
20
0.8516999606299213
11
1.5963146850393701
21
0.8521958661417323
0
LINE
8
BLACK
6
CONTINUOUS
10
1.5963146850393701
20
0.8521958661417323
11
1.5935025196850394
21
0.8578201574803149
0
LINE
8
BLACK
6
CONTINUOUS
10
1.5935025196850394
20
0.8578201574803149
11
1.593088779527559
21
0.8589013779527559
0
LINE
8
BLACK
6
CONTINUOUS
10
1.593088779527559
20
0.8589013779527559
11
1.5930737401574804
21
0.8591129527559055
0
LINE
8
BLACK
6
CONTINUOUS
10
1.5930737401574804
20
0.8591129527559055
11
1.5929925196850394
21
0.8593090551181102
0
LINE
8
BLACK
6
CONTINUOUS
10
1.5929925196850394
20
0.8593090551181102
11
1.5928790551181102
21
0.8604611811023621
0
LINE
8
BLACK
6
CONTINUOUS
10
1.5928790551181102
20
0.8604611811023621
11
1.5928790551181102
21
0.8660854724409449
0
LINE
8
BLACK
6
CONTINUOUS
10
1.5928790551181102
20
0.8660854724409449
11
1.5929925196850394
21
0.8672375984251969
0
LINE
8
BLACK
6
CONTINUOUS
10
1.5929925196850394
20
0.8672375984251969
11
1.5930737401574804
21
0.8674336614173228
0
LINE
8
BLACK
6
CONTINUOUS
10
1.5930737401574804
20
0.8674336614173228
11
1.593088779527559
21
0.8676452755905512
0
LINE
8
BLACK
6
CONTINUOUS
10
1.593088779527559
20
0.8676452755905512
11
1.5935025196850394
21
0.8687264960629921
0
LINE
8
BLACK
6
CONTINUOUS
10
1.5935025196850394
20
0.8687264960629921
11
1.5963146850393701
21
0.8743507874015748
0
LINE
8
BLACK
6
CONTINUOUS
10
1.5963146850393701
20
0.8743507874015748
11
1.5966268110236219
21
0.874846653543307
0
LINE
8
BLACK
6
CONTINUOUS
10
1.5966268110236219
20
0.874846653543307
11
1.5966864566929133
21
0.8749906299212599
0
LINE
8
BLACK
6
CONTINUOUS
10
1.5966864566929133
20
0.8749906299212599
11
1.5968194881889763
21
0.875152716535433
0
LINE
8
BLACK
6
CONTINUOUS
10
1.5968194881889763
20
0.875152716535433
11
1.5969314173228346
21
0.8753305511811024
0
LINE
8
BLACK
6
CONTINUOUS
10
1.5969314173228346
20
0.8753305511811024
11
1.5970492913385825
21
0.8754327952755905
0
LINE
8
BLACK
6
CONTINUOUS
10
1.5970492913385825
20
0.8754327952755905
11
1.5974208661417322
21
0.8758855511811023
0
LINE
8
BLACK
6
CONTINUOUS
10
1.5974208661417322
20
0.8758855511811023
11
1.6002329921259841
21
0.878697716535433
0
LINE
8
BLACK
6
CONTINUOUS
10
1.6002329921259841
20
0.878697716535433
11
1.6006859448818898
21
0.8790694488188976
0
LINE
8
BLACK
6
CONTINUOUS
10
1.6006859448818898
20
0.8790694488188976
11
1.6007881102362205
21
0.8791872440944881
0
LINE
8
BLACK
6
CONTINUOUS
10
1.6007881102362205
20
0.8791872440944881
11
1.6009656692913385
21
0.8792990157480315
0
LINE
8
BLACK
6
CONTINUOUS
10
1.6009656692913385
20
0.8792990157480315
11
1.6011279133858267
21
0.8794321653543307
0
LINE
8
BLACK
6
CONTINUOUS
10
1.6011279133858267
20
0.8794321653543307
11
1.6012719685039369
21
0.8794918110236221
0
LINE
8
BLACK
6
CONTINUOUS
10
1.6012719685039369
20
0.8794918110236221
11
1.6017678346456692
21
0.8798039763779527
0
LINE
8
BLACK
6
CONTINUOUS
10
1.6017678346456692
20
0.8798039763779527
11
1.6073921653543306
21
0.8826161023622047
0
LINE
8
BLACK
6
CONTINUOUS
10
1.6073921653543306
20
0.8826161023622047
11
1.6074762598425196
21
0.8826482677165354
0
LINE
8
BLACK
6
CONTINUOUS
10
1.6074762598425196
20
0.8826482677165354
11
1.6075106299212598
21
0.8826737401574803
0
LINE
8
BLACK
6
CONTINUOUS
10
1.6075106299212598
20
0.8826737401574803
11
1.6079940551181102
21
0.8828464173228346
0
LINE
8
BLACK
6
CONTINUOUS
10
1.6079940551181102
20
0.8828464173228346
11
1.6084733858267717
21
0.8830298818897637
0
LINE
8
BLACK
6
CONTINUOUS
10
1.6084733858267717
20
0.8830298818897637
11
1.6085159842519685
21
0.883032874015748
0
LINE
8
BLACK
6
CONTINUOUS
10
1.6085159842519685
20
0.883032874015748
11
1.6086008661417321
21
0.8830632283464567
0
LINE
8
BLACK
6
CONTINUOUS
10
1.6086008661417321
20
0.8830632283464567
11
1.6198494488188977
21
0.8858753937007874
0
LINE
8
BLACK
6
CONTINUOUS
10
1.6198494488188977
20
0.8858753937007874
11
1.6200491338582677
21
0.8859049212598425
0
LINE
8
BLACK
6
CONTINUOUS
10
1.6200491338582677
20
0.8859049212598425
11
1.6201296456692913
21
0.8859382677165354
0
LINE
8
BLACK
6
CONTINUOUS
10
1.6201296456692913
20
0.8859382677165354
11
1.6205634645669291
21
0.8859809842519685
0
LINE
8
BLACK
6
CONTINUOUS
10
1.6205634645669291
20
0.8859809842519685
11
1.6209946850393699
21
0.8860447637795276
0
LINE
8
BLACK
6
CONTINUOUS
10
1.6209946850393699
20
0.8860447637795276
11
1.6210808267716534
21
0.8860319291338582
0
LINE
8
BLACK
6
CONTINUOUS
10
1.6210808267716534
20
0.8860319291338582
11
1.6212817716535433
21
0.8860517322834646
0
LINE
8
BLACK
6
CONTINUOUS
10
1.6212817716535433
20
0.8860517322834646
11
1.6353425196850393
21
0.8860517322834646
0
LINE
8
BLACK
6
CONTINUOUS
10
1.6353425196850393
20
0.8860517322834646
11
1.6355434251968504
21
0.8860319291338582
0
LINE
8
BLACK
6
CONTINUOUS
10
1.61209437007874
20
0.8717620866141732
11
1.6079070472440944
21
0.8696684645669291
0
LINE
8
BLACK
6
CONTINUOUS
10
1.6079070472440944
20
0.8696684645669291
11
1.6064501968503937
21
0.8682116141732283
0
LINE
8
BLACK
6
CONTINUOUS
10
1.6064501968503937
20
0.8682116141732283
11
1.6046900787401575
21
0.8646913385826771
0
LINE
8
BLACK
6
CONTINUOUS
10
1.6046900787401575
20
0.8646913385826771
11
1.6046900787401575
21
0.8618552755905512
0
LINE
8
BLACK
6
CONTINUOUS
10
1.6046900787401575
20
0.8618552755905512
11
1.6064501968503937
21
0.858335
0
LINE
8
BLACK
6
CONTINUOUS
10
1.6064501968503937
20
0.858335
11
1.6079070472440944
21
0.8568781496062992
0
LINE
8
BLACK
6
CONTINUOUS
10
1.6079070472440944
20
0.8568781496062992
11
1.6120944094488188
21
0.8547844881889763
0
LINE
8
BLACK
6
CONTINUOUS
10
1.6120944094488188
20
0.8547844881889763
11
1.6220087007874016
21
0.8523059448818897
0
LINE
8
BLACK
6
CONTINUOUS
10
1.6220087007874016
20
0.8523059448818897
11
1.634615590551181
21
0.8523059448818897
0
LINE
8
BLACK
6
CONTINUOUS
10
1.634615590551181
20
0.8523059448818897
11
1.6445298031496063
21
0.8547844488188976
0
LINE
8
BLACK
6
CONTINUOUS
10
1.6445298031496063
20
0.8547844488188976
11
1.6487172047244094
21
0.8568781889763779
0
LINE
8
BLACK
6
CONTINUOUS
10
1.6487172047244094
20
0.8568781889763779
11
1.6501740551181101
21
0.8583350393700787
0
LINE
8
BLACK
6
CONTINUOUS
10
1.6501740551181101
20
0.8583350393700787
11
1.6519341732283463
21
0.8618552362204724
0
LINE
8
BLACK
6
CONTINUOUS
10
1.6519341732283463
20
0.8618552362204724
11
1.6519341732283463
21
0.8646913779527559
0
LINE
8
BLACK
6
CONTINUOUS
10
1.6519341732283463
20
0.8646913779527559
11
1.6501740551181101
21
0.8682115748031496
0
LINE
8
BLACK
6
CONTINUOUS
10
1.6501740551181101
20
0.8682115748031496
11
1.6487171653543307
21
0.8696684645669291
0
LINE
8
BLACK
6
CONTINUOUS
10
1.6487171653543307
20
0.8696684645669291
11
1.6445298818897638
21
0.8717620866141732
0
LINE
8
BLACK
6
CONTINUOUS
10
1.6445298818897638
20
0.8717620866141732
11
1.6346155511811022
21
0.8742407086614173
0
LINE
8
BLACK
6
CONTINUOUS
10
1.6346155511811022
20
0.8742407086614173
11
1.6220087007874016
21
0.8742407086614173
0
LINE
8
BLACK
6
CONTINUOUS
10
1.6220087007874016
20
0.8742407086614173
11
1.61209437007874
21
0.8717620866141732
0
LINE
8
BLACK
6
CONTINUOUS
10
1.6036306299212597
20
0.9586888188976378
11
1.6048776377952756
21
0.9581723228346456
0
LINE
8
BLACK
6
CONTINUOUS
10
1.6048776377952756
20
0.9581723228346456
11
1.6048776771653543
21
0.958172283464567
0
LINE
8
BLACK
6
CONTINUOUS
10
1.6048776771653543
20
0.958172283464567
11
1.6057725984251967
21
0.9574378346456692
0
LINE
8
BLACK
6
CONTINUOUS
10
1.6057725984251967
20
0.9574378346456692
11
1.6085847244094489
21
0.9546256692913385
0
LINE
8
BLACK
6
CONTINUOUS
10
1.6085847244094489
20
0.9546256692913385
11
1.6093191338582677
21
0.9537307874015748
0
LINE
8
BLACK
6
CONTINUOUS
10
1.6093191338582677
20
0.9537307874015748
11
1.6093191338582677
21
0.953730748031496
0
LINE
8
BLACK
6
CONTINUOUS
10
1.6093191338582677
20
0.953730748031496
11
1.6102009055118109
21
0.9516020078740157
0
LINE
8
BLACK
6
CONTINUOUS
10
1.6102009055118109
20
0.9516020078740157
11
1.6102009055118109
21
0.9492977559055118
0
LINE
8
BLACK
6
CONTINUOUS
10
1.6102009055118109
20
0.9492977559055118
11
1.6096843307086615
21
0.9480507086614173
0
LINE
8
BLACK
6
CONTINUOUS
10
1.6096843307086615
20
0.9480507086614173
11
1.6093191338582677
21
0.947168937007874
0
LINE
8
BLACK
6
CONTINUOUS
10
1.6093191338582677
20
0.947168937007874
11
1.6085846850393701
21
0.9462740551181102
0
LINE
8
BLACK
6
CONTINUOUS
10
1.6085846850393701
20
0.9462740551181102
11
1.6057725590551182
21
0.9434619291338583
0
LINE
8
BLACK
6
CONTINUOUS
10
1.6057725590551182
20
0.9434619291338583
11
1.6048776377952756
21
0.9427274803149606
0
LINE
8
BLACK
6
CONTINUOUS
10
1.6048776377952756
20
0.9427274803149606
11
1.6027488188976378
21
0.9418457086614173
0
LINE
8
BLACK
6
CONTINUOUS
10
1.6027488188976378
20
0.9418457086614173
11
1.6004446850393701
21
0.9418457086614173
0
LINE
8
BLACK
6
CONTINUOUS
10
1.6004446850393701
20
0.9418457086614173
11
1.6004446456692913
21
0.9418457086614173
0
LINE
8
BLACK
6
CONTINUOUS
10
1.6004446456692913
20
0.9418457086614173
11
1.5983158267716535
21
0.9427274803149606
0
LINE
8
BLACK
6
CONTINUOUS
10
1.5983158267716535
20
0.9427274803149606
11
1.5983157874015748
21
0.9427275196850393
0
LINE
8
BLACK
6
CONTINUOUS
10
1.5983157874015748
20
0.9427275196850393
11
1.5974209448818897
21
0.9434618897637795
0
LINE
8
BLACK
6
CONTINUOUS
10
1.5974209448818897
20
0.9434618897637795
11
1.594608779527559
21
0.9462740157480315
0
LINE
8
BLACK
6
CONTINUOUS
10
1.594608779527559
20
0.9462740157480315
11
1.5938743307086614
21
0.947168937007874
0
LINE
8
BLACK
6
CONTINUOUS
10
1.5938743307086614
20
0.947168937007874
11
1.5938742913385826
21
0.9471689763779527
0
LINE
8
BLACK
6
CONTINUOUS
10
1.5938742913385826
20
0.9471689763779527
11
1.5930801574803148
21
0.949086220472441
0
LINE
8
BLACK
6
CONTINUOUS
10
1.5930801574803148
20
0.949086220472441
11
1.5929925196850394
21
0.9492977559055118
0
LINE
8
BLACK
6
CONTINUOUS
10
1.5929925196850394
20
0.9492977559055118
11
1.5929925196850394
21
0.9516019291338582
0
LINE
8
BLACK
6
CONTINUOUS
10
1.5929925196850394
20
0.9516019291338582
11
1.5929925196850394
21
0.951601968503937
0
LINE
8
BLACK
6
CONTINUOUS
10
1.5929925196850394
20
0.951601968503937
11
1.5929925196850394
21
0.9516020078740157
0
LINE
8
BLACK
6
CONTINUOUS
10
1.5929925196850394
20
0.9516020078740157
11
1.5938742913385826
21
0.953730748031496
0
LINE
8
BLACK
6
CONTINUOUS
10
1.5938742913385826
20
0.953730748031496
11
1.5938742913385826
21
0.9537307874015748
0
LINE
8
BLACK
6
CONTINUOUS
10
1.5938742913385826
20
0.9537307874015748
11
1.5946087401574802
21
0.9546257086614173
0
LINE
8
BLACK
6
CONTINUOUS
10
1.5946087401574802
20
0.9546257086614173
11
1.5974209055118109
21
0.957437874015748
0
LINE
8
BLACK
6
CONTINUOUS
10
1.5974209055118109
20
0.957437874015748
11
1.5983158267716535
21
0.9581723228346456
0
LINE
8
BLACK
6
CONTINUOUS
10
1.5983158267716535
20
0.9581723228346456
11
1.6004446456692913
21
0.9590540944881889
0
LINE
8
BLACK
6
CONTINUOUS
10
1.6004446456692913
20
0.9590540944881889
11
1.6027488188976378
21
0.9590540944881889
0
LINE
8
BLACK
6
CONTINUOUS
10
1.6027488188976378
20
0.9590540944881889
11
1.6027488582677165
21
0.9590540944881889
0
LINE
8
BLACK
6
CONTINUOUS
10
1.6027488582677165
20
0.9590540944881889
11
1.6036306299212597
21
0.9586888188976378
0
LINE
8
BLACK
6
CONTINUOUS
10
1.6589918110236219
20
0.9562419291338582
11
1.6611206299212598
21
0.9553601181102362
0
LINE
8
BLACK
6
CONTINUOUS
10
1.6611206299212598
20
0.9553601181102362
11
1.6627499212598424
21
0.9537308267716536
0
LINE
8
BLACK
6
CONTINUOUS
10
1.6627499212598424
20
0.9537308267716536
11
1.6636317322834646
21
0.9516020078740157
0
LINE
8
BLACK
6
CONTINUOUS
10
1.6636317322834646
20
0.9516020078740157
11
1.6636317322834646
21
0.9492977559055118
0
LINE
8
BLACK
6
CONTINUOUS
10
1.6636317322834646
20
0.9492977559055118
11
1.6627499212598424
21
0.947168937007874
0
LINE
8
BLACK
6
CONTINUOUS
10
1.6627499212598424
20
0.947168937007874
11
1.6611206299212598
21
0.9455396456692913
0
LINE
8
BLACK
6
CONTINUOUS
10
1.6611206299212598
20
0.9455396456692913
11
1.6589918110236219
21
0.9446578346456692
0
LINE
8
BLACK
6
CONTINUOUS
10
1.6589918110236219
20
0.9446578346456692
11
1.65783968503937
21
0.9445443700787401
0
LINE
8
BLACK
6
CONTINUOUS
10
1.65783968503937
20
0.9445443700787401
11
1.6184696062992125
21
0.9445443700787401
0
LINE
8
BLACK
6
CONTINUOUS
10
1.6184696062992125
20
0.9445443700787401
11
1.6173174803149606
21
0.9446578346456692
0
LINE
8
BLACK
6
CONTINUOUS
10
1.6173174803149606
20
0.9446578346456692
11
1.6151886614173228
21
0.9455396456692913
0
LINE
8
BLACK
6
CONTINUOUS
10
1.6151886614173228
20
0.9455396456692913
11
1.6135593700787401
21
0.947168937007874
0
LINE
8
BLACK
6
CONTINUOUS
10
1.6135593700787401
20
0.947168937007874
11
1.6126775590551181
21
0.9492977559055118
0
LINE
8
BLACK
6
CONTINUOUS
10
1.6126775590551181
20
0.9492977559055118
11
1.6126775590551181
21
0.9516020078740157
0
LINE
8
BLACK
6
CONTINUOUS
10
1.6126775590551181
20
0.9516020078740157
11
1.6135593700787401
21
0.9537308267716536
0
LINE
8
BLACK
6
CONTINUOUS
10
1.6135593700787401
20
0.9537308267716536
11
1.6151886614173228
21
0.9553601181102362
0
LINE
8
BLACK
6
CONTINUOUS
10
1.6151886614173228
20
0.9553601181102362
11
1.6173174803149606
21
0.9562419291338582
0
LINE
8
BLACK
6
CONTINUOUS
10
1.6173174803149606
20
0.9562419291338582
11
1.6184696062992125
21
0.9563553937007874
0
LINE
8
BLACK
6
CONTINUOUS
10
1.6184696062992125
20
0.9563553937007874
11
1.65783968503937
21
0.9563553937007874
0
LINE
8
BLACK
6
CONTINUOUS
10
1.65783968503937
20
0.9563553937007874
11
1.6589918110236219
21
0.9562419291338582
0
LINE
8
BLACK
6
CONTINUOUS
10
1.6589918110236219
20
1.0096727952755906
11
1.6611206299212598
21
1.0087909842519684
0
LINE
8
BLACK
6
CONTINUOUS
10
1.6611206299212598
20
1.0087909842519684
11
1.6627499212598424
21
1.0071616929133858
0
LINE
8
BLACK
6
CONTINUOUS
10
1.6627499212598424
20
1.0071616929133858
11
1.6636317322834646
21
1.0050328740157479
0
LINE
8
BLACK
6
CONTINUOUS
10
1.6636317322834646
20
1.0050328740157479
11
1.6636317322834646
21
1.002728622047244
0
LINE
8
BLACK
6
CONTINUOUS
10
1.6636317322834646
20
1.002728622047244
11
1.6627499212598424
21
1.0005998031496062
0
LINE
8
BLACK
6
CONTINUOUS
10
1.6627499212598424
20
1.0005998031496062
11
1.6611206299212598
21
0.9989705118110236
0
LINE
8
BLACK
6
CONTINUOUS
10
1.6611206299212598
20
0.9989705118110236
11
1.6589918110236219
21
0.9980887007874015
0
LINE
8
BLACK
6
CONTINUOUS
10
1.6589918110236219
20
0.9980887007874015
11
1.65783968503937
21
0.9979752362204725
0
LINE
8
BLACK
6
CONTINUOUS
10
1.65783968503937
20
0.9979752362204725
11
1.6283001574803149
21
0.9979752362204725
0
LINE
8
BLACK
6
CONTINUOUS
10
1.6283001574803149
20
0.9979752362204725
11
1.6256834645669291
21
0.9966668897637795
0
LINE
8
BLACK
6
CONTINUOUS
10
1.6256834645669291
20
0.9966668897637795
11
1.6243751181102362
21
0.9940501574803149
0
LINE
8
BLACK
6
CONTINUOUS
10
1.6243751181102362
20
0.9940501574803149
11
1.6243751181102362
21
0.9884019291338583
0
LINE
8
BLACK
6
CONTINUOUS
10
1.6243751181102362
20
0.9884019291338583
11
1.6261352362204724
21
0.984881653543307
0
LINE
8
BLACK
6
CONTINUOUS
10
1.6261352362204724
20
0.984881653543307
11
1.6265400787401574
21
0.9844768897637795
0
LINE
8
BLACK
6
CONTINUOUS
10
1.6265400787401574
20
0.9844768897637795
11
1.65783968503937
21
0.9844768897637795
0
LINE
8
BLACK
6
CONTINUOUS
10
1.65783968503937
20
0.9844768897637795
11
1.6589918110236219
21
0.9843634251968504
0
LINE
8
BLACK
6
CONTINUOUS
10
1.6589918110236219
20
0.9843634251968504
11
1.6611206299212598
21
0.9834816141732283
0
LINE
8
BLACK
6
CONTINUOUS
10
1.6611206299212598
20
0.9834816141732283
11
1.6627499212598424
21
0.9818523228346456
0
LINE
8
BLACK
6
CONTINUOUS
10
1.6627499212598424
20
0.9818523228346456
11
1.6636317322834646
21
0.9797235039370078
0
LINE
8
BLACK
6
CONTINUOUS
10
1.6636317322834646
20
0.9797235039370078
11
1.6636317322834646
21
0.9774192519685039
0
LINE
8
BLACK
6
CONTINUOUS
10
1.6636317322834646
20
0.9774192519685039
11
1.6627499212598424
21
0.9752904330708662
0
LINE
8
BLACK
6
CONTINUOUS
10
1.6627499212598424
20
0.9752904330708662
11
1.6611206299212598
21
0.9736611417322835
0
LINE
8
BLACK
6
CONTINUOUS
10
1.6611206299212598
20
0.9736611417322835
11
1.6589918110236219
21
0.9727793307086614
0
LINE
8
BLACK
6
CONTINUOUS
10
1.6589918110236219
20
0.9727793307086614
11
1.65783968503937
21
0.9726658661417322
0
LINE
8
BLACK
6
CONTINUOUS
10
1.65783968503937
20
0.9726658661417322
11
1.6184696062992125
21
0.9726658661417322
0
LINE
8
BLACK
6
CONTINUOUS
10
1.6184696062992125
20
0.9726658661417322
11
1.6173174803149606
21
0.9727793307086614
0
LINE
8
BLACK
6
CONTINUOUS
10
1.6173174803149606
20
0.9727793307086614
11
1.6151886614173228
21
0.9736611417322835
0
LINE
8
BLACK
6
CONTINUOUS
10
1.6151886614173228
20
0.9736611417322835
11
1.6135593700787401
21
0.9752904330708662
0
LINE
8
BLACK
6
CONTINUOUS
10
1.6135593700787401
20
0.9752904330708662
11
1.6126775590551181
21
0.9774192519685039
0
LINE
8
BLACK
6
CONTINUOUS
10
1.6126775590551181
20
0.9774192519685039
11
1.6126775590551181
21
0.9797235039370078
0
LINE
8
BLACK
6
CONTINUOUS
10
1.6126775590551181
20
0.9797235039370078
11
1.6135593700787401
21
0.9818523228346456
0
LINE
8
BLACK
6
CONTINUOUS
10
1.6135593700787401
20
0.9818523228346456
11
1.6141496456692912
21
0.9824425984251969
0
LINE
8
BLACK
6
CONTINUOUS
10
1.6141496456692912
20
0.9824425984251969
11
1.6131875590551181
21
0.984366811023622
0
LINE
8
BLACK
6
CONTINUOUS
10
1.6131875590551181
20
0.984366811023622
11
1.6127738188976377
21
0.985448031496063
0
LINE
8
BLACK
6
CONTINUOUS
10
1.6127738188976377
20
0.985448031496063
11
1.6127587795275591
21
0.9856596062992126
0
LINE
8
BLACK
6
CONTINUOUS
10
1.6127587795275591
20
0.9856596062992126
11
1.6126775590551181
21
0.9858557086614173
0
LINE
8
BLACK
6
CONTINUOUS
10
1.6126775590551181
20
0.9858557086614173
11
1.6125640944881889
21
0.9870078346456693
0
LINE
8
BLACK
6
CONTINUOUS
10
1.6125640944881889
20
0.9870078346456693
11
1.6125640944881889
21
0.9954442913385827
0
LINE
8
BLACK
6
CONTINUOUS
10
1.6125640944881889
20
0.9954442913385827
11
1.6126775590551181
21
0.9965964173228347
0
LINE
8
BLACK
6
CONTINUOUS
10
1.6126775590551181
20
0.9965964173228347
11
1.6127587795275591
21
0.9967924803149606
0
LINE
8
BLACK
6
CONTINUOUS
10
1.6127587795275591
20
0.9967924803149606
11
1.6127738188976377
21
0.9970040944881889
0
LINE
8
BLACK
6
CONTINUOUS
10
1.6127738188976377
20
0.9970040944881889
11
1.6131875590551181
21
0.9980853149606299
0
LINE
8
BLACK
6
CONTINUOUS
10
1.6131875590551181
20
0.9980853149606299
11
1.6159997244094488
21
1.0037096062992126
0
LINE
8
BLACK
6
CONTINUOUS
10
1.6159997244094488
20
1.0037096062992126
11
1.6161209055118111
21
1.003902125984252
0
LINE
8
BLACK
6
CONTINUOUS
10
1.6161209055118111
20
1.003902125984252
11
1.6161512598425196
21
1.0039931496062993
0
LINE
8
BLACK
6
CONTINUOUS
10
1.6161512598425196
20
1.0039931496062993
11
1.6162495275590552
21
1.0041064566929134
0
LINE
8
BLACK
6
CONTINUOUS
10
1.6162495275590552
20
1.0041064566929134
11
1.6166164566929133
21
1.00468937007874
0
LINE
8
BLACK
6
CONTINUOUS
10
1.6166164566929133
20
1.00468937007874
11
1.6171757874015749
21
1.0051744488188976
0
LINE
8
BLACK
6
CONTINUOUS
10
1.6171757874015749
20
1.0051744488188976
11
1.6176609842519685
21
1.0057338976377952
0
LINE
8
BLACK
6
CONTINUOUS
10
1.6176609842519685
20
1.0057338976377952
11
1.6182440157480316
21
1.0061009055118111
0
LINE
8
BLACK
6
CONTINUOUS
10
1.6182440157480316
20
1.0061009055118111
11
1.6183572047244095
21
1.0061990551181101
0
LINE
8
BLACK
6
CONTINUOUS
10
1.6183572047244095
20
1.0061990551181101
11
1.618448031496063
21
1.0062293307086614
0
LINE
8
BLACK
6
CONTINUOUS
10
1.618448031496063
20
1.0062293307086614
11
1.6186407480314959
21
1.0063506299212599
0
LINE
8
BLACK
6
CONTINUOUS
10
1.6186407480314959
20
1.0063506299212599
11
1.6242650000000001
21
1.0091627952755906
0
LINE
8
BLACK
6
CONTINUOUS
10
1.6242650000000001
20
1.0091627952755906
11
1.6253462598425197
21
1.0095765354330708
0
LINE
8
BLACK
6
CONTINUOUS
10
1.6253462598425197
20
1.0095765354330708
11
1.6255578346456692
21
1.0095915354330709
0
LINE
8
BLACK
6
CONTINUOUS
10
1.6255578346456692
20
1.0095915354330709
11
1.625753937007874
21
1.0096727952755906
0
LINE
8
BLACK
6
CONTINUOUS
10
1.625753937007874
20
1.0096727952755906
11
1.6269060629921259
21
1.0097862598425196
0
LINE
8
BLACK
6
CONTINUOUS
10
1.6269060629921259
20
1.0097862598425196
11
1.65783968503937
21
1.0097862598425196
0
LINE
8
BLACK
6
CONTINUOUS
10
1.65783968503937
20
1.0097862598425196
11
1.6589918110236219
21
1.0096727952755906
0
LINE
8
BLACK
6
CONTINUOUS
10
0.8663216141732283
20
1.962549842519685
11
0.8674736614173228
21
1.9624356299212597
0
LINE
8
BLACK
6
CONTINUOUS
10
0.8674736614173228
20
1.9624356299212597
11
0.8676696062992125
21
1.9623542913385825
0
LINE
8
BLACK
6
CONTINUOUS
10
0.8676696062992125
20
1.9623542913385825
11
0.8678812204724409
21
1.9623391338582676
0
LINE
8
BLACK
6
CONTINUOUS
10
0.8678812204724409
20
1.9623391338582676
11
0.8689622047244094
21
1.9619247244094489
0
LINE
8
BLACK
6
CONTINUOUS
10
0.8689622047244094
20
1.9619247244094489
11
0.8745847244094488
21
1.9591090157480315
0
LINE
8
BLACK
6
CONTINUOUS
10
0.8745847244094488
20
1.9591090157480315
11
0.8750802362204724
21
1.9587966141732283
0
LINE
8
BLACK
6
CONTINUOUS
10
0.8750802362204724
20
1.9587966141732283
11
0.8752243307086613
21
1.9587368503937008
0
LINE
8
BLACK
6
CONTINUOUS
10
0.8752243307086613
20
1.9587368503937008
11
0.8753865354330709
21
1.9586035433070865
0
LINE
8
BLACK
6
CONTINUOUS
10
0.8753865354330709
20
1.9586035433070865
11
0.8755640551181102
21
1.958491653543307
0
LINE
8
BLACK
6
CONTINUOUS
10
0.8755640551181102
20
1.958491653543307
11
0.8756661023622047
21
1.9583737795275591
0
LINE
8
BLACK
6
CONTINUOUS
10
0.8756661023622047
20
1.9583737795275591
11
0.876118779527559
21
1.9580018503937007
0
LINE
8
BLACK
6
CONTINUOUS
10
0.876118779527559
20
1.9580018503937007
11
0.8789291732283464
21
1.9551879527559055
0
LINE
8
BLACK
6
CONTINUOUS
10
0.8789291732283464
20
1.9551879527559055
11
0.879300590551181
21
1.9547347637795276
0
LINE
8
BLACK
6
CONTINUOUS
10
0.879300590551181
20
1.9547347637795276
11
0.8794183858267717
21
1.9546325196850394
0
LINE
8
BLACK
6
CONTINUOUS
10
0.8794183858267717
20
1.9546325196850394
11
0.8795300393700787
21
1.9544548818897638
0
LINE
8
BLACK
6
CONTINUOUS
10
0.8795300393700787
20
1.9544548818897638
11
0.8796630708661417
21
1.9542925984251969
0
LINE
8
BLACK
6
CONTINUOUS
10
0.8796630708661417
20
1.9542925984251969
11
0.8797226377952756
21
1.9541484251968504
0
LINE
8
BLACK
6
CONTINUOUS
10
0.8797226377952756
20
1.9541484251968504
11
0.8800344881889763
21
1.9536524015748031
0
LINE
8
BLACK
6
CONTINUOUS
10
0.8800344881889763
20
1.9536524015748031
11
0.8828430708661417
21
1.9480262598425195
0
LINE
8
BLACK
6
CONTINUOUS
10
0.8828430708661417
20
1.9480262598425195
11
0.8828752362204724
21
1.947941968503937
0
LINE
8
BLACK
6
CONTINUOUS
10
0.8828752362204724
20
1.947941968503937
11
0.8829005905511811
21
1.9479077559055118
0
LINE
8
BLACK
6
CONTINUOUS
10
0.8829005905511811
20
1.9479077559055118
11
0.8830727559055118
21
1.947424842519685
0
LINE
8
BLACK
6
CONTINUOUS
10
0.8830727559055118
20
1.947424842519685
11
0.8832561417322834
21
1.9469447637795274
0
LINE
8
BLACK
6
CONTINUOUS
10
0.8832561417322834
20
1.9469447637795274
11
0.8832591338582677
21
1.9469021653543306
0
LINE
8
BLACK
6
CONTINUOUS
10
0.8832591338582677
20
1.9469021653543306
11
0.8832894094488188
21
1.946817283464567
0
LINE
8
BLACK
6
CONTINUOUS
10
0.8832894094488188
20
1.946817283464567
11
0.8860944488188977
21
1.9355669685039369
0
LINE
8
BLACK
6
CONTINUOUS
10
0.8860944488188977
20
1.9355669685039369
11
0.8861238582677166
21
1.935367125984252
0
LINE
8
BLACK
6
CONTINUOUS
10
0.8861238582677166
20
1.935367125984252
11
0.886157125984252
21
1.9352867322834646
0
LINE
8
BLACK
6
CONTINUOUS
10
0.886157125984252
20
1.9352867322834646
11
0.8861995275590551
21
1.9348532677165353
0
LINE
8
BLACK
6
CONTINUOUS
10
0.8861995275590551
20
1.9348532677165353
11
0.8862631102362204
21
1.9344216141732282
0
LINE
8
BLACK
6
CONTINUOUS
10
0.8862631102362204
20
1.9344216141732282
11
0.8862501968503936
21
1.9343353937007874
0
LINE
8
BLACK
6
CONTINUOUS
10
0.8862501968503936
20
1.9343353937007874
11
0.8862698818897637
21
1.9341345275590551
0
LINE
8
BLACK
6
CONTINUOUS
10
0.8862698818897637
20
1.9341345275590551
11
0.8862609842519685
21
1.9200737795275591
0
LINE
8
BLACK
6
CONTINUOUS
10
0.8862609842519685
20
1.9200737795275591
11
0.8862410236220473
21
1.9198727952755905
0
LINE
8
BLACK
6
CONTINUOUS
10
0.8862410236220473
20
1.9198727952755905
11
0.8862538188976378
21
1.9197867322834645
0
LINE
8
BLACK
6
CONTINUOUS
10
0.8862538188976378
20
1.9197867322834645
11
0.8861897637795275
21
1.919355590551181
0
LINE
8
BLACK
6
CONTINUOUS
10
0.8861897637795275
20
1.919355590551181
11
0.8861467716535433
21
1.9189217322834646
0
LINE
8
BLACK
6
CONTINUOUS
10
0.8861467716535433
20
1.9189217322834646
11
0.8861133858267717
21
1.9188412992125983
0
LINE
8
BLACK
6
CONTINUOUS
10
0.8861133858267717
20
1.9188412992125983
11
0.8860837401574803
21
1.9186416141732283
0
LINE
8
BLACK
6
CONTINUOUS
10
0.8860837401574803
20
1.9186416141732283
11
0.8832644488188977
21
1.9073947637795274
0
LINE
8
BLACK
6
CONTINUOUS
10
0.8832644488188977
20
1.9073947637795274
11
0.8832340157480315
21
1.9073097637795275
0
LINE
8
BLACK
6
CONTINUOUS
10
0.8832340157480315
20
1.9073097637795275
11
0.8832309842519684
21
1.9072673228346457
0
LINE
8
BLACK
6
CONTINUOUS
10
0.8832309842519684
20
1.9072673228346457
11
0.8830474803149606
21
1.9067887795275591
0
LINE
8
BLACK
6
CONTINUOUS
10
0.8830474803149606
20
1.9067887795275591
11
0.8828742519685039
21
1.9063048031496062
0
LINE
8
BLACK
6
CONTINUOUS
10
0.8828742519685039
20
1.9063048031496062
11
0.882848779527559
21
1.9062704724409449
0
LINE
8
BLACK
6
CONTINUOUS
10
0.882848779527559
20
1.9062704724409449
11
0.8828165354330708
21
1.9061863385826772
0
LINE
8
BLACK
6
CONTINUOUS
10
0.8828165354330708
20
1.9061863385826772
11
0.8800008661417322
21
1.9005638188976377
0
LINE
8
BLACK
6
CONTINUOUS
10
0.8800008661417322
20
1.9005638188976377
11
0.8796884251968504
21
1.9000681496062992
0
LINE
8
BLACK
6
CONTINUOUS
10
0.8796884251968504
20
1.9000681496062992
11
0.8796286614173228
21
1.8999241338582677
0
LINE
8
BLACK
6
CONTINUOUS
10
0.8796286614173228
20
1.8999241338582677
11
0.8794954330708661
21
1.8997620078740156
0
LINE
8
BLACK
6
CONTINUOUS
10
0.8794954330708661
20
1.8997620078740156
11
0.8793835039370078
21
1.8995844488188975
0
LINE
8
BLACK
6
CONTINUOUS
10
0.8793835039370078
20
1.8995844488188975
11
0.8792655511811024
21
1.8994822834645668
0
LINE
8
BLACK
6
CONTINUOUS
10
0.8792655511811024
20
1.8994822834645668
11
0.8788936220472441
21
1.89902968503937
0
LINE
8
BLACK
6
CONTINUOUS
10
0.8788936220472441
20
1.89902968503937
11
0.8760796850393701
21
1.8962193307086614
0
LINE
8
BLACK
6
CONTINUOUS
10
0.8760796850393701
20
1.8962193307086614
11
0.8756266141732283
21
1.8958479921259843
0
LINE
8
BLACK
6
CONTINUOUS
10
0.8756266141732283
20
1.8958479921259843
11
0.8755243700787402
21
1.8957302362204724
0
LINE
8
BLACK
6
CONTINUOUS
10
0.8755243700787402
20
1.8957302362204724
11
0.8753466929133858
21
1.8956185433070867
0
LINE
8
BLACK
6
CONTINUOUS
10
0.8753466929133858
20
1.8956185433070867
11
0.8751843307086614
21
1.8954854724409449
0
LINE
8
BLACK
6
CONTINUOUS
10
0.8751843307086614
20
1.8954854724409449
11
0.8750401181102362
21
1.8954258267716535
0
LINE
8
BLACK
6
CONTINUOUS
10
0.8750401181102362
20
1.8954258267716535
11
0.8745442125984252
21
1.8951141338582678
0
LINE
8
BLACK
6
CONTINUOUS
10
0.8745442125984252
20
1.8951141338582678
11
0.8689181496062992
21
1.8923055118110237
0
LINE
8
BLACK
6
CONTINUOUS
10
0.8689181496062992
20
1.8923055118110237
11
0.8678366535433071
21
1.8918924409448818
0
LINE
8
BLACK
6
CONTINUOUS
10
0.8678366535433071
20
1.8918924409448818
11
0.8676248818897637
21
1.8918775196850393
0
LINE
8
BLACK
6
CONTINUOUS
10
0.8676248818897637
20
1.8918775196850393
11
0.867428937007874
21
1.8917964960629921
0
LINE
8
BLACK
6
CONTINUOUS
10
0.867428937007874
20
1.8917964960629921
11
0.8662767322834646
21
1.8916837401574802
0
LINE
8
BLACK
6
CONTINUOUS
10
0.8662767322834646
20
1.8916837401574802
11
0.8606524409448819
21
1.8916872834645668
0
LINE
8
BLACK
6
CONTINUOUS
10
0.8606524409448819
20
1.8916872834645668
11
0.8595003937007873
21
1.8918014566929133
0
LINE
8
BLACK
6
CONTINUOUS
10
0.8595003937007873
20
1.8918014566929133
11
0.8593042913385827
21
1.8918827952755906
0
LINE
8
BLACK
6
CONTINUOUS
10
0.8593042913385827
20
1.8918827952755906
11
0.8590927952755906
21
1.8918979921259842
0
LINE
8
BLACK
6
CONTINUOUS
10
0.8590927952755906
20
1.8918979921259842
11
0.858011811023622
21
1.8923124409448819
0
LINE
8
BLACK
6
CONTINUOUS
10
0.858011811023622
20
1.8923124409448819
11
0.8523892913385827
21
1.8951281102362205
0
LINE
8
BLACK
6
CONTINUOUS
10
0.8523892913385827
20
1.8951281102362205
11
0.8518936220472441
21
1.8954405118110236
0
LINE
8
BLACK
6
CONTINUOUS
10
0.8518936220472441
20
1.8954405118110236
11
0.8517496062992126
21
1.89550031496063
0
LINE
8
BLACK
6
CONTINUOUS
10
0.8517496062992126
20
1.89550031496063
11
0.8515874803149606
21
1.8956335039370078
0
LINE
8
BLACK
6
CONTINUOUS
10
0.8515874803149606
20
1.8956335039370078
11
0.8514099212598425
21
1.8957454724409448
0
LINE
8
BLACK
6
CONTINUOUS
10
0.8514099212598425
20
1.8957454724409448
11
0.8513077559055118
21
1.8958633858267717
0
LINE
8
BLACK
6
CONTINUOUS
10
0.8513077559055118
20
1.8958633858267717
11
0.8508551574803149
21
1.8962353543307087
0
LINE
8
BLACK
6
CONTINUOUS
10
0.8508551574803149
20
1.8962353543307087
11
0.8480448031496063
21
1.8990492913385826
0
LINE
8
BLACK
6
CONTINUOUS
10
0.8480448031496063
20
1.8990492913385826
11
0.8476734645669292
21
1.8995023228346457
0
LINE
8
BLACK
6
CONTINUOUS
10
0.8476734645669292
20
1.8995023228346457
11
0.8475557086614173
21
1.8996046062992125
0
LINE
8
BLACK
6
CONTINUOUS
10
0.8475557086614173
20
1.8996046062992125
11
0.8474440157480315
21
1.899782244094488
0
LINE
8
BLACK
6
CONTINUOUS
10
0.8474440157480315
20
1.899782244094488
11
0.8473109448818897
21
1.8999446456692912
0
LINE
8
BLACK
6
CONTINUOUS
10
0.8473109448818897
20
1.8999446456692912
11
0.8472512992125985
21
1.9000888188976377
0
LINE
8
BLACK
6
CONTINUOUS
10
0.8472512992125985
20
1.9000888188976377
11
0.8469396062992126
21
1.9005847637795275
0
LINE
8
BLACK
6
CONTINUOUS
10
0.8469396062992126
20
1.9005847637795275
11
0.8441309842519685
21
1.9062108267716535
0
LINE
8
BLACK
6
CONTINUOUS
10
0.8441309842519685
20
1.9062108267716535
11
0.8440987401574803
21
1.9062951574803149
0
LINE
8
BLACK
6
CONTINUOUS
10
0.8440987401574803
20
1.9062951574803149
11
0.8440734645669291
21
1.90632937007874
0
LINE
8
BLACK
6
CONTINUOUS
10
0.8440734645669291
20
1.90632937007874
11
0.8439014566929134
21
1.9068116535433071
0
LINE
8
BLACK
6
CONTINUOUS
10
0.8439014566929134
20
1.9068116535433071
11
0.8437179133858268
21
1.9072923228346457
0
LINE
8
BLACK
6
CONTINUOUS
10
0.8437179133858268
20
1.9072923228346457
11
0.8437148818897637
21
1.9073349606299212
0
LINE
8
BLACK
6
CONTINUOUS
10
0.8437148818897637
20
1.9073349606299212
11
0.8436846456692914
21
1.9074198425196851
0
LINE
8
BLACK
6
CONTINUOUS
10
0.8436846456692914
20
1.9074198425196851
11
0.8408796062992125
21
1.9186702362204724
0
LINE
8
BLACK
6
CONTINUOUS
10
0.8408796062992125
20
1.9186702362204724
11
0.840850157480315
21
1.9188699606299213
0
LINE
8
BLACK
6
CONTINUOUS
10
0.840850157480315
20
1.9188699606299213
11
0.8408169291338583
21
1.918950433070866
0
LINE
8
BLACK
6
CONTINUOUS
10
0.8408169291338583
20
1.918950433070866
11
0.8407744881889764
21
1.9193839763779528
0
LINE
8
BLACK
6
CONTINUOUS
10
0.8407744881889764
20
1.9193839763779528
11
0.8407109448818898
21
1.9198155905511811
0
LINE
8
BLACK
6
CONTINUOUS
10
0.8407109448818898
20
1.9198155905511811
11
0.8407238188976378
21
1.9199017716535434
0
LINE
8
BLACK
6
CONTINUOUS
10
0.8407238188976378
20
1.9199017716535434
11
0.8407041732283465
21
1.9201026377952755
0
LINE
8
BLACK
6
CONTINUOUS
10
0.8407041732283465
20
1.9201026377952755
11
0.8407130708661417
21
1.934163346456693
0
LINE
8
BLACK
6
CONTINUOUS
10
0.8407130708661417
20
1.934163346456693
11
0.8407329921259842
21
1.9343642913385826
0
LINE
8
BLACK
6
CONTINUOUS
10
0.8407329921259842
20
1.9343642913385826
11
0.8407202362204724
21
1.9344503937007873
0
LINE
8
BLACK
6
CONTINUOUS
10
0.8407202362204724
20
1.9344503937007873
11
0.8407842519685039
21
1.9348814960629921
0
LINE
8
BLACK
6
CONTINUOUS
10
0.8407842519685039
20
1.9348814960629921
11
0.8408272834645669
21
1.9353153937007874
0
LINE
8
BLACK
6
CONTINUOUS
10
0.8408272834645669
20
1.9353153937007874
11
0.8408606299212599
21
1.9353957874015748
0
LINE
8
BLACK
6
CONTINUOUS
10
0.8408606299212599
20
1.9353957874015748
11
0.8408903149606299
21
1.9355955118110235
0
LINE
8
BLACK
6
CONTINUOUS
10
0.8408903149606299
20
1.9355955118110235
11
0.8437095669291338
21
1.9468423228346456
0
LINE
8
BLACK
6
CONTINUOUS
10
0.8437095669291338
20
1.9468423228346456
11
0.8437399606299213
21
1.9469272834645668
0
LINE
8
BLACK
6
CONTINUOUS
10
0.8437399606299213
20
1.9469272834645668
11
0.843743031496063
21
1.9469698031496063
0
LINE
8
BLACK
6
CONTINUOUS
10
0.843743031496063
20
1.9469698031496063
11
0.8439269291338583
21
1.9474495669291338
0
LINE
8
BLACK
6
CONTINUOUS
10
0.8439269291338583
20
1.9474495669291338
11
0.8440997637795276
21
1.9479322834645669
0
LINE
8
BLACK
6
CONTINUOUS
10
0.8440997637795276
20
1.9479322834645669
11
0.8441250787401574
21
1.9479664173228346
0
LINE
8
BLACK
6
CONTINUOUS
10
0.8441250787401574
20
1.9479664173228346
11
0.8441574409448819
21
1.9480507874015747
0
LINE
8
BLACK
6
CONTINUOUS
10
0.8441574409448819
20
1.9480507874015747
11
0.8469731496062992
21
1.9536733070866141
0
LINE
8
BLACK
6
CONTINUOUS
10
0.8469731496062992
20
1.9536733070866141
11
0.8472855905511811
21
1.9541689370078739
0
LINE
8
BLACK
6
CONTINUOUS
10
0.8472855905511811
20
1.9541689370078739
11
0.8473453543307087
21
1.9543129527559056
0
LINE
8
BLACK
6
CONTINUOUS
10
0.8473453543307087
20
1.9543129527559056
11
0.8474785826771654
21
1.9544750787401575
0
LINE
8
BLACK
6
CONTINUOUS
10
0.8474785826771654
20
1.9544750787401575
11
0.8475905118110236
21
1.9546526377952755
0
LINE
8
BLACK
6
CONTINUOUS
10
0.8475905118110236
20
1.9546526377952755
11
0.8477083464566929
21
1.9547547244094488
0
LINE
8
BLACK
6
CONTINUOUS
10
0.8477083464566929
20
1.9547547244094488
11
0.8480803543307086
21
1.9552074015748031
0
LINE
8
BLACK
6
CONTINUOUS
10
0.8480803543307086
20
1.9552074015748031
11
0.8508942913385826
21
1.9580177952755906
0
LINE
8
BLACK
6
CONTINUOUS
10
0.8508942913385826
20
1.9580177952755906
11
0.8513473622047244
21
1.9583891338582677
0
LINE
8
BLACK
6
CONTINUOUS
10
0.8513473622047244
20
1.9583891338582677
11
0.8514496456692913
21
1.9585069291338582
0
LINE
8
BLACK
6
CONTINUOUS
10
0.8514496456692913
20
1.9585069291338582
11
0.8516273622047243
21
1.9586186220472441
0
LINE
8
BLACK
6
CONTINUOUS
10
0.8516273622047243
20
1.9586186220472441
11
0.8517896456692913
21
1.9587516535433069
0
LINE
8
BLACK
6
CONTINUOUS
10
0.8517896456692913
20
1.9587516535433069
11
0.8519337007874016
21
1.9588111811023621
0
LINE
8
BLACK
6
CONTINUOUS
10
0.8519337007874016
20
1.9588111811023621
11
0.8524298031496063
21
1.9591230708661418
0
LINE
8
BLACK
6
CONTINUOUS
10
0.8524298031496063
20
1.9591230708661418
11
0.8580558661417322
21
1.9619316535433071
0
LINE
8
BLACK
6
CONTINUOUS
10
0.8580558661417322
20
1.9619316535433071
11
0.8591373622047244
21
1.9623447244094487
0
LINE
8
BLACK
6
CONTINUOUS
10
0.8591373622047244
20
1.9623447244094487
11
0.8593490157480315
21
1.9623596062992126
0
LINE
8
BLACK
6
CONTINUOUS
10
0.8593490157480315
20
1.9623596062992126
11
0.8595451181102362
21
1.9624407086614173
0
LINE
8
BLACK
6
CONTINUOUS
10
0.8595451181102362
20
1.9624407086614173
11
0.8606973228346456
21
1.9625534251968504
0
LINE
8
BLACK
6
CONTINUOUS
10
0.8606973228346456
20
1.9625534251968504
11
0.8663216141732283
21
1.962549842519685
0
LINE
8
BLACK
6
CONTINUOUS
10
0.8585625590551181
20
1.9489836220472441
11
0.8571047637795275
21
1.9475276377952755
0
LINE
8
BLACK
6
CONTINUOUS
10
0.8571047637795275
20
1.9475276377952755
11
0.8550084251968504
21
1.9433415748031495
0
LINE
8
BLACK
6
CONTINUOUS
10
0.8550084251968504
20
1.9433415748031495
11
0.8525236220472441
21
1.9334289370078739
0
LINE
8
BLACK
6
CONTINUOUS
10
0.8525236220472441
20
1.9334289370078739
11
0.8525156299212598
21
1.9208220866141732
0
LINE
8
BLACK
6
CONTINUOUS
10
0.8525156299212598
20
1.9208220866141732
11
0.8549879133858268
21
1.9109062992125985
0
LINE
8
BLACK
6
CONTINUOUS
10
0.8549879133858268
20
1.9109062992125985
11
0.8570790157480315
21
1.9067174803149607
0
LINE
8
BLACK
6
CONTINUOUS
10
0.8570790157480315
20
1.9067174803149607
11
0.8585348818897638
21
1.9052597637795274
0
LINE
8
BLACK
6
CONTINUOUS
10
0.8585348818897638
20
1.9052597637795274
11
0.8620540157480314
21
1.9034974015748032
0
LINE
8
BLACK
6
CONTINUOUS
10
0.8620540157480314
20
1.9034974015748032
11
0.8648900393700787
21
1.9034956299212598
0
LINE
8
BLACK
6
CONTINUOUS
10
0.8648900393700787
20
1.9034956299212598
11
0.8684114566929134
21
1.9052535433070865
0
LINE
8
BLACK
6
CONTINUOUS
10
0.8684114566929134
20
1.9052535433070865
11
0.8698691732283464
21
1.9067094094488188
0
LINE
8
BLACK
6
CONTINUOUS
10
0.8698691732283464
20
1.9067094094488188
11
0.8719655511811023
21
1.9108955118110236
0
LINE
8
BLACK
6
CONTINUOUS
10
0.8719655511811023
20
1.9108955118110236
11
0.8744503937007874
21
1.9208082283464567
0
LINE
8
BLACK
6
CONTINUOUS
10
0.8744503937007874
20
1.9208082283464567
11
0.8744583858267716
21
1.9334150393700786
0
LINE
8
BLACK
6
CONTINUOUS
10
0.8744583858267716
20
1.9334150393700786
11
0.8719861023622048
21
1.9433307874015748
0
LINE
8
BLACK
6
CONTINUOUS
10
0.8719861023622048
20
1.9433307874015748
11
0.869895
21
1.9475196062992126
0
LINE
8
BLACK
6
CONTINUOUS
10
0.869895
20
1.9475196062992126
11
0.8684390551181103
21
1.9489773622047244
0
LINE
8
BLACK
6
CONTINUOUS
10
0.8684390551181103
20
1.9489773622047244
11
0.8649199606299213
21
1.9507396850393701
0
LINE
8
BLACK
6
CONTINUOUS
10
0.8649199606299213
20
1.9507396850393701
11
0.8620838582677165
21
1.9507414960629921
0
LINE
8
BLACK
6
CONTINUOUS
10
0.8620838582677165
20
1.9507414960629921
11
0.8585625590551181
21
1.9489836220472441
0
LINE
8
BLACK
6
CONTINUOUS
10
0.9956679133858267
20
1.9427829527559055
11
0.9968199606299213
21
1.9426687401574803
0
LINE
8
BLACK
6
CONTINUOUS
10
0.9968199606299213
20
1.9426687401574803
11
0.997015905511811
21
1.942587401574803
0
LINE
8
BLACK
6
CONTINUOUS
10
0.997015905511811
20
1.942587401574803
11
0.9972275590551181
21
1.9425722440944881
0
LINE
8
BLACK
6
CONTINUOUS
10
0.9972275590551181
20
1.9425722440944881
11
0.9983085433070866
21
1.9421578346456692
0
LINE
8
BLACK
6
CONTINUOUS
10
0.9983085433070866
20
1.9421578346456692
11
1.0039310629921259
21
1.9393421259842518
0
LINE
8
BLACK
6
CONTINUOUS
10
1.0039310629921259
20
1.9393421259842518
11
1.0041237007874015
21
1.9392206692913385
0
LINE
8
BLACK
6
CONTINUOUS
10
1.0041237007874015
20
1.9392206692913385
11
1.0042144881889763
21
1.9391903543307085
0
LINE
8
BLACK
6
CONTINUOUS
10
1.0042144881889763
20
1.9391903543307085
11
1.0043274803149607
21
1.9390922047244095
0
LINE
8
BLACK
6
CONTINUOUS
10
1.0043274803149607
20
1.9390922047244095
11
1.0049103937007873
21
1.9387247637795275
0
LINE
8
BLACK
6
CONTINUOUS
10
1.0049103937007873
20
1.9387247637795275
11
1.0053951574803148
21
1.9381650393700787
0
LINE
8
BLACK
6
CONTINUOUS
10
1.0053951574803148
20
1.9381650393700787
11
1.0059542913385826
21
1.9376795669291338
0
LINE
8
BLACK
6
CONTINUOUS
10
1.0059542913385826
20
1.9376795669291338
11
1.0063209448818897
21
1.9370962598425197
0
LINE
8
BLACK
6
CONTINUOUS
10
1.0063209448818897
20
1.9370962598425197
11
1.0064190157480315
21
1.9369830708661417
0
LINE
8
BLACK
6
CONTINUOUS
10
1.0064190157480315
20
1.9369830708661417
11
1.0064492125984252
21
1.9368921653543307
0
LINE
8
BLACK
6
CONTINUOUS
10
1.0064492125984252
20
1.9368921653543307
11
1.006570433070866
21
1.9366994094488188
0
LINE
8
BLACK
6
CONTINUOUS
10
1.006570433070866
20
1.9366994094488188
11
1.0093790157480316
21
1.9310733464566929
0
LINE
8
BLACK
6
CONTINUOUS
10
1.0093790157480316
20
1.9310733464566929
11
1.0097920866141732
21
1.9299918503937008
0
LINE
8
BLACK
6
CONTINUOUS
10
1.0097920866141732
20
1.9299918503937008
11
1.009806968503937
21
1.9297801181102361
0
LINE
8
BLACK
6
CONTINUOUS
10
1.009806968503937
20
1.9297801181102361
11
1.009888031496063
21
1.9295841338582678
0
LINE
8
BLACK
6
CONTINUOUS
10
1.009888031496063
20
1.9295841338582678
11
1.0100007874015748
21
1.9284319291338583
0
LINE
8
BLACK
6
CONTINUOUS
10
1.0100007874015748
20
1.9284319291338583
11
1.009981220472441
21
1.8974982677165353
0
LINE
8
BLACK
6
CONTINUOUS
10
1.009981220472441
20
1.8974982677165353
11
1.0098670078740157
21
1.8963462204724408
0
LINE
8
BLACK
6
CONTINUOUS
10
1.0098670078740157
20
1.8963462204724408
11
1.0089838582677164
21
1.8942179527559055
0
LINE
8
BLACK
6
CONTINUOUS
10
1.0089838582677164
20
1.8942179527559055
11
1.0073535433070866
21
1.89258968503937
0
LINE
8
BLACK
6
CONTINUOUS
10
1.0073535433070866
20
1.89258968503937
11
1.0052241732283465
21
1.8917092519685039
0
LINE
8
BLACK
6
CONTINUOUS
10
1.0052241732283465
20
1.8917092519685039
11
1.0029199212598425
21
1.8917107086614173
0
LINE
8
BLACK
6
CONTINUOUS
10
1.0029199212598425
20
1.8917107086614173
11
1.000791653543307
21
1.8925938582677164
0
LINE
8
BLACK
6
CONTINUOUS
10
1.000791653543307
20
1.8925938582677164
11
0.9991633858267717
21
1.8942241732283465
0
LINE
8
BLACK
6
CONTINUOUS
10
0.9991633858267717
20
1.8942241732283465
11
0.9982829527559055
21
1.8963535433070866
0
LINE
8
BLACK
6
CONTINUOUS
10
0.9982829527559055
20
1.8963535433070866
11
0.9981701968503937
21
1.8975057480314961
0
LINE
8
BLACK
6
CONTINUOUS
10
0.9981701968503937
20
1.8975057480314961
11
0.9981888582677165
21
1.9270453149606299
0
LINE
8
BLACK
6
CONTINUOUS
10
0.9981888582677165
20
1.9270453149606299
11
0.9968821653543307
21
1.9296627952755905
0
LINE
8
BLACK
6
CONTINUOUS
10
0.9968821653543307
20
1.9296627952755905
11
0.9942662992125983
21
1.9309727952755904
0
LINE
8
BLACK
6
CONTINUOUS
10
0.9942662992125983
20
1.9309727952755904
11
0.9886180708661417
21
1.9309763779527558
0
LINE
8
BLACK
6
CONTINUOUS
10
0.9886180708661417
20
1.9309763779527558
11
0.9850967716535433
21
1.9292185039370078
0
LINE
8
BLACK
6
CONTINUOUS
10
0.9850967716535433
20
1.9292185039370078
11
0.9846916929133858
21
1.9288138976377953
0
LINE
8
BLACK
6
CONTINUOUS
10
0.9846916929133858
20
1.9288138976377953
11
0.9846718897637795
21
1.8975142913385827
0
LINE
8
BLACK
6
CONTINUOUS
10
0.9846718897637795
20
1.8975142913385827
11
0.9845576771653544
21
1.8963622440944881
0
LINE
8
BLACK
6
CONTINUOUS
10
0.9845576771653544
20
1.8963622440944881
11
0.983674527559055
21
1.8942339763779528
0
LINE
8
BLACK
6
CONTINUOUS
10
0.983674527559055
20
1.8942339763779528
11
0.9820442125984252
21
1.8926057086614172
0
LINE
8
BLACK
6
CONTINUOUS
10
0.9820442125984252
20
1.8926057086614172
11
0.979914842519685
21
1.8917252755905511
0
LINE
8
BLACK
6
CONTINUOUS
10
0.979914842519685
20
1.8917252755905511
11
0.977610590551181
21
1.8917267322834646
0
LINE
8
BLACK
6
CONTINUOUS
10
0.977610590551181
20
1.8917267322834646
11
0.9754823228346456
21
1.8926098818897636
0
LINE
8
BLACK
6
CONTINUOUS
10
0.9754823228346456
20
1.8926098818897636
11
0.9738540551181102
21
1.8942401968503937
0
LINE
8
BLACK
6
CONTINUOUS
10
0.9738540551181102
20
1.8942401968503937
11
0.972973622047244
21
1.8963695669291338
0
LINE
8
BLACK
6
CONTINUOUS
10
0.972973622047244
20
1.8963695669291338
11
0.9728608661417323
21
1.8975217716535433
0
LINE
8
BLACK
6
CONTINUOUS
10
0.9728608661417323
20
1.8975217716535433
11
0.9728857874015748
21
1.9368918503937007
0
LINE
8
BLACK
6
CONTINUOUS
10
0.9728857874015748
20
1.9368918503937007
11
0.973
21
1.9380438976377952
0
LINE
8
BLACK
6
CONTINUOUS
10
0.973
20
1.9380438976377952
11
0.9738831496062992
21
1.9401721653543307
0
LINE
8
BLACK
6
CONTINUOUS
10
0.9738831496062992
20
1.9401721653543307
11
0.9755134645669291
21
1.941800433070866
0
LINE
8
BLACK
6
CONTINUOUS
10
0.9755134645669291
20
1.941800433070866
11
0.9776428346456693
21
1.9426808661417323
0
LINE
8
BLACK
6
CONTINUOUS
10
0.9776428346456693
20
1.9426808661417323
11
0.9799470866141732
21
1.9426794094488189
0
LINE
8
BLACK
6
CONTINUOUS
10
0.9799470866141732
20
1.9426794094488189
11
0.9820753543307087
21
1.9417962598425196
0
LINE
8
BLACK
6
CONTINUOUS
10
0.9820753543307087
20
1.9417962598425196
11
0.9826652362204724
21
1.9412055905511811
0
LINE
8
BLACK
6
CONTINUOUS
10
0.9826652362204724
20
1.9412055905511811
11
0.9845900393700787
21
1.9421664960629921
0
LINE
8
BLACK
6
CONTINUOUS
10
0.9845900393700787
20
1.9421664960629921
11
0.9856715354330708
21
1.9425795669291339
0
LINE
8
BLACK
6
CONTINUOUS
10
0.9856715354330708
20
1.9425795669291339
11
0.9858830708661417
21
1.9425944488188975
0
LINE
8
BLACK
6
CONTINUOUS
10
0.9858830708661417
20
1.9425944488188975
11
0.9860792913385826
21
1.942675590551181
0
LINE
8
BLACK
6
CONTINUOUS
10
0.9860792913385826
20
1.942675590551181
11
0.9872314960629921
21
1.9427883070866141
0
LINE
8
BLACK
6
CONTINUOUS
10
0.9872314960629921
20
1.9427883070866141
11
0.9956679133858267
21
1.9427829527559055
0
LINE
8
BLACK
6
CONTINUOUS
10
0.8100786220472441
20
1.9625854724409448
11
0.8112307086614173
21
1.9624712992125983
0
LINE
8
BLACK
6
CONTINUOUS
10
0.8112307086614173
20
1.9624712992125983
11
0.8114267716535433
21
1.9623899212598426
0
LINE
8
BLACK
6
CONTINUOUS
10
0.8114267716535433
20
1.9623899212598426
11
0.8116383070866141
21
1.9623747637795275
0
LINE
8
BLACK
6
CONTINUOUS
10
0.8116383070866141
20
1.9623747637795275
11
0.8127192913385827
21
1.9619603543307087
0
LINE
8
BLACK
6
CONTINUOUS
10
0.8127192913385827
20
1.9619603543307087
11
0.818341811023622
21
1.9591446456692914
0
LINE
8
BLACK
6
CONTINUOUS
10
0.818341811023622
20
1.9591446456692914
11
0.8188373622047244
21
1.9588322047244093
0
LINE
8
BLACK
6
CONTINUOUS
10
0.8188373622047244
20
1.9588322047244093
11
0.8189814960629921
21
1.9587724409448819
0
LINE
8
BLACK
6
CONTINUOUS
10
0.8189814960629921
20
1.9587724409448819
11
0.8191437007874015
21
1.9586390944881888
0
LINE
8
BLACK
6
CONTINUOUS
10
0.8191437007874015
20
1.9586390944881888
11
0.8193211417322834
21
1.9585272834645668
0
LINE
8
BLACK
6
CONTINUOUS
10
0.8193211417322834
20
1.9585272834645668
11
0.8194231889763779
21
1.9584094488188977
0
LINE
8
BLACK
6
CONTINUOUS
10
0.8194231889763779
20
1.9584094488188977
11
0.8198759448818898
21
1.9580374015748032
0
LINE
8
BLACK
6
CONTINUOUS
10
0.8198759448818898
20
1.9580374015748032
11
0.8226862598425196
21
1.9552235039370078
0
LINE
8
BLACK
6
CONTINUOUS
10
0.8226862598425196
20
1.9552235039370078
11
0.8230576377952755
21
1.9547703937007874
0
LINE
8
BLACK
6
CONTINUOUS
10
0.8230576377952755
20
1.9547703937007874
11
0.8231754330708662
21
1.9546681102362204
0
LINE
8
BLACK
6
CONTINUOUS
10
0.8231754330708662
20
1.9546681102362204
11
0.8232871259842519
21
1.9544903543307086
0
LINE
8
BLACK
6
CONTINUOUS
10
0.8232871259842519
20
1.9544903543307086
11
0.8234201574803149
21
1.9543281102362204
0
LINE
8
BLACK
6
CONTINUOUS
10
0.8234201574803149
20
1.9543281102362204
11
0.8234797244094488
21
1.9541840157480315
0
LINE
8
BLACK
6
CONTINUOUS
10
0.8234797244094488
20
1.9541840157480315
11
0.8237915354330708
21
1.9536879921259842
0
LINE
8
BLACK
6
CONTINUOUS
10
0.8237915354330708
20
1.9536879921259842
11
0.8266001181102361
21
1.9480618503937008
0
LINE
8
BLACK
6
CONTINUOUS
10
0.8266001181102361
20
1.9480618503937008
11
0.826632283464567
21
1.947977559055118
0
LINE
8
BLACK
6
CONTINUOUS
10
0.826632283464567
20
1.947977559055118
11
0.8266576377952756
21
1.9479433464566929
0
LINE
8
BLACK
6
CONTINUOUS
10
0.8266576377952756
20
1.9479433464566929
11
0.8268298031496063
21
1.947460433070866
0
LINE
8
BLACK
6
CONTINUOUS
10
0.8268298031496063
20
1.947460433070866
11
0.827013188976378
21
1.9469803543307087
0
LINE
8
BLACK
6
CONTINUOUS
10
0.827013188976378
20
1.9469803543307087
11
0.8270161811023622
21
1.9469377559055117
0
LINE
8
BLACK
6
CONTINUOUS
10
0.8270161811023622
20
1.9469377559055117
11
0.8270464566929133
21
1.946852874015748
0
LINE
8
BLACK
6
CONTINUOUS
10
0.8270464566929133
20
1.946852874015748
11
0.8298514960629921
21
1.935602559055118
0
LINE
8
BLACK
6
CONTINUOUS
10
0.8298514960629921
20
1.935602559055118
11
0.829880905511811
21
1.9354027165354331
0
LINE
8
BLACK
6
CONTINUOUS
10
0.829880905511811
20
1.9354027165354331
11
0.8299141732283465
21
1.9353223228346457
0
LINE
8
BLACK
6
CONTINUOUS
10
0.8299141732283465
20
1.9353223228346457
11
0.8299565748031495
21
1.9348888582677164
0
LINE
8
BLACK
6
CONTINUOUS
10
0.8299565748031495
20
1.9348888582677164
11
0.830020157480315
21
1.9344572047244093
0
LINE
8
BLACK
6
CONTINUOUS
10
0.830020157480315
20
1.9344572047244093
11
0.8300072440944881
21
1.9343709842519685
0
LINE
8
BLACK
6
CONTINUOUS
10
0.8300072440944881
20
1.9343709842519685
11
0.8300269291338582
21
1.9341701181102362
0
LINE
8
BLACK
6
CONTINUOUS
10
0.8300269291338582
20
1.9341701181102362
11
0.830018031496063
21
1.9201093700787402
0
LINE
8
BLACK
6
CONTINUOUS
10
0.830018031496063
20
1.9201093700787402
11
0.8299980708661417
21
1.9199083858267716
0
LINE
8
BLACK
6
CONTINUOUS
10
0.8299980708661417
20
1.9199083858267716
11
0.8300108661417323
21
1.9198223228346456
0
LINE
8
BLACK
6
CONTINUOUS
10
0.8300108661417323
20
1.9198223228346456
11
0.829946811023622
21
1.9193911811023621
0
LINE
8
BLACK
6
CONTINUOUS
10
0.829946811023622
20
1.9193911811023621
11
0.8299038188976378
21
1.9189573228346457
0
LINE
8
BLACK
6
CONTINUOUS
10
0.8299038188976378
20
1.9189573228346457
11
0.8298704330708662
21
1.9188768897637796
0
LINE
8
BLACK
6
CONTINUOUS
10
0.8298704330708662
20
1.9188768897637796
11
0.8298407874015747
21
1.9186772047244094
0
LINE
8
BLACK
6
CONTINUOUS
10
0.8298407874015747
20
1.9186772047244094
11
0.8270214960629921
21
1.9074303543307085
0
LINE
8
BLACK
6
CONTINUOUS
10
0.8270214960629921
20
1.9074303543307085
11
0.8269911023622047
21
1.9073454724409449
0
LINE
8
BLACK
6
CONTINUOUS
10
0.8269911023622047
20
1.9073454724409449
11
0.8269880708661417
21
1.9073029527559056
0
LINE
8
BLACK
6
CONTINUOUS
10
0.8269880708661417
20
1.9073029527559056
11
0.8268042125984252
21
1.9068234251968503
0
LINE
8
BLACK
6
CONTINUOUS
10
0.8268042125984252
20
1.9068234251968503
11
0.8266312992125984
21
1.9063403937007875
0
LINE
8
BLACK
6
CONTINUOUS
10
0.8266312992125984
20
1.9063403937007875
11
0.8266058661417323
21
1.9063061417322835
0
LINE
8
BLACK
6
CONTINUOUS
10
0.8266058661417323
20
1.9063061417322835
11
0.826573622047244
21
1.906221968503937
0
LINE
8
BLACK
6
CONTINUOUS
10
0.826573622047244
20
1.906221968503937
11
0.8237579527559055
21
1.9005994488188975
0
LINE
8
BLACK
6
CONTINUOUS
10
0.8237579527559055
20
1.9005994488188975
11
0.8234455511811023
21
1.9001038582677166
0
LINE
8
BLACK
6
CONTINUOUS
10
0.8234455511811023
20
1.9001038582677166
11
0.823385748031496
21
1.8999597244094488
0
LINE
8
BLACK
6
CONTINUOUS
10
0.823385748031496
20
1.8999597244094488
11
0.8232524015748032
21
1.8997974409448819
0
LINE
8
BLACK
6
CONTINUOUS
10
0.8232524015748032
20
1.8997974409448819
11
0.8231405905511811
21
1.8996200787401574
0
LINE
8
BLACK
6
CONTINUOUS
10
0.8231405905511811
20
1.8996200787401574
11
0.8230227559055118
21
1.8995179921259842
0
LINE
8
BLACK
6
CONTINUOUS
10
0.8230227559055118
20
1.8995179921259842
11
0.8226507086614173
21
1.899065275590551
0
LINE
8
BLACK
6
CONTINUOUS
10
0.8226507086614173
20
1.899065275590551
11
0.8198367716535433
21
1.8962549212598425
0
LINE
8
BLACK
6
CONTINUOUS
10
0.8198367716535433
20
1.8962549212598425
11
0.8193837007874015
21
1.8958835826771654
0
LINE
8
BLACK
6
CONTINUOUS
10
0.8193837007874015
20
1.8958835826771654
11
0.8192814566929134
21
1.8957658267716535
0
LINE
8
BLACK
6
CONTINUOUS
10
0.8192814566929134
20
1.8957658267716535
11
0.8191037401574803
21
1.895654094488189
0
LINE
8
BLACK
6
CONTINUOUS
10
0.8191037401574803
20
1.895654094488189
11
0.8189414173228347
21
1.895521062992126
0
LINE
8
BLACK
6
CONTINUOUS
10
0.8189414173228347
20
1.895521062992126
11
0.8187972834645669
21
1.8954614566929133
0
LINE
8
BLACK
6
CONTINUOUS
10
0.8187972834645669
20
1.8954614566929133
11
0.8183012992125984
21
1.8951496850393701
0
LINE
8
BLACK
6
CONTINUOUS
10
0.8183012992125984
20
1.8951496850393701
11
0.8126751968503937
21
1.8923411023622048
0
LINE
8
BLACK
6
CONTINUOUS
10
0.8126751968503937
20
1.8923411023622048
11
0.8115937007874016
21
1.8919280314960629
0
LINE
8
BLACK
6
CONTINUOUS
10
0.8115937007874016
20
1.8919280314960629
11
0.8113819291338582
21
1.8919131102362203
0
LINE
8
BLACK
6
CONTINUOUS
10
0.8113819291338582
20
1.8919131102362203
11
0.8111859842519685
21
1.8918320866141731
0
LINE
8
BLACK
6
CONTINUOUS
10
0.8111859842519685
20
1.8918320866141731
11
0.8100337795275591
21
1.8917193307086613
0
LINE
8
BLACK
6
CONTINUOUS
10
0.8100337795275591
20
1.8917193307086613
11
0.8044094881889764
21
1.8917228740157479
0
LINE
8
BLACK
6
CONTINUOUS
10
0.8044094881889764
20
1.8917228740157479
11
0.8032574409448818
21
1.8918370472440944
0
LINE
8
BLACK
6
CONTINUOUS
10
0.8032574409448818
20
1.8918370472440944
11
0.8030613385826771
21
1.8919183858267716
0
LINE
8
BLACK
6
CONTINUOUS
10
0.8030613385826771
20
1.8919183858267716
11
0.8028498425196851
21
1.8919335826771653
0
LINE
8
BLACK
6
CONTINUOUS
10
0.8028498425196851
20
1.8919335826771653
11
0.8017688582677165
21
1.892348031496063
0
LINE
8
BLACK
6
CONTINUOUS
10
0.8017688582677165
20
1.892348031496063
11
0.7961463385826771
21
1.8951637007874016
0
LINE
8
BLACK
6
CONTINUOUS
10
0.7961463385826771
20
1.8951637007874016
11
0.7956506692913385
21
1.8954761023622047
0
LINE
8
BLACK
6
CONTINUOUS
10
0.7956506692913385
20
1.8954761023622047
11
0.7955066535433071
21
1.8955359055118111
0
LINE
8
BLACK
6
CONTINUOUS
10
0.7955066535433071
20
1.8955359055118111
11
0.795344527559055
21
1.8956690944881889
0
LINE
8
BLACK
6
CONTINUOUS
10
0.795344527559055
20
1.8956690944881889
11
0.795166968503937
21
1.8957810629921259
0
LINE
8
BLACK
6
CONTINUOUS
10
0.795166968503937
20
1.8957810629921259
11
0.7950648031496063
21
1.8958989763779528
0
LINE
8
BLACK
6
CONTINUOUS
10
0.7950648031496063
20
1.8958989763779528
11
0.7946122047244094
21
1.8962709448818897
0
LINE
8
BLACK
6
CONTINUOUS
10
0.7946122047244094
20
1.8962709448818897
11
0.7918018503937008
21
1.8990848818897637
0
LINE
8
BLACK
6
CONTINUOUS
10
0.7918018503937008
20
1.8990848818897637
11
0.7914305118110236
21
1.8995379133858268
0
LINE
8
BLACK
6
CONTINUOUS
10
0.7914305118110236
20
1.8995379133858268
11
0.7913127559055118
21
1.8996401968503938
0
LINE
8
BLACK
6
CONTINUOUS
10
0.7913127559055118
20
1.8996401968503938
11
0.791201062992126
21
1.8998178346456693
0
LINE
8
BLACK
6
CONTINUOUS
10
0.791201062992126
20
1.8998178346456693
11
0.7910679921259842
21
1.8999802362204723
0
LINE
8
BLACK
6
CONTINUOUS
10
0.7910679921259842
20
1.8999802362204723
11
0.7910083464566929
21
1.9001244094488188
0
LINE
8
BLACK
6
CONTINUOUS
10
0.7910083464566929
20
1.9001244094488188
11
0.7906966535433071
21
1.9006203543307085
0
LINE
8
BLACK
6
CONTINUOUS
10
0.7906966535433071
20
1.9006203543307085
11
0.787888031496063
21
1.9062464173228346
0
LINE
8
BLACK
6
CONTINUOUS
10
0.787888031496063
20
1.9062464173228346
11
0.7878557874015748
21
1.9063307480314959
0
LINE
8
BLACK
6
CONTINUOUS
10
0.7878557874015748
20
1.9063307480314959
11
0.7878305118110236
21
1.9063649606299211
0
LINE
8
BLACK
6
CONTINUOUS
10
0.7878305118110236
20
1.9063649606299211
11
0.7876585039370079
21
1.9068472440944881
0
LINE
8
BLACK
6
CONTINUOUS
10
0.7876585039370079
20
1.9068472440944881
11
0.7874749606299213
21
1.9073279133858267
0
LINE
8
BLACK
6
CONTINUOUS
10
0.7874749606299213
20
1.9073279133858267
11
0.7874719291338582
21
1.9073705511811023
0
LINE
8
BLACK
6
CONTINUOUS
10
0.7874719291338582
20
1.9073705511811023
11
0.7874416929133858
21
1.9074554330708662
0
LINE
8
BLACK
6
CONTINUOUS
10
0.7874416929133858
20
1.9074554330708662
11
0.784636653543307
21
1.9187058267716535
0
LINE
8
BLACK
6
CONTINUOUS
10
0.784636653543307
20
1.9187058267716535
11
0.7846072047244095
21
1.9189055511811024
0
LINE
8
BLACK
6
CONTINUOUS
10
0.7846072047244095
20
1.9189055511811024
11
0.7845739763779528
21
1.9189860236220473
0
LINE
8
BLACK
6
CONTINUOUS
10
0.7845739763779528
20
1.9189860236220473
11
0.7845315354330709
21
1.9194195669291338
0
LINE
8
BLACK
6
CONTINUOUS
10
0.7845315354330709
20
1.9194195669291338
11
0.7844679921259843
21
1.9198511811023622
0
LINE
8
BLACK
6
CONTINUOUS
10
0.7844679921259843
20
1.9198511811023622
11
0.7844808661417323
21
1.9199373622047244
0
LINE
8
BLACK
6
CONTINUOUS
10
0.7844808661417323
20
1.9199373622047244
11
0.7844612204724409
21
1.9201382283464568
0
LINE
8
BLACK
6
CONTINUOUS
10
0.7844612204724409
20
1.9201382283464568
11
0.7844701181102361
21
1.9341989763779528
0
LINE
8
BLACK
6
CONTINUOUS
10
0.7844701181102361
20
1.9341989763779528
11
0.7844900393700788
21
1.9343999212598424
0
LINE
8
BLACK
6
CONTINUOUS
10
0.7844900393700788
20
1.9343999212598424
11
0.7844772834645669
21
1.9344860236220471
0
LINE
8
BLACK
6
CONTINUOUS
10
0.7844772834645669
20
1.9344860236220471
11
0.7845412992125984
21
1.9349171653543307
0
LINE
8
BLACK
6
CONTINUOUS
10
0.7845412992125984
20
1.9349171653543307
11
0.7845843307086614
21
1.9353510236220473
0
LINE
8
BLACK
6
CONTINUOUS
10
0.7845843307086614
20
1.9353510236220473
11
0.7846176771653544
21
1.9354314173228346
0
LINE
8
BLACK
6
CONTINUOUS
10
0.7846176771653544
20
1.9354314173228346
11
0.7846473622047244
21
1.9356311811023621
0
LINE
8
BLACK
6
CONTINUOUS
10
0.7846473622047244
20
1.9356311811023621
11
0.787466653543307
21
1.9468779921259842
0
LINE
8
BLACK
6
CONTINUOUS
10
0.787466653543307
20
1.9468779921259842
11
0.7874970472440944
21
1.9469629527559054
0
LINE
8
BLACK
6
CONTINUOUS
10
0.7874970472440944
20
1.9469629527559054
11
0.7875001181102362
21
1.9470054724409449
0
LINE
8
BLACK
6
CONTINUOUS
10
0.7875001181102362
20
1.9470054724409449
11
0.7876837007874016
21
1.9474842519685038
0
LINE
8
BLACK
6
CONTINUOUS
10
0.7876837007874016
20
1.9474842519685038
11
0.7878568503937008
21
1.9479679527559055
0
LINE
8
BLACK
6
CONTINUOUS
10
0.7878568503937008
20
1.9479679527559055
11
0.7878822834645669
21
1.9480022440944882
0
LINE
8
BLACK
6
CONTINUOUS
10
0.7878822834645669
20
1.9480022440944882
11
0.7879145669291339
21
1.9480864173228345
0
LINE
8
BLACK
6
CONTINUOUS
10
0.7879145669291339
20
1.9480864173228345
11
0.7907302362204724
21
1.9537088976377952
0
LINE
8
BLACK
6
CONTINUOUS
10
0.7907302362204724
20
1.9537088976377952
11
0.7910426377952756
21
1.9542044881889764
0
LINE
8
BLACK
6
CONTINUOUS
10
0.7910426377952756
20
1.9542044881889764
11
0.7911024015748032
21
1.9543485039370079
0
LINE
8
BLACK
6
CONTINUOUS
10
0.7911024015748032
20
1.9543485039370079
11
0.7912355905511811
21
1.954510590551181
0
LINE
8
BLACK
6
CONTINUOUS
10
0.7912355905511811
20
1.954510590551181
11
0.7913475984251969
21
1.9546882677165354
0
LINE
8
BLACK
6
CONTINUOUS
10
0.7913475984251969
20
1.9546882677165354
11
0.7914655118110236
21
1.9547903937007873
0
LINE
8
BLACK
6
CONTINUOUS
10
0.7914655118110236
20
1.9547903937007873
11
0.7918374015748031
21
1.9552429527559054
0
LINE
8
BLACK
6
CONTINUOUS
10
0.7918374015748031
20
1.9552429527559054
11
0.7946512992125984
21
1.9580533464566929
0
LINE
8
BLACK
6
CONTINUOUS
10
0.7946512992125984
20
1.9580533464566929
11
0.7951044488188976
21
1.9584247637795276
0
LINE
8
BLACK
6
CONTINUOUS
10
0.7951044488188976
20
1.9584247637795276
11
0.7952067322834645
21
1.958542559055118
0
LINE
8
BLACK
6
CONTINUOUS
10
0.7952067322834645
20
1.958542559055118
11
0.7953843307086614
21
1.9586542125984252
0
LINE
8
BLACK
6
CONTINUOUS
10
0.7953843307086614
20
1.9586542125984252
11
0.7955466535433071
21
1.9587872440944882
0
LINE
8
BLACK
6
CONTINUOUS
10
0.7955466535433071
20
1.9587872440944882
11
0.7956907874015748
21
1.9588468110236219
0
LINE
8
BLACK
6
CONTINUOUS
10
0.7956907874015748
20
1.9588468110236219
11
0.7961868503937007
21
1.9591586614173229
0
LINE
8
BLACK
6
CONTINUOUS
10
0.7961868503937007
20
1.9591586614173229
11
0.8018129921259842
21
1.9619672440944882
0
LINE
8
BLACK
6
CONTINUOUS
10
0.8018129921259842
20
1.9619672440944882
11
0.8028944881889764
21
1.9623803149606298
0
LINE
8
BLACK
6
CONTINUOUS
10
0.8028944881889764
20
1.9623803149606298
11
0.8031061417322835
21
1.9623951968503937
0
LINE
8
BLACK
6
CONTINUOUS
10
0.8031061417322835
20
1.9623951968503937
11
0.8033021653543307
21
1.9624762598425196
0
LINE
8
BLACK
6
CONTINUOUS
10
0.8033021653543307
20
1.9624762598425196
11
0.8044543700787401
21
1.9625890157480315
0
LINE
8
BLACK
6
CONTINUOUS
10
0.8044543700787401
20
1.9625890157480315
11
0.8100786220472441
21
1.9625854724409448
0
LINE
8
BLACK
6
CONTINUOUS
10
0.8023196062992126
20
1.9490191732283464
11
0.8008618503937007
21
1.9475632677165353
0
LINE
8
BLACK
6
CONTINUOUS
10
0.8008618503937007
20
1.9475632677165353
11
0.7987655511811024
21
1.9433772834645668
0
LINE
8
BLACK
6
CONTINUOUS
10
0.7987655511811024
20
1.9433772834645668
11
0.7962806692913386
21
1.9334644881889764
0
LINE
8
BLACK
6
CONTINUOUS
10
0.7962806692913386
20
1.9334644881889764
11
0.7962726771653543
21
1.9208576771653543
0
LINE
8
BLACK
6
CONTINUOUS
10
0.7962726771653543
20
1.9208576771653543
11
0.7987449606299213
21
1.9109418897637795
0
LINE
8
BLACK
6
CONTINUOUS
10
0.7987449606299213
20
1.9109418897637795
11
0.800836062992126
21
1.9067530708661418
0
LINE
8
BLACK
6
CONTINUOUS
10
0.800836062992126
20
1.9067530708661418
11
0.8022919291338583
21
1.9052953543307085
0
LINE
8
BLACK
6
CONTINUOUS
10
0.8022919291338583
20
1.9052953543307085
11
0.805811062992126
21
1.9035329921259843
0
LINE
8
BLACK
6
CONTINUOUS
10
0.805811062992126
20
1.9035329921259843
11
0.8086471259842519
21
1.9035312204724408
0
LINE
8
BLACK
6
CONTINUOUS
10
0.8086471259842519
20
1.9035312204724408
11
0.8121685039370079
21
1.9052890944881888
0
LINE
8
BLACK
6
CONTINUOUS
10
0.8121685039370079
20
1.9052890944881888
11
0.8136262992125984
21
1.9067449999999999
0
LINE
8
BLACK
6
CONTINUOUS
10
0.8136262992125984
20
1.9067449999999999
11
0.8157225590551181
21
1.9109310236220471
0
LINE
8
BLACK
6
CONTINUOUS
10
0.8157225590551181
20
1.9109310236220471
11
0.8182074409448818
21
1.9208438188976378
0
LINE
8
BLACK
6
CONTINUOUS
10
0.8182074409448818
20
1.9208438188976378
11
0.8182154330708661
21
1.9334506299212597
0
LINE
8
BLACK
6
CONTINUOUS
10
0.8182154330708661
20
1.9334506299212597
11
0.8157431496062992
21
1.9433663779527559
0
LINE
8
BLACK
6
CONTINUOUS
10
0.8157431496062992
20
1.9433663779527559
11
0.8136520472440945
21
1.9475552362204724
0
LINE
8
BLACK
6
CONTINUOUS
10
0.8136520472440945
20
1.9475552362204724
11
0.8121961417322835
21
1.949013031496063
0
LINE
8
BLACK
6
CONTINUOUS
10
0.8121961417322835
20
1.949013031496063
11
0.8086770472440945
21
1.9507753149606299
0
LINE
8
BLACK
6
CONTINUOUS
10
0.8086770472440945
20
1.9507753149606299
11
0.8058410236220472
21
1.9507770866141732
0
LINE
8
BLACK
6
CONTINUOUS
10
0.8058410236220472
20
1.9507770866141732
11
0.8023196062992126
21
1.9490191732283464
0
LINE
8
BLACK
6
CONTINUOUS
10
0.9518255905511811
20
1.9426972047244093
11
0.9539538582677165
21
1.9418140551181102
0
LINE
8
BLACK
6
CONTINUOUS
10
0.9539538582677165
20
1.9418140551181102
11
0.955582125984252
21
1.9401837401574802
0
LINE
8
BLACK
6
CONTINUOUS
10
0.955582125984252
20
1.9401837401574802
11
0.9564625590551181
21
1.93805437007874
0
LINE
8
BLACK
6
CONTINUOUS
10
0.9564625590551181
20
1.93805437007874
11
0.9565753149606299
21
1.9369021653543306
0
LINE
8
BLACK
6
CONTINUOUS
10
0.9565753149606299
20
1.9369021653543306
11
0.9565503937007874
21
1.8975320866141732
0
LINE
8
BLACK
6
CONTINUOUS
10
0.9565503937007874
20
1.8975320866141732
11
0.9564361811023622
21
1.8963800393700787
0
LINE
8
BLACK
6
CONTINUOUS
10
0.9564361811023622
20
1.8963800393700787
11
0.955553031496063
21
1.8942517716535432
0
LINE
8
BLACK
6
CONTINUOUS
10
0.955553031496063
20
1.8942517716535432
11
0.953922716535433
21
1.8926235039370078
0
LINE
8
BLACK
6
CONTINUOUS
10
0.953922716535433
20
1.8926235039370078
11
0.9517933464566929
21
1.8917430708661418
0
LINE
8
BLACK
6
CONTINUOUS
10
0.9517933464566929
20
1.8917430708661418
11
0.949489094488189
21
1.891744527559055
0
LINE
8
BLACK
6
CONTINUOUS
10
0.949489094488189
20
1.891744527559055
11
0.9473608267716536
21
1.8926276771653543
0
LINE
8
BLACK
6
CONTINUOUS
10
0.9473608267716536
20
1.8926276771653543
11
0.9457325590551181
21
1.8942579921259841
0
LINE
8
BLACK
6
CONTINUOUS
10
0.9457325590551181
20
1.8942579921259841
11
0.9448521259842519
21
1.8963873622047243
0
LINE
8
BLACK
6
CONTINUOUS
10
0.9448521259842519
20
1.8963873622047243
11
0.9447393700787401
21
1.8975395669291337
0
LINE
8
BLACK
6
CONTINUOUS
10
0.9447393700787401
20
1.8975395669291337
11
0.9447642913385826
21
1.9369096456692914
0
LINE
8
BLACK
6
CONTINUOUS
10
0.9447642913385826
20
1.9369096456692914
11
0.9448785039370079
21
1.9380616929133858
0
LINE
8
BLACK
6
CONTINUOUS
10
0.9448785039370079
20
1.9380616929133858
11
0.9457616535433071
21
1.9401899606299211
0
LINE
8
BLACK
6
CONTINUOUS
10
0.9457616535433071
20
1.9401899606299211
11
0.947391968503937
21
1.9418182283464567
0
LINE
8
BLACK
6
CONTINUOUS
10
0.947391968503937
20
1.9418182283464567
11
0.9495213385826772
21
1.9426986614173227
0
LINE
8
BLACK
6
CONTINUOUS
10
0.9495213385826772
20
1.9426986614173227
11
0.9518255905511811
21
1.9426972047244093
0
LINE
8
BLACK
6
CONTINUOUS
10
0.7566478740157481
20
1.962619251968504
11
0.7577999212598425
21
1.9625050393700787
0
LINE
8
BLACK
6
CONTINUOUS
10
0.7577999212598425
20
1.9625050393700787
11
0.7579957874015748
21
1.9624237401574802
0
LINE
8
BLACK
6
CONTINUOUS
10
0.7579957874015748
20
1.9624237401574802
11
0.7582074803149607
21
1.9624085826771653
0
LINE
8
BLACK
6
CONTINUOUS
10
0.7582074803149607
20
1.9624085826771653
11
0.7592884645669291
21
1.9619941338582676
0
LINE
8
BLACK
6
CONTINUOUS
10
0.7592884645669291
20
1.9619941338582676
11
0.7649109842519685
21
1.959178464566929
0
LINE
8
BLACK
6
CONTINUOUS
10
0.7649109842519685
20
1.959178464566929
11
0.7654065354330708
21
1.958866062992126
0
LINE
8
BLACK
6
CONTINUOUS
10
0.7654065354330708
20
1.958866062992126
11
0.7655507086614173
21
1.9588062598425195
0
LINE
8
BLACK
6
CONTINUOUS
10
0.7655507086614173
20
1.9588062598425195
11
0.7657129527559055
21
1.9586729133858267
0
LINE
8
BLACK
6
CONTINUOUS
10
0.7657129527559055
20
1.9586729133858267
11
0.7658903543307086
21
1.9585611023622047
0
LINE
8
BLACK
6
CONTINUOUS
10
0.7658903543307086
20
1.9585611023622047
11
0.7659924015748031
21
1.9584432677165353
0
LINE
8
BLACK
6
CONTINUOUS
10
0.7659924015748031
20
1.9584432677165353
11
0.7664451574803149
21
1.9580712204724409
0
LINE
8
BLACK
6
CONTINUOUS
10
0.7664451574803149
20
1.9580712204724409
11
0.7692554724409448
21
1.9552573228346457
0
LINE
8
BLACK
6
CONTINUOUS
10
0.7692554724409448
20
1.9552573228346457
11
0.7696268503937008
21
1.9548042125984251
0
LINE
8
BLACK
6
CONTINUOUS
10
0.7696268503937008
20
1.9548042125984251
11
0.7697446456692913
21
1.9547019291338583
0
LINE
8
BLACK
6
CONTINUOUS
10
0.7697446456692913
20
1.9547019291338583
11
0.7698563385826771
21
1.9545241732283465
0
LINE
8
BLACK
6
CONTINUOUS
10
0.7698563385826771
20
1.9545241732283465
11
0.7699893700787401
21
1.9543619291338583
0
LINE
8
BLACK
6
CONTINUOUS
10
0.7699893700787401
20
1.9543619291338583
11
0.770048937007874
21
1.9542178346456693
0
LINE
8
BLACK
6
CONTINUOUS
10
0.770048937007874
20
1.9542178346456693
11
0.770360748031496
21
1.9537218110236221
0
LINE
8
BLACK
6
CONTINUOUS
10
0.770360748031496
20
1.9537218110236221
11
0.7731693307086615
21
1.9480956692913385
0
LINE
8
BLACK
6
CONTINUOUS
10
0.7731693307086615
20
1.9480956692913385
11
0.7735824015748032
21
1.9470141732283464
0
LINE
8
BLACK
6
CONTINUOUS
10
0.7735824015748032
20
1.9470141732283464
11
0.7735972834645669
21
1.9468024803149606
0
LINE
8
BLACK
6
CONTINUOUS
10
0.7735972834645669
20
1.9468024803149606
11
0.7736783464566929
21
1.9466064960629921
0
LINE
8
BLACK
6
CONTINUOUS
10
0.7736783464566929
20
1.9466064960629921
11
0.7737911023622047
21
1.9454542913385826
0
LINE
8
BLACK
6
CONTINUOUS
10
0.7737911023622047
20
1.9454542913385826
11
0.7737893307086614
21
1.9426421653543307
0
LINE
8
BLACK
6
CONTINUOUS
10
0.7737893307086614
20
1.9426421653543307
11
0.7736751574803149
21
1.9414901181102362
0
LINE
8
BLACK
6
CONTINUOUS
10
0.7736751574803149
20
1.9414901181102362
11
0.773593779527559
21
1.9412940157480314
0
LINE
8
BLACK
6
CONTINUOUS
10
0.773593779527559
20
1.9412940157480314
11
0.773578622047244
21
1.9410825196850394
0
LINE
8
BLACK
6
CONTINUOUS
10
0.773578622047244
20
1.9410825196850394
11
0.7731641732283464
21
1.9400015354330709
0
LINE
8
BLACK
6
CONTINUOUS
10
0.7731641732283464
20
1.9400015354330709
11
0.7703485039370078
21
1.9343790157480314
0
LINE
8
BLACK
6
CONTINUOUS
10
0.7703485039370078
20
1.9343790157480314
11
0.770036062992126
21
1.9338833464566929
0
LINE
8
BLACK
6
CONTINUOUS
10
0.770036062992126
20
1.9338833464566929
11
0.7699762992125984
21
1.9337393307086614
0
LINE
8
BLACK
6
CONTINUOUS
10
0.7699762992125984
20
1.9337393307086614
11
0.7698430708661417
21
1.9335772047244093
0
LINE
8
BLACK
6
CONTINUOUS
10
0.7698430708661417
20
1.9335772047244093
11
0.7697311417322834
21
1.9333996456692912
0
LINE
8
BLACK
6
CONTINUOUS
10
0.7697311417322834
20
1.9333996456692912
11
0.769613188976378
21
1.9332974803149605
0
LINE
8
BLACK
6
CONTINUOUS
10
0.769613188976378
20
1.9332974803149605
11
0.7692412598425197
21
1.9328448818897637
0
LINE
8
BLACK
6
CONTINUOUS
10
0.7692412598425197
20
1.9328448818897637
11
0.7677918897637795
21
1.9313973622047245
0
LINE
8
BLACK
6
CONTINUOUS
10
0.7677918897637795
20
1.9313973622047245
11
0.7692394094488189
21
1.9299480314960629
0
LINE
8
BLACK
6
CONTINUOUS
10
0.7692394094488189
20
1.9299480314960629
11
0.7696107874015747
21
1.9294948818897637
0
LINE
8
BLACK
6
CONTINUOUS
10
0.7696107874015747
20
1.9294948818897637
11
0.7697286220472441
21
1.9293925984251967
0
LINE
8
BLACK
6
CONTINUOUS
10
0.7697286220472441
20
1.9293925984251967
11
0.7698403543307086
21
1.9292148031496064
0
LINE
8
BLACK
6
CONTINUOUS
10
0.7698403543307086
20
1.9292148031496064
11
0.7699733070866142
21
1.9290526377952755
0
LINE
8
BLACK
6
CONTINUOUS
10
0.7699733070866142
20
1.9290526377952755
11
0.7700328346456693
21
1.9289085826771653
0
LINE
8
BLACK
6
CONTINUOUS
10
0.7700328346456693
20
1.9289085826771653
11
0.7703447244094488
21
1.9284124803149605
0
LINE
8
BLACK
6
CONTINUOUS
10
0.7703447244094488
20
1.9284124803149605
11
0.7731533070866141
21
1.9227863385826771
0
LINE
8
BLACK
6
CONTINUOUS
10
0.7731533070866141
20
1.9227863385826771
11
0.7735663779527558
21
1.921704842519685
0
LINE
8
BLACK
6
CONTINUOUS
10
0.7735663779527558
20
1.921704842519685
11
0.7735812598425197
21
1.9214932283464567
0
LINE
8
BLACK
6
CONTINUOUS
10
0.7735812598425197
20
1.9214932283464567
11
0.7736623622047244
21
1.9212971653543307
0
LINE
8
BLACK
6
CONTINUOUS
10
0.7736623622047244
20
1.9212971653543307
11
0.7737750787401575
21
1.9201449606299212
0
LINE
8
BLACK
6
CONTINUOUS
10
0.7737750787401575
20
1.9201449606299212
11
0.7737679527559055
21
1.9088963779527559
0
LINE
8
BLACK
6
CONTINUOUS
10
0.7737679527559055
20
1.9088963779527559
11
0.7736537401574803
21
1.9077443307086615
0
LINE
8
BLACK
6
CONTINUOUS
10
0.7736537401574803
20
1.9077443307086615
11
0.7735724015748031
21
1.9075483464566929
0
LINE
8
BLACK
6
CONTINUOUS
10
0.7735724015748031
20
1.9075483464566929
11
0.7735572440944881
21
1.9073367322834645
0
LINE
8
BLACK
6
CONTINUOUS
10
0.7735572440944881
20
1.9073367322834645
11
0.7731427952755905
21
1.9062557480314961
0
LINE
8
BLACK
6
CONTINUOUS
10
0.7731427952755905
20
1.9062557480314961
11
0.7703271259842519
21
1.9006332283464566
0
LINE
8
BLACK
6
CONTINUOUS
10
0.7703271259842519
20
1.9006332283464566
11
0.7700146062992126
21
1.9001374803149607
0
LINE
8
BLACK
6
CONTINUOUS
10
0.7700146062992126
20
1.9001374803149607
11
0.7699549212598426
21
1.8999935826771652
0
LINE
8
BLACK
6
CONTINUOUS
10
0.7699549212598426
20
1.8999935826771652
11
0.7698217716535433
21
1.8998315354330708
0
LINE
8
BLACK
6
CONTINUOUS
10
0.7698217716535433
20
1.8998315354330708
11
0.7697097637795275
21
1.8996538582677165
0
LINE
8
BLACK
6
CONTINUOUS
10
0.7697097637795275
20
1.8996538582677165
11
0.7695917716535433
21
1.899551653543307
0
LINE
8
BLACK
6
CONTINUOUS
10
0.7695917716535433
20
1.899551653543307
11
0.7692199212598425
21
1.8990991338582677
0
LINE
8
BLACK
6
CONTINUOUS
10
0.7692199212598425
20
1.8990991338582677
11
0.7664060236220472
21
1.8962887795275589
0
LINE
8
BLACK
6
CONTINUOUS
10
0.7664060236220472
20
1.8962887795275589
11
0.7659529527559055
21
1.895917401574803
0
LINE
8
BLACK
6
CONTINUOUS
10
0.7659529527559055
20
1.895917401574803
11
0.7658506692913386
21
1.8957996456692914
0
LINE
8
BLACK
6
CONTINUOUS
10
0.7658506692913386
20
1.8957996456692914
11
0.7656729133858268
21
1.8956879133858267
0
LINE
8
BLACK
6
CONTINUOUS
10
0.7656729133858268
20
1.8956879133858267
11
0.7655106692913386
21
1.8955549212598424
0
LINE
8
BLACK
6
CONTINUOUS
10
0.7655106692913386
20
1.8955549212598424
11
0.7653665748031496
21
1.8954953543307087
0
LINE
8
BLACK
6
CONTINUOUS
10
0.7653665748031496
20
1.8954953543307087
11
0.7648705118110236
21
1.8951835039370077
0
LINE
8
BLACK
6
CONTINUOUS
10
0.7648705118110236
20
1.8951835039370077
11
0.7592444094488189
21
1.8923749212598424
0
LINE
8
BLACK
6
CONTINUOUS
10
0.7592444094488189
20
1.8923749212598424
11
0.7581629133858268
21
1.8919618503937008
0
LINE
8
BLACK
6
CONTINUOUS
10
0.7581629133858268
20
1.8919618503937008
11
0.7579512598425197
21
1.8919469291338582
0
LINE
8
BLACK
6
CONTINUOUS
10
0.7579512598425197
20
1.8919469291338582
11
0.7577551968503937
21
1.8918658661417322
0
LINE
8
BLACK
6
CONTINUOUS
10
0.7577551968503937
20
1.8918658661417322
11
0.7566029921259843
21
1.8917531496062991
0
LINE
8
BLACK
6
CONTINUOUS
10
0.7566029921259843
20
1.8917531496062991
11
0.7453544094488189
21
1.8917602755905512
0
LINE
8
BLACK
6
CONTINUOUS
10
0.7453544094488189
20
1.8917602755905512
11
0.7442023622047244
21
1.8918744881889764
0
LINE
8
BLACK
6
CONTINUOUS
10
0.7442023622047244
20
1.8918744881889764
11
0.7440063779527559
21
1.8919557874015747
0
LINE
8
BLACK
6
CONTINUOUS
10
0.7440063779527559
20
1.8919557874015747
11
0.7437947637795276
21
1.8919709842519685
0
LINE
8
BLACK
6
CONTINUOUS
10
0.7437947637795276
20
1.8919709842519685
11
0.742713779527559
21
1.892385433070866
0
LINE
8
BLACK
6
CONTINUOUS
10
0.742713779527559
20
1.892385433070866
11
0.7370912598425197
21
1.8952011023622046
0
LINE
8
BLACK
6
CONTINUOUS
10
0.7370912598425197
20
1.8952011023622046
11
0.7365955118110236
21
1.8955135826771654
0
LINE
8
BLACK
6
CONTINUOUS
10
0.7365955118110236
20
1.8955135826771654
11
0.7364516141732284
21
1.8955733070866141
0
LINE
8
BLACK
6
CONTINUOUS
10
0.7364516141732284
20
1.8955733070866141
11
0.7362895669291338
21
1.8957064173228346
0
LINE
8
BLACK
6
CONTINUOUS
10
0.7362895669291338
20
1.8957064173228346
11
0.7361118897637795
21
1.8958184645669292
0
LINE
8
BLACK
6
CONTINUOUS
10
0.7361118897637795
20
1.8958184645669292
11
0.73600968503937
21
1.8959364173228346
0
LINE
8
BLACK
6
CONTINUOUS
10
0.73600968503937
20
1.8959364173228346
11
0.7355571653543307
21
1.896308307086614
0
LINE
8
BLACK
6
CONTINUOUS
10
0.7355571653543307
20
1.896308307086614
11
0.732746811023622
21
1.8991222047244094
0
LINE
8
BLACK
6
CONTINUOUS
10
0.732746811023622
20
1.8991222047244094
11
0.7323754330708662
21
1.8995752362204723
0
LINE
8
BLACK
6
CONTINUOUS
10
0.7323754330708662
20
1.8995752362204723
11
0.7322576771653543
21
1.899677559055118
0
LINE
8
BLACK
6
CONTINUOUS
10
0.7322576771653543
20
1.899677559055118
11
0.7321459448818898
21
1.8998552755905511
0
LINE
8
BLACK
6
CONTINUOUS
10
0.7321459448818898
20
1.8998552755905511
11
0.7320129527559055
21
1.900017559055118
0
LINE
8
BLACK
6
CONTINUOUS
10
0.7320129527559055
20
1.900017559055118
11
0.7319533858267716
21
1.9001616141732283
0
LINE
8
BLACK
6
CONTINUOUS
10
0.7319533858267716
20
1.9001616141732283
11
0.7316415354330709
21
1.900657716535433
0
LINE
8
BLACK
6
CONTINUOUS
10
0.7316415354330709
20
1.900657716535433
11
0.7288329527559055
21
1.9062838188976376
0
LINE
8
BLACK
6
CONTINUOUS
10
0.7288329527559055
20
1.9062838188976376
11
0.7284198818897638
21
1.9073653149606298
0
LINE
8
BLACK
6
CONTINUOUS
10
0.7284198818897638
20
1.9073653149606298
11
0.7284049606299212
21
1.9075770472440945
0
LINE
8
BLACK
6
CONTINUOUS
10
0.7284049606299212
20
1.9075770472440945
11
0.728323937007874
21
1.907773031496063
0
LINE
8
BLACK
6
CONTINUOUS
10
0.728323937007874
20
1.907773031496063
11
0.7282111811023622
21
1.9089252362204725
0
LINE
8
BLACK
6
CONTINUOUS
10
0.7282111811023622
20
1.9089252362204725
11
0.7282182677165354
21
1.9201737795275591
0
LINE
8
BLACK
6
CONTINUOUS
10
0.7282182677165354
20
1.9201737795275591
11
0.7283324409448819
21
1.9213258661417323
0
LINE
8
BLACK
6
CONTINUOUS
10
0.7283324409448819
20
1.9213258661417323
11
0.728413779527559
21
1.9215219291338583
0
LINE
8
BLACK
6
CONTINUOUS
10
0.728413779527559
20
1.9215219291338583
11
0.7284289763779528
21
1.9217334645669291
0
LINE
8
BLACK
6
CONTINUOUS
10
0.7284289763779528
20
1.9217334645669291
11
0.7288433858267717
21
1.9228144488188976
0
LINE
8
BLACK
6
CONTINUOUS
10
0.7288433858267717
20
1.9228144488188976
11
0.731659094488189
21
1.9284369685039369
0
LINE
8
BLACK
6
CONTINUOUS
10
0.731659094488189
20
1.9284369685039369
11
0.7319714960629921
21
1.9289325196850393
0
LINE
8
BLACK
6
CONTINUOUS
10
0.7319714960629921
20
1.9289325196850393
11
0.7320312992125985
21
1.929076653543307
0
LINE
8
BLACK
6
CONTINUOUS
10
0.7320312992125985
20
1.929076653543307
11
0.7321646062992125
21
1.9292388582677165
0
LINE
8
BLACK
6
CONTINUOUS
10
0.7321646062992125
20
1.9292388582677165
11
0.7322764566929134
21
1.9294162992125983
0
LINE
8
BLACK
6
CONTINUOUS
10
0.7322764566929134
20
1.9294162992125983
11
0.7323942519685039
21
1.929518346456693
0
LINE
8
BLACK
6
CONTINUOUS
10
0.7323942519685039
20
1.929518346456693
11
0.7327663385826771
21
1.9299711023622046
0
LINE
8
BLACK
6
CONTINUOUS
10
0.7327663385826771
20
1.9299711023622046
11
0.7342156692913385
21
1.9314185826771653
0
LINE
8
BLACK
6
CONTINUOUS
10
0.7342156692913385
20
1.9314185826771653
11
0.7327681496062992
21
1.9328679921259841
0
LINE
8
BLACK
6
CONTINUOUS
10
0.7327681496062992
20
1.9328679921259841
11
0.7323967716535433
21
1.933321062992126
0
LINE
8
BLACK
6
CONTINUOUS
10
0.7323967716535433
20
1.933321062992126
11
0.7322790157480314
21
1.9334233464566928
0
LINE
8
BLACK
6
CONTINUOUS
10
0.7322790157480314
20
1.9334233464566928
11
0.7321672834645669
21
1.9336010236220471
0
LINE
8
BLACK
6
CONTINUOUS
10
0.7321672834645669
20
1.9336010236220471
11
0.7320342913385827
21
1.9337633464566928
0
LINE
8
BLACK
6
CONTINUOUS
10
0.7320342913385827
20
1.9337633464566928
11
0.73197468503937
21
1.9339074803149605
0
LINE
8
BLACK
6
CONTINUOUS
10
0.73197468503937
20
1.9339074803149605
11
0.7316629133858268
21
1.9344035039370078
0
LINE
8
BLACK
6
CONTINUOUS
10
0.7316629133858268
20
1.9344035039370078
11
0.7288542913385827
21
1.9400295669291339
0
LINE
8
BLACK
6
CONTINUOUS
10
0.7288542913385827
20
1.9400295669291339
11
0.728441220472441
21
1.941111062992126
0
LINE
8
BLACK
6
CONTINUOUS
10
0.728441220472441
20
1.941111062992126
11
0.7284262992125984
21
1.9413227952755905
0
LINE
8
BLACK
6
CONTINUOUS
10
0.7284262992125984
20
1.9413227952755905
11
0.7283452755905512
21
1.941518779527559
0
LINE
8
BLACK
6
CONTINUOUS
10
0.7283452755905512
20
1.941518779527559
11
0.7282325196850393
21
1.9426709448818897
0
LINE
8
BLACK
6
CONTINUOUS
10
0.7282325196850393
20
1.9426709448818897
11
0.7282342913385826
21
1.9454831102362204
0
LINE
8
BLACK
6
CONTINUOUS
10
0.7282342913385826
20
1.9454831102362204
11
0.7283484645669291
21
1.9466351968503937
0
LINE
8
BLACK
6
CONTINUOUS
10
0.7283484645669291
20
1.9466351968503937
11
0.7284298031496063
21
1.9468312598425197
0
LINE
8
BLACK
6
CONTINUOUS
10
0.7284298031496063
20
1.9468312598425197
11
0.728445
21
1.9470427952755904
0
LINE
8
BLACK
6
CONTINUOUS
10
0.728445
20
1.9470427952755904
11
0.7288594094488189
21
1.948123779527559
0
LINE
8
BLACK
6
CONTINUOUS
10
0.7288594094488189
20
1.948123779527559
11
0.7316751181102362
21
1.9537462992125985
0
LINE
8
BLACK
6
CONTINUOUS
10
0.7316751181102362
20
1.9537462992125985
11
0.7319875196850394
21
1.9542418503937007
0
LINE
8
BLACK
6
CONTINUOUS
10
0.7319875196850394
20
1.9542418503937007
11
0.7320473228346457
21
1.9543859842519684
0
LINE
8
BLACK
6
CONTINUOUS
10
0.7320473228346457
20
1.9543859842519684
11
0.7321806299212599
21
1.9545481889763778
0
LINE
8
BLACK
6
CONTINUOUS
10
0.7321806299212599
20
1.9545481889763778
11
0.7322924803149606
21
1.9547256299212599
0
LINE
8
BLACK
6
CONTINUOUS
10
0.7322924803149606
20
1.9547256299212599
11
0.7324102755905512
21
1.9548276771653543
0
LINE
8
BLACK
6
CONTINUOUS
10
0.7324102755905512
20
1.9548276771653543
11
0.7327823622047244
21
1.9552804330708662
0
LINE
8
BLACK
6
CONTINUOUS
10
0.7327823622047244
20
1.9552804330708662
11
0.7355962598425196
21
1.958090748031496
0
LINE
8
BLACK
6
CONTINUOUS
10
0.7355962598425196
20
1.958090748031496
11
0.7360493307086614
21
1.9584620866141731
0
LINE
8
BLACK
6
CONTINUOUS
10
0.7360493307086614
20
1.9584620866141731
11
0.7361516141732283
21
1.9585798818897637
0
LINE
8
BLACK
6
CONTINUOUS
10
0.7361516141732283
20
1.9585798818897637
11
0.7363292913385827
21
1.9586915748031495
0
LINE
8
BLACK
6
CONTINUOUS
10
0.7363292913385827
20
1.9586915748031495
11
0.736491653543307
21
1.9588246456692913
0
LINE
8
BLACK
6
CONTINUOUS
10
0.736491653543307
20
1.9588246456692913
11
0.736635748031496
21
1.9588842125984252
0
LINE
8
BLACK
6
CONTINUOUS
10
0.736635748031496
20
1.9588842125984252
11
0.7371317716535433
21
1.9591960236220471
0
LINE
8
BLACK
6
CONTINUOUS
10
0.7371317716535433
20
1.9591960236220471
11
0.7427578346456692
21
1.9620046062992125
0
LINE
8
BLACK
6
CONTINUOUS
10
0.7427578346456692
20
1.9620046062992125
11
0.7438393307086614
21
1.9624176771653543
0
LINE
8
BLACK
6
CONTINUOUS
10
0.7438393307086614
20
1.9624176771653543
11
0.7440509448818897
21
1.9624325590551182
0
LINE
8
BLACK
6
CONTINUOUS
10
0.7440509448818897
20
1.9624325590551182
11
0.7442470472440945
21
1.9625136614173229
0
LINE
8
BLACK
6
CONTINUOUS
10
0.7442470472440945
20
1.9625136614173229
11
0.7453992519685039
21
1.962626377952756
0
LINE
8
BLACK
6
CONTINUOUS
10
0.7453992519685039
20
1.962626377952756
11
0.7566478740157481
21
1.962619251968504
0
LINE
8
BLACK
6
CONTINUOUS
10
0.7432484645669292
20
1.9237472047244093
11
0.7417906692913385
21
1.9222912992125984
0
LINE
8
BLACK
6
CONTINUOUS
10
0.7417906692913385
20
1.9222912992125984
11
0.7400283858267717
21
1.9187722047244093
0
LINE
8
BLACK
6
CONTINUOUS
10
0.7400283858267717
20
1.9187722047244093
11
0.7400230708661417
21
1.9103118503937007
0
LINE
8
BLACK
6
CONTINUOUS
10
0.7400230708661417
20
1.9103118503937007
11
0.7417809448818897
21
1.9067904724409448
0
LINE
8
BLACK
6
CONTINUOUS
10
0.7417809448818897
20
1.9067904724409448
11
0.743236811023622
21
1.9053327559055118
0
LINE
8
BLACK
6
CONTINUOUS
10
0.743236811023622
20
1.9053327559055118
11
0.7467559842519685
21
1.9035703937007873
0
LINE
8
BLACK
6
CONTINUOUS
10
0.7467559842519685
20
1.9035703937007873
11
0.7552163385826771
21
1.9035650393700787
0
LINE
8
BLACK
6
CONTINUOUS
10
0.7552163385826771
20
1.9035650393700787
11
0.7587377165354331
21
1.9053229133858267
0
LINE
8
BLACK
6
CONTINUOUS
10
0.7587377165354331
20
1.9053229133858267
11
0.7601954330708661
21
1.906778779527559
0
LINE
8
BLACK
6
CONTINUOUS
10
0.7601954330708661
20
1.906778779527559
11
0.7619577952755905
21
1.9102979527559054
0
LINE
8
BLACK
6
CONTINUOUS
10
0.7619577952755905
20
1.9102979527559054
11
0.7619631496062992
21
1.9187583070866141
0
LINE
8
BLACK
6
CONTINUOUS
10
0.7619631496062992
20
1.9187583070866141
11
0.7602052362204724
21
1.92227968503937
0
LINE
8
BLACK
6
CONTINUOUS
10
0.7602052362204724
20
1.92227968503937
11
0.7587493307086614
21
1.9237374409448817
0
LINE
8
BLACK
6
CONTINUOUS
10
0.7587493307086614
20
1.9237374409448817
11
0.7552302362204725
21
1.9254997637795275
0
LINE
8
BLACK
6
CONTINUOUS
10
0.7552302362204725
20
1.9254997637795275
11
0.7467698818897638
21
1.9255051181102363
0
LINE
8
BLACK
6
CONTINUOUS
10
0.7467698818897638
20
1.9255051181102363
11
0.7432484645669292
21
1.9237472047244093
0
LINE
8
BLACK
6
CONTINUOUS
10
0.7432645275590551
20
1.9490565354330709
11
0.7418066929133859
21
1.9476006299212598
0
LINE
8
BLACK
6
CONTINUOUS
10
0.7418066929133859
20
1.9476006299212598
11
0.7400444094488189
21
1.9440815354330707
0
LINE
8
BLACK
6
CONTINUOUS
10
0.7400444094488189
20
1.9440815354330707
11
0.7400444094488189
21
1.9440576377952756
0
LINE
8
BLACK
6
CONTINUOUS
10
0.7400444094488189
20
1.9440576377952756
11
0.7418023228346456
21
1.9405362598425195
0
LINE
8
BLACK
6
CONTINUOUS
10
0.7418023228346456
20
1.9405362598425195
11
0.743258188976378
21
1.9390785039370078
0
LINE
8
BLACK
6
CONTINUOUS
10
0.743258188976378
20
1.9390785039370078
11
0.7467773622047243
21
1.9373161417322835
0
LINE
8
BLACK
6
CONTINUOUS
10
0.7467773622047243
20
1.9373161417322835
11
0.755237716535433
21
1.9373107874015747
0
LINE
8
BLACK
6
CONTINUOUS
10
0.755237716535433
20
1.9373107874015747
11
0.7587590157480315
21
1.9390687007874015
0
LINE
8
BLACK
6
CONTINUOUS
10
0.7587590157480315
20
1.9390687007874015
11
0.760216811023622
21
1.9405246062992125
0
LINE
8
BLACK
6
CONTINUOUS
10
0.760216811023622
20
1.9405246062992125
11
0.7619791732283464
21
1.9440437401574802
0
LINE
8
BLACK
6
CONTINUOUS
10
0.7619791732283464
20
1.9440437401574802
11
0.7619791732283464
21
1.9440675984251967
0
LINE
8
BLACK
6
CONTINUOUS
10
0.7619791732283464
20
1.9440675984251967
11
0.7602212598425196
21
1.9475890551181101
0
LINE
8
BLACK
6
CONTINUOUS
10
0.7602212598425196
20
1.9475890551181101
11
0.7587653937007874
21
1.9490468110236221
0
LINE
8
BLACK
6
CONTINUOUS
10
0.7587653937007874
20
1.9490468110236221
11
0.7552462992125984
21
1.9508090944881888
0
LINE
8
BLACK
6
CONTINUOUS
10
0.7552462992125984
20
1.9508090944881888
11
0.7467858267716535
21
1.9508144488188977
0
LINE
8
BLACK
6
CONTINUOUS
10
0.7467858267716535
20
1.9508144488188977
11
0.7432645275590551
21
1.9490565354330709
0
LINE
8
BLACK
6
CONTINUOUS
10
0.7088413779527559
20
1.962649527559055
11
0.7099934251968504
21
1.9625353149606299
0
LINE
8
BLACK
6
CONTINUOUS
10
0.7099934251968504
20
1.9625353149606299
11
0.7121216929133858
21
1.9616521653543306
0
LINE
8
BLACK
6
CONTINUOUS
10
0.7121216929133858
20
1.9616521653543306
11
0.7137499606299212
21
1.9600218503937008
0
LINE
8
BLACK
6
CONTINUOUS
10
0.7137499606299212
20
1.9600218503937008
11
0.7146303937007874
21
1.9578924803149607
0
LINE
8
BLACK
6
CONTINUOUS
10
0.7146303937007874
20
1.9578924803149607
11
0.714628937007874
21
1.9555882283464567
0
LINE
8
BLACK
6
CONTINUOUS
10
0.714628937007874
20
1.9555882283464567
11
0.7137457874015748
21
1.9534599606299212
0
LINE
8
BLACK
6
CONTINUOUS
10
0.7137457874015748
20
1.9534599606299212
11
0.7121154724409449
21
1.9518316929133859
0
LINE
8
BLACK
6
CONTINUOUS
10
0.7121154724409449
20
1.9518316929133859
11
0.7099861023622047
21
1.9509512598425196
0
LINE
8
BLACK
6
CONTINUOUS
10
0.7099861023622047
20
1.9509512598425196
11
0.7088338976377953
21
1.9508385039370078
0
LINE
8
BLACK
6
CONTINUOUS
10
0.7088338976377953
20
1.9508385039370078
11
0.6860567716535433
21
1.9508529133858268
0
LINE
8
BLACK
6
CONTINUOUS
10
0.6860567716535433
20
1.9508529133858268
11
0.6849616929133858
21
1.9399713385826771
0
LINE
8
BLACK
6
CONTINUOUS
10
0.6849616929133858
20
1.9399713385826771
11
0.6849816929133858
21
1.9399727559055118
0
LINE
8
BLACK
6
CONTINUOUS
10
0.6849816929133858
20
1.9399727559055118
11
0.685177716535433
21
1.9400538188976377
0
LINE
8
BLACK
6
CONTINUOUS
10
0.685177716535433
20
1.9400538188976377
11
0.6863299212598425
21
1.9401665748031496
0
LINE
8
BLACK
6
CONTINUOUS
10
0.6863299212598425
20
1.9401665748031496
11
0.7003906692913385
21
1.9401576771653544
0
LINE
8
BLACK
6
CONTINUOUS
10
0.7003906692913385
20
1.9401576771653544
11
0.7015427165354331
21
1.9400434645669291
0
LINE
8
BLACK
6
CONTINUOUS
10
0.7015427165354331
20
1.9400434645669291
11
0.7017386614173228
21
1.9399621259842519
0
LINE
8
BLACK
6
CONTINUOUS
10
0.7017386614173228
20
1.9399621259842519
11
0.7019503149606299
21
1.939946968503937
0
LINE
8
BLACK
6
CONTINUOUS
10
0.7019503149606299
20
1.939946968503937
11
0.7030312992125984
21
1.939532559055118
0
LINE
8
BLACK
6
CONTINUOUS
10
0.7030312992125984
20
1.939532559055118
11
0.7086538188976378
21
1.9367168503937007
0
LINE
8
BLACK
6
CONTINUOUS
10
0.7086538188976378
20
1.9367168503937007
11
0.7091494488188976
21
1.9364043700787401
0
LINE
8
BLACK
6
CONTINUOUS
10
0.7091494488188976
20
1.9364043700787401
11
0.7092934645669291
21
1.9363446456692912
0
LINE
8
BLACK
6
CONTINUOUS
10
0.7092934645669291
20
1.9363446456692912
11
0.7094555905511811
21
1.9362113779527559
0
LINE
8
BLACK
6
CONTINUOUS
10
0.7094555905511811
20
1.9362113779527559
11
0.7096331496062992
21
1.9360994881889764
0
LINE
8
BLACK
6
CONTINUOUS
10
0.7096331496062992
20
1.9360994881889764
11
0.7097352362204724
21
1.9359816141732282
0
LINE
8
BLACK
6
CONTINUOUS
10
0.7097352362204724
20
1.9359816141732282
11
0.7101879133858268
21
1.9356096456692913
0
LINE
8
BLACK
6
CONTINUOUS
10
0.7101879133858268
20
1.9356096456692913
11
0.7129983070866142
21
1.9327957086614174
0
LINE
8
BLACK
6
CONTINUOUS
10
0.7129983070866142
20
1.9327957086614174
11
0.7133696456692913
21
1.9323425984251967
0
LINE
8
BLACK
6
CONTINUOUS
10
0.7133696456692913
20
1.9323425984251967
11
0.7134874409448819
21
1.9322403543307085
0
LINE
8
BLACK
6
CONTINUOUS
10
0.7134874409448819
20
1.9322403543307085
11
0.7135991338582677
21
1.9320625984251969
0
LINE
8
BLACK
6
CONTINUOUS
10
0.7135991338582677
20
1.9320625984251969
11
0.7137321653543307
21
1.9319003543307087
0
LINE
8
BLACK
6
CONTINUOUS
10
0.7137321653543307
20
1.9319003543307087
11
0.7137916929133858
21
1.9317562598425198
0
LINE
8
BLACK
6
CONTINUOUS
10
0.7137916929133858
20
1.9317562598425198
11
0.7141035826771653
21
1.9312601968503937
0
LINE
8
BLACK
6
CONTINUOUS
10
0.7141035826771653
20
1.9312601968503937
11
0.7169121653543307
21
1.9256341338582676
0
LINE
8
BLACK
6
CONTINUOUS
10
0.7169121653543307
20
1.9256341338582676
11
0.7173252362204724
21
1.9245526377952755
0
LINE
8
BLACK
6
CONTINUOUS
10
0.7173252362204724
20
1.9245526377952755
11
0.7173401181102362
21
1.924340905511811
0
LINE
8
BLACK
6
CONTINUOUS
10
0.7173401181102362
20
1.924340905511811
11
0.7174211811023622
21
1.9241449212598425
0
LINE
8
BLACK
6
CONTINUOUS
10
0.7174211811023622
20
1.9241449212598425
11
0.717533937007874
21
1.922992716535433
0
LINE
8
BLACK
6
CONTINUOUS
10
0.717533937007874
20
1.922992716535433
11
0.7175250393700787
21
1.908931968503937
0
LINE
8
BLACK
6
CONTINUOUS
10
0.7175250393700787
20
1.908931968503937
11
0.7174108267716536
21
1.9077799212598425
0
LINE
8
BLACK
6
CONTINUOUS
10
0.7174108267716536
20
1.9077799212598425
11
0.7173294881889763
21
1.907583937007874
0
LINE
8
BLACK
6
CONTINUOUS
10
0.7173294881889763
20
1.907583937007874
11
0.7173143307086614
21
1.9073723228346455
0
LINE
8
BLACK
6
CONTINUOUS
10
0.7173143307086614
20
1.9073723228346455
11
0.7168998818897637
21
1.9062913385826772
0
LINE
8
BLACK
6
CONTINUOUS
10
0.7168998818897637
20
1.9062913385826772
11
0.7140842125984251
21
1.9006688188976377
0
LINE
8
BLACK
6
CONTINUOUS
10
0.7140842125984251
20
1.9006688188976377
11
0.7137717716535433
21
1.9001731496062992
0
LINE
8
BLACK
6
CONTINUOUS
10
0.7137717716535433
20
1.9001731496062992
11
0.7137120078740158
21
1.9000291338582678
0
LINE
8
BLACK
6
CONTINUOUS
10
0.7137120078740158
20
1.9000291338582678
11
0.713578779527559
21
1.8998670078740156
0
LINE
8
BLACK
6
CONTINUOUS
10
0.713578779527559
20
1.8998670078740156
11
0.7134668503937007
21
1.8996894488188976
0
LINE
8
BLACK
6
CONTINUOUS
10
0.7134668503937007
20
1.8996894488188976
11
0.7133488976377953
21
1.8995872834645668
0
LINE
8
BLACK
6
CONTINUOUS
10
0.7133488976377953
20
1.8995872834645668
11
0.712976968503937
21
1.89913468503937
0
LINE
8
BLACK
6
CONTINUOUS
10
0.712976968503937
20
1.89913468503937
11
0.710163031496063
21
1.8963243307086615
0
LINE
8
BLACK
6
CONTINUOUS
10
0.710163031496063
20
1.8963243307086615
11
0.7097099606299212
21
1.8959529921259841
0
LINE
8
BLACK
6
CONTINUOUS
10
0.7097099606299212
20
1.8959529921259841
11
0.7096077165354331
21
1.8958352362204725
0
LINE
8
BLACK
6
CONTINUOUS
10
0.7096077165354331
20
1.8958352362204725
11
0.7094300393700788
21
1.8957235433070865
0
LINE
8
BLACK
6
CONTINUOUS
10
0.7094300393700788
20
1.8957235433070865
11
0.7092676771653543
21
1.8955904724409449
0
LINE
8
BLACK
6
CONTINUOUS
10
0.7092676771653543
20
1.8955904724409449
11
0.7091234645669291
21
1.8955308267716535
0
LINE
8
BLACK
6
CONTINUOUS
10
0.7091234645669291
20
1.8955308267716535
11
0.7086275590551181
21
1.8952191338582676
0
LINE
8
BLACK
6
CONTINUOUS
10
0.7086275590551181
20
1.8952191338582676
11
0.7030014960629921
21
1.8924105118110235
0
LINE
8
BLACK
6
CONTINUOUS
10
0.7030014960629921
20
1.8924105118110235
11
0.70192
21
1.8919974409448819
0
LINE
8
BLACK
6
CONTINUOUS
10
0.70192
20
1.8919974409448819
11
0.7017082677165354
21
1.8919825196850393
0
LINE
8
BLACK
6
CONTINUOUS
10
0.7017082677165354
20
1.8919825196850393
11
0.701512283464567
21
1.8919014960629921
0
LINE
8
BLACK
6
CONTINUOUS
10
0.701512283464567
20
1.8919014960629921
11
0.7003600787401575
21
1.8917887401574802
0
LINE
8
BLACK
6
CONTINUOUS
10
0.7003600787401575
20
1.8917887401574802
11
0.6862993307086614
21
1.8917976377952757
0
LINE
8
BLACK
6
CONTINUOUS
10
0.6862993307086614
20
1.8917976377952757
11
0.6851472834645669
21
1.8919118503937007
0
LINE
8
BLACK
6
CONTINUOUS
10
0.6851472834645669
20
1.8919118503937007
11
0.6849512992125985
21
1.8919931496062992
0
LINE
8
BLACK
6
CONTINUOUS
10
0.6849512992125985
20
1.8919931496062992
11
0.6847396850393701
21
1.8920083464566928
0
LINE
8
BLACK
6
CONTINUOUS
10
0.6847396850393701
20
1.8920083464566928
11
0.6836587007874015
21
1.8924227952755905
0
LINE
8
BLACK
6
CONTINUOUS
10
0.6836587007874015
20
1.8924227952755905
11
0.6780361811023622
21
1.8952384645669291
0
LINE
8
BLACK
6
CONTINUOUS
10
0.6780361811023622
20
1.8952384645669291
11
0.6775405118110236
21
1.8955508661417322
0
LINE
8
BLACK
6
CONTINUOUS
10
0.6775405118110236
20
1.8955508661417322
11
0.6773964960629921
21
1.8956106692913386
0
LINE
8
BLACK
6
CONTINUOUS
10
0.6773964960629921
20
1.8956106692913386
11
0.6772343700787401
21
1.8957438582677164
0
LINE
8
BLACK
6
CONTINUOUS
10
0.6772343700787401
20
1.8957438582677164
11
0.677056811023622
21
1.8958558267716534
0
LINE
8
BLACK
6
CONTINUOUS
10
0.677056811023622
20
1.8958558267716534
11
0.6769546456692913
21
1.8959737401574803
0
LINE
8
BLACK
6
CONTINUOUS
10
0.6769546456692913
20
1.8959737401574803
11
0.6765020472440945
21
1.8963457086614173
0
LINE
8
BLACK
6
CONTINUOUS
10
0.6765020472440945
20
1.8963457086614173
11
0.6736916929133858
21
1.8991596456692912
0
LINE
8
BLACK
6
CONTINUOUS
10
0.6736916929133858
20
1.8991596456692912
11
0.6729578346456693
21
1.900055
0
LINE
8
BLACK
6
CONTINUOUS
10
0.6729578346456693
20
1.900055
11
0.6720774409448819
21
1.9021844094488189
0
LINE
8
BLACK
6
CONTINUOUS
10
0.6720774409448819
20
1.9021844094488189
11
0.6720788976377953
21
1.9044885826771654
0
LINE
8
BLACK
6
CONTINUOUS
10
0.6720788976377953
20
1.9044885826771654
11
0.6729620078740157
21
1.9066168503937007
0
LINE
8
BLACK
6
CONTINUOUS
10
0.6729620078740157
20
1.9066168503937007
11
0.6745924015748032
21
1.908245157480315
0
LINE
8
BLACK
6
CONTINUOUS
10
0.6745924015748032
20
1.908245157480315
11
0.6767218110236221
21
1.9091255511811023
0
LINE
8
BLACK
6
CONTINUOUS
10
0.6767218110236221
20
1.9091255511811023
11
0.6790259842519685
21
1.9091240944881889
0
LINE
8
BLACK
6
CONTINUOUS
10
0.6790259842519685
20
1.9091240944881889
11
0.6811542519685039
21
1.9082409842519685
0
LINE
8
BLACK
6
CONTINUOUS
10
0.6811542519685039
20
1.9082409842519685
11
0.6820487007874015
21
1.9075059448818896
0
LINE
8
BLACK
6
CONTINUOUS
10
0.6820487007874015
20
1.9075059448818896
11
0.6841817716535433
21
1.9053701181102363
0
LINE
8
BLACK
6
CONTINUOUS
10
0.6841817716535433
20
1.9053701181102363
11
0.687700905511811
21
1.9036077559055118
0
LINE
8
BLACK
6
CONTINUOUS
10
0.687700905511811
20
1.9036077559055118
11
0.6989733858267716
21
1.9036006299212598
0
LINE
8
BLACK
6
CONTINUOUS
10
0.6989733858267716
20
1.9036006299212598
11
0.7024948031496063
21
1.9053585433070865
0
LINE
8
BLACK
6
CONTINUOUS
10
0.7024948031496063
20
1.9053585433070865
11
0.7039525196850394
21
1.9068144094488189
0
LINE
8
BLACK
6
CONTINUOUS
10
0.7039525196850394
20
1.9068144094488189
11
0.7057148818897637
21
1.9103335433070865
0
LINE
8
BLACK
6
CONTINUOUS
10
0.7057148818897637
20
1.9103335433070865
11
0.7057220078740157
21
1.9216061023622046
0
LINE
8
BLACK
6
CONTINUOUS
10
0.7057220078740157
20
1.9216061023622046
11
0.7039641338582677
21
1.925127401574803
0
LINE
8
BLACK
6
CONTINUOUS
10
0.7039641338582677
20
1.925127401574803
11
0.7025081496062991
21
1.9265851968503938
0
LINE
8
BLACK
6
CONTINUOUS
10
0.7025081496062991
20
1.9265851968503938
11
0.6989890551181103
21
1.9283475196850393
0
LINE
8
BLACK
6
CONTINUOUS
10
0.6989890551181103
20
1.9283475196850393
11
0.6877164960629921
21
1.9283546456692913
0
LINE
8
BLACK
6
CONTINUOUS
10
0.6877164960629921
20
1.9283546456692913
11
0.6841951968503936
21
1.9265967322834645
0
LINE
8
BLACK
6
CONTINUOUS
10
0.6841951968503936
20
1.9265967322834645
11
0.6820593307086614
21
1.924463622047244
0
LINE
8
BLACK
6
CONTINUOUS
10
0.6820593307086614
20
1.924463622047244
11
0.6811639763779528
21
1.9237297637795274
0
LINE
8
BLACK
6
CONTINUOUS
10
0.6811639763779528
20
1.9237297637795274
11
0.6808891338582677
21
1.9236161023622047
0
LINE
8
BLACK
6
CONTINUOUS
10
0.6808891338582677
20
1.9236161023622047
11
0.6806589370078741
21
1.923428031496063
0
LINE
8
BLACK
6
CONTINUOUS
10
0.6806589370078741
20
1.923428031496063
11
0.6798322440944882
21
1.9231791338582678
0
LINE
8
BLACK
6
CONTINUOUS
10
0.6798322440944882
20
1.9231791338582678
11
0.6790345669291339
21
1.9228493700787401
0
LINE
8
BLACK
6
CONTINUOUS
10
0.6790345669291339
20
1.9228493700787401
11
0.6787373228346456
21
1.9228495275590551
0
LINE
8
BLACK
6
CONTINUOUS
10
0.6787373228346456
20
1.9228495275590551
11
0.6784525196850394
21
1.9227638188976377
0
LINE
8
BLACK
6
CONTINUOUS
10
0.6784525196850394
20
1.9227638188976377
11
0.6775934251968504
21
1.9228502755905512
0
LINE
8
BLACK
6
CONTINUOUS
10
0.6775934251968504
20
1.9228502755905512
11
0.6767303937007874
21
1.9228508267716535
0
LINE
8
BLACK
6
CONTINUOUS
10
0.6767303937007874
20
1.9228508267716535
11
0.676455748031496
21
1.9229647637795275
0
LINE
8
BLACK
6
CONTINUOUS
10
0.676455748031496
20
1.9229647637795275
11
0.6761598818897637
21
1.9229945669291337
0
LINE
8
BLACK
6
CONTINUOUS
10
0.6761598818897637
20
1.9229945669291337
11
0.6753996062992126
21
1.9234029921259843
0
LINE
8
BLACK
6
CONTINUOUS
10
0.6753996062992126
20
1.9234029921259843
11
0.674602125984252
21
1.9237339370078739
0
LINE
8
BLACK
6
CONTINUOUS
10
0.674602125984252
20
1.9237339370078739
11
0.6743918897637795
21
1.9239444094488189
0
LINE
8
BLACK
6
CONTINUOUS
10
0.6743918897637795
20
1.9239444094488189
11
0.6741300393700788
21
1.9240851181102361
0
LINE
8
BLACK
6
CONTINUOUS
10
0.6741300393700788
20
1.9240851181102361
11
0.6735839763779528
21
1.9247533464566928
0
LINE
8
BLACK
6
CONTINUOUS
10
0.6735839763779528
20
1.9247533464566928
11
0.6729738188976377
21
1.9253643307086614
0
LINE
8
BLACK
6
CONTINUOUS
10
0.6729738188976377
20
1.9253643307086614
11
0.6728601574803149
21
1.9256391338582677
0
LINE
8
BLACK
6
CONTINUOUS
10
0.6728601574803149
20
1.9256391338582677
11
0.6726720866141732
21
1.9258693700787402
0
LINE
8
BLACK
6
CONTINUOUS
10
0.6726720866141732
20
1.9258693700787402
11
0.672423188976378
21
1.9266960236220472
0
LINE
8
BLACK
6
CONTINUOUS
10
0.672423188976378
20
1.9266960236220472
11
0.6720934251968503
21
1.9274937401574803
0
LINE
8
BLACK
6
CONTINUOUS
10
0.6720934251968503
20
1.9274937401574803
11
0.6720935826771653
21
1.9277909448818897
0
LINE
8
BLACK
6
CONTINUOUS
10
0.6720935826771653
20
1.9277909448818897
11
0.672007874015748
21
1.9280757874015748
0
LINE
8
BLACK
6
CONTINUOUS
10
0.672007874015748
20
1.9280757874015748
11
0.6720103543307087
21
1.9292334645669291
0
LINE
8
BLACK
6
CONTINUOUS
10
0.6720103543307087
20
1.9292334645669291
11
0.6748403149606299
21
1.9573531496062992
0
LINE
8
BLACK
6
CONTINUOUS
10
0.6748403149606299
20
1.9573531496062992
11
0.6749247244094488
21
1.9577729527559056
0
LINE
8
BLACK
6
CONTINUOUS
10
0.6749247244094488
20
1.9577729527559056
11
0.674924842519685
21
1.9579175984251969
0
LINE
8
BLACK
6
CONTINUOUS
10
0.674924842519685
20
1.9579175984251969
11
0.674981062992126
21
1.9580531496062992
0
LINE
8
BLACK
6
CONTINUOUS
10
0.674981062992126
20
1.9580531496062992
11
0.6750685826771653
21
1.9584881496062991
0
LINE
8
BLACK
6
CONTINUOUS
10
0.6750685826771653
20
1.9584881496062991
11
0.6754771653543307
21
1.9592486614173228
0
LINE
8
BLACK
6
CONTINUOUS
10
0.6754771653543307
20
1.9592486614173228
11
0.6758079921259842
21
1.9600458661417322
0
LINE
8
BLACK
6
CONTINUOUS
10
0.6758079921259842
20
1.9600458661417322
11
0.6760183858267717
21
1.9602559842519685
0
LINE
8
BLACK
6
CONTINUOUS
10
0.6760183858267717
20
1.9602559842519685
11
0.6761591338582676
21
1.9605179527559056
0
LINE
8
BLACK
6
CONTINUOUS
10
0.6761591338582676
20
1.9605179527559056
11
0.6768274409448819
21
1.9610640551181102
0
LINE
8
BLACK
6
CONTINUOUS
10
0.6768274409448819
20
1.9610640551181102
11
0.6774383070866141
21
1.9616741338582677
0
LINE
8
BLACK
6
CONTINUOUS
10
0.6774383070866141
20
1.9616741338582677
11
0.6777131102362205
21
1.9617877559055117
0
LINE
8
BLACK
6
CONTINUOUS
10
0.6777131102362205
20
1.9617877559055117
11
0.6779433858267716
21
1.9619759055118109
0
LINE
8
BLACK
6
CONTINUOUS
10
0.6779433858267716
20
1.9619759055118109
11
0.6787699606299212
21
1.9622247244094488
0
LINE
8
BLACK
6
CONTINUOUS
10
0.6787699606299212
20
1.9622247244094488
11
0.6795676771653543
21
1.9625545669291338
0
LINE
8
BLACK
6
CONTINUOUS
10
0.6795676771653543
20
1.9625545669291338
11
0.6800090944881889
21
1.9625977559055117
0
LINE
8
BLACK
6
CONTINUOUS
10
0.6800090944881889
20
1.9625977559055117
11
0.6801498031496063
21
1.9626401181102362
0
LINE
8
BLACK
6
CONTINUOUS
10
0.6801498031496063
20
1.9626401181102362
11
0.6802937795275591
21
1.9626255905511811
0
LINE
8
BLACK
6
CONTINUOUS
10
0.6802937795275591
20
1.9626255905511811
11
0.6807198818897637
21
1.9626673228346456
0
LINE
8
BLACK
6
CONTINUOUS
10
0.6807198818897637
20
1.9626673228346456
11
0.7088413779527559
21
1.962649527559055
0
LINE
8
BLACK
6
CONTINUOUS
10
0.6109835433070866
20
1.9625979527559054
11
0.6115682283464566
21
1.9625975984251969
0
LINE
8
BLACK
6
CONTINUOUS
10
0.6115682283464566
20
1.9625975984251969
11
0.6121025196850394
21
1.9623758661417323
0
LINE
8
BLACK
6
CONTINUOUS
10
0.6121025196850394
20
1.9623758661417323
11
0.6126701181102362
21
1.9622632283464567
0
LINE
8
BLACK
6
CONTINUOUS
10
0.6126701181102362
20
1.9622632283464567
11
0.6131564566929134
21
1.9619385039370079
0
LINE
8
BLACK
6
CONTINUOUS
10
0.6131564566929134
20
1.9619385039370079
11
0.6136964960629921
21
1.9617144488188976
0
LINE
8
BLACK
6
CONTINUOUS
10
0.6136964960629921
20
1.9617144488188976
11
0.6141053149606299
21
1.9613050787401574
0
LINE
8
BLACK
6
CONTINUOUS
10
0.6141053149606299
20
1.9613050787401574
11
0.6145865748031496
21
1.9609838188976378
0
LINE
8
BLACK
6
CONTINUOUS
10
0.6145865748031496
20
1.9609838188976378
11
0.6149115354330709
21
1.9604978346456692
0
LINE
8
BLACK
6
CONTINUOUS
10
0.6149115354330709
20
1.9604978346456692
11
0.6153247637795275
21
1.9600841338582677
0
LINE
8
BLACK
6
CONTINUOUS
10
0.6153247637795275
20
1.9600841338582677
11
0.6155458661417322
21
1.9595493307086613
0
LINE
8
BLACK
6
CONTINUOUS
10
0.6155458661417322
20
1.9595493307086613
11
0.6158674803149606
21
1.9590684645669292
0
LINE
8
BLACK
6
CONTINUOUS
10
0.6158674803149606
20
1.9590684645669292
11
0.6159817716535433
21
1.9584950787401574
0
LINE
8
BLACK
6
CONTINUOUS
10
0.6159817716535433
20
1.9584950787401574
11
0.6162051968503937
21
1.9579547637795276
0
LINE
8
BLACK
6
CONTINUOUS
10
0.6162051968503937
20
1.9579547637795276
11
0.6163167322834645
21
1.9568146850393699
0
LINE
8
BLACK
6
CONTINUOUS
10
0.6163167322834645
20
1.9568146850393699
11
0.6163179527559055
21
1.9568087401574803
0
LINE
8
BLACK
6
CONTINUOUS
10
0.6163179527559055
20
1.9568087401574803
11
0.6163175196850393
21
1.9568066929133858
0
LINE
8
BLACK
6
CONTINUOUS
10
0.6163175196850393
20
1.9568066929133858
11
0.6163179527559055
21
1.9568025590551181
0
LINE
8
BLACK
6
CONTINUOUS
10
0.6163179527559055
20
1.9568025590551181
11
0.6162842913385826
21
1.9036529527559054
0
LINE
8
BLACK
6
CONTINUOUS
10
0.6162842913385826
20
1.9036529527559054
11
0.6272516929133858
21
1.9036460236220472
0
LINE
8
BLACK
6
CONTINUOUS
10
0.6272516929133858
20
1.9036460236220472
11
0.6284037401574804
21
1.9035318110236219
0
LINE
8
BLACK
6
CONTINUOUS
10
0.6284037401574804
20
1.9035318110236219
11
0.6305320078740158
21
1.9026486614173228
0
LINE
8
BLACK
6
CONTINUOUS
10
0.6305320078740158
20
1.9026486614173228
11
0.6321602755905512
21
1.9010183464566928
0
LINE
8
BLACK
6
CONTINUOUS
10
0.6321602755905512
20
1.9010183464566928
11
0.6330407086614173
21
1.8988889763779526
0
LINE
8
BLACK
6
CONTINUOUS
10
0.6330407086614173
20
1.8988889763779526
11
0.633039251968504
21
1.8965847244094487
0
LINE
8
BLACK
6
CONTINUOUS
10
0.633039251968504
20
1.8965847244094487
11
0.6321561023622048
21
1.8944564566929134
0
LINE
8
BLACK
6
CONTINUOUS
10
0.6321561023622048
20
1.8944564566929134
11
0.6305257874015748
21
1.8928281889763778
0
LINE
8
BLACK
6
CONTINUOUS
10
0.6305257874015748
20
1.8928281889763778
11
0.6283964173228346
21
1.891947716535433
0
LINE
8
BLACK
6
CONTINUOUS
10
0.6283964173228346
20
1.891947716535433
11
0.6272442125984252
21
1.8918349999999999
0
LINE
8
BLACK
6
CONTINUOUS
10
0.6272442125984252
20
1.8918349999999999
11
0.5934984645669291
21
1.891856377952756
0
LINE
8
BLACK
6
CONTINUOUS
10
0.5934984645669291
20
1.891856377952756
11
0.5923464173228347
21
1.891970590551181
0
LINE
8
BLACK
6
CONTINUOUS
10
0.5923464173228347
20
1.891970590551181
11
0.5902181496062991
21
1.8928537401574803
0
LINE
8
BLACK
6
CONTINUOUS
10
0.5902181496062991
20
1.8928537401574803
11
0.5885898818897638
21
1.8944840551181101
0
LINE
8
BLACK
6
CONTINUOUS
10
0.5885898818897638
20
1.8944840551181101
11
0.5877094094488189
21
1.8966134251968503
0
LINE
8
BLACK
6
CONTINUOUS
10
0.5877094094488189
20
1.8966134251968503
11
0.587710905511811
21
1.8989176771653542
0
LINE
8
BLACK
6
CONTINUOUS
10
0.587710905511811
20
1.8989176771653542
11
0.5885940551181102
21
1.9010459448818897
0
LINE
8
BLACK
6
CONTINUOUS
10
0.5885940551181102
20
1.9010459448818897
11
0.5902243700787402
21
1.9026742125984251
0
LINE
8
BLACK
6
CONTINUOUS
10
0.5902243700787402
20
1.9026742125984251
11
0.5923537401574803
21
1.9035546850393701
0
LINE
8
BLACK
6
CONTINUOUS
10
0.5923537401574803
20
1.9035546850393701
11
0.5935059448818898
21
1.9036674015748032
0
LINE
8
BLACK
6
CONTINUOUS
10
0.5935059448818898
20
1.9036674015748032
11
0.6044732677165354
21
1.9036604330708662
0
LINE
8
BLACK
6
CONTINUOUS
10
0.6044732677165354
20
1.9036604330708662
11
0.6044961023622047
21
1.9397407086614173
0
LINE
8
BLACK
6
CONTINUOUS
10
0.6044961023622047
20
1.9397407086614173
11
0.6033281496062992
21
1.9385742125984251
0
LINE
8
BLACK
6
CONTINUOUS
10
0.6033281496062992
20
1.9385742125984251
11
0.6028750393700787
21
1.9382028346456692
0
LINE
8
BLACK
6
CONTINUOUS
10
0.6028750393700787
20
1.9382028346456692
11
0.6027727952755906
21
1.9380850787401573
0
LINE
8
BLACK
6
CONTINUOUS
10
0.6027727952755906
20
1.9380850787401573
11
0.6025950787401575
21
1.9379733464566928
0
LINE
8
BLACK
6
CONTINUOUS
10
0.6025950787401575
20
1.9379733464566928
11
0.6024327952755906
21
1.9378403543307086
0
LINE
8
BLACK
6
CONTINUOUS
10
0.6024327952755906
20
1.9378403543307086
11
0.6022886220472441
21
1.9377807480314959
0
LINE
8
BLACK
6
CONTINUOUS
10
0.6022886220472441
20
1.9377807480314959
11
0.6017926377952756
21
1.9374689763779527
0
LINE
8
BLACK
6
CONTINUOUS
10
0.6017926377952756
20
1.9374689763779527
11
0.5961665748031496
21
1.9346603543307086
0
LINE
8
BLACK
6
CONTINUOUS
10
0.5961665748031496
20
1.9346603543307086
11
0.5950850787401575
21
1.934247283464567
0
LINE
8
BLACK
6
CONTINUOUS
10
0.5950850787401575
20
1.934247283464567
11
0.5927865354330708
21
1.9340854330708661
0
LINE
8
BLACK
6
CONTINUOUS
10
0.5927865354330708
20
1.9340854330708661
11
0.5906011023622048
21
1.9348154724409448
0
LINE
8
BLACK
6
CONTINUOUS
10
0.5906011023622048
20
1.9348154724409448
11
0.5888612992125984
21
1.9363262598425197
0
LINE
8
BLACK
6
CONTINUOUS
10
0.5888612992125984
20
1.9363262598425197
11
0.5878320866141732
21
1.9383879133858268
0
LINE
8
BLACK
6
CONTINUOUS
10
0.5878320866141732
20
1.9383879133858268
11
0.5876702362204724
21
1.9406864566929134
0
LINE
8
BLACK
6
CONTINUOUS
10
0.5876702362204724
20
1.9406864566929134
11
0.5884002755905512
21
1.9428718897637796
0
LINE
8
BLACK
6
CONTINUOUS
10
0.5884002755905512
20
1.9428718897637796
11
0.5899110629921259
21
1.9446116929133859
0
LINE
8
BLACK
6
CONTINUOUS
10
0.5899110629921259
20
1.9446116929133859
11
0.5908912204724409
21
1.9452278346456693
0
LINE
8
BLACK
6
CONTINUOUS
10
0.5908912204724409
20
1.9452278346456693
11
0.5956598425196851
21
1.9476083858267716
0
LINE
8
BLACK
6
CONTINUOUS
10
0.5956598425196851
20
1.9476083858267716
11
0.6001958267716535
21
1.9521386220472441
0
LINE
8
BLACK
6
CONTINUOUS
10
0.6001958267716535
20
1.9521386220472441
11
0.6055008267716535
21
1.9600851968503936
0
LINE
8
BLACK
6
CONTINUOUS
10
0.6055008267716535
20
1.9600851968503936
11
0.6055035039370079
21
1.960088464566929
0
LINE
8
BLACK
6
CONTINUOUS
10
0.6055035039370079
20
1.960088464566929
11
0.6055042913385826
21
1.9600903543307087
0
LINE
8
BLACK
6
CONTINUOUS
10
0.6055042913385826
20
1.9600903543307087
11
0.6055085039370078
21
1.9600945669291339
0
LINE
8
BLACK
6
CONTINUOUS
10
0.6055085039370078
20
1.9600945669291339
11
0.6062348818897637
21
1.960980433070866
0
LINE
8
BLACK
6
CONTINUOUS
10
0.6062348818897637
20
1.960980433070866
11
0.6067210236220473
21
1.9613055511811024
0
LINE
8
BLACK
6
CONTINUOUS
10
0.6067210236220473
20
1.9613055511811024
11
0.6071346062992126
21
1.9617185826771653
0
LINE
8
BLACK
6
CONTINUOUS
10
0.6071346062992126
20
1.9617185826771653
11
0.6076692125984252
21
1.9619396456692912
0
LINE
8
BLACK
6
CONTINUOUS
10
0.6076692125984252
20
1.9619396456692912
11
0.6081502755905511
21
1.962261338582677
0
LINE
8
BLACK
6
CONTINUOUS
10
0.6081502755905511
20
1.962261338582677
11
0.6087236614173228
21
1.9623756299212598
0
LINE
8
BLACK
6
CONTINUOUS
10
0.6087236614173228
20
1.9623756299212598
11
0.6092639763779527
21
1.9625990551181103
0
LINE
8
BLACK
6
CONTINUOUS
10
0.6092639763779527
20
1.9625990551181103
11
0.6098424803149606
21
1.9625986614173228
0
LINE
8
BLACK
6
CONTINUOUS
10
0.6098424803149606
20
1.9625986614173228
11
0.6104099606299213
21
1.9627118110236219
0
LINE
8
BLACK
6
CONTINUOUS
10
0.6104099606299213
20
1.9627118110236219
11
0.6109835433070866
21
1.9625979527559054
0
LINE
8
BLACK
6
CONTINUOUS
10
0.6514137795275591
20
1.9091415354330707
11
0.6537166141732283
21
1.9091401574803148
0
LINE
8
BLACK
6
CONTINUOUS
10
0.6537166141732283
20
1.9091401574803148
11
0.6552222834645669
21
1.90851531496063
0
LINE
8
BLACK
6
CONTINUOUS
10
0.6552222834645669
20
1.90851531496063
11
0.655844842519685
21
1.9082570078740158
0
LINE
8
BLACK
6
CONTINUOUS
10
0.655844842519685
20
1.9082570078740158
11
0.6567392913385827
21
1.9075220078740156
0
LINE
8
BLACK
6
CONTINUOUS
10
0.6567392913385827
20
1.9075220078740156
11
0.6595496850393701
21
1.9047080708661417
0
LINE
8
BLACK
6
CONTINUOUS
10
0.6595496850393701
20
1.9047080708661417
11
0.6602835433070866
21
1.903812716535433
0
LINE
8
BLACK
6
CONTINUOUS
10
0.6602835433070866
20
1.903812716535433
11
0.6611639763779528
21
1.9016833070866141
0
LINE
8
BLACK
6
CONTINUOUS
10
0.6611639763779528
20
1.9016833070866141
11
0.6611625196850394
21
1.8993791338582677
0
LINE
8
BLACK
6
CONTINUOUS
10
0.6611625196850394
20
1.8993791338582677
11
0.6602794094488189
21
1.8972508661417322
0
LINE
8
BLACK
6
CONTINUOUS
10
0.6602794094488189
20
1.8972508661417322
11
0.6595444094488189
21
1.8963564173228347
0
LINE
8
BLACK
6
CONTINUOUS
10
0.6595444094488189
20
1.8963564173228347
11
0.6567304724409448
21
1.8935460236220472
0
LINE
8
BLACK
6
CONTINUOUS
10
0.6567304724409448
20
1.8935460236220472
11
0.655835157480315
21
1.8928122047244094
0
LINE
8
BLACK
6
CONTINUOUS
10
0.655835157480315
20
1.8928122047244094
11
0.6558351181102362
21
1.8928121653543306
0
LINE
8
BLACK
6
CONTINUOUS
10
0.6558351181102362
20
1.8928121653543306
11
0.6546097244094488
21
1.8923055118110237
0
LINE
8
BLACK
6
CONTINUOUS
10
0.6546097244094488
20
1.8923055118110237
11
0.6537057480314961
21
1.8919317322834646
0
LINE
8
BLACK
6
CONTINUOUS
10
0.6537057480314961
20
1.8919317322834646
11
0.6537057086614173
21
1.8919317322834646
0
LINE
8
BLACK
6
CONTINUOUS
10
0.6537057086614173
20
1.8919317322834646
11
0.6537042913385827
21
1.8919317322834646
0
LINE
8
BLACK
6
CONTINUOUS
10
0.6537042913385827
20
1.8919317322834646
11
0.6514014960629921
21
1.8919331496062992
0
LINE
8
BLACK
6
CONTINUOUS
10
0.6514014960629921
20
1.8919331496062992
11
0.6498194094488189
21
1.89258968503937
0
LINE
8
BLACK
6
CONTINUOUS
10
0.6498194094488189
20
1.89258968503937
11
0.6492732677165354
21
1.8928162992125983
0
LINE
8
BLACK
6
CONTINUOUS
10
0.6492732677165354
20
1.8928162992125983
11
0.6483788188976378
21
1.8935512992125985
0
LINE
8
BLACK
6
CONTINUOUS
10
0.6483788188976378
20
1.8935512992125985
11
0.6455684251968504
21
1.8963652362204724
0
LINE
8
BLACK
6
CONTINUOUS
10
0.6455684251968504
20
1.8963652362204724
11
0.6448345669291339
21
1.897260590551181
0
LINE
8
BLACK
6
CONTINUOUS
10
0.6448345669291339
20
1.897260590551181
11
0.6439541338582677
21
1.8993899999999999
0
LINE
8
BLACK
6
CONTINUOUS
10
0.6439541338582677
20
1.8993899999999999
11
0.6439555905511811
21
1.9016941732283463
0
LINE
8
BLACK
6
CONTINUOUS
10
0.6439555905511811
20
1.9016941732283463
11
0.6448387007874016
21
1.9038224409448818
0
LINE
8
BLACK
6
CONTINUOUS
10
0.6448387007874016
20
1.9038224409448818
11
0.6455737007874015
21
1.9047168897637794
0
LINE
8
BLACK
6
CONTINUOUS
10
0.6455737007874015
20
1.9047168897637794
11
0.6483876377952755
21
1.9075272834645669
0
LINE
8
BLACK
6
CONTINUOUS
10
0.6483876377952755
20
1.9075272834645669
11
0.6492829921259843
21
1.9082611417322835
0
LINE
8
BLACK
6
CONTINUOUS
10
0.6492829921259843
20
1.9082611417322835
11
0.6508193700787401
21
1.9088963779527559
0
LINE
8
BLACK
6
CONTINUOUS
10
0.6508193700787401
20
1.9088963779527559
11
0.6514123622047244
21
1.9091415748031495
0
LINE
8
BLACK
6
CONTINUOUS
10
0.6514123622047244
20
1.9091415748031495
11
0.6514123622047244
21
1.9091415354330707
0
LINE
8
BLACK
6
CONTINUOUS
10
0.6514123622047244
20
1.9091415354330707
11
0.6514124015748032
21
1.9091415748031495
0
LINE
8
BLACK
6
CONTINUOUS
10
0.6514124015748032
20
1.9091415748031495
11
0.6514137795275591
21
1.9091415354330707
0
LINE
8
BLACK
6
CONTINUOUS
10
0.9518381102362204
20
1.9623822440944882
11
0.9524622047244095
21
1.9621232283464567
0
LINE
8
BLACK
6
CONTINUOUS
10
0.9524622047244095
20
1.9621232283464567
11
0.9539663385826771
21
1.9614991338582677
0
LINE
8
BLACK
6
CONTINUOUS
10
0.9539663385826771
20
1.9614991338582677
11
0.9548607874015748
21
1.960764094488189
0
LINE
8
BLACK
6
CONTINUOUS
10
0.9548607874015748
20
1.960764094488189
11
0.9576711023622047
21
1.9579501968503936
0
LINE
8
BLACK
6
CONTINUOUS
10
0.9576711023622047
20
1.9579501968503936
11
0.958405
21
1.9570548031496062
0
LINE
8
BLACK
6
CONTINUOUS
10
0.958405
20
1.9570548031496062
11
0.9592853937007874
21
1.9549253937007873
0
LINE
8
BLACK
6
CONTINUOUS
10
0.9592853937007874
20
1.9549253937007873
11
0.959283937007874
21
1.9526212204724409
0
LINE
8
BLACK
6
CONTINUOUS
10
0.959283937007874
20
1.9526212204724409
11
0.9584008267716535
21
1.9504929527559054
0
LINE
8
BLACK
6
CONTINUOUS
10
0.9584008267716535
20
1.9504929527559054
11
0.9576657874015748
21
1.9495985039370078
0
LINE
8
BLACK
6
CONTINUOUS
10
0.9576657874015748
20
1.9495985039370078
11
0.9548518503937008
21
1.9467881496062991
0
LINE
8
BLACK
6
CONTINUOUS
10
0.9548518503937008
20
1.9467881496062991
11
0.9539564960629922
21
1.9460542913385825
0
LINE
8
BLACK
6
CONTINUOUS
10
0.9539564960629922
20
1.9460542913385825
11
0.9533320078740157
21
1.9457961023622046
0
LINE
8
BLACK
6
CONTINUOUS
10
0.9533320078740157
20
1.9457961023622046
11
0.9518271259842519
21
1.9451738582677165
0
LINE
8
BLACK
6
CONTINUOUS
10
0.9518271259842519
20
1.9451738582677165
11
0.949522874015748
21
1.9451753543307087
0
LINE
8
BLACK
6
CONTINUOUS
10
0.949522874015748
20
1.9451753543307087
11
0.9485114960629921
21
1.9455950393700787
0
LINE
8
BLACK
6
CONTINUOUS
10
0.9485114960629921
20
1.9455950393700787
11
0.9473946456692913
21
1.946058464566929
0
LINE
8
BLACK
6
CONTINUOUS
10
0.9473946456692913
20
1.946058464566929
11
0.9473946062992126
21
1.9460585039370077
0
LINE
8
BLACK
6
CONTINUOUS
10
0.9473946062992126
20
1.9460585039370077
11
0.9465001968503937
21
1.9467935039370079
0
LINE
8
BLACK
6
CONTINUOUS
10
0.9465001968503937
20
1.9467935039370079
11
0.943689842519685
21
1.9496074409448818
0
LINE
8
BLACK
6
CONTINUOUS
10
0.943689842519685
20
1.9496074409448818
11
0.9429559842519685
21
1.9505027952755905
0
LINE
8
BLACK
6
CONTINUOUS
10
0.9429559842519685
20
1.9505027952755905
11
0.9420755905511811
21
1.9526322047244093
0
LINE
8
BLACK
6
CONTINUOUS
10
0.9420755905511811
20
1.9526322047244093
11
0.9420770472440945
21
1.9549363779527558
0
LINE
8
BLACK
6
CONTINUOUS
10
0.9420770472440945
20
1.9549363779527558
11
0.9429601574803149
21
1.9570646456692913
0
LINE
8
BLACK
6
CONTINUOUS
10
0.9429601574803149
20
1.9570646456692913
11
0.9436951968503937
21
1.9579590944881888
0
LINE
8
BLACK
6
CONTINUOUS
10
0.9436951968503937
20
1.9579590944881888
11
0.946509094488189
21
1.9607694094488188
0
LINE
8
BLACK
6
CONTINUOUS
10
0.946509094488189
20
1.9607694094488188
11
0.9474044881889764
21
1.9615033070866141
0
LINE
8
BLACK
6
CONTINUOUS
10
0.9474044881889764
20
1.9615033070866141
11
0.9482418897637795
21
1.9618495275590551
0
LINE
8
BLACK
6
CONTINUOUS
10
0.9482418897637795
20
1.9618495275590551
11
0.9495338582677165
21
1.9623837401574802
0
LINE
8
BLACK
6
CONTINUOUS
10
0.9495338582677165
20
1.9623837401574802
11
0.9518381102362204
21
1.9623822440944882
0
CIRCLE
8
BLACK
10
0.425
20
1.355
40
0.0068897637795276
0
CIRCLE
8
BLACK
10
0.525
20
1.355
40
0.0068897637795276
0
CIRCLE
8
BLACK
10
0.625
20
1.355
40
0.0068897637795276
0
CIRCLE
8
BLACK
10
0.725
20
1.355
40
0.0068897637795276
0
CIRCLE
8
BLACK
10
0.725
20
1.4550000000000001
40
0.0068897637795276
0
CIRCLE
8
BLACK
10
0.625
20
1.4550000000000001
40
0.0068897637795276
0
CIRCLE
8
BLACK
10
0.525
20
1.4550000000000001
40
0.0068897637795276
0
CIRCLE
8
BLACK
10
0.425
20
1.4550000000000001
40
0.0068897637795276
0
CIRCLE
8
BLACK
10
0.8774999999999999
20
0.2375
40
0.0068897637795276
0
CIRCLE
8
BLACK
10
0.8774999999999999
20
0.3375
40
0.0068897637795276
0
CIRCLE
8
BLACK
10
0.6775
20
0.2375
40
0.0068897637795276
0
CIRCLE
8
BLACK
10
0.6775
20
0.3375
40
0.0068897637795276
0
CIRCLE
8
BLACK
10
0.2
20
1.3999999999999999
40
0.0068897637795276
0
CIRCLE
8
BLACK
10
0.2
20
0.2
40
0.0068897637795276
0
CIRCLE
8
BLACK
10
1.3999999999999999
20
1.3999999999999999
40
0.0068897637795276
0
CIRCLE
8
BLACK
10
0.7775
20
0.2375
40
0.0068897637795276
0
CIRCLE
8
BLACK
10
0.7775
20
0.3375
40
0.0068897637795276
0
CIRCLE
8
BLACK
10
1.3999999999999999
20
0.2
40
0.0068897637795276
0
CIRCLE
8
BLACK
10
1.3868503937007874
20
1.165
40
0.0068897637795276
0
CIRCLE
8
BLACK
10
1.1899999999999999
20
1.165
40
0.0068897637795276
0
CIRCLE
8
BLACK
10
1.3868503937007874
20
0.9675
40
0.0068897637795276
0
CIRCLE
8
BLACK
10
1.1899999999999999
20
0.9675
40
0.0068897637795276
0
CIRCLE
8
BLACK
10
0.2106496062992126
20
0.905
40
0.0068897637795276
0
CIRCLE
8
BLACK
10
0.4075
20
0.905
40
0.0068897637795276
0
CIRCLE
8
BLACK
10
0.2106496062992126
20
1.1025
40
0.0068897637795276
0
CIRCLE
8
BLACK
10
0.4075
20
1.1025
40
0.0068897637795276
0
CIRCLE
8
BLACK
10
1.175
20
1.4746850393700788
40
0.0068897637795276
0
CIRCLE
8
BLACK
10
1.075
20
1.4746850393700788
40
0.0068897637795276
0
CIRCLE
8
BLACK
10
0.975
20
1.4746850393700788
40
0.0068897637795276
0
CIRCLE
8
BLACK
10
0.875
20
1.4746850393700788
40
0.0068897637795276
0
CIRCLE
8
BLACK
10
0.875
20
1.3746850393700787
40
0.0068897637795276
0
CIRCLE
8
BLACK
10
0.975
20
1.3746850393700787
40
0.0068897637795276
0
CIRCLE
8
BLACK
10
1.075
20
1.3746850393700787
40
0.0068897637795276
0
CIRCLE
8
BLACK
10
1.175
20
1.3746850393700787
40
0.0068897637795276
0
CIRCLE
8
BLACK
10
0.425
20
1.355
40
0.0068897637795276
0
CIRCLE
8
BLACK
10
0.525
20
1.355
40
0.0068897637795276
0
CIRCLE
8
BLACK
10
0.625
20
1.355
40
0.0068897637795276
0
CIRCLE
8
BLACK
10
0.725
20
1.355
40
0.0068897637795276
0
CIRCLE
8
BLACK
10
0.725
20
1.4550000000000001
40
0.0068897637795276
0
CIRCLE
8
BLACK
10
0.625
20
1.4550000000000001
40
0.0068897637795276
0
CIRCLE
8
BLACK
10
0.525
20
1.4550000000000001
40
0.0068897637795276
0
CIRCLE
8
BLACK
10
0.425
20
1.4550000000000001
40
0.0068897637795276
0
CIRCLE
8
BLACK
10
0.8774999999999999
20
0.2375
40
0.0068897637795276
0
CIRCLE
8
BLACK
10
0.8774999999999999
20
0.3375
40
0.0068897637795276
0
CIRCLE
8
BLACK
10
0.6775
20
0.2375
40
0.0068897637795276
0
CIRCLE
8
BLACK
10
0.6775
20
0.3375
40
0.0068897637795276
0
CIRCLE
8
BLACK
10
0.2
20
1.3999999999999999
40
0.0068897637795276
0
CIRCLE
8
BLACK
10
0.2
20
0.2
40
0.0068897637795276
0
CIRCLE
8
BLACK
10
1.3999999999999999
20
1.3999999999999999
40
0.0068897637795276
0
CIRCLE
8
BLACK
10
0.7775
20
0.2375
40
0.0068897637795276
0
CIRCLE
8
BLACK
10
0.7775
20
0.3375
40
0.0068897637795276
0
CIRCLE
8
BLACK
10
1.3999999999999999
20
0.2
40
0.0068897637795276
0
CIRCLE
8
BLACK
10
1.3868503937007874
20
1.165
40
0.0068897637795276
0
CIRCLE
8
BLACK
10
1.1899999999999999
20
1.165
40
0.0068897637795276
0
CIRCLE
8
BLACK
10
1.3868503937007874
20
0.9675
40
0.0068897637795276
0
CIRCLE
8
BLACK
10
1.1899999999999999
20
0.9675
40
0.0068897637795276
0
CIRCLE
8
BLACK
10
0.2106496062992126
20
0.905
40
0.0068897637795276
0
CIRCLE
8
BLACK
10
0.4075
20
0.905
40
0.0068897637795276
0
CIRCLE
8
BLACK
10
0.2106496062992126
20
1.1025
40
0.0068897637795276
0
CIRCLE
8
BLACK
10
0.4075
20
1.1025
40
0.0068897637795276
0
CIRCLE
8
BLACK
10
1.175
20
1.4746850393700788
40
0.0068897637795276
0
CIRCLE
8
BLACK
10
1.075
20
1.4746850393700788
40
0.0068897637795276
0
CIRCLE
8
BLACK
10
0.975
20
1.4746850393700788
40
0.0068897637795276
0
CIRCLE
8
BLACK
10
0.875
20
1.4746850393700788
40
0.0068897637795276
0
CIRCLE
8
BLACK
10
0.875
20
1.3746850393700787
40
0.0068897637795276
0
CIRCLE
8
BLACK
10
0.975
20
1.3746850393700787
40
0.0068897637795276
0
CIRCLE
8
BLACK
10
1.075
20
1.3746850393700787
40
0.0068897637795276
0
CIRCLE
8
BLACK
10
1.175
20
1.3746850393700787
40
0.0068897637795276
  0
ENDSEC
  0
EOF
