  0
SECTION
  2
HEADER
  9
$ANGBASE
  50
0.0
  9
$ANGDIR
  70
1
  9
$MEASUREMENT
  70
0
  0
ENDSEC
  0
SECTION
  2
TABLES
  0
TABLE
  2
LTYPE
  70
4
  0
LTYPE
  5
40F
  2
CONTINUOUS
  70
0
  3
Solid line
  72
65
  73
0
  40
0.0
  0
LTYPE
  5
410
  2
DASHDOT
 70
0
  3
Dash Dot ____ _ ____ _
 72
65
 73
4
 40
2.0
 49
1.25
 49
-0.25
 49
0.25
 49
-0.25
  0
LTYPE
  5
411
  2
DASHED
 70
0
  3
Dashed __ __ __ __ __
 72
65
 73
2
 40
0.75
 49
0.5
 49
-0.25
  0
LTYPE
  5
43B
  2
DOTTED
 70
0
  3
Dotted .  .  .  .
 72
65
 73
2
 40
0.2
 49
0.0
 49
-0.2
  0
ENDTAB
  0
TABLE
  2
STYLE
  70
4
  0
STYLE
  2
KICAD
  70
0
  40
0
  41
1
  42
1
  50
0
  71
0
  3
isocp.shx
  0
STYLE
  2
KICADB
  70
0
  40
0
  41
1
  42
1
  50
0
  71
0
  3
isocp.shx
  0
STYLE
  2
KICADI
  70
0
  40
0
  41
1
  42
1
  50
15
  71
0
  3
isocp.shx
  0
STYLE
  2
KICADBI
  70
0
  40
0
  41
1
  42
1
  50
15
  71
0
  3
isocp.shx
  0
ENDTAB
  0
TABLE
  2
LAYER
  70
1
  0
LAYER
  2
BLACK
  70
0
  62
7
  6
CONTINUOUS
  0
ENDTAB
  0
ENDSEC
  0
SECTION
  2
ENTITIES
0
LINE
8
BLACK
6
CONTINUOUS
10
1.2106861811023621
20
0.1304351968503937
11
1.2110719685039371
21
0.1304351968503937
0
LINE
8
BLACK
6
CONTINUOUS
10
1.2110719685039371
20
0.1304351968503937
11
1.211432125984252
21
0.1302859842519685
0
LINE
8
BLACK
6
CONTINUOUS
10
1.211432125984252
20
0.1302859842519685
11
1.2118143307086613
21
0.1302095669291339
0
LINE
8
BLACK
6
CONTINUOUS
10
1.2118143307086613
20
0.1302095669291339
11
1.2121348031496062
21
0.1299949212598425
0
LINE
8
BLACK
6
CONTINUOUS
10
1.2121348031496062
20
0.1299949212598425
11
1.2124911811023622
21
0.1298473228346457
0
LINE
8
BLACK
6
CONTINUOUS
10
1.2124911811023622
20
0.1298473228346457
11
1.2127667322834645
21
0.1295717322834646
0
LINE
8
BLACK
6
CONTINUOUS
10
1.2127667322834645
20
0.1295717322834646
11
1.2130907086614173
21
0.1293548031496063
0
LINE
8
BLACK
6
CONTINUOUS
10
1.2130907086614173
20
0.1293548031496063
11
1.2133046850393701
21
0.129033779527559
0
LINE
8
BLACK
6
CONTINUOUS
10
1.2133046850393701
20
0.129033779527559
11
1.2135774015748031
21
0.1287611023622047
0
LINE
8
BLACK
6
CONTINUOUS
10
1.2135774015748031
20
0.1287611023622047
11
1.2137265354330709
21
0.1284009842519685
0
LINE
8
BLACK
6
CONTINUOUS
10
1.2137265354330709
20
0.1284009842519685
11
1.2139427952755906
21
0.1280766535433071
0
LINE
8
BLACK
6
CONTINUOUS
10
1.2139427952755906
20
0.1280766535433071
11
1.2140176377952756
21
0.1276982677165354
0
LINE
8
BLACK
6
CONTINUOUS
10
1.2140176377952756
20
0.1276982677165354
11
1.2141652755905512
21
0.1273418897637795
0
LINE
8
BLACK
6
CONTINUOUS
10
1.2141652755905512
20
0.1273418897637795
11
1.2142409055118111
21
0.1265738188976378
0
LINE
8
BLACK
6
CONTINUOUS
10
1.2142409055118111
20
0.1265738188976378
11
1.2142409055118111
21
0.100327125984252
0
LINE
8
BLACK
6
CONTINUOUS
10
1.2142409055118111
20
0.100327125984252
11
1.2141652755905512
21
0.0995590551181102
0
LINE
8
BLACK
6
CONTINUOUS
10
1.2141652755905512
20
0.0995590551181102
11
1.2135774015748031
21
0.098139842519685
0
LINE
8
BLACK
6
CONTINUOUS
10
1.2135774015748031
20
0.098139842519685
11
1.2124911811023622
21
0.0970536220472441
0
LINE
8
BLACK
6
CONTINUOUS
10
1.2124911811023622
20
0.0970536220472441
11
1.2110719685039371
21
0.0964657480314961
0
LINE
8
BLACK
6
CONTINUOUS
10
1.2110719685039371
20
0.0964657480314961
11
1.2095358267716536
21
0.0964657480314961
0
LINE
8
BLACK
6
CONTINUOUS
10
1.2095358267716536
20
0.0964657480314961
11
1.2081166141732282
21
0.0970536220472441
0
LINE
8
BLACK
6
CONTINUOUS
10
1.2081166141732282
20
0.0970536220472441
11
1.2070303937007874
21
0.098139842519685
0
LINE
8
BLACK
6
CONTINUOUS
10
1.2070303937007874
20
0.098139842519685
11
1.2064425196850392
21
0.0995590551181102
0
LINE
8
BLACK
6
CONTINUOUS
10
1.2064425196850392
20
0.0995590551181102
11
1.2063668897637796
21
0.100327125984252
0
LINE
8
BLACK
6
CONTINUOUS
10
1.2063668897637796
20
0.100327125984252
11
1.2063668897637796
21
0.1192174409448819
0
LINE
8
BLACK
6
CONTINUOUS
10
1.2063668897637796
20
0.1192174409448819
11
1.1731176771653542
21
0.0970513385826772
0
LINE
8
BLACK
6
CONTINUOUS
10
1.1731176771653542
20
0.0970513385826772
11
1.1724366535433071
21
0.0966882283464567
0
LINE
8
BLACK
6
CONTINUOUS
10
1.1724366535433071
20
0.0966882283464567
11
1.1720582677165354
21
0.0966133464566929
0
LINE
8
BLACK
6
CONTINUOUS
10
1.1720582677165354
20
0.0966133464566929
11
1.1717018897637794
21
0.0964657480314961
0
LINE
8
BLACK
6
CONTINUOUS
10
1.1717018897637794
20
0.0964657480314961
11
1.1713120078740158
21
0.0964657480314961
0
LINE
8
BLACK
6
CONTINUOUS
10
1.1713120078740158
20
0.0964657480314961
11
1.17092968503937
21
0.0963901181102362
0
LINE
8
BLACK
6
CONTINUOUS
10
1.17092968503937
20
0.0963901181102362
11
1.1705515354330709
21
0.0964657480314961
0
LINE
8
BLACK
6
CONTINUOUS
10
1.1705515354330709
20
0.0964657480314961
11
1.170165748031496
21
0.0964657480314961
0
LINE
8
BLACK
6
CONTINUOUS
10
1.170165748031496
20
0.0964657480314961
11
1.1698055511811023
21
0.0966149212598425
0
LINE
8
BLACK
6
CONTINUOUS
10
1.1698055511811023
20
0.0966149212598425
11
1.1694233858267715
21
0.0966913779527559
0
LINE
8
BLACK
6
CONTINUOUS
10
1.1694233858267715
20
0.0966913779527559
11
1.1691028740157481
21
0.0969059842519685
0
LINE
8
BLACK
6
CONTINUOUS
10
1.1691028740157481
20
0.0969059842519685
11
1.1687465354330708
21
0.0970536220472441
0
LINE
8
BLACK
6
CONTINUOUS
10
1.1687465354330708
20
0.0970536220472441
11
1.1684709448818897
21
0.0973291732283465
0
LINE
8
BLACK
6
CONTINUOUS
10
1.1684709448818897
20
0.0973291732283465
11
1.1681470078740157
21
0.0975461417322835
0
LINE
8
BLACK
6
CONTINUOUS
10
1.1681470078740157
20
0.0975461417322835
11
1.1679329921259842
21
0.097867125984252
0
LINE
8
BLACK
6
CONTINUOUS
10
1.1679329921259842
20
0.097867125984252
11
1.1676603149606299
21
0.098139842519685
0
LINE
8
BLACK
6
CONTINUOUS
10
1.1676603149606299
20
0.098139842519685
11
1.1675111417322834
21
0.0984999212598425
0
LINE
8
BLACK
6
CONTINUOUS
10
1.1675111417322834
20
0.0984999212598425
11
1.1672949212598425
21
0.0988242913385827
0
LINE
8
BLACK
6
CONTINUOUS
10
1.1672949212598425
20
0.0988242913385827
11
1.1672200393700787
21
0.0992026377952756
0
LINE
8
BLACK
6
CONTINUOUS
10
1.1672200393700787
20
0.0992026377952756
11
1.1670724409448818
21
0.0995590551181102
0
LINE
8
BLACK
6
CONTINUOUS
10
1.1670724409448818
20
0.0995590551181102
11
1.166996811023622
21
0.100327125984252
0
LINE
8
BLACK
6
CONTINUOUS
10
1.166996811023622
20
0.100327125984252
11
1.166996811023622
21
0.1265738188976378
0
LINE
8
BLACK
6
CONTINUOUS
10
1.166996811023622
20
0.1265738188976378
11
1.1670724409448818
21
0.1273418897637795
0
LINE
8
BLACK
6
CONTINUOUS
10
1.1670724409448818
20
0.1273418897637795
11
1.1676603149606299
21
0.1287611023622047
0
LINE
8
BLACK
6
CONTINUOUS
10
1.1676603149606299
20
0.1287611023622047
11
1.1687465354330708
21
0.1298473228346457
0
LINE
8
BLACK
6
CONTINUOUS
10
1.1687465354330708
20
0.1298473228346457
11
1.170165748031496
21
0.1304351968503937
0
LINE
8
BLACK
6
CONTINUOUS
10
1.170165748031496
20
0.1304351968503937
11
1.1717018897637794
21
0.1304351968503937
0
LINE
8
BLACK
6
CONTINUOUS
10
1.1717018897637794
20
0.1304351968503937
11
1.1731211023622048
21
0.1298473228346457
0
LINE
8
BLACK
6
CONTINUOUS
10
1.1731211023622048
20
0.1298473228346457
11
1.1742073228346457
21
0.1287611023622047
0
LINE
8
BLACK
6
CONTINUOUS
10
1.1742073228346457
20
0.1287611023622047
11
1.1747951968503936
21
0.1273418897637795
0
LINE
8
BLACK
6
CONTINUOUS
10
1.1747951968503936
20
0.1273418897637795
11
1.1748708267716534
21
0.1265738188976378
0
LINE
8
BLACK
6
CONTINUOUS
10
1.1748708267716534
20
0.1265738188976378
11
1.1748708267716534
21
0.1076834645669291
0
LINE
8
BLACK
6
CONTINUOUS
10
1.1748708267716534
20
0.1076834645669291
11
1.2081200393700786
21
0.1298496062992126
0
LINE
8
BLACK
6
CONTINUOUS
10
1.2081200393700786
20
0.1298496062992126
11
1.208801062992126
21
0.1302127165354331
0
LINE
8
BLACK
6
CONTINUOUS
10
1.208801062992126
20
0.1302127165354331
11
1.2091794094488189
21
0.1302875590551181
0
LINE
8
BLACK
6
CONTINUOUS
10
1.2091794094488189
20
0.1302875590551181
11
1.2095358267716536
21
0.1304351968503937
0
LINE
8
BLACK
6
CONTINUOUS
10
1.2095358267716536
20
0.1304351968503937
11
1.2099257086614172
21
0.1304351968503937
0
LINE
8
BLACK
6
CONTINUOUS
10
1.2099257086614172
20
0.1304351968503937
11
1.210308031496063
21
0.1305108267716535
0
LINE
8
BLACK
6
CONTINUOUS
10
1.210308031496063
20
0.1305108267716535
11
1.2106861811023621
21
0.1304351968503937
0
LINE
8
BLACK
6
CONTINUOUS
10
1.1935649212598425
20
0.1679929133858268
11
1.1936223622047244
21
0.1680014960629921
0
LINE
8
BLACK
6
CONTINUOUS
10
1.1936223622047244
20
0.1680014960629921
11
1.1939096456692913
21
0.1679589763779528
0
LINE
8
BLACK
6
CONTINUOUS
10
1.1939096456692913
20
0.1679589763779528
11
1.1941990551181103
21
0.1679305118110236
0
LINE
8
BLACK
6
CONTINUOUS
10
1.1941990551181103
20
0.1679305118110236
11
1.1942527165354331
21
0.1679082677165354
0
LINE
8
BLACK
6
CONTINUOUS
10
1.1942527165354331
20
0.1679082677165354
11
1.1943858661417324
21
0.1678885826771654
0
LINE
8
BLACK
6
CONTINUOUS
10
1.1943858661417324
20
0.1678885826771654
11
1.2018848818897638
21
0.1660138188976378
0
LINE
8
BLACK
6
CONTINUOUS
10
1.2018848818897638
20
0.1660138188976378
11
1.2019414566929134
21
0.1659935826771654
0
LINE
8
BLACK
6
CONTINUOUS
10
1.2019414566929134
20
0.1659935826771654
11
1.2019699212598425
21
0.1659915748031496
0
LINE
8
BLACK
6
CONTINUOUS
10
1.2019699212598425
20
0.1659915748031496
11
1.2022897637795276
21
0.1658691732283465
0
LINE
8
BLACK
6
CONTINUOUS
10
1.2022897637795276
20
0.1658691732283465
11
1.2026116929133859
21
0.1657541732283465
0
LINE
8
BLACK
6
CONTINUOUS
10
1.2026116929133859
20
0.1657541732283465
11
1.2026345275590551
21
0.1657372047244094
0
LINE
8
BLACK
6
CONTINUOUS
10
1.2026345275590551
20
0.1657372047244094
11
1.2026907086614174
21
0.1657157480314961
0
LINE
8
BLACK
6
CONTINUOUS
10
1.2026907086614174
20
0.1657157480314961
11
1.2064402362204725
21
0.1638409842519685
0
LINE
8
BLACK
6
CONTINUOUS
10
1.2064402362204725
20
0.1638409842519685
11
1.2067706299212597
21
0.1636329921259843
0
LINE
8
BLACK
6
CONTINUOUS
10
1.2067706299212597
20
0.1636329921259843
11
1.2068668503937008
21
0.1635931496062992
0
LINE
8
BLACK
6
CONTINUOUS
10
1.2068668503937008
20
0.1635931496062992
11
1.2069750787401574
21
0.1635042913385827
0
LINE
8
BLACK
6
CONTINUOUS
10
1.2069750787401574
20
0.1635042913385827
11
1.2070933858267716
21
0.163429842519685
0
LINE
8
BLACK
6
CONTINUOUS
10
1.2070933858267716
20
0.163429842519685
11
1.2071614566929134
21
0.1633512992125984
0
LINE
8
BLACK
6
CONTINUOUS
10
1.2071614566929134
20
0.1633512992125984
11
1.2074634251968503
21
0.1631035039370079
0
LINE
8
BLACK
6
CONTINUOUS
10
1.2074634251968503
20
0.1631035039370079
11
1.211213031496063
21
0.1593539763779528
0
LINE
8
BLACK
6
CONTINUOUS
10
1.211213031496063
20
0.1593539763779528
11
1.2117026377952755
21
0.1587574015748031
0
LINE
8
BLACK
6
CONTINUOUS
10
1.2117026377952755
20
0.1587574015748031
11
1.2117567716535433
21
0.1586266929133858
0
LINE
8
BLACK
6
CONTINUOUS
10
1.2117567716535433
20
0.1586266929133858
11
1.2118494881889763
21
0.1585198031496063
0
LINE
8
BLACK
6
CONTINUOUS
10
1.2118494881889763
20
0.1585198031496063
11
1.2121640944881888
21
0.1578150787401575
0
LINE
8
BLACK
6
CONTINUOUS
10
1.2121640944881888
20
0.1578150787401575
11
1.2140388582677164
21
0.1521907874015748
0
LINE
8
BLACK
6
CONTINUOUS
10
1.2140388582677164
20
0.1521907874015748
11
1.2141254330708662
21
0.1518099606299212
0
LINE
8
BLACK
6
CONTINUOUS
10
1.2141254330708662
20
0.1518099606299212
11
1.2141652755905512
21
0.1517138582677165
0
LINE
8
BLACK
6
CONTINUOUS
10
1.2141652755905512
20
0.1517138582677165
11
1.2141789763779527
21
0.1515745669291338
0
LINE
8
BLACK
6
CONTINUOUS
10
1.2141789763779527
20
0.1515745669291338
11
1.21421
21
0.1514382283464567
0
LINE
8
BLACK
6
CONTINUOUS
10
1.21421
20
0.1514382283464567
11
1.2142025984251967
21
0.1513344881889764
0
LINE
8
BLACK
6
CONTINUOUS
10
1.2142025984251967
20
0.1513344881889764
11
1.2142409055118111
21
0.1509457874015748
0
LINE
8
BLACK
6
CONTINUOUS
10
1.2142409055118111
20
0.1509457874015748
11
1.2142409055118111
21
0.1471962598425197
0
LINE
8
BLACK
6
CONTINUOUS
10
1.2142409055118111
20
0.1471962598425197
11
1.2142025984251967
21
0.1468075196850394
0
LINE
8
BLACK
6
CONTINUOUS
10
1.2142025984251967
20
0.1468075196850394
11
1.21421
21
0.1467038188976378
0
LINE
8
BLACK
6
CONTINUOUS
10
1.21421
20
0.1467038188976378
11
1.2141789763779527
21
0.1465674409448819
0
LINE
8
BLACK
6
CONTINUOUS
10
1.2141789763779527
20
0.1465674409448819
11
1.2141652755905512
21
0.1464281889763779
0
LINE
8
BLACK
6
CONTINUOUS
10
1.2141652755905512
20
0.1464281889763779
11
1.2141254330708662
21
0.1463320472440945
0
LINE
8
BLACK
6
CONTINUOUS
10
1.2141254330708662
20
0.1463320472440945
11
1.2140388582677164
21
0.1459512598425197
0
LINE
8
BLACK
6
CONTINUOUS
10
1.2140388582677164
20
0.1459512598425197
11
1.2121640944881888
21
0.140326968503937
0
LINE
8
BLACK
6
CONTINUOUS
10
1.2121640944881888
20
0.140326968503937
11
1.2118494881889763
21
0.1396222440944882
0
LINE
8
BLACK
6
CONTINUOUS
10
1.2118494881889763
20
0.1396222440944882
11
1.2117567716535433
21
0.1395153149606299
0
LINE
8
BLACK
6
CONTINUOUS
10
1.2117567716535433
20
0.1395153149606299
11
1.2117026377952755
21
0.1393846456692913
0
LINE
8
BLACK
6
CONTINUOUS
10
1.2117026377952755
20
0.1393846456692913
11
1.2112129921259842
21
0.138788031496063
0
LINE
8
BLACK
6
CONTINUOUS
10
1.2112129921259842
20
0.138788031496063
11
1.2093381889763779
21
0.1369133070866142
0
LINE
8
BLACK
6
CONTINUOUS
10
1.2093381889763779
20
0.1369133070866142
11
1.2087416141732283
21
0.1364236614173228
0
LINE
8
BLACK
6
CONTINUOUS
10
1.2087416141732283
20
0.1364236614173228
11
1.2073223622047244
21
0.1358358267716535
0
LINE
8
BLACK
6
CONTINUOUS
10
1.2073223622047244
20
0.1358358267716535
11
1.205786220472441
21
0.1358358661417323
0
LINE
8
BLACK
6
CONTINUOUS
10
1.205786220472441
20
0.1358358661417323
11
1.2043670078740156
21
0.1364237007874016
0
LINE
8
BLACK
6
CONTINUOUS
10
1.2043670078740156
20
0.1364237007874016
11
1.2032807874015747
21
0.1375099212598425
0
LINE
8
BLACK
6
CONTINUOUS
10
1.2032807874015747
20
0.1375099212598425
11
1.2026929527559054
21
0.1389291732283464
0
LINE
8
BLACK
6
CONTINUOUS
10
1.2026929527559054
20
0.1389291732283464
11
1.2026929921259841
21
0.1404653149606299
0
LINE
8
BLACK
6
CONTINUOUS
10
1.2026929921259841
20
0.1404653149606299
11
1.2032808267716535
21
0.1418845275590551
0
LINE
8
BLACK
6
CONTINUOUS
10
1.2032808267716535
20
0.1418845275590551
11
1.2037704724409448
21
0.1424811023622047
0
LINE
8
BLACK
6
CONTINUOUS
10
1.2037704724409448
20
0.1424811023622047
11
1.2049880708661418
21
0.1436986614173228
0
LINE
8
BLACK
6
CONTINUOUS
10
1.2049880708661418
20
0.1436986614173228
11
1.2063668897637796
21
0.1478350787401575
0
LINE
8
BLACK
6
CONTINUOUS
10
1.2063668897637796
20
0.1478350787401575
11
1.2063668897637796
21
0.1503069291338583
0
LINE
8
BLACK
6
CONTINUOUS
10
1.2063668897637796
20
0.1503069291338583
11
1.2049880708661418
21
0.1544433464566929
0
LINE
8
BLACK
6
CONTINUOUS
10
1.2049880708661418
20
0.1544433464566929
11
1.2023475196850393
21
0.1570838976377953
0
LINE
8
BLACK
6
CONTINUOUS
10
1.2023475196850393
20
0.1570838976377953
11
1.1995558267716535
21
0.1584797244094488
0
LINE
8
BLACK
6
CONTINUOUS
10
1.1995558267716535
20
0.1584797244094488
11
1.1929463385826771
21
0.160132125984252
0
LINE
8
BLACK
6
CONTINUOUS
10
1.1929463385826771
20
0.160132125984252
11
1.1882912992125985
21
0.160132125984252
0
LINE
8
BLACK
6
CONTINUOUS
10
1.1882912992125985
20
0.160132125984252
11
1.181681811023622
21
0.1584797244094488
0
LINE
8
BLACK
6
CONTINUOUS
10
1.181681811023622
20
0.1584797244094488
11
1.1788902755905513
21
0.1570839763779527
0
LINE
8
BLACK
6
CONTINUOUS
10
1.1788902755905513
20
0.1570839763779527
11
1.1762496062992125
21
0.1544433070866142
0
LINE
8
BLACK
6
CONTINUOUS
10
1.1762496062992125
20
0.1544433070866142
11
1.1748708267716534
21
0.1503069291338583
0
LINE
8
BLACK
6
CONTINUOUS
10
1.1748708267716534
20
0.1503069291338583
11
1.1748708267716534
21
0.1478351181102362
0
LINE
8
BLACK
6
CONTINUOUS
10
1.1748708267716534
20
0.1478351181102362
11
1.1762496062992125
21
0.1436986614173228
0
LINE
8
BLACK
6
CONTINUOUS
10
1.1762496062992125
20
0.1436986614173228
11
1.1774672047244095
21
0.1424811023622047
0
LINE
8
BLACK
6
CONTINUOUS
10
1.1774672047244095
20
0.1424811023622047
11
1.1779568503937008
21
0.1418845275590551
0
LINE
8
BLACK
6
CONTINUOUS
10
1.1779568503937008
20
0.1418845275590551
11
1.1785446850393702
21
0.1404652755905512
0
LINE
8
BLACK
6
CONTINUOUS
10
1.1785446850393702
20
0.1404652755905512
11
1.1785446850393702
21
0.1389291338582677
0
LINE
8
BLACK
6
CONTINUOUS
10
1.1785446850393702
20
0.1389291338582677
11
1.1779568503937008
21
0.1375099212598425
0
LINE
8
BLACK
6
CONTINUOUS
10
1.1779568503937008
20
0.1375099212598425
11
1.1768706299212599
21
0.1364237007874016
0
LINE
8
BLACK
6
CONTINUOUS
10
1.1768706299212599
20
0.1364237007874016
11
1.1754514173228345
21
0.1358358661417323
0
LINE
8
BLACK
6
CONTINUOUS
10
1.1754514173228345
20
0.1358358661417323
11
1.1739152755905511
21
0.1358358661417323
0
LINE
8
BLACK
6
CONTINUOUS
10
1.1739152755905511
20
0.1358358661417323
11
1.1724960236220472
21
0.1364237007874016
0
LINE
8
BLACK
6
CONTINUOUS
10
1.1724960236220472
20
0.1364237007874016
11
1.1718994488188976
21
0.1369133464566929
0
LINE
8
BLACK
6
CONTINUOUS
10
1.1718994488188976
20
0.1369133464566929
11
1.1700246850393701
21
0.1387880708661417
0
LINE
8
BLACK
6
CONTINUOUS
10
1.1700246850393701
20
0.1387880708661417
11
1.1695350787401575
21
0.1393846850393701
0
LINE
8
BLACK
6
CONTINUOUS
10
1.1695350787401575
20
0.1393846850393701
11
1.1694809448818897
21
0.1395153149606299
0
LINE
8
BLACK
6
CONTINUOUS
10
1.1694809448818897
20
0.1395153149606299
11
1.1693882283464567
21
0.1396222440944882
0
LINE
8
BLACK
6
CONTINUOUS
10
1.1693882283464567
20
0.1396222440944882
11
1.169073622047244
21
0.1403270078740158
0
LINE
8
BLACK
6
CONTINUOUS
10
1.169073622047244
20
0.1403270078740158
11
1.1671988582677164
21
0.1459512598425197
0
LINE
8
BLACK
6
CONTINUOUS
10
1.1671988582677164
20
0.1459512598425197
11
1.1671122440944881
21
0.1463320078740157
0
LINE
8
BLACK
6
CONTINUOUS
10
1.1671122440944881
20
0.1463320078740157
11
1.1670724409448818
21
0.1464281889763779
0
LINE
8
BLACK
6
CONTINUOUS
10
1.1670724409448818
20
0.1464281889763779
11
1.1670587007874016
21
0.1465674803149606
0
LINE
8
BLACK
6
CONTINUOUS
10
1.1670587007874016
20
0.1465674803149606
11
1.167027716535433
21
0.1467038582677165
0
LINE
8
BLACK
6
CONTINUOUS
10
1.167027716535433
20
0.1467038582677165
11
1.1670350787401575
21
0.1468075196850394
0
LINE
8
BLACK
6
CONTINUOUS
10
1.1670350787401575
20
0.1468075196850394
11
1.166996811023622
21
0.1471962598425197
0
LINE
8
BLACK
6
CONTINUOUS
10
1.166996811023622
20
0.1471962598425197
11
1.166996811023622
21
0.1509457874015748
0
LINE
8
BLACK
6
CONTINUOUS
10
1.166996811023622
20
0.1509457874015748
11
1.1670350787401575
21
0.1513344881889764
0
LINE
8
BLACK
6
CONTINUOUS
10
1.1670350787401575
20
0.1513344881889764
11
1.167027716535433
21
0.151438188976378
0
LINE
8
BLACK
6
CONTINUOUS
10
1.167027716535433
20
0.151438188976378
11
1.1670587007874016
21
0.1515745275590551
0
LINE
8
BLACK
6
CONTINUOUS
10
1.1670587007874016
20
0.1515745275590551
11
1.1670724409448818
21
0.1517138582677165
0
LINE
8
BLACK
6
CONTINUOUS
10
1.1670724409448818
20
0.1517138582677165
11
1.1671122440944881
21
0.15181
0
LINE
8
BLACK
6
CONTINUOUS
10
1.1671122440944881
20
0.15181
11
1.1671988582677164
21
0.1521907874015748
0
LINE
8
BLACK
6
CONTINUOUS
10
1.1671988582677164
20
0.1521907874015748
11
1.169073622047244
21
0.1578150393700787
0
LINE
8
BLACK
6
CONTINUOUS
10
1.169073622047244
20
0.1578150393700787
11
1.1693882283464567
21
0.1585198031496063
0
LINE
8
BLACK
6
CONTINUOUS
10
1.1693882283464567
20
0.1585198031496063
11
1.1694809448818897
21
0.1586266929133858
0
LINE
8
BLACK
6
CONTINUOUS
10
1.1694809448818897
20
0.1586266929133858
11
1.1695350787401575
21
0.1587573622047244
0
LINE
8
BLACK
6
CONTINUOUS
10
1.1695350787401575
20
0.1587573622047244
11
1.1700246850393701
21
0.1593539763779528
0
LINE
8
BLACK
6
CONTINUOUS
10
1.1700246850393701
20
0.1593539763779528
11
1.1737742125984252
21
0.1631035039370079
0
LINE
8
BLACK
6
CONTINUOUS
10
1.1737742125984252
20
0.1631035039370079
11
1.1740760236220473
21
0.1633511811023622
0
LINE
8
BLACK
6
CONTINUOUS
10
1.1740760236220473
20
0.1633511811023622
11
1.1741442519685039
21
0.163429842519685
0
LINE
8
BLACK
6
CONTINUOUS
10
1.1741442519685039
20
0.163429842519685
11
1.1742627952755906
21
0.1635044488188976
0
LINE
8
BLACK
6
CONTINUOUS
10
1.1742627952755906
20
0.1635044488188976
11
1.1743708267716535
21
0.1635931102362205
0
LINE
8
BLACK
6
CONTINUOUS
10
1.1743708267716535
20
0.1635931102362205
11
1.1744667716535433
21
0.1636328346456693
0
LINE
8
BLACK
6
CONTINUOUS
10
1.1744667716535433
20
0.1636328346456693
11
1.1747974409448818
21
0.1638409842519685
0
LINE
8
BLACK
6
CONTINUOUS
10
1.1747974409448818
20
0.1638409842519685
11
1.1785469291338582
21
0.1657157480314961
0
LINE
8
BLACK
6
CONTINUOUS
10
1.1785469291338582
20
0.1657157480314961
11
1.1786031496062992
21
0.1657372440944882
0
LINE
8
BLACK
6
CONTINUOUS
10
1.1786031496062992
20
0.1657372440944882
11
1.1786259842519684
21
0.1657541732283465
0
LINE
8
BLACK
6
CONTINUOUS
10
1.1786259842519684
20
0.1657541732283465
11
1.178947874015748
21
0.1658691732283465
0
LINE
8
BLACK
6
CONTINUOUS
10
1.178947874015748
20
0.1658691732283465
11
1.1792677559055118
21
0.1659915748031496
0
LINE
8
BLACK
6
CONTINUOUS
10
1.1792677559055118
20
0.1659915748031496
11
1.1792961023622046
21
0.1659935826771654
0
LINE
8
BLACK
6
CONTINUOUS
10
1.1792961023622046
20
0.1659935826771654
11
1.1793527559055117
21
0.1660138188976378
0
LINE
8
BLACK
6
CONTINUOUS
10
1.1793527559055117
20
0.1660138188976378
11
1.1868518110236219
21
0.1678885826771654
0
LINE
8
BLACK
6
CONTINUOUS
10
1.1868518110236219
20
0.1678885826771654
11
1.1869849212598425
21
0.1679082677165354
0
LINE
8
BLACK
6
CONTINUOUS
10
1.1869849212598425
20
0.1679082677165354
11
1.187038622047244
21
0.1679305118110236
0
LINE
8
BLACK
6
CONTINUOUS
10
1.187038622047244
20
0.1679305118110236
11
1.1873279921259843
21
0.1679589763779528
0
LINE
8
BLACK
6
CONTINUOUS
10
1.1873279921259843
20
0.1679589763779528
11
1.1876153149606299
21
0.1680014960629921
0
LINE
8
BLACK
6
CONTINUOUS
10
1.1876153149606299
20
0.1680014960629921
11
1.187672716535433
21
0.1679929133858268
0
LINE
8
BLACK
6
CONTINUOUS
10
1.187672716535433
20
0.1679929133858268
11
1.1878066929133857
21
0.1680061417322835
0
LINE
8
BLACK
6
CONTINUOUS
10
1.1878066929133857
20
0.1680061417322835
11
1.1934309842519686
21
0.1680061417322835
0
LINE
8
BLACK
6
CONTINUOUS
10
1.1934309842519686
20
0.1680061417322835
11
1.1935649212598425
21
0.1679929133858268
0
LINE
8
BLACK
6
CONTINUOUS
10
1.2100285826771653
20
0.1863337401574803
11
1.2106164566929134
21
0.1860902755905512
0
LINE
8
BLACK
6
CONTINUOUS
10
1.2106164566929134
20
0.1860902755905512
11
1.2106166141732284
21
0.1860900787401575
0
LINE
8
BLACK
6
CONTINUOUS
10
1.2106166141732284
20
0.1860900787401575
11
1.211213031496063
21
0.1856006692913386
0
LINE
8
BLACK
6
CONTINUOUS
10
1.211213031496063
20
0.1856006692913386
11
1.2130877559055118
21
0.183725905511811
0
LINE
8
BLACK
6
CONTINUOUS
10
1.2130877559055118
20
0.183725905511811
11
1.2135774015748031
21
0.1831293307086614
0
LINE
8
BLACK
6
CONTINUOUS
10
1.2135774015748031
20
0.1831293307086614
11
1.2135774015748031
21
0.1831292913385827
0
LINE
8
BLACK
6
CONTINUOUS
10
1.2135774015748031
20
0.1831292913385827
11
1.2141652755905512
21
0.1817100787401575
0
LINE
8
BLACK
6
CONTINUOUS
10
1.2141652755905512
20
0.1817100787401575
11
1.2141652755905512
21
0.180173937007874
0
LINE
8
BLACK
6
CONTINUOUS
10
1.2141652755905512
20
0.180173937007874
11
1.2140249999999999
21
0.1798353149606299
0
LINE
8
BLACK
6
CONTINUOUS
10
1.2140249999999999
20
0.1798353149606299
11
1.2135774015748031
21
0.1787546850393701
0
LINE
8
BLACK
6
CONTINUOUS
10
1.2135774015748031
20
0.1787546850393701
11
1.2130877559055118
21
0.1781581102362205
0
LINE
8
BLACK
6
CONTINUOUS
10
1.2130877559055118
20
0.1781581102362205
11
1.211213031496063
21
0.1762833464566929
0
LINE
8
BLACK
6
CONTINUOUS
10
1.211213031496063
20
0.1762833464566929
11
1.2106166141732284
21
0.1757938976377953
0
LINE
8
BLACK
6
CONTINUOUS
10
1.2106166141732284
20
0.1757938976377953
11
1.2106164566929134
21
0.1757937401574803
0
LINE
8
BLACK
6
CONTINUOUS
10
1.2106164566929134
20
0.1757937401574803
11
1.2100285826771653
21
0.1755502362204724
0
LINE
8
BLACK
6
CONTINUOUS
10
1.2100285826771653
20
0.1755502362204724
11
1.2091972047244095
21
0.1752058661417323
0
LINE
8
BLACK
6
CONTINUOUS
10
1.2091972047244095
20
0.1752058661417323
11
1.2076611023622046
21
0.1752058661417323
0
LINE
8
BLACK
6
CONTINUOUS
10
1.2076611023622046
20
0.1752058661417323
11
1.2076610629921261
21
0.1752058661417323
0
LINE
8
BLACK
6
CONTINUOUS
10
1.2076610629921261
20
0.1752058661417323
11
1.2072453937007874
21
0.175378031496063
0
LINE
8
BLACK
6
CONTINUOUS
10
1.2072453937007874
20
0.175378031496063
11
1.2062418503937007
21
0.1757937007874016
0
LINE
8
BLACK
6
CONTINUOUS
10
1.2062418503937007
20
0.1757937007874016
11
1.2056452755905511
21
0.1762833464566929
0
LINE
8
BLACK
6
CONTINUOUS
10
1.2056452755905511
20
0.1762833464566929
11
1.2037704724409448
21
0.1781581102362205
0
LINE
8
BLACK
6
CONTINUOUS
10
1.2037704724409448
20
0.1781581102362205
11
1.2032808267716535
21
0.1787546850393701
0
LINE
8
BLACK
6
CONTINUOUS
10
1.2032808267716535
20
0.1787546850393701
11
1.2032807874015747
21
0.1787547244094488
0
LINE
8
BLACK
6
CONTINUOUS
10
1.2032807874015747
20
0.1787547244094488
11
1.2027513779527559
21
0.180032874015748
0
LINE
8
BLACK
6
CONTINUOUS
10
1.2027513779527559
20
0.180032874015748
11
1.2026929527559054
21
0.180173937007874
0
LINE
8
BLACK
6
CONTINUOUS
10
1.2026929527559054
20
0.180173937007874
11
1.2026929527559054
21
0.1817100787401575
0
LINE
8
BLACK
6
CONTINUOUS
10
1.2026929527559054
20
0.1817100787401575
11
1.2028651181102361
21
0.1821257086614173
0
LINE
8
BLACK
6
CONTINUOUS
10
1.2028651181102361
20
0.1821257086614173
11
1.2032807874015747
21
0.1831292913385827
0
LINE
8
BLACK
6
CONTINUOUS
10
1.2032807874015747
20
0.1831292913385827
11
1.2032808267716535
21
0.1831293307086614
0
LINE
8
BLACK
6
CONTINUOUS
10
1.2032808267716535
20
0.1831293307086614
11
1.2037704724409448
21
0.183725905511811
0
LINE
8
BLACK
6
CONTINUOUS
10
1.2037704724409448
20
0.183725905511811
11
1.2056452755905511
21
0.1856006692913386
0
LINE
8
BLACK
6
CONTINUOUS
10
1.2056452755905511
20
0.1856006692913386
11
1.2062418503937007
21
0.1860903149606299
0
LINE
8
BLACK
6
CONTINUOUS
10
1.2062418503937007
20
0.1860903149606299
11
1.2072453937007874
21
0.1865059448818898
0
LINE
8
BLACK
6
CONTINUOUS
10
1.2072453937007874
20
0.1865059448818898
11
1.2076610629921261
21
0.1866781496062992
0
LINE
8
BLACK
6
CONTINUOUS
10
1.2076610629921261
20
0.1866781496062992
11
1.2091972047244095
21
0.1866781496062992
0
LINE
8
BLACK
6
CONTINUOUS
10
1.2091972047244095
20
0.1866781496062992
11
1.2100285826771653
21
0.1863337401574803
0
LINE
8
BLACK
6
CONTINUOUS
10
1.2110719685039371
20
0.2241734645669291
11
1.2124911811023622
21
0.2235855905511811
0
LINE
8
BLACK
6
CONTINUOUS
10
1.2124911811023622
20
0.2235855905511811
11
1.2135774015748031
21
0.2224993700787402
0
LINE
8
BLACK
6
CONTINUOUS
10
1.2135774015748031
20
0.2224993700787402
11
1.2141652755905512
21
0.221080157480315
0
LINE
8
BLACK
6
CONTINUOUS
10
1.2141652755905512
20
0.221080157480315
11
1.2142409055118111
21
0.2203120866141732
0
LINE
8
BLACK
6
CONTINUOUS
10
1.2142409055118111
20
0.2203120866141732
11
1.2142409055118111
21
0.2053139763779528
0
LINE
8
BLACK
6
CONTINUOUS
10
1.2142409055118111
20
0.2053139763779528
11
1.2141652755905512
21
0.204545905511811
0
LINE
8
BLACK
6
CONTINUOUS
10
1.2141652755905512
20
0.204545905511811
11
1.2141111023622047
21
0.204415157480315
0
LINE
8
BLACK
6
CONTINUOUS
10
1.2141111023622047
20
0.204415157480315
11
1.2141011023622046
21
0.204274094488189
0
LINE
8
BLACK
6
CONTINUOUS
10
1.2141011023622046
20
0.204274094488189
11
1.2138252755905512
21
0.2035532677165354
0
LINE
8
BLACK
6
CONTINUOUS
10
1.2138252755905512
20
0.2035532677165354
11
1.2119505118110236
21
0.199803779527559
0
LINE
8
BLACK
6
CONTINUOUS
10
1.2119505118110236
20
0.199803779527559
11
1.2117424015748031
21
0.1994731889763779
0
LINE
8
BLACK
6
CONTINUOUS
10
1.2117424015748031
20
0.1994731889763779
11
1.2117026377952755
21
0.199377125984252
0
LINE
8
BLACK
6
CONTINUOUS
10
1.2117026377952755
20
0.199377125984252
11
1.2116138976377953
21
0.1992690157480315
0
LINE
8
BLACK
6
CONTINUOUS
10
1.2116138976377953
20
0.1992690157480315
11
1.2115393700787402
21
0.1991505905511811
0
LINE
8
BLACK
6
CONTINUOUS
10
1.2115393700787402
20
0.1991505905511811
11
1.2114607480314961
21
0.1990824015748031
0
LINE
8
BLACK
6
CONTINUOUS
10
1.2114607480314961
20
0.1990824015748031
11
1.2112129921259842
21
0.1987805118110236
0
LINE
8
BLACK
6
CONTINUOUS
10
1.2112129921259842
20
0.1987805118110236
11
1.2093381889763779
21
0.1969057874015748
0
LINE
8
BLACK
6
CONTINUOUS
10
1.2093381889763779
20
0.1969057874015748
11
1.209036220472441
21
0.1966579527559055
0
LINE
8
BLACK
6
CONTINUOUS
10
1.209036220472441
20
0.1966579527559055
11
1.2089681496062992
21
0.1965794488188976
0
LINE
8
BLACK
6
CONTINUOUS
10
1.2089681496062992
20
0.1965794488188976
11
1.208849842519685
21
0.1965049606299213
0
LINE
8
BLACK
6
CONTINUOUS
10
1.208849842519685
20
0.1965049606299213
11
1.2087416141732283
21
0.1964161417322835
0
LINE
8
BLACK
6
CONTINUOUS
10
1.2087416141732283
20
0.1964161417322835
11
1.2086453937007873
21
0.1963762992125984
0
LINE
8
BLACK
6
CONTINUOUS
10
1.2086453937007873
20
0.1963762992125984
11
1.208315
21
0.1961683070866142
0
LINE
8
BLACK
6
CONTINUOUS
10
1.208315
20
0.1961683070866142
11
1.2045654724409449
21
0.1942935433070866
0
LINE
8
BLACK
6
CONTINUOUS
10
1.2045654724409449
20
0.1942935433070866
11
1.20384468503937
21
0.1940177165354331
0
LINE
8
BLACK
6
CONTINUOUS
10
1.20384468503937
20
0.1940177165354331
11
1.2037035826771654
21
0.1940076771653543
0
LINE
8
BLACK
6
CONTINUOUS
10
1.2037035826771654
20
0.1940076771653543
11
1.2035728740157481
21
0.1939535433070866
0
LINE
8
BLACK
6
CONTINUOUS
10
1.2035728740157481
20
0.1939535433070866
11
1.2028048031496064
21
0.1938779133858268
0
LINE
8
BLACK
6
CONTINUOUS
10
1.2028048031496064
20
0.1938779133858268
11
1.1971805118110237
21
0.1938779133858268
0
LINE
8
BLACK
6
CONTINUOUS
10
1.1971805118110237
20
0.1938779133858268
11
1.196412440944882
21
0.1939535433070866
0
LINE
8
BLACK
6
CONTINUOUS
10
1.196412440944882
20
0.1939535433070866
11
1.1962816929133857
21
0.1940076771653543
0
LINE
8
BLACK
6
CONTINUOUS
10
1.1962816929133857
20
0.1940076771653543
11
1.1961406299212598
21
0.1940177165354331
0
LINE
8
BLACK
6
CONTINUOUS
10
1.1961406299212598
20
0.1940177165354331
11
1.1954198031496062
21
0.1942935433070866
0
LINE
8
BLACK
6
CONTINUOUS
10
1.1954198031496062
20
0.1942935433070866
11
1.1916703149606298
21
0.1961683070866142
0
LINE
8
BLACK
6
CONTINUOUS
10
1.1916703149606298
20
0.1961683070866142
11
1.1913397244094488
21
0.1963763779527559
0
LINE
8
BLACK
6
CONTINUOUS
10
1.1913397244094488
20
0.1963763779527559
11
1.1912436614173227
21
0.1964161811023622
0
LINE
8
BLACK
6
CONTINUOUS
10
1.1912436614173227
20
0.1964161811023622
11
1.1911355511811024
21
0.1965048818897638
0
LINE
8
BLACK
6
CONTINUOUS
10
1.1911355511811024
20
0.1965048818897638
11
1.1910171259842519
21
0.1965794488188976
0
LINE
8
BLACK
6
CONTINUOUS
10
1.1910171259842519
20
0.1965794488188976
11
1.1909488976377953
21
0.1966580708661417
0
LINE
8
BLACK
6
CONTINUOUS
10
1.1909488976377953
20
0.1966580708661417
11
1.1906470866141732
21
0.1969058267716536
0
LINE
8
BLACK
6
CONTINUOUS
10
1.1906470866141732
20
0.1969058267716536
11
1.1887723228346456
21
0.1987805511811024
0
LINE
8
BLACK
6
CONTINUOUS
10
1.1887723228346456
20
0.1987805511811024
11
1.1887468503937009
21
0.1988115748031496
0
LINE
8
BLACK
6
CONTINUOUS
10
1.1887468503937009
20
0.1988115748031496
11
1.1887158267716535
21
0.1987805511811024
0
LINE
8
BLACK
6
CONTINUOUS
10
1.1887158267716535
20
0.1987805511811024
11
1.1884138188976379
21
0.1985327165354331
0
LINE
8
BLACK
6
CONTINUOUS
10
1.1884138188976379
20
0.1985327165354331
11
1.1883457480314961
21
0.1984542125984252
0
LINE
8
BLACK
6
CONTINUOUS
10
1.1883457480314961
20
0.1984542125984252
11
1.1882273228346456
21
0.1983796456692913
0
LINE
8
BLACK
6
CONTINUOUS
10
1.1882273228346456
20
0.1983796456692913
11
1.1881192125984252
21
0.1982909448818898
0
LINE
8
BLACK
6
CONTINUOUS
10
1.1881192125984252
20
0.1982909448818898
11
1.1880231496062992
21
0.1982511417322834
0
LINE
8
BLACK
6
CONTINUOUS
10
1.1880231496062992
20
0.1982511417322834
11
1.1876925984251969
21
0.1980430708661417
0
LINE
8
BLACK
6
CONTINUOUS
10
1.1876925984251969
20
0.1980430708661417
11
1.1839430708661418
21
0.1961683070866142
0
LINE
8
BLACK
6
CONTINUOUS
10
1.1839430708661418
20
0.1961683070866142
11
1.1832222834645669
21
0.1958924803149606
0
LINE
8
BLACK
6
CONTINUOUS
10
1.1832222834645669
20
0.1958924803149606
11
1.1830811811023623
21
0.1958824409448819
0
LINE
8
BLACK
6
CONTINUOUS
10
1.1830811811023623
20
0.1958824409448819
11
1.1829504724409448
21
0.1958283070866142
0
LINE
8
BLACK
6
CONTINUOUS
10
1.1829504724409448
20
0.1958283070866142
11
1.182182401574803
21
0.1957526771653543
0
LINE
8
BLACK
6
CONTINUOUS
10
1.182182401574803
20
0.1957526771653543
11
1.1784328740157479
21
0.1957526771653543
0
LINE
8
BLACK
6
CONTINUOUS
10
1.1784328740157479
20
0.1957526771653543
11
1.1776648031496062
21
0.1958283070866142
0
LINE
8
BLACK
6
CONTINUOUS
10
1.1776648031496062
20
0.1958283070866142
11
1.1775340551181102
21
0.1958824409448819
0
LINE
8
BLACK
6
CONTINUOUS
10
1.1775340551181102
20
0.1958824409448819
11
1.1773929921259843
21
0.1958924803149606
0
LINE
8
BLACK
6
CONTINUOUS
10
1.1773929921259843
20
0.1958924803149606
11
1.1766721653543306
21
0.1961683070866142
0
LINE
8
BLACK
6
CONTINUOUS
10
1.1766721653543306
20
0.1961683070866142
11
1.1729226771653543
21
0.1980430708661417
0
LINE
8
BLACK
6
CONTINUOUS
10
1.1729226771653543
20
0.1980430708661417
11
1.1725920866141732
21
0.1982511417322834
0
LINE
8
BLACK
6
CONTINUOUS
10
1.1725920866141732
20
0.1982511417322834
11
1.1724960236220472
21
0.1982909448818898
0
LINE
8
BLACK
6
CONTINUOUS
10
1.1724960236220472
20
0.1982909448818898
11
1.1723879133858268
21
0.1983796456692913
0
LINE
8
BLACK
6
CONTINUOUS
10
1.1723879133858268
20
0.1983796456692913
11
1.1722694881889764
21
0.1984542125984252
0
LINE
8
BLACK
6
CONTINUOUS
10
1.1722694881889764
20
0.1984542125984252
11
1.1722012598425195
21
0.1985328346456693
0
LINE
8
BLACK
6
CONTINUOUS
10
1.1722012598425195
20
0.1985328346456693
11
1.1718994488188976
21
0.1987805905511811
0
LINE
8
BLACK
6
CONTINUOUS
10
1.1718994488188976
20
0.1987805905511811
11
1.1700246850393701
21
0.2006553149606299
0
LINE
8
BLACK
6
CONTINUOUS
10
1.1700246850393701
20
0.2006553149606299
11
1.1697768503937007
21
0.2009572834645669
0
LINE
8
BLACK
6
CONTINUOUS
10
1.1697768503937007
20
0.2009572834645669
11
1.1696983464566928
21
0.2010253937007874
0
LINE
8
BLACK
6
CONTINUOUS
10
1.1696983464566928
20
0.2010253937007874
11
1.169623779527559
21
0.201143779527559
0
LINE
8
BLACK
6
CONTINUOUS
10
1.169623779527559
20
0.201143779527559
11
1.1695350787401575
21
0.2012519291338583
0
LINE
8
BLACK
6
CONTINUOUS
10
1.1695350787401575
20
0.2012519291338583
11
1.1694952755905512
21
0.2013479527559055
0
LINE
8
BLACK
6
CONTINUOUS
10
1.1694952755905512
20
0.2013479527559055
11
1.1692872047244094
21
0.2016785433070866
0
LINE
8
BLACK
6
CONTINUOUS
10
1.1692872047244094
20
0.2016785433070866
11
1.1674124409448818
21
0.2054280708661417
0
LINE
8
BLACK
6
CONTINUOUS
10
1.1674124409448818
20
0.2054280708661417
11
1.1671366141732282
21
0.2061488582677165
0
LINE
8
BLACK
6
CONTINUOUS
10
1.1671366141732282
20
0.2061488582677165
11
1.1671265748031496
21
0.2062899212598425
0
LINE
8
BLACK
6
CONTINUOUS
10
1.1671265748031496
20
0.2062899212598425
11
1.1670724409448818
21
0.2064206692913386
0
LINE
8
BLACK
6
CONTINUOUS
10
1.1670724409448818
20
0.2064206692913386
11
1.166996811023622
21
0.2071887401574803
0
LINE
8
BLACK
6
CONTINUOUS
10
1.166996811023622
20
0.2071887401574803
11
1.166996811023622
21
0.2203120866141732
0
LINE
8
BLACK
6
CONTINUOUS
10
1.166996811023622
20
0.2203120866141732
11
1.1670724409448818
21
0.221080157480315
0
LINE
8
BLACK
6
CONTINUOUS
10
1.1670724409448818
20
0.221080157480315
11
1.1676603149606299
21
0.2224993700787402
0
LINE
8
BLACK
6
CONTINUOUS
10
1.1676603149606299
20
0.2224993700787402
11
1.1687465354330708
21
0.2235855905511811
0
LINE
8
BLACK
6
CONTINUOUS
10
1.1687465354330708
20
0.2235855905511811
11
1.170165748031496
21
0.2241734645669291
0
LINE
8
BLACK
6
CONTINUOUS
10
1.170165748031496
20
0.2241734645669291
11
1.1709338188976377
21
0.224249094488189
0
LINE
8
BLACK
6
CONTINUOUS
10
1.1709338188976377
20
0.224249094488189
11
1.2103038976377953
21
0.224249094488189
0
LINE
8
BLACK
6
CONTINUOUS
10
1.2103038976377953
20
0.224249094488189
11
1.2110719685039371
21
0.2241734645669291
0
LINE
8
BLACK
6
CONTINUOUS
10
1.1936184645669292
20
0.2078275984251969
11
1.1949972440944883
21
0.2036911417322834
0
LINE
8
BLACK
6
CONTINUOUS
10
1.1949972440944883
20
0.2036911417322834
11
1.1957630708661418
21
0.2029253149606299
0
LINE
8
BLACK
6
CONTINUOUS
10
1.1957630708661418
20
0.2029253149606299
11
1.1981099212598425
21
0.2017519291338583
0
LINE
8
BLACK
6
CONTINUOUS
10
1.1981099212598425
20
0.2017519291338583
11
1.2018753937007873
21
0.2017519291338583
0
LINE
8
BLACK
6
CONTINUOUS
10
1.2018753937007873
20
0.2017519291338583
11
1.2042222834645668
21
0.2029253937007874
0
LINE
8
BLACK
6
CONTINUOUS
10
1.2042222834645668
20
0.2029253937007874
11
1.2051934645669291
21
0.2038965354330709
0
LINE
8
BLACK
6
CONTINUOUS
10
1.2051934645669291
20
0.2038965354330709
11
1.2063668897637796
21
0.2062433858267717
0
LINE
8
BLACK
6
CONTINUOUS
10
1.2063668897637796
20
0.2062433858267717
11
1.2063668897637796
21
0.2163750787401575
0
LINE
8
BLACK
6
CONTINUOUS
10
1.2063668897637796
20
0.2163750787401575
11
1.1936184645669292
21
0.2163750787401575
0
LINE
8
BLACK
6
CONTINUOUS
10
1.1936184645669292
20
0.2163750787401575
11
1.1936184645669292
21
0.2078275984251969
0
LINE
8
BLACK
6
CONTINUOUS
10
1.1748708267716534
20
0.2081181496062992
11
1.1760442519685039
21
0.2057712992125984
0
LINE
8
BLACK
6
CONTINUOUS
10
1.1760442519685039
20
0.2057712992125984
11
1.1770154330708662
21
0.2048000787401575
0
LINE
8
BLACK
6
CONTINUOUS
10
1.1770154330708662
20
0.2048000787401575
11
1.179362283464567
21
0.2036266929133858
0
LINE
8
BLACK
6
CONTINUOUS
10
1.179362283464567
20
0.2036266929133858
11
1.1812529921259842
21
0.2036266929133858
0
LINE
8
BLACK
6
CONTINUOUS
10
1.1812529921259842
20
0.2036266929133858
11
1.1835998031496062
21
0.2048001181102362
0
LINE
8
BLACK
6
CONTINUOUS
10
1.1835998031496062
20
0.2048001181102362
11
1.1845710236220472
21
0.2057712992125984
0
LINE
8
BLACK
6
CONTINUOUS
10
1.1845710236220472
20
0.2057712992125984
11
1.1857444488188975
21
0.2081181496062992
0
LINE
8
BLACK
6
CONTINUOUS
10
1.1857444488188975
20
0.2081181496062992
11
1.1857444488188975
21
0.2163750787401575
0
LINE
8
BLACK
6
CONTINUOUS
10
1.1857444488188975
20
0.2163750787401575
11
1.1748708267716534
21
0.2163750787401575
0
LINE
8
BLACK
6
CONTINUOUS
10
1.1748708267716534
20
0.2163750787401575
11
1.1748708267716534
21
0.2081181496062992
0
LINE
8
BLACK
6
CONTINUOUS
10
1.2110719685039371
20
0.2897902755905511
11
1.2124911811023622
21
0.2892024015748031
0
LINE
8
BLACK
6
CONTINUOUS
10
1.2124911811023622
20
0.2892024015748031
11
1.2135774015748031
21
0.2881161811023622
0
LINE
8
BLACK
6
CONTINUOUS
10
1.2135774015748031
20
0.2881161811023622
11
1.2141652755905512
21
0.286696968503937
0
LINE
8
BLACK
6
CONTINUOUS
10
1.2141652755905512
20
0.286696968503937
11
1.2142409055118111
21
0.2859288976377953
0
LINE
8
BLACK
6
CONTINUOUS
10
1.2142409055118111
20
0.2859288976377953
11
1.2142409055118111
21
0.2671812598425197
0
LINE
8
BLACK
6
CONTINUOUS
10
1.2142409055118111
20
0.2671812598425197
11
1.2141652755905512
21
0.2664131889763779
0
LINE
8
BLACK
6
CONTINUOUS
10
1.2141652755905512
20
0.2664131889763779
11
1.2135774015748031
21
0.2649939763779527
0
LINE
8
BLACK
6
CONTINUOUS
10
1.2135774015748031
20
0.2649939763779527
11
1.2124911811023622
21
0.2639077559055118
0
LINE
8
BLACK
6
CONTINUOUS
10
1.2124911811023622
20
0.2639077559055118
11
1.2113950393700788
21
0.2634537007874015
0
LINE
8
BLACK
6
CONTINUOUS
10
1.2113950393700788
20
0.2634537007874015
11
1.212717716535433
21
0.2627923622047244
0
LINE
8
BLACK
6
CONTINUOUS
10
1.212717716535433
20
0.2627923622047244
11
1.2137242125984251
21
0.2616318897637795
0
LINE
8
BLACK
6
CONTINUOUS
10
1.2137242125984251
20
0.2616318897637795
11
1.21421
21
0.2601745669291339
0
LINE
8
BLACK
6
CONTINUOUS
10
1.21421
20
0.2601745669291339
11
1.2141010629921261
21
0.2586422834645669
0
LINE
8
BLACK
6
CONTINUOUS
10
1.2141010629921261
20
0.2586422834645669
11
1.213414094488189
21
0.2572683070866142
0
LINE
8
BLACK
6
CONTINUOUS
10
1.213414094488189
20
0.2572683070866142
11
1.212253622047244
21
0.2562618110236221
0
LINE
8
BLACK
6
CONTINUOUS
10
1.212253622047244
20
0.2562618110236221
11
1.2115488582677165
21
0.2559472047244095
0
LINE
8
BLACK
6
CONTINUOUS
10
1.2115488582677165
20
0.2559472047244095
11
1.202992283464567
21
0.253095
0
LINE
8
BLACK
6
CONTINUOUS
10
1.202992283464567
20
0.253095
11
1.202992283464567
21
0.2400225984251969
0
LINE
8
BLACK
6
CONTINUOUS
10
1.202992283464567
20
0.2400225984251969
11
1.2115488582677165
21
0.2371704330708661
0
LINE
8
BLACK
6
CONTINUOUS
10
1.2115488582677165
20
0.2371704330708661
11
1.212253622047244
21
0.2368558267716535
0
LINE
8
BLACK
6
CONTINUOUS
10
1.212253622047244
20
0.2368558267716535
11
1.213414094488189
21
0.2358493307086614
0
LINE
8
BLACK
6
CONTINUOUS
10
1.213414094488189
20
0.2358493307086614
11
1.2141010629921261
21
0.2344753543307087
0
LINE
8
BLACK
6
CONTINUOUS
10
1.2141010629921261
20
0.2344753543307087
11
1.21421
21
0.2329430708661417
0
LINE
8
BLACK
6
CONTINUOUS
10
1.21421
20
0.2329430708661417
11
1.2137242125984251
21
0.231485748031496
0
LINE
8
BLACK
6
CONTINUOUS
10
1.2137242125984251
20
0.231485748031496
11
1.212717716535433
21
0.2303252755905512
0
LINE
8
BLACK
6
CONTINUOUS
10
1.212717716535433
20
0.2303252755905512
11
1.2113437401574803
21
0.2296382677165354
0
LINE
8
BLACK
6
CONTINUOUS
10
1.2113437401574803
20
0.2296382677165354
11
1.2098114566929135
21
0.2295293700787402
0
LINE
8
BLACK
6
CONTINUOUS
10
1.2098114566929135
20
0.2295293700787402
11
1.2090588976377952
21
0.2297005118110236
0
LINE
8
BLACK
6
CONTINUOUS
10
1.2090588976377952
20
0.2297005118110236
11
1.1696888188976378
21
0.2428238582677165
0
LINE
8
BLACK
6
CONTINUOUS
10
1.1696888188976378
20
0.2428238582677165
11
1.1689840944881889
21
0.2431384645669291
0
LINE
8
BLACK
6
CONTINUOUS
10
1.1689840944881889
20
0.2431384645669291
11
1.168771496062992
21
0.2433228346456693
0
LINE
8
BLACK
6
CONTINUOUS
10
1.168771496062992
20
0.2433228346456693
11
1.1685199606299213
21
0.2434486220472441
0
LINE
8
BLACK
6
CONTINUOUS
10
1.1685199606299213
20
0.2434486220472441
11
1.168196496062992
21
0.2438214960629921
0
LINE
8
BLACK
6
CONTINUOUS
10
1.168196496062992
20
0.2438214960629921
11
1.167823622047244
21
0.2441449606299212
0
LINE
8
BLACK
6
CONTINUOUS
10
1.167823622047244
20
0.2441449606299212
11
1.1676978346456692
21
0.2443964960629921
0
LINE
8
BLACK
6
CONTINUOUS
10
1.1676978346456692
20
0.2443964960629921
11
1.1675134645669292
21
0.244609094488189
0
LINE
8
BLACK
6
CONTINUOUS
10
1.1675134645669292
20
0.244609094488189
11
1.1673573228346457
21
0.2450774803149606
0
LINE
8
BLACK
6
CONTINUOUS
10
1.1673573228346457
20
0.2450774803149606
11
1.1671366141732282
21
0.245518937007874
0
LINE
8
BLACK
6
CONTINUOUS
10
1.1671366141732282
20
0.245518937007874
11
1.1671166535433071
21
0.2457995275590551
0
LINE
8
BLACK
6
CONTINUOUS
10
1.1671166535433071
20
0.2457995275590551
11
1.167027716535433
21
0.2460664173228346
0
LINE
8
BLACK
6
CONTINUOUS
10
1.167027716535433
20
0.2460664173228346
11
1.1670626771653543
21
0.2465588188976378
0
LINE
8
BLACK
6
CONTINUOUS
10
1.1670626771653543
20
0.2465588188976378
11
1.167027716535433
21
0.2470512204724409
0
LINE
8
BLACK
6
CONTINUOUS
10
1.167027716535433
20
0.2470512204724409
11
1.1671166535433071
21
0.2473180708661417
0
LINE
8
BLACK
6
CONTINUOUS
10
1.1671166535433071
20
0.2473180708661417
11
1.1671366141732282
21
0.2475987007874016
0
LINE
8
BLACK
6
CONTINUOUS
10
1.1671366141732282
20
0.2475987007874016
11
1.1673573228346457
21
0.2480401181102362
0
LINE
8
BLACK
6
CONTINUOUS
10
1.1673573228346457
20
0.2480401181102362
11
1.1675134645669292
21
0.2485085433070866
0
LINE
8
BLACK
6
CONTINUOUS
10
1.1675134645669292
20
0.2485085433070866
11
1.1676978346456692
21
0.2487211023622047
0
LINE
8
BLACK
6
CONTINUOUS
10
1.1676978346456692
20
0.2487211023622047
11
1.167823622047244
21
0.2489726771653543
0
LINE
8
BLACK
6
CONTINUOUS
10
1.167823622047244
20
0.2489726771653543
11
1.168196496062992
21
0.2492961023622047
0
LINE
8
BLACK
6
CONTINUOUS
10
1.168196496062992
20
0.2492961023622047
11
1.1685199606299213
21
0.2496690157480315
0
LINE
8
BLACK
6
CONTINUOUS
10
1.1685199606299213
20
0.2496690157480315
11
1.168771496062992
21
0.2497947637795276
0
LINE
8
BLACK
6
CONTINUOUS
10
1.168771496062992
20
0.2497947637795276
11
1.1689840944881889
21
0.2499791732283465
0
LINE
8
BLACK
6
CONTINUOUS
10
1.1689840944881889
20
0.2499791732283465
11
1.1696888188976378
21
0.250293779527559
0
LINE
8
BLACK
6
CONTINUOUS
10
1.1696888188976378
20
0.250293779527559
11
1.2090588976377952
21
0.263417125984252
0
LINE
8
BLACK
6
CONTINUOUS
10
1.2090588976377952
20
0.263417125984252
11
1.2092151968503937
21
0.2634526771653543
0
LINE
8
BLACK
6
CONTINUOUS
10
1.2092151968503937
20
0.2634526771653543
11
1.2081166141732282
21
0.2639077559055118
0
LINE
8
BLACK
6
CONTINUOUS
10
1.2081166141732282
20
0.2639077559055118
11
1.2070303937007874
21
0.2649939763779527
0
LINE
8
BLACK
6
CONTINUOUS
10
1.2070303937007874
20
0.2649939763779527
11
1.2064425196850392
21
0.2664131889763779
0
LINE
8
BLACK
6
CONTINUOUS
10
1.2064425196850392
20
0.2664131889763779
11
1.2063668897637796
21
0.2671812598425197
0
LINE
8
BLACK
6
CONTINUOUS
10
1.2063668897637796
20
0.2671812598425197
11
1.2063668897637796
21
0.2819918897637795
0
LINE
8
BLACK
6
CONTINUOUS
10
1.2063668897637796
20
0.2819918897637795
11
1.1709338188976377
21
0.2819918897637795
0
LINE
8
BLACK
6
CONTINUOUS
10
1.1709338188976377
20
0.2819918897637795
11
1.170165748031496
21
0.2820675196850393
0
LINE
8
BLACK
6
CONTINUOUS
10
1.170165748031496
20
0.2820675196850393
11
1.1687465354330708
21
0.2826553937007874
0
LINE
8
BLACK
6
CONTINUOUS
10
1.1687465354330708
20
0.2826553937007874
11
1.1676603149606299
21
0.2837416141732284
0
LINE
8
BLACK
6
CONTINUOUS
10
1.1676603149606299
20
0.2837416141732284
11
1.1670724409448818
21
0.2851608267716536
0
LINE
8
BLACK
6
CONTINUOUS
10
1.1670724409448818
20
0.2851608267716536
11
1.1670724409448818
21
0.286696968503937
0
LINE
8
BLACK
6
CONTINUOUS
10
1.1670724409448818
20
0.286696968503937
11
1.1676603149606299
21
0.2881161811023622
0
LINE
8
BLACK
6
CONTINUOUS
10
1.1676603149606299
20
0.2881161811023622
11
1.1687465354330708
21
0.2892024015748031
0
LINE
8
BLACK
6
CONTINUOUS
10
1.1687465354330708
20
0.2892024015748031
11
1.170165748031496
21
0.2897902755905511
0
LINE
8
BLACK
6
CONTINUOUS
10
1.170165748031496
20
0.2897902755905511
11
1.1709338188976377
21
0.289865905511811
0
LINE
8
BLACK
6
CONTINUOUS
10
1.1709338188976377
20
0.289865905511811
11
1.2103038976377953
21
0.289865905511811
0
LINE
8
BLACK
6
CONTINUOUS
10
1.2103038976377953
20
0.289865905511811
11
1.2110719685039371
21
0.2897902755905511
0
LINE
8
BLACK
6
CONTINUOUS
10
1.1833837007874015
20
0.2465588188976378
11
1.1951182677165355
21
0.2426472834645669
0
LINE
8
BLACK
6
CONTINUOUS
10
1.1951182677165355
20
0.2426472834645669
11
1.1951182677165355
21
0.2504703149606299
0
LINE
8
BLACK
6
CONTINUOUS
10
1.1951182677165355
20
0.2504703149606299
11
1.1833837007874015
21
0.2465588188976378
0
LINE
8
BLACK
6
CONTINUOUS
10
1.2110719685039371
20
0.3347846456692913
11
1.2124911811023622
21
0.3341967716535433
0
LINE
8
BLACK
6
CONTINUOUS
10
1.2124911811023622
20
0.3341967716535433
11
1.2135774015748031
21
0.3331105511811023
0
LINE
8
BLACK
6
CONTINUOUS
10
1.2135774015748031
20
0.3331105511811023
11
1.2141652755905512
21
0.3316913385826771
0
LINE
8
BLACK
6
CONTINUOUS
10
1.2141652755905512
20
0.3316913385826771
11
1.2141652755905512
21
0.3301551968503937
0
LINE
8
BLACK
6
CONTINUOUS
10
1.2141652755905512
20
0.3301551968503937
11
1.2135774015748031
21
0.3287359842519685
0
LINE
8
BLACK
6
CONTINUOUS
10
1.2135774015748031
20
0.3287359842519685
11
1.2124911811023622
21
0.3276497637795275
0
LINE
8
BLACK
6
CONTINUOUS
10
1.2124911811023622
20
0.3276497637795275
11
1.2110719685039371
21
0.3270618897637795
0
LINE
8
BLACK
6
CONTINUOUS
10
1.2110719685039371
20
0.3270618897637795
11
1.2103038976377953
21
0.3269862598425197
0
LINE
8
BLACK
6
CONTINUOUS
10
1.2103038976377953
20
0.3269862598425197
11
1.1886801181102362
21
0.3269862598425197
0
LINE
8
BLACK
6
CONTINUOUS
10
1.1886801181102362
20
0.3269862598425197
11
1.2007201968503938
21
0.3213675590551181
0
LINE
8
BLACK
6
CONTINUOUS
10
1.2007201968503938
20
0.3213675590551181
11
1.2010013385826772
21
0.3212009842519685
0
LINE
8
BLACK
6
CONTINUOUS
10
1.2010013385826772
20
0.3212009842519685
11
1.2010966929133857
21
0.3211663385826772
0
LINE
8
BLACK
6
CONTINUOUS
10
1.2010966929133857
20
0.3211663385826772
11
1.2011640944881889
21
0.3211045669291339
0
LINE
8
BLACK
6
CONTINUOUS
10
1.2011640944881889
20
0.3211045669291339
11
1.2013842125984251
21
0.3209742125984252
0
LINE
8
BLACK
6
CONTINUOUS
10
1.2013842125984251
20
0.3209742125984252
11
1.2017881496062992
21
0.3205330708661417
0
LINE
8
BLACK
6
CONTINUOUS
10
1.2017881496062992
20
0.3205330708661417
11
1.2022296062992126
21
0.3201288582677165
0
LINE
8
BLACK
6
CONTINUOUS
10
1.2022296062992126
20
0.3201288582677165
11
1.2023035826771653
21
0.3199702755905512
0
LINE
8
BLACK
6
CONTINUOUS
10
1.2023035826771653
20
0.3199702755905512
11
1.2024216929133857
21
0.3198413385826772
0
LINE
8
BLACK
6
CONTINUOUS
10
1.2024216929133857
20
0.3198413385826772
11
1.2026260629921259
21
0.3192792913385827
0
LINE
8
BLACK
6
CONTINUOUS
10
1.2026260629921259
20
0.3192792913385827
11
1.2028792125984251
21
0.3187368503937008
0
LINE
8
BLACK
6
CONTINUOUS
10
1.2028792125984251
20
0.3187368503937008
11
1.2028868897637794
21
0.3185620078740157
0
LINE
8
BLACK
6
CONTINUOUS
10
1.2028868897637794
20
0.3185620078740157
11
1.2029466535433071
21
0.3183976771653543
0
LINE
8
BLACK
6
CONTINUOUS
10
1.2029466535433071
20
0.3183976771653543
11
1.2029203543307085
21
0.3177999212598425
0
LINE
8
BLACK
6
CONTINUOUS
10
1.2029203543307085
20
0.3177999212598425
11
1.2029466535433071
21
0.3172021653543307
0
LINE
8
BLACK
6
CONTINUOUS
10
1.2029466535433071
20
0.3172021653543307
11
1.2028868897637794
21
0.3170377952755906
0
LINE
8
BLACK
6
CONTINUOUS
10
1.2028868897637794
20
0.3170377952755906
11
1.2028792125984251
21
0.3168629921259842
0
LINE
8
BLACK
6
CONTINUOUS
10
1.2028792125984251
20
0.3168629921259842
11
1.2026260629921259
21
0.3163205118110236
0
LINE
8
BLACK
6
CONTINUOUS
10
1.2026260629921259
20
0.3163205118110236
11
1.2024216929133857
21
0.3157585039370079
0
LINE
8
BLACK
6
CONTINUOUS
10
1.2024216929133857
20
0.3157585039370079
11
1.2023035826771653
21
0.3156295275590551
0
LINE
8
BLACK
6
CONTINUOUS
10
1.2023035826771653
20
0.3156295275590551
11
1.2022296062992126
21
0.3154709842519685
0
LINE
8
BLACK
6
CONTINUOUS
10
1.2022296062992126
20
0.3154709842519685
11
1.2017881496062992
21
0.3150667322834645
0
LINE
8
BLACK
6
CONTINUOUS
10
1.2017881496062992
20
0.3150667322834645
11
1.2013842125984251
21
0.3146256299212598
0
LINE
8
BLACK
6
CONTINUOUS
10
1.2013842125984251
20
0.3146256299212598
11
1.2011640944881889
21
0.3144952362204724
0
LINE
8
BLACK
6
CONTINUOUS
10
1.2011640944881889
20
0.3144952362204724
11
1.2010966929133857
21
0.3144335039370079
0
LINE
8
BLACK
6
CONTINUOUS
10
1.2010966929133857
20
0.3144335039370079
11
1.2010013385826772
21
0.3143988188976378
0
LINE
8
BLACK
6
CONTINUOUS
10
1.2010013385826772
20
0.3143988188976378
11
1.2007201968503938
21
0.3142322834645669
0
LINE
8
BLACK
6
CONTINUOUS
10
1.2007201968503938
20
0.3142322834645669
11
1.1886801181102362
21
0.3086135826771653
0
LINE
8
BLACK
6
CONTINUOUS
10
1.1886801181102362
20
0.3086135826771653
11
1.2103038976377953
21
0.3086135826771653
0
LINE
8
BLACK
6
CONTINUOUS
10
1.2103038976377953
20
0.3086135826771653
11
1.2110719685039371
21
0.3085379527559055
0
LINE
8
BLACK
6
CONTINUOUS
10
1.2110719685039371
20
0.3085379527559055
11
1.2124911811023622
21
0.3079500787401575
0
LINE
8
BLACK
6
CONTINUOUS
10
1.2124911811023622
20
0.3079500787401575
11
1.2135774015748031
21
0.3068638582677165
0
LINE
8
BLACK
6
CONTINUOUS
10
1.2135774015748031
20
0.3068638582677165
11
1.2141652755905512
21
0.3054446456692914
0
LINE
8
BLACK
6
CONTINUOUS
10
1.2141652755905512
20
0.3054446456692914
11
1.2141652755905512
21
0.3039085039370079
0
LINE
8
BLACK
6
CONTINUOUS
10
1.2141652755905512
20
0.3039085039370079
11
1.2135774015748031
21
0.3024892913385827
0
LINE
8
BLACK
6
CONTINUOUS
10
1.2135774015748031
20
0.3024892913385827
11
1.2124911811023622
21
0.3014030708661417
0
LINE
8
BLACK
6
CONTINUOUS
10
1.2124911811023622
20
0.3014030708661417
11
1.2110719685039371
21
0.3008151968503937
0
LINE
8
BLACK
6
CONTINUOUS
10
1.2110719685039371
20
0.3008151968503937
11
1.2103038976377953
21
0.3007395669291338
0
LINE
8
BLACK
6
CONTINUOUS
10
1.2103038976377953
20
0.3007395669291338
11
1.1709338188976377
21
0.3007395669291338
0
LINE
8
BLACK
6
CONTINUOUS
10
1.1709338188976377
20
0.3007395669291338
11
1.170428937007874
21
0.3007892519685039
0
LINE
8
BLACK
6
CONTINUOUS
10
1.170428937007874
20
0.3007892519685039
11
1.170336062992126
21
0.3007851968503937
0
LINE
8
BLACK
6
CONTINUOUS
10
1.170336062992126
20
0.3007851968503937
11
1.1702861417322834
21
0.3008033070866142
0
LINE
8
BLACK
6
CONTINUOUS
10
1.1702861417322834
20
0.3008033070866142
11
1.170165748031496
21
0.3008151968503937
0
LINE
8
BLACK
6
CONTINUOUS
10
1.170165748031496
20
0.3008151968503937
11
1.1695341732283464
21
0.3010767716535433
0
LINE
8
BLACK
6
CONTINUOUS
10
1.1695341732283464
20
0.3010767716535433
11
1.1688924015748032
21
0.3013101968503937
0
LINE
8
BLACK
6
CONTINUOUS
10
1.1688924015748032
20
0.3013101968503937
11
1.1688276771653543
21
0.3013694488188977
0
LINE
8
BLACK
6
CONTINUOUS
10
1.1688276771653543
20
0.3013694488188977
11
1.1687465354330708
21
0.3014030708661417
0
LINE
8
BLACK
6
CONTINUOUS
10
1.1687465354330708
20
0.3014030708661417
11
1.1682633070866142
21
0.3018862598425197
0
LINE
8
BLACK
6
CONTINUOUS
10
1.1682633070866142
20
0.3018862598425197
11
1.1677595275590551
21
0.3023476377952756
0
LINE
8
BLACK
6
CONTINUOUS
10
1.1677595275590551
20
0.3023476377952756
11
1.1677223622047244
21
0.3024272047244094
0
LINE
8
BLACK
6
CONTINUOUS
10
1.1677223622047244
20
0.3024272047244094
11
1.1676603149606299
21
0.3024892913385827
0
LINE
8
BLACK
6
CONTINUOUS
10
1.1676603149606299
20
0.3024892913385827
11
1.1673988976377951
21
0.3031203543307087
0
LINE
8
BLACK
6
CONTINUOUS
10
1.1673988976377951
20
0.3031203543307087
11
1.1671098818897638
21
0.30373968503937
0
LINE
8
BLACK
6
CONTINUOUS
10
1.1671098818897638
20
0.30373968503937
11
1.1671060236220472
21
0.3038274015748031
0
LINE
8
BLACK
6
CONTINUOUS
10
1.1671060236220472
20
0.3038274015748031
11
1.1670724409448818
21
0.3039085039370079
0
LINE
8
BLACK
6
CONTINUOUS
10
1.1670724409448818
20
0.3039085039370079
11
1.1670724409448818
21
0.3045916535433071
0
LINE
8
BLACK
6
CONTINUOUS
10
1.1670724409448818
20
0.3045916535433071
11
1.1670424409448819
21
0.3052743307086614
0
LINE
8
BLACK
6
CONTINUOUS
10
1.1670424409448819
20
0.3052743307086614
11
1.1670724409448818
21
0.3053568110236221
0
LINE
8
BLACK
6
CONTINUOUS
10
1.1670724409448818
20
0.3053568110236221
11
1.1670724409448818
21
0.3054446456692914
0
LINE
8
BLACK
6
CONTINUOUS
10
1.1670724409448818
20
0.3054446456692914
11
1.1673340157480314
21
0.3060761811023622
0
LINE
8
BLACK
6
CONTINUOUS
10
1.1673340157480314
20
0.3060761811023622
11
1.167567440944882
21
0.3067179921259842
0
LINE
8
BLACK
6
CONTINUOUS
10
1.167567440944882
20
0.3067179921259842
11
1.1676266929133858
21
0.3067826771653543
0
LINE
8
BLACK
6
CONTINUOUS
10
1.1676266929133858
20
0.3067826771653543
11
1.1676603149606299
21
0.3068638582677165
0
LINE
8
BLACK
6
CONTINUOUS
10
1.1676603149606299
20
0.3068638582677165
11
1.1681435039370078
21
0.3073470472440945
0
LINE
8
BLACK
6
CONTINUOUS
10
1.1681435039370078
20
0.3073470472440945
11
1.1686048818897639
21
0.3078508661417323
0
LINE
8
BLACK
6
CONTINUOUS
10
1.1686048818897639
20
0.3078508661417323
11
1.1687089763779528
21
0.3079125196850394
0
LINE
8
BLACK
6
CONTINUOUS
10
1.1687089763779528
20
0.3079125196850394
11
1.1687465354330708
21
0.3079500787401575
0
LINE
8
BLACK
6
CONTINUOUS
10
1.1687465354330708
20
0.3079500787401575
11
1.1688324015748031
21
0.3079856299212598
0
LINE
8
BLACK
6
CONTINUOUS
10
1.1688324015748031
20
0.3079856299212598
11
1.1692688976377952
21
0.3082442125984252
0
LINE
8
BLACK
6
CONTINUOUS
10
1.1692688976377952
20
0.3082442125984252
11
1.1897454330708661
21
0.3177999212598425
0
LINE
8
BLACK
6
CONTINUOUS
10
1.1897454330708661
20
0.3177999212598425
11
1.1692688976377952
21
0.3273556299212598
0
LINE
8
BLACK
6
CONTINUOUS
10
1.1692688976377952
20
0.3273556299212598
11
1.1688324015748031
21
0.3276141732283465
0
LINE
8
BLACK
6
CONTINUOUS
10
1.1688324015748031
20
0.3276141732283465
11
1.1687465354330708
21
0.3276497637795275
0
LINE
8
BLACK
6
CONTINUOUS
10
1.1687465354330708
20
0.3276497637795275
11
1.1687089763779528
21
0.3276872834645669
0
LINE
8
BLACK
6
CONTINUOUS
10
1.1687089763779528
20
0.3276872834645669
11
1.1686048818897639
21
0.3277489763779527
0
LINE
8
BLACK
6
CONTINUOUS
10
1.1686048818897639
20
0.3277489763779527
11
1.1681435039370078
21
0.3282527559055118
0
LINE
8
BLACK
6
CONTINUOUS
10
1.1681435039370078
20
0.3282527559055118
11
1.1676603149606299
21
0.3287359842519685
0
LINE
8
BLACK
6
CONTINUOUS
10
1.1676603149606299
20
0.3287359842519685
11
1.1676266929133858
21
0.3288171259842519
0
LINE
8
BLACK
6
CONTINUOUS
10
1.1676266929133858
20
0.3288171259842519
11
1.167567440944882
21
0.3288818503937008
0
LINE
8
BLACK
6
CONTINUOUS
10
1.167567440944882
20
0.3288818503937008
11
1.1673340157480314
21
0.3295236220472441
0
LINE
8
BLACK
6
CONTINUOUS
10
1.1673340157480314
20
0.3295236220472441
11
1.1670724409448818
21
0.3301551968503937
0
LINE
8
BLACK
6
CONTINUOUS
10
1.1670724409448818
20
0.3301551968503937
11
1.1670724409448818
21
0.3302429921259842
0
LINE
8
BLACK
6
CONTINUOUS
10
1.1670724409448818
20
0.3302429921259842
11
1.1670424409448819
21
0.3303255118110236
0
LINE
8
BLACK
6
CONTINUOUS
10
1.1670424409448819
20
0.3303255118110236
11
1.1670724409448818
21
0.3310081496062992
0
LINE
8
BLACK
6
CONTINUOUS
10
1.1670724409448818
20
0.3310081496062992
11
1.1670724409448818
21
0.3316913385826771
0
LINE
8
BLACK
6
CONTINUOUS
10
1.1670724409448818
20
0.3316913385826771
11
1.1671060236220472
21
0.3317724015748031
0
LINE
8
BLACK
6
CONTINUOUS
10
1.1671060236220472
20
0.3317724015748031
11
1.1671098818897638
21
0.3318601574803149
0
LINE
8
BLACK
6
CONTINUOUS
10
1.1671098818897638
20
0.3318601574803149
11
1.1673988976377951
21
0.3324794488188976
0
LINE
8
BLACK
6
CONTINUOUS
10
1.1673988976377951
20
0.3324794488188976
11
1.1676603149606299
21
0.3331105511811023
0
LINE
8
BLACK
6
CONTINUOUS
10
1.1676603149606299
20
0.3331105511811023
11
1.1677223622047244
21
0.3331725984251969
0
LINE
8
BLACK
6
CONTINUOUS
10
1.1677223622047244
20
0.3331725984251969
11
1.1677595275590551
21
0.3332522047244094
0
LINE
8
BLACK
6
CONTINUOUS
10
1.1677595275590551
20
0.3332522047244094
11
1.1682633070866142
21
0.3337135433070866
0
LINE
8
BLACK
6
CONTINUOUS
10
1.1682633070866142
20
0.3337135433070866
11
1.1687465354330708
21
0.3341967716535433
0
LINE
8
BLACK
6
CONTINUOUS
10
1.1687465354330708
20
0.3341967716535433
11
1.1688276771653543
21
0.3342303543307086
0
LINE
8
BLACK
6
CONTINUOUS
10
1.1688276771653543
20
0.3342303543307086
11
1.1688924015748032
21
0.3342896456692913
0
LINE
8
BLACK
6
CONTINUOUS
10
1.1688924015748032
20
0.3342896456692913
11
1.1695341732283464
21
0.334523031496063
0
LINE
8
BLACK
6
CONTINUOUS
10
1.1695341732283464
20
0.334523031496063
11
1.170165748031496
21
0.3347846456692913
0
LINE
8
BLACK
6
CONTINUOUS
10
1.170165748031496
20
0.3347846456692913
11
1.1702861417322834
21
0.3347964960629921
0
LINE
8
BLACK
6
CONTINUOUS
10
1.1702861417322834
20
0.3347964960629921
11
1.170336062992126
21
0.3348146456692913
0
LINE
8
BLACK
6
CONTINUOUS
10
1.170336062992126
20
0.3348146456692913
11
1.170428937007874
21
0.3348105511811024
0
LINE
8
BLACK
6
CONTINUOUS
10
1.170428937007874
20
0.3348105511811024
11
1.1709338188976377
21
0.3348602755905511
0
LINE
8
BLACK
6
CONTINUOUS
10
1.1709338188976377
20
0.3348602755905511
11
1.2103038976377953
21
0.3348602755905511
0
LINE
8
BLACK
6
CONTINUOUS
10
1.2103038976377953
20
0.3348602755905511
11
1.2110719685039371
21
0.3347846456692913
0
LINE
8
BLACK
6
CONTINUOUS
10
1.4197842125984252
20
0.3164414566929134
11
1.432697125984252
21
0.3134941732283464
0
LINE
8
BLACK
6
CONTINUOUS
10
1.432697125984252
20
0.3134941732283464
11
1.4451988188976377
21
0.3091196456692913
0
LINE
8
BLACK
6
CONTINUOUS
10
1.4451988188976377
20
0.3091196456692913
11
1.4571321653543308
21
0.3033728346456693
0
LINE
8
BLACK
6
CONTINUOUS
10
1.4571321653543308
20
0.3033728346456693
11
1.4683470078740157
21
0.2963261023622047
0
LINE
8
BLACK
6
CONTINUOUS
10
1.4683470078740157
20
0.2963261023622047
11
1.4787023622047244
21
0.2880679527559055
0
LINE
8
BLACK
6
CONTINUOUS
10
1.4787023622047244
20
0.2880679527559055
11
1.4880679527559055
21
0.2787023622047244
0
LINE
8
BLACK
6
CONTINUOUS
10
1.4880679527559055
20
0.2787023622047244
11
1.4963261023622048
21
0.2683470078740157
0
LINE
8
BLACK
6
CONTINUOUS
10
1.4963261023622048
20
0.2683470078740157
11
1.5033728346456692
21
0.2571321653543307
0
LINE
8
BLACK
6
CONTINUOUS
10
1.5033728346456692
20
0.2571321653543307
11
1.5091196456692912
21
0.2451988188976378
0
LINE
8
BLACK
6
CONTINUOUS
10
1.5091196456692912
20
0.2451988188976378
11
1.5134941732283465
21
0.232697125984252
0
LINE
8
BLACK
6
CONTINUOUS
10
1.5134941732283465
20
0.232697125984252
11
1.5164414566929134
21
0.2197842125984252
0
LINE
8
BLACK
6
CONTINUOUS
10
1.5164414566929134
20
0.2197842125984252
11
1.5179244094488189
21
0.2066224803149606
0
LINE
8
BLACK
6
CONTINUOUS
10
1.5179244094488189
20
0.2066224803149606
11
1.5179244094488189
21
0.1933775196850394
0
LINE
8
BLACK
6
CONTINUOUS
10
1.5179244094488189
20
0.1933775196850394
11
1.5164414566929134
21
0.1802157874015748
0
LINE
8
BLACK
6
CONTINUOUS
10
1.5164414566929134
20
0.1802157874015748
11
1.5134941732283465
21
0.167302874015748
0
LINE
8
BLACK
6
CONTINUOUS
10
1.5134941732283465
20
0.167302874015748
11
1.5091196456692912
21
0.1548011811023622
0
LINE
8
BLACK
6
CONTINUOUS
10
1.5091196456692912
20
0.1548011811023622
11
1.5033728346456692
21
0.1428678346456693
0
LINE
8
BLACK
6
CONTINUOUS
10
1.5033728346456692
20
0.1428678346456693
11
1.4963261023622048
21
0.1316529921259842
0
LINE
8
BLACK
6
CONTINUOUS
10
1.4963261023622048
20
0.1316529921259842
11
1.4880679527559055
21
0.1212976377952756
0
LINE
8
BLACK
6
CONTINUOUS
10
1.4880679527559055
20
0.1212976377952756
11
1.4787023622047244
21
0.1119320472440945
0
LINE
8
BLACK
6
CONTINUOUS
10
1.4787023622047244
20
0.1119320472440945
11
1.4683470078740157
21
0.1036738976377953
0
LINE
8
BLACK
6
CONTINUOUS
10
1.4683470078740157
20
0.1036738976377953
11
1.4571321653543308
21
0.0966271653543307
0
LINE
8
BLACK
6
CONTINUOUS
10
1.4571321653543308
20
0.0966271653543307
11
1.4451988188976377
21
0.0908803543307087
0
LINE
8
BLACK
6
CONTINUOUS
10
1.4451988188976377
20
0.0908803543307087
11
1.432697125984252
21
0.0865058267716535
0
LINE
8
BLACK
6
CONTINUOUS
10
1.432697125984252
20
0.0865058267716535
11
1.4197842125984252
21
0.0835585433070866
0
LINE
8
BLACK
6
CONTINUOUS
10
1.4197842125984252
20
0.0835585433070866
11
1.4066224803149605
21
0.0820755905511811
0
LINE
8
BLACK
6
CONTINUOUS
10
1.4066224803149605
20
0.0820755905511811
11
1.3933775196850393
21
0.0820755905511811
0
LINE
8
BLACK
6
CONTINUOUS
10
1.3933775196850393
20
0.0820755905511811
11
1.3802157874015748
21
0.0835585433070866
0
LINE
8
BLACK
6
CONTINUOUS
10
1.3802157874015748
20
0.0835585433070866
11
1.367302874015748
21
0.0865058267716535
0
LINE
8
BLACK
6
CONTINUOUS
10
1.367302874015748
20
0.0865058267716535
11
1.3548011811023621
21
0.0908803543307087
0
LINE
8
BLACK
6
CONTINUOUS
10
1.3548011811023621
20
0.0908803543307087
11
1.3428678346456693
21
0.0966271653543307
0
LINE
8
BLACK
6
CONTINUOUS
10
1.3428678346456693
20
0.0966271653543307
11
1.3316529921259843
21
0.1036738976377953
0
LINE
8
BLACK
6
CONTINUOUS
10
1.3316529921259843
20
0.1036738976377953
11
1.3212976377952756
21
0.1119320472440945
0
LINE
8
BLACK
6
CONTINUOUS
10
1.3212976377952756
20
0.1119320472440945
11
1.3119320472440945
21
0.1212976377952756
0
LINE
8
BLACK
6
CONTINUOUS
10
1.3119320472440945
20
0.1212976377952756
11
1.3036738976377953
21
0.1316529921259842
0
LINE
8
BLACK
6
CONTINUOUS
10
1.3036738976377953
20
0.1316529921259842
11
1.2966271653543306
21
0.1428678346456693
0
LINE
8
BLACK
6
CONTINUOUS
10
1.2966271653543306
20
0.1428678346456693
11
1.2908803543307086
21
0.1548011811023622
0
LINE
8
BLACK
6
CONTINUOUS
10
1.2908803543307086
20
0.1548011811023622
11
1.2865058267716536
21
0.167302874015748
0
LINE
8
BLACK
6
CONTINUOUS
10
1.2865058267716536
20
0.167302874015748
11
1.2835585433070866
21
0.1802157874015748
0
LINE
8
BLACK
6
CONTINUOUS
10
1.2835585433070866
20
0.1802157874015748
11
1.2820755905511811
21
0.1933775196850394
0
LINE
8
BLACK
6
CONTINUOUS
10
1.2820755905511811
20
0.1933775196850394
11
1.2820755905511811
21
0.2066224803149606
0
LINE
8
BLACK
6
CONTINUOUS
10
1.2820755905511811
20
0.2066224803149606
11
1.2835585433070866
21
0.2197842125984252
0
LINE
8
BLACK
6
CONTINUOUS
10
1.2835585433070866
20
0.2197842125984252
11
1.2865058267716536
21
0.232697125984252
0
LINE
8
BLACK
6
CONTINUOUS
10
1.2865058267716536
20
0.232697125984252
11
1.2908803543307086
21
0.2451988188976378
0
LINE
8
BLACK
6
CONTINUOUS
10
1.2908803543307086
20
0.2451988188976378
11
1.2966271653543306
21
0.2571321653543307
0
LINE
8
BLACK
6
CONTINUOUS
10
1.2966271653543306
20
0.2571321653543307
11
1.3036738976377953
21
0.2683470078740157
0
LINE
8
BLACK
6
CONTINUOUS
10
1.3036738976377953
20
0.2683470078740157
11
1.3119320472440945
21
0.2787023622047244
0
LINE
8
BLACK
6
CONTINUOUS
10
1.3119320472440945
20
0.2787023622047244
11
1.3212976377952756
21
0.2880679527559055
0
LINE
8
BLACK
6
CONTINUOUS
10
1.3212976377952756
20
0.2880679527559055
11
1.3316529921259843
21
0.2963261023622047
0
LINE
8
BLACK
6
CONTINUOUS
10
1.3316529921259843
20
0.2963261023622047
11
1.3428678346456693
21
0.3033728346456693
0
LINE
8
BLACK
6
CONTINUOUS
10
1.3428678346456693
20
0.3033728346456693
11
1.3548011811023621
21
0.3091196456692913
0
LINE
8
BLACK
6
CONTINUOUS
10
1.3548011811023621
20
0.3091196456692913
11
1.367302874015748
21
0.3134941732283464
0
LINE
8
BLACK
6
CONTINUOUS
10
1.367302874015748
20
0.3134941732283464
11
1.3802157874015748
21
0.3164414566929134
0
LINE
8
BLACK
6
CONTINUOUS
10
1.3802157874015748
20
0.3164414566929134
11
1.3933775196850393
21
0.3179244094488189
0
LINE
8
BLACK
6
CONTINUOUS
10
1.3933775196850393
20
0.3179244094488189
11
1.4066224803149605
21
0.3179244094488189
0
LINE
8
BLACK
6
CONTINUOUS
10
1.4066224803149605
20
0.3179244094488189
11
1.4197842125984252
21
0.3164414566929134
0
LINE
8
BLACK
6
CONTINUOUS
10
1.4197842125984252
20
1.5164414566929134
11
1.432697125984252
21
1.5134941732283465
0
LINE
8
BLACK
6
CONTINUOUS
10
1.432697125984252
20
1.5134941732283465
11
1.4451988188976377
21
1.5091196456692912
0
LINE
8
BLACK
6
CONTINUOUS
10
1.4451988188976377
20
1.5091196456692912
11
1.4571321653543308
21
1.5033728346456692
0
LINE
8
BLACK
6
CONTINUOUS
10
1.4571321653543308
20
1.5033728346456692
11
1.4683470078740157
21
1.4963261023622048
0
LINE
8
BLACK
6
CONTINUOUS
10
1.4683470078740157
20
1.4963261023622048
11
1.4787023622047244
21
1.4880679527559055
0
LINE
8
BLACK
6
CONTINUOUS
10
1.4787023622047244
20
1.4880679527559055
11
1.4880679527559055
21
1.4787023622047244
0
LINE
8
BLACK
6
CONTINUOUS
10
1.4880679527559055
20
1.4787023622047244
11
1.4963261023622048
21
1.4683470078740157
0
LINE
8
BLACK
6
CONTINUOUS
10
1.4963261023622048
20
1.4683470078740157
11
1.5033728346456692
21
1.4571321653543308
0
LINE
8
BLACK
6
CONTINUOUS
10
1.5033728346456692
20
1.4571321653543308
11
1.5091196456692912
21
1.4451988188976377
0
LINE
8
BLACK
6
CONTINUOUS
10
1.5091196456692912
20
1.4451988188976377
11
1.5134941732283465
21
1.432697125984252
0
LINE
8
BLACK
6
CONTINUOUS
10
1.5134941732283465
20
1.432697125984252
11
1.5164414566929134
21
1.4197842125984252
0
LINE
8
BLACK
6
CONTINUOUS
10
1.5164414566929134
20
1.4197842125984252
11
1.5179244094488189
21
1.4066224803149605
0
LINE
8
BLACK
6
CONTINUOUS
10
1.5179244094488189
20
1.4066224803149605
11
1.5179244094488189
21
1.3933775196850393
0
LINE
8
BLACK
6
CONTINUOUS
10
1.5179244094488189
20
1.3933775196850393
11
1.5164414566929134
21
1.3802157874015748
0
LINE
8
BLACK
6
CONTINUOUS
10
1.5164414566929134
20
1.3802157874015748
11
1.5134941732283465
21
1.367302874015748
0
LINE
8
BLACK
6
CONTINUOUS
10
1.5134941732283465
20
1.367302874015748
11
1.5091196456692912
21
1.3548011811023621
0
LINE
8
BLACK
6
CONTINUOUS
10
1.5091196456692912
20
1.3548011811023621
11
1.5033728346456692
21
1.3428678346456693
0
LINE
8
BLACK
6
CONTINUOUS
10
1.5033728346456692
20
1.3428678346456693
11
1.4963261023622048
21
1.3316529921259843
0
LINE
8
BLACK
6
CONTINUOUS
10
1.4963261023622048
20
1.3316529921259843
11
1.4880679527559055
21
1.3212976377952756
0
LINE
8
BLACK
6
CONTINUOUS
10
1.4880679527559055
20
1.3212976377952756
11
1.4787023622047244
21
1.3119320472440945
0
LINE
8
BLACK
6
CONTINUOUS
10
1.4787023622047244
20
1.3119320472440945
11
1.4683470078740157
21
1.3036738976377953
0
LINE
8
BLACK
6
CONTINUOUS
10
1.4683470078740157
20
1.3036738976377953
11
1.4571321653543308
21
1.2966271653543306
0
LINE
8
BLACK
6
CONTINUOUS
10
1.4571321653543308
20
1.2966271653543306
11
1.4451988188976377
21
1.2908803543307086
0
LINE
8
BLACK
6
CONTINUOUS
10
1.4451988188976377
20
1.2908803543307086
11
1.432697125984252
21
1.2865058267716536
0
LINE
8
BLACK
6
CONTINUOUS
10
1.432697125984252
20
1.2865058267716536
11
1.4197842125984252
21
1.2835585433070866
0
LINE
8
BLACK
6
CONTINUOUS
10
1.4197842125984252
20
1.2835585433070866
11
1.4066224803149605
21
1.2820755905511811
0
LINE
8
BLACK
6
CONTINUOUS
10
1.4066224803149605
20
1.2820755905511811
11
1.3933775196850393
21
1.2820755905511811
0
LINE
8
BLACK
6
CONTINUOUS
10
1.3933775196850393
20
1.2820755905511811
11
1.3802157874015748
21
1.2835585433070866
0
LINE
8
BLACK
6
CONTINUOUS
10
1.3802157874015748
20
1.2835585433070866
11
1.367302874015748
21
1.2865058267716536
0
LINE
8
BLACK
6
CONTINUOUS
10
1.367302874015748
20
1.2865058267716536
11
1.3548011811023621
21
1.2908803543307086
0
LINE
8
BLACK
6
CONTINUOUS
10
1.3548011811023621
20
1.2908803543307086
11
1.3428678346456693
21
1.2966271653543306
0
LINE
8
BLACK
6
CONTINUOUS
10
1.3428678346456693
20
1.2966271653543306
11
1.3316529921259843
21
1.3036738976377953
0
LINE
8
BLACK
6
CONTINUOUS
10
1.3316529921259843
20
1.3036738976377953
11
1.3212976377952756
21
1.3119320472440945
0
LINE
8
BLACK
6
CONTINUOUS
10
1.3212976377952756
20
1.3119320472440945
11
1.3119320472440945
21
1.3212976377952756
0
LINE
8
BLACK
6
CONTINUOUS
10
1.3119320472440945
20
1.3212976377952756
11
1.3036738976377953
21
1.3316529921259843
0
LINE
8
BLACK
6
CONTINUOUS
10
1.3036738976377953
20
1.3316529921259843
11
1.2966271653543306
21
1.3428678346456693
0
LINE
8
BLACK
6
CONTINUOUS
10
1.2966271653543306
20
1.3428678346456693
11
1.2908803543307086
21
1.3548011811023621
0
LINE
8
BLACK
6
CONTINUOUS
10
1.2908803543307086
20
1.3548011811023621
11
1.2865058267716536
21
1.367302874015748
0
LINE
8
BLACK
6
CONTINUOUS
10
1.2865058267716536
20
1.367302874015748
11
1.2835585433070866
21
1.3802157874015748
0
LINE
8
BLACK
6
CONTINUOUS
10
1.2835585433070866
20
1.3802157874015748
11
1.2820755905511811
21
1.3933775196850393
0
LINE
8
BLACK
6
CONTINUOUS
10
1.2820755905511811
20
1.3933775196850393
11
1.2820755905511811
21
1.4066224803149605
0
LINE
8
BLACK
6
CONTINUOUS
10
1.2820755905511811
20
1.4066224803149605
11
1.2835585433070866
21
1.4197842125984252
0
LINE
8
BLACK
6
CONTINUOUS
10
1.2835585433070866
20
1.4197842125984252
11
1.2865058267716536
21
1.432697125984252
0
LINE
8
BLACK
6
CONTINUOUS
10
1.2865058267716536
20
1.432697125984252
11
1.2908803543307086
21
1.4451988188976377
0
LINE
8
BLACK
6
CONTINUOUS
10
1.2908803543307086
20
1.4451988188976377
11
1.2966271653543306
21
1.4571321653543308
0
LINE
8
BLACK
6
CONTINUOUS
10
1.2966271653543306
20
1.4571321653543308
11
1.3036738976377953
21
1.4683470078740157
0
LINE
8
BLACK
6
CONTINUOUS
10
1.3036738976377953
20
1.4683470078740157
11
1.3119320472440945
21
1.4787023622047244
0
LINE
8
BLACK
6
CONTINUOUS
10
1.3119320472440945
20
1.4787023622047244
11
1.3212976377952756
21
1.4880679527559055
0
LINE
8
BLACK
6
CONTINUOUS
10
1.3212976377952756
20
1.4880679527559055
11
1.3316529921259843
21
1.4963261023622048
0
LINE
8
BLACK
6
CONTINUOUS
10
1.3316529921259843
20
1.4963261023622048
11
1.3428678346456693
21
1.5033728346456692
0
LINE
8
BLACK
6
CONTINUOUS
10
1.3428678346456693
20
1.5033728346456692
11
1.3548011811023621
21
1.5091196456692912
0
LINE
8
BLACK
6
CONTINUOUS
10
1.3548011811023621
20
1.5091196456692912
11
1.367302874015748
21
1.5134941732283465
0
LINE
8
BLACK
6
CONTINUOUS
10
1.367302874015748
20
1.5134941732283465
11
1.3802157874015748
21
1.5164414566929134
0
LINE
8
BLACK
6
CONTINUOUS
10
1.3802157874015748
20
1.5164414566929134
11
1.3933775196850393
21
1.5179244094488189
0
LINE
8
BLACK
6
CONTINUOUS
10
1.3933775196850393
20
1.5179244094488189
11
1.4066224803149605
21
1.5179244094488189
0
LINE
8
BLACK
6
CONTINUOUS
10
1.4066224803149605
20
1.5179244094488189
11
1.4197842125984252
21
1.5164414566929134
0
LINE
8
BLACK
6
CONTINUOUS
10
1.0075000000000001
20
1.3421850393700787
11
0.9425
21
1.3421850393700787
0
LINE
8
BLACK
6
CONTINUOUS
10
0.9425
20
1.3421850393700787
11
0.9425
21
1.4071850393700787
0
LINE
8
BLACK
6
CONTINUOUS
10
0.9425
20
1.4071850393700787
11
1.0075000000000001
21
1.4071850393700787
0
LINE
8
BLACK
6
CONTINUOUS
10
1.0075000000000001
20
1.4071850393700787
11
1.0075000000000001
21
1.3421850393700787
0
LINE
8
BLACK
6
CONTINUOUS
10
1.1074999999999999
20
1.3421850393700787
11
1.0425
21
1.3421850393700787
0
LINE
8
BLACK
6
CONTINUOUS
10
1.0425
20
1.3421850393700787
11
1.0425
21
1.4071850393700787
0
LINE
8
BLACK
6
CONTINUOUS
10
1.0425
20
1.4071850393700787
11
1.1074999999999999
21
1.4071850393700787
0
LINE
8
BLACK
6
CONTINUOUS
10
1.1074999999999999
20
1.4071850393700787
11
1.1074999999999999
21
1.3421850393700787
0
LINE
8
BLACK
6
CONTINUOUS
10
1.0075000000000001
20
1.4421850393700788
11
0.9425
21
1.4421850393700788
0
LINE
8
BLACK
6
CONTINUOUS
10
0.9425
20
1.4421850393700788
11
0.9425
21
1.5071850393700787
0
LINE
8
BLACK
6
CONTINUOUS
10
0.9425
20
1.5071850393700787
11
1.0075000000000001
21
1.5071850393700787
0
LINE
8
BLACK
6
CONTINUOUS
10
1.0075000000000001
20
1.5071850393700787
11
1.0075000000000001
21
1.4421850393700788
0
LINE
8
BLACK
6
CONTINUOUS
10
1.1074999999999999
20
1.4421850393700788
11
1.0425
21
1.4421850393700788
0
LINE
8
BLACK
6
CONTINUOUS
10
1.0425
20
1.4421850393700788
11
1.0425
21
1.5071850393700787
0
LINE
8
BLACK
6
CONTINUOUS
10
1.0425
20
1.5071850393700787
11
1.1074999999999999
21
1.5071850393700787
0
LINE
8
BLACK
6
CONTINUOUS
10
1.1074999999999999
20
1.5071850393700787
11
1.1074999999999999
21
1.4421850393700788
0
LINE
8
BLACK
6
CONTINUOUS
10
1.5686098818897638
20
1.5694721653543307
11
1.5700257874015748
21
1.5675233464566929
0
LINE
8
BLACK
6
CONTINUOUS
10
1.5700257874015748
20
1.5675233464566929
11
1.5702165354330708
21
1.5663188976377953
0
LINE
8
BLACK
6
CONTINUOUS
10
1.5702165354330708
20
1.5663188976377953
11
1.5702165354330708
21
0.0336811023622047
0
LINE
8
BLACK
6
CONTINUOUS
10
1.5702165354330708
20
0.0336811023622047
11
1.5694721653543307
21
0.0313901181102362
0
LINE
8
BLACK
6
CONTINUOUS
10
1.5694721653543307
20
0.0313901181102362
11
1.5675233464566929
21
0.0299742125984252
0
LINE
8
BLACK
6
CONTINUOUS
10
1.5675233464566929
20
0.0299742125984252
11
1.5663188976377953
21
0.0297834645669291
0
LINE
8
BLACK
6
CONTINUOUS
10
1.5663188976377953
20
0.0297834645669291
11
0.0336811023622047
21
0.0297834645669291
0
LINE
8
BLACK
6
CONTINUOUS
10
0.0336811023622047
20
0.0297834645669291
11
0.0313901181102362
21
0.0305278346456693
0
LINE
8
BLACK
6
CONTINUOUS
10
0.0313901181102362
20
0.0305278346456693
11
0.0299742125984252
21
0.0324766535433071
0
LINE
8
BLACK
6
CONTINUOUS
10
0.0299742125984252
20
0.0324766535433071
11
0.0297834645669291
21
0.0336811023622047
0
LINE
8
BLACK
6
CONTINUOUS
10
0.0297834645669291
20
0.0336811023622047
11
0.0297834645669291
21
0.3768790551181102
0
LINE
8
BLACK
6
CONTINUOUS
10
0.0297834645669291
20
0.3768790551181102
11
0.0305278346456693
21
0.3791700393700787
0
LINE
8
BLACK
6
CONTINUOUS
10
0.0305278346456693
20
0.3791700393700787
11
0.0324766535433071
21
0.3805859448818897
0
LINE
8
BLACK
6
CONTINUOUS
10
0.0324766535433071
20
0.3805859448818897
11
0.0336811023622047
21
0.3807766929133858
0
LINE
8
BLACK
6
CONTINUOUS
10
0.0336811023622047
20
0.3807766929133858
11
0.0907636220472441
21
0.3807766929133858
0
LINE
8
BLACK
6
CONTINUOUS
10
0.0907636220472441
20
0.3807766929133858
11
0.0930546062992126
21
0.3800323228346457
0
LINE
8
BLACK
6
CONTINUOUS
10
0.0930546062992126
20
0.3800323228346457
11
0.0933160236220472
21
0.3798247244094488
0
LINE
8
BLACK
6
CONTINUOUS
10
0.0933160236220472
20
0.3798247244094488
11
0.0938334251968504
21
0.3793763779527559
0
LINE
8
BLACK
6
CONTINUOUS
10
0.0938334251968504
20
0.3793763779527559
11
0.0988842519685039
21
0.3770697637795276
0
LINE
8
BLACK
6
CONTINUOUS
10
0.0988842519685039
20
0.3770697637795276
11
0.1015660236220472
21
0.3762823228346457
0
LINE
8
BLACK
6
CONTINUOUS
10
0.1015660236220472
20
0.3762823228346457
11
0.1015662598425197
21
0.3762822834645669
0
LINE
8
BLACK
6
CONTINUOUS
10
0.1015662598425197
20
0.3762822834645669
11
0.1070618897637795
21
0.375492125984252
0
LINE
8
BLACK
6
CONTINUOUS
10
0.1070618897637795
20
0.375492125984252
11
0.1070620866141732
21
0.375492125984252
0
LINE
8
BLACK
6
CONTINUOUS
10
0.1070620866141732
20
0.375492125984252
11
0.2983267716535433
21
0.375492125984252
0
LINE
8
BLACK
6
CONTINUOUS
10
0.2983267716535433
20
0.375492125984252
11
0.2989731889763779
21
0.3755616141732284
0
LINE
8
BLACK
6
CONTINUOUS
10
0.2989731889763779
20
0.3755616141732284
11
0.3013305905511811
21
0.3750663385826772
0
LINE
8
BLACK
6
CONTINUOUS
10
0.3013305905511811
20
0.3750663385826772
11
0.3029466535433071
21
0.37328
0
LINE
8
BLACK
6
CONTINUOUS
10
0.3029466535433071
20
0.37328
11
0.3032873622047244
21
0.3716862992125984
0
LINE
8
BLACK
6
CONTINUOUS
10
0.3032873622047244
20
0.3716862992125984
11
0.3032873622047244
21
0.3272239763779528
0
LINE
8
BLACK
6
CONTINUOUS
10
0.3032873622047244
20
0.3272239763779528
11
0.3025429921259842
21
0.3249329921259843
0
LINE
8
BLACK
6
CONTINUOUS
10
0.3025429921259842
20
0.3249329921259843
11
0.3005941732283465
21
0.3235170866141732
0
LINE
8
BLACK
6
CONTINUOUS
10
0.3005941732283465
20
0.3235170866141732
11
0.2981852755905512
21
0.3235170866141732
0
LINE
8
BLACK
6
CONTINUOUS
10
0.2981852755905512
20
0.3235170866141732
11
0.2969170866141732
21
0.324211062992126
0
LINE
8
BLACK
6
CONTINUOUS
10
0.2969170866141732
20
0.324211062992126
11
0.2960374015748031
21
0.3249329921259843
0
LINE
8
BLACK
6
CONTINUOUS
10
0.2960374015748031
20
0.3249329921259843
11
0.2939357874015748
21
0.3266577559055118
0
LINE
8
BLACK
6
CONTINUOUS
10
0.2939357874015748
20
0.3266577559055118
11
0.2810688582677165
21
0.3352551968503937
0
LINE
8
BLACK
6
CONTINUOUS
10
0.2810688582677165
20
0.3352551968503937
11
0.2810688188976378
21
0.3352551968503937
0
LINE
8
BLACK
6
CONTINUOUS
10
0.2810688188976378
20
0.3352551968503937
11
0.2810687401574803
21
0.3352552755905512
0
LINE
8
BLACK
6
CONTINUOUS
10
0.2810687401574803
20
0.3352552755905512
11
0.2740899212598425
21
0.3389854724409449
0
LINE
8
BLACK
6
CONTINUOUS
10
0.2740899212598425
20
0.3389854724409449
11
0.2674211417322835
21
0.3425500393700787
0
LINE
8
BLACK
6
CONTINUOUS
10
0.2674211417322835
20
0.3425500393700787
11
0.2531241338582677
21
0.3484720472440945
0
LINE
8
BLACK
6
CONTINUOUS
10
0.2531241338582677
20
0.3484720472440945
11
0.2531238582677166
21
0.3484720866141732
0
LINE
8
BLACK
6
CONTINUOUS
10
0.2531238582677166
20
0.3484720866141732
11
0.253123779527559
21
0.3484721653543307
0
LINE
8
BLACK
6
CONTINUOUS
10
0.253123779527559
20
0.3484721653543307
11
0.2456548031496063
21
0.3507378346456693
0
LINE
8
BLACK
6
CONTINUOUS
10
0.2456548031496063
20
0.3507378346456693
11
0.2383155511811024
21
0.3529641732283464
0
LINE
8
BLACK
6
CONTINUOUS
10
0.2383155511811024
20
0.3529641732283464
11
0.2231379133858268
21
0.3559831889763779
0
LINE
8
BLACK
6
CONTINUOUS
10
0.2231379133858268
20
0.3559831889763779
11
0.2200577952755906
21
0.3562865354330709
0
LINE
8
BLACK
6
CONTINUOUS
10
0.2200577952755906
20
0.3562865354330709
11
0.2077377952755906
21
0.3575
0
LINE
8
BLACK
6
CONTINUOUS
10
0.2077377952755906
20
0.3575
11
0.2077374803149606
21
0.3575
0
LINE
8
BLACK
6
CONTINUOUS
10
0.2077374803149606
20
0.3575
11
0.1922625196850394
21
0.3575
0
LINE
8
BLACK
6
CONTINUOUS
10
0.1922625196850394
20
0.3575
11
0.1922622047244094
21
0.3575
0
LINE
8
BLACK
6
CONTINUOUS
10
0.1922622047244094
20
0.3575
11
0.1810622047244095
21
0.3563968503937008
0
LINE
8
BLACK
6
CONTINUOUS
10
0.1810622047244095
20
0.3563968503937008
11
0.1768620866141732
21
0.3559831889763779
0
LINE
8
BLACK
6
CONTINUOUS
10
0.1768620866141732
20
0.3559831889763779
11
0.1616844488188976
21
0.3529641732283464
0
LINE
8
BLACK
6
CONTINUOUS
10
0.1616844488188976
20
0.3529641732283464
11
0.1616843307086614
21
0.3529641338582677
0
LINE
8
BLACK
6
CONTINUOUS
10
0.1616843307086614
20
0.3529641338582677
11
0.1468761811023622
21
0.3484721653543307
0
LINE
8
BLACK
6
CONTINUOUS
10
0.1468761811023622
20
0.3484721653543307
11
0.1468759448818898
21
0.3484720472440945
0
LINE
8
BLACK
6
CONTINUOUS
10
0.1468759448818898
20
0.3484720472440945
11
0.1468758661417323
21
0.3484720472440945
0
LINE
8
BLACK
6
CONTINUOUS
10
0.1468758661417323
20
0.3484720472440945
11
0.1325788582677165
21
0.3425500393700787
0
LINE
8
BLACK
6
CONTINUOUS
10
0.1325788582677165
20
0.3425500393700787
11
0.1325781889763779
21
0.3425496850393701
0
LINE
8
BLACK
6
CONTINUOUS
10
0.1325781889763779
20
0.3425496850393701
11
0.1325781102362205
21
0.3425496456692914
0
LINE
8
BLACK
6
CONTINUOUS
10
0.1325781102362205
20
0.3425496456692914
11
0.1189312204724409
21
0.3352552755905512
0
LINE
8
BLACK
6
CONTINUOUS
10
0.1189312204724409
20
0.3352552755905512
11
0.1135422047244094
21
0.3316544094488189
0
LINE
8
BLACK
6
CONTINUOUS
10
0.1135422047244094
20
0.3316544094488189
11
0.1060642125984252
21
0.3266577559055118
0
LINE
8
BLACK
6
CONTINUOUS
10
0.1060642125984252
20
0.3266577559055118
11
0.0941018897637795
21
0.3168405511811024
0
LINE
8
BLACK
6
CONTINUOUS
10
0.0941018897637795
20
0.3168405511811024
11
0.0831594488188976
21
0.3058981102362205
0
LINE
8
BLACK
6
CONTINUOUS
10
0.0831594488188976
20
0.3058981102362205
11
0.0747149606299213
21
0.2956084251968504
0
LINE
8
BLACK
6
CONTINUOUS
10
0.0747149606299213
20
0.2956084251968504
11
0.0733422834645669
21
0.2939358267716535
0
LINE
8
BLACK
6
CONTINUOUS
10
0.0733422834645669
20
0.2939358267716535
11
0.0647446850393701
21
0.2810687401574803
0
LINE
8
BLACK
6
CONTINUOUS
10
0.0647446850393701
20
0.2810687401574803
11
0.0574503149606299
21
0.2674218503937008
0
LINE
8
BLACK
6
CONTINUOUS
10
0.0574503149606299
20
0.2674218503937008
11
0.0574498031496063
21
0.2674207874015748
0
LINE
8
BLACK
6
CONTINUOUS
10
0.0574498031496063
20
0.2674207874015748
11
0.0515277952755906
21
0.253123779527559
0
LINE
8
BLACK
6
CONTINUOUS
10
0.0515277952755906
20
0.253123779527559
11
0.0470358267716535
21
0.2383156299212598
0
LINE
8
BLACK
6
CONTINUOUS
10
0.0470358267716535
20
0.2383156299212598
11
0.0440167716535433
21
0.2231377559055118
0
LINE
8
BLACK
6
CONTINUOUS
10
0.0440167716535433
20
0.2231377559055118
11
0.0425
21
0.2077377559055118
0
LINE
8
BLACK
6
CONTINUOUS
10
0.0425
20
0.2077377559055118
11
0.0425
21
0.1922622047244094
0
LINE
8
BLACK
6
CONTINUOUS
10
0.0425
20
0.1922622047244094
11
0.0440167716535433
21
0.1768622047244094
0
LINE
8
BLACK
6
CONTINUOUS
10
0.0440167716535433
20
0.1768622047244094
11
0.0470358267716535
21
0.1616843307086614
0
LINE
8
BLACK
6
CONTINUOUS
10
0.0470358267716535
20
0.1616843307086614
11
0.0515277952755906
21
0.1468761811023622
0
LINE
8
BLACK
6
CONTINUOUS
10
0.0515277952755906
20
0.1468761811023622
11
0.0574498031496063
21
0.1325791732283464
0
LINE
8
BLACK
6
CONTINUOUS
10
0.0574498031496063
20
0.1325791732283464
11
0.0574503149606299
21
0.1325781102362205
0
LINE
8
BLACK
6
CONTINUOUS
10
0.0574503149606299
20
0.1325781102362205
11
0.0647446850393701
21
0.1189312204724409
0
LINE
8
BLACK
6
CONTINUOUS
10
0.0647446850393701
20
0.1189312204724409
11
0.0733422834645669
21
0.1060641338582677
0
LINE
8
BLACK
6
CONTINUOUS
10
0.0733422834645669
20
0.1060641338582677
11
0.0831592519685039
21
0.0941020866141732
0
LINE
8
BLACK
6
CONTINUOUS
10
0.0831592519685039
20
0.0941020866141732
11
0.0941020866141732
21
0.0831592519685039
0
LINE
8
BLACK
6
CONTINUOUS
10
0.0941020866141732
20
0.0831592519685039
11
0.1060641338582677
21
0.0733422834645669
0
LINE
8
BLACK
6
CONTINUOUS
10
0.1060641338582677
20
0.0733422834645669
11
0.1189312204724409
21
0.0647446850393701
0
LINE
8
BLACK
6
CONTINUOUS
10
0.1189312204724409
20
0.0647446850393701
11
0.1325781102362205
21
0.0574503149606299
0
LINE
8
BLACK
6
CONTINUOUS
10
0.1325781102362205
20
0.0574503149606299
11
0.1325791732283464
21
0.0574498031496063
0
LINE
8
BLACK
6
CONTINUOUS
10
0.1325791732283464
20
0.0574498031496063
11
0.1468761811023622
21
0.0515277952755906
0
LINE
8
BLACK
6
CONTINUOUS
10
0.1468761811023622
20
0.0515277952755906
11
0.1616843307086614
21
0.0470358267716535
0
LINE
8
BLACK
6
CONTINUOUS
10
0.1616843307086614
20
0.0470358267716535
11
0.1768622834645669
21
0.0440167716535433
0
LINE
8
BLACK
6
CONTINUOUS
10
0.1768622834645669
20
0.0440167716535433
11
0.176862125984252
21
0.0440167716535433
0
LINE
8
BLACK
6
CONTINUOUS
10
0.176862125984252
20
0.0440167716535433
11
0.1922622047244094
21
0.0425
0
LINE
8
BLACK
6
CONTINUOUS
10
0.1922622047244094
20
0.0425
11
0.1922625196850394
21
0.0425
0
LINE
8
BLACK
6
CONTINUOUS
10
0.1922625196850394
20
0.0425
11
0.2077377952755906
21
0.0425
0
LINE
8
BLACK
6
CONTINUOUS
10
0.2077377952755906
20
0.0425
11
0.2231377559055118
21
0.0440167716535433
0
LINE
8
BLACK
6
CONTINUOUS
10
0.2231377559055118
20
0.0440167716535433
11
0.2383156299212598
21
0.0470358267716535
0
LINE
8
BLACK
6
CONTINUOUS
10
0.2383156299212598
20
0.0470358267716535
11
0.253123779527559
21
0.0515277952755906
0
LINE
8
BLACK
6
CONTINUOUS
10
0.253123779527559
20
0.0515277952755906
11
0.2674207874015748
21
0.0574498031496063
0
LINE
8
BLACK
6
CONTINUOUS
10
0.2674207874015748
20
0.0574498031496063
11
0.2674209448818898
21
0.057449842519685
0
LINE
8
BLACK
6
CONTINUOUS
10
0.2674209448818898
20
0.057449842519685
11
0.2674211417322835
21
0.0574499606299213
0
LINE
8
BLACK
6
CONTINUOUS
10
0.2674211417322835
20
0.0574499606299213
11
0.2674213779527559
21
0.0574500787401575
0
LINE
8
BLACK
6
CONTINUOUS
10
0.2674213779527559
20
0.0574500787401575
11
0.2674218503937008
21
0.0574503149606299
0
LINE
8
BLACK
6
CONTINUOUS
10
0.2674218503937008
20
0.0574503149606299
11
0.2810687401574803
21
0.0647446850393701
0
LINE
8
BLACK
6
CONTINUOUS
10
0.2810687401574803
20
0.0647446850393701
11
0.2939358267716535
21
0.0733422834645669
0
LINE
8
BLACK
6
CONTINUOUS
10
0.2939358267716535
20
0.0733422834645669
11
0.2981598818897638
21
0.0768088582677165
0
LINE
8
BLACK
6
CONTINUOUS
10
0.2981598818897638
20
0.0768088582677165
11
0.305897874015748
21
0.0831592519685039
0
LINE
8
BLACK
6
CONTINUOUS
10
0.305897874015748
20
0.0831592519685039
11
0.3058981102362205
21
0.0831594488188976
0
LINE
8
BLACK
6
CONTINUOUS
10
0.3058981102362205
20
0.0831594488188976
11
0.3168405511811024
21
0.0941018897637795
0
LINE
8
BLACK
6
CONTINUOUS
10
0.3168405511811024
20
0.0941018897637795
11
0.3266577559055118
21
0.1060642125984252
0
LINE
8
BLACK
6
CONTINUOUS
10
0.3266577559055118
20
0.1060642125984252
11
0.3330888582677165
21
0.1156889763779528
0
LINE
8
BLACK
6
CONTINUOUS
10
0.3330888582677165
20
0.1156889763779528
11
0.3352552755905512
21
0.1189312204724409
0
LINE
8
BLACK
6
CONTINUOUS
10
0.3352552755905512
20
0.1189312204724409
11
0.3425496456692914
21
0.1325781102362205
0
LINE
8
BLACK
6
CONTINUOUS
10
0.3425496456692914
20
0.1325781102362205
11
0.3425496850393701
21
0.1325781889763779
0
LINE
8
BLACK
6
CONTINUOUS
10
0.3425496850393701
20
0.1325781889763779
11
0.3425500393700787
21
0.1325788582677165
0
LINE
8
BLACK
6
CONTINUOUS
10
0.3425500393700787
20
0.1325788582677165
11
0.3484720472440945
21
0.1468758661417323
0
LINE
8
BLACK
6
CONTINUOUS
10
0.3484720472440945
20
0.1468758661417323
11
0.3484720472440945
21
0.1468759448818898
0
LINE
8
BLACK
6
CONTINUOUS
10
0.3484720472440945
20
0.1468759448818898
11
0.3484721653543307
21
0.1468761811023622
0
LINE
8
BLACK
6
CONTINUOUS
10
0.3484721653543307
20
0.1468761811023622
11
0.3529641338582677
21
0.1616843307086614
0
LINE
8
BLACK
6
CONTINUOUS
10
0.3529641338582677
20
0.1616843307086614
11
0.3529641732283464
21
0.1616844488188976
0
LINE
8
BLACK
6
CONTINUOUS
10
0.3529641732283464
20
0.1616844488188976
11
0.3559831889763779
21
0.1768620866141732
0
LINE
8
BLACK
6
CONTINUOUS
10
0.3559831889763779
20
0.1768620866141732
11
0.3566912598425197
21
0.1840511417322835
0
LINE
8
BLACK
6
CONTINUOUS
10
0.3566912598425197
20
0.1840511417322835
11
0.3575
21
0.1922622047244094
0
LINE
8
BLACK
6
CONTINUOUS
10
0.3575
20
0.1922622047244094
11
0.3575
21
0.2077377559055118
0
LINE
8
BLACK
6
CONTINUOUS
10
0.3575
20
0.2077377559055118
11
0.3559831889763779
21
0.2231377559055118
0
LINE
8
BLACK
6
CONTINUOUS
10
0.3559831889763779
20
0.2231377559055118
11
0.3559831889763779
21
0.2231379133858268
0
LINE
8
BLACK
6
CONTINUOUS
10
0.3559831889763779
20
0.2231379133858268
11
0.3529641732283464
21
0.2383155511811024
0
LINE
8
BLACK
6
CONTINUOUS
10
0.3529641732283464
20
0.2383155511811024
11
0.3489784645669291
21
0.2514546850393701
0
LINE
8
BLACK
6
CONTINUOUS
10
0.3489784645669291
20
0.2514546850393701
11
0.3490257480314961
21
0.2538629921259842
0
LINE
8
BLACK
6
CONTINUOUS
10
0.3490257480314961
20
0.2538629921259842
11
0.3504796456692914
21
0.2557836614173228
0
LINE
8
BLACK
6
CONTINUOUS
10
0.3504796456692914
20
0.2557836614173228
11
0.3527847637795276
21
0.2564829133858267
0
LINE
8
BLACK
6
CONTINUOUS
10
0.3527847637795276
20
0.2564829133858267
11
0.3550607086614173
21
0.2556937007874016
0
LINE
8
BLACK
6
CONTINUOUS
10
0.3550607086614173
20
0.2556937007874016
11
0.3554642913385826
21
0.2553420866141732
0
LINE
8
BLACK
6
CONTINUOUS
10
0.3554642913385826
20
0.2553420866141732
11
0.3719224803149606
21
0.2388839763779528
0
LINE
8
BLACK
6
CONTINUOUS
10
0.3719224803149606
20
0.2388839763779528
11
0.373577125984252
21
0.2377783858267717
0
LINE
8
BLACK
6
CONTINUOUS
10
0.373577125984252
20
0.2377783858267717
11
0.3735775590551181
21
0.2377781102362205
0
LINE
8
BLACK
6
CONTINUOUS
10
0.3735775590551181
20
0.2377781102362205
11
0.3737282283464567
21
0.2376774803149606
0
LINE
8
BLACK
6
CONTINUOUS
10
0.3737282283464567
20
0.2376774803149606
11
0.3763750393700787
21
0.235908937007874
0
LINE
8
BLACK
6
CONTINUOUS
10
0.3763750393700787
20
0.235908937007874
11
0.3789979133858268
21
0.2348225196850394
0
LINE
8
BLACK
6
CONTINUOUS
10
0.3789979133858268
20
0.2348225196850394
11
0.3791834645669291
21
0.2347456299212598
0
LINE
8
BLACK
6
CONTINUOUS
10
0.3791834645669291
20
0.2347456299212598
11
0.3791838188976378
21
0.2347454724409449
0
LINE
8
BLACK
6
CONTINUOUS
10
0.3791838188976378
20
0.2347454724409449
11
0.3813222047244094
21
0.2338597244094488
0
LINE
8
BLACK
6
CONTINUOUS
10
0.3813222047244094
20
0.2338597244094488
11
0.3813223228346457
21
0.2338596850393701
0
LINE
8
BLACK
6
CONTINUOUS
10
0.3813223228346457
20
0.2338596850393701
11
0.3821937007874016
21
0.2336863385826771
0
LINE
8
BLACK
6
CONTINUOUS
10
0.3821937007874016
20
0.2336863385826771
11
0.3867622834645669
21
0.2327775984251969
0
LINE
8
BLACK
6
CONTINUOUS
10
0.3867622834645669
20
0.2327775984251969
11
0.3867520472440945
21
0.2327262992125984
0
LINE
8
BLACK
6
CONTINUOUS
10
0.3867520472440945
20
0.2327262992125984
11
0.3887491732283465
21
0.2318527952755906
0
LINE
8
BLACK
6
CONTINUOUS
10
0.3887491732283465
20
0.2318527952755906
11
0.3892803937007874
21
0.2312750393700787
0
LINE
8
BLACK
6
CONTINUOUS
10
0.3892803937007874
20
0.2312750393700787
11
0.3912044488188977
21
0.2287047637795276
0
LINE
8
BLACK
6
CONTINUOUS
10
0.3912044488188977
20
0.2287047637795276
11
0.3912046850393701
21
0.2287045275590551
0
LINE
8
BLACK
6
CONTINUOUS
10
0.3912046850393701
20
0.2287045275590551
11
0.3956500787401575
21
0.2253767322834646
0
LINE
8
BLACK
6
CONTINUOUS
10
0.3956500787401575
20
0.2253767322834646
11
0.4008527165354331
21
0.2234362992125984
0
LINE
8
BLACK
6
CONTINUOUS
10
0.4008527165354331
20
0.2234362992125984
11
0.4008531496062992
21
0.2234362204724409
0
LINE
8
BLACK
6
CONTINUOUS
10
0.4008531496062992
20
0.2234362204724409
11
0.402423031496063
21
0.2232674409448819
0
LINE
8
BLACK
6
CONTINUOUS
10
0.402423031496063
20
0.2232674409448819
11
0.4031529527559055
21
0.2231889763779528
0
LINE
8
BLACK
6
CONTINUOUS
10
0.4031529527559055
20
0.2231889763779528
11
0.4031529921259843
21
0.2231889763779528
0
LINE
8
BLACK
6
CONTINUOUS
10
0.4031529921259843
20
0.2231889763779528
11
0.403153031496063
21
0.2231889763779528
0
LINE
8
BLACK
6
CONTINUOUS
10
0.403153031496063
20
0.2231889763779528
11
0.4618467716535433
21
0.2231889763779528
0
LINE
8
BLACK
6
CONTINUOUS
10
0.4618467716535433
20
0.2231889763779528
11
0.4618468897637795
21
0.2231889763779528
0
LINE
8
BLACK
6
CONTINUOUS
10
0.4618468897637795
20
0.2231889763779528
11
0.4618470078740157
21
0.2231890157480315
0
LINE
8
BLACK
6
CONTINUOUS
10
0.4618470078740157
20
0.2231890157480315
11
0.4633803543307087
21
0.2233538188976378
0
LINE
8
BLACK
6
CONTINUOUS
10
0.4633803543307087
20
0.2233538188976378
11
0.4641470866141732
21
0.2234362598425197
0
LINE
8
BLACK
6
CONTINUOUS
10
0.4641470866141732
20
0.2234362598425197
11
0.4641472047244095
21
0.2234362598425197
0
LINE
8
BLACK
6
CONTINUOUS
10
0.4641472047244095
20
0.2234362598425197
11
0.4693499212598425
21
0.2253767716535433
0
LINE
8
BLACK
6
CONTINUOUS
10
0.4693499212598425
20
0.2253767716535433
11
0.4715978346456693
21
0.2270595275590551
0
LINE
8
BLACK
6
CONTINUOUS
10
0.4715978346456693
20
0.2270595275590551
11
0.4737953937007874
21
0.2287046062992126
0
LINE
8
BLACK
6
CONTINUOUS
10
0.4737953937007874
20
0.2287046062992126
11
0.4757031889763779
21
0.2312531102362205
0
LINE
8
BLACK
6
CONTINUOUS
10
0.4757031889763779
20
0.2312531102362205
11
0.4776720078740158
21
0.2326410236220472
0
LINE
8
BLACK
6
CONTINUOUS
10
0.4776720078740158
20
0.2326410236220472
11
0.4788233858267716
21
0.2328149606299212
0
LINE
8
BLACK
6
CONTINUOUS
10
0.4788233858267716
20
0.2328149606299212
11
0.6026775590551181
21
0.2328149606299212
0
LINE
8
BLACK
6
CONTINUOUS
10
0.6026775590551181
20
0.2328149606299212
11
0.6061788976377953
21
0.2335114173228346
0
LINE
8
BLACK
6
CONTINUOUS
10
0.6061788976377953
20
0.2335114173228346
11
0.6079296062992126
21
0.2338596850393701
0
LINE
8
BLACK
6
CONTINUOUS
10
0.6079296062992126
20
0.2338596850393701
11
0.6079296456692913
21
0.2338596850393701
0
LINE
8
BLACK
6
CONTINUOUS
10
0.6079296456692913
20
0.2338596850393701
11
0.6128767322834645
21
0.2359088188976378
0
LINE
8
BLACK
6
CONTINUOUS
10
0.6128767322834645
20
0.2359088188976378
11
0.6128771653543307
21
0.2359090551181102
0
LINE
8
BLACK
6
CONTINUOUS
10
0.6128771653543307
20
0.2359090551181102
11
0.6156747637795276
21
0.2377783858267717
0
LINE
8
BLACK
6
CONTINUOUS
10
0.6156747637795276
20
0.2377783858267717
11
0.6173294488188976
21
0.2388840157480315
0
LINE
8
BLACK
6
CONTINUOUS
10
0.6173294488188976
20
0.2388840157480315
11
0.6190352755905512
21
0.240589842519685
0
LINE
8
BLACK
6
CONTINUOUS
10
0.6190352755905512
20
0.240589842519685
11
0.6211816141732284
21
0.2416834251968504
0
LINE
8
BLACK
6
CONTINUOUS
10
0.6211816141732284
20
0.2416834251968504
11
0.6235608267716535
21
0.2413066141732284
0
LINE
8
BLACK
6
CONTINUOUS
10
0.6235608267716535
20
0.2413066141732284
11
0.6252641732283465
21
0.2396032677165354
0
LINE
8
BLACK
6
CONTINUOUS
10
0.6252641732283465
20
0.2396032677165354
11
0.6256889763779527
21
0.237833779527559
0
LINE
8
BLACK
6
CONTINUOUS
10
0.6256889763779527
20
0.237833779527559
11
0.6256889763779527
21
0.2031531889763779
0
LINE
8
BLACK
6
CONTINUOUS
10
0.6256889763779527
20
0.2031531889763779
11
0.6256890157480315
21
0.203153031496063
0
LINE
8
BLACK
6
CONTINUOUS
10
0.6256890157480315
20
0.203153031496063
11
0.6259362598425197
21
0.200852874015748
0
LINE
8
BLACK
6
CONTINUOUS
10
0.6259362598425197
20
0.200852874015748
11
0.6259362598425197
21
0.2008527559055118
0
LINE
8
BLACK
6
CONTINUOUS
10
0.6259362598425197
20
0.2008527559055118
11
0.6278767716535433
21
0.1956500393700787
0
LINE
8
BLACK
6
CONTINUOUS
10
0.6278767716535433
20
0.1956500393700787
11
0.6312045275590551
21
0.1912046850393701
0
LINE
8
BLACK
6
CONTINUOUS
10
0.6312045275590551
20
0.1912046850393701
11
0.6312047637795275
21
0.1912044488188976
0
LINE
8
BLACK
6
CONTINUOUS
10
0.6312047637795275
20
0.1912044488188976
11
0.6332706692913386
21
0.1896579527559055
0
LINE
8
BLACK
6
CONTINUOUS
10
0.6332706692913386
20
0.1896579527559055
11
0.6346585826771654
21
0.1876891338582677
0
LINE
8
BLACK
6
CONTINUOUS
10
0.6346585826771654
20
0.1876891338582677
11
0.6346241732283464
21
0.1852804724409449
0
LINE
8
BLACK
6
CONTINUOUS
10
0.6346241732283464
20
0.1852804724409449
11
0.6338490157480314
21
0.1840355511811023
0
LINE
8
BLACK
6
CONTINUOUS
10
0.6338490157480314
20
0.1840355511811023
11
0.6338716929133859
21
0.1840185826771653
0
LINE
8
BLACK
6
CONTINUOUS
10
0.6338716929133859
20
0.1840185826771653
11
0.6303767322834646
21
0.1793498818897638
0
LINE
8
BLACK
6
CONTINUOUS
10
0.6303767322834646
20
0.1793498818897638
11
0.6284362992125984
21
0.1741472440944882
0
LINE
8
BLACK
6
CONTINUOUS
10
0.6284362992125984
20
0.1741472440944882
11
0.6284362992125984
21
0.1741472047244094
0
LINE
8
BLACK
6
CONTINUOUS
10
0.6284362992125984
20
0.1741472047244094
11
0.6284362598425197
21
0.1741470472440945
0
LINE
8
BLACK
6
CONTINUOUS
10
0.6284362598425197
20
0.1741470472440945
11
0.6282262204724409
21
0.1721932283464567
0
LINE
8
BLACK
6
CONTINUOUS
10
0.6282262204724409
20
0.1721932283464567
11
0.6281889763779528
21
0.1718469291338583
0
LINE
8
BLACK
6
CONTINUOUS
10
0.6281889763779528
20
0.1718469291338583
11
0.6281889763779528
21
0.133153188976378
0
LINE
8
BLACK
6
CONTINUOUS
10
0.6281889763779528
20
0.133153188976378
11
0.6281890157480314
21
0.133153031496063
0
LINE
8
BLACK
6
CONTINUOUS
10
0.6281890157480314
20
0.133153031496063
11
0.6284362598425197
21
0.130852874015748
0
LINE
8
BLACK
6
CONTINUOUS
10
0.6284362598425197
20
0.130852874015748
11
0.6284362598425197
21
0.1308527559055118
0
LINE
8
BLACK
6
CONTINUOUS
10
0.6284362598425197
20
0.1308527559055118
11
0.6303767716535433
21
0.1256500393700787
0
LINE
8
BLACK
6
CONTINUOUS
10
0.6303767716535433
20
0.1256500393700787
11
0.6337045275590552
21
0.1212046850393701
0
LINE
8
BLACK
6
CONTINUOUS
10
0.6337045275590552
20
0.1212046850393701
11
0.6337046850393701
21
0.1212045275590551
0
LINE
8
BLACK
6
CONTINUOUS
10
0.6337046850393701
20
0.1212045275590551
11
0.6381500787401575
21
0.1178767322834646
0
LINE
8
BLACK
6
CONTINUOUS
10
0.6381500787401575
20
0.1178767322834646
11
0.643352716535433
21
0.1159362992125984
0
LINE
8
BLACK
6
CONTINUOUS
10
0.643352716535433
20
0.1159362992125984
11
0.6433531496062992
21
0.1159362204724409
0
LINE
8
BLACK
6
CONTINUOUS
10
0.6433531496062992
20
0.1159362204724409
11
0.644923031496063
21
0.1157674409448819
0
LINE
8
BLACK
6
CONTINUOUS
10
0.644923031496063
20
0.1157674409448819
11
0.6456529527559055
21
0.1156889763779528
0
LINE
8
BLACK
6
CONTINUOUS
10
0.6456529527559055
20
0.1156889763779528
11
0.6456529921259843
21
0.1156889763779528
0
LINE
8
BLACK
6
CONTINUOUS
10
0.6456529921259843
20
0.1156889763779528
11
0.645653031496063
21
0.1156889763779528
0
LINE
8
BLACK
6
CONTINUOUS
10
0.645653031496063
20
0.1156889763779528
11
0.7043467716535433
21
0.1156889763779528
0
LINE
8
BLACK
6
CONTINUOUS
10
0.7043467716535433
20
0.1156889763779528
11
0.7043468897637795
21
0.1156889763779528
0
LINE
8
BLACK
6
CONTINUOUS
10
0.7043468897637795
20
0.1156889763779528
11
0.7043470078740157
21
0.1156890157480315
0
LINE
8
BLACK
6
CONTINUOUS
10
0.7043470078740157
20
0.1156890157480315
11
0.7058803543307086
21
0.1158538188976378
0
LINE
8
BLACK
6
CONTINUOUS
10
0.7058803543307086
20
0.1158538188976378
11
0.7066470866141732
21
0.1159362598425197
0
LINE
8
BLACK
6
CONTINUOUS
10
0.7066470866141732
20
0.1159362598425197
11
0.7066472047244095
21
0.1159362598425197
0
LINE
8
BLACK
6
CONTINUOUS
10
0.7066472047244095
20
0.1159362598425197
11
0.7118499212598425
21
0.1178767716535433
0
LINE
8
BLACK
6
CONTINUOUS
10
0.7118499212598425
20
0.1178767716535433
11
0.7162952755905512
21
0.1212045275590551
0
LINE
8
BLACK
6
CONTINUOUS
10
0.7162952755905512
20
0.1212045275590551
11
0.7162953937007874
21
0.1212046062992126
0
LINE
8
BLACK
6
CONTINUOUS
10
0.7162953937007874
20
0.1212046062992126
11
0.7196231889763779
21
0.1256500393700787
0
LINE
8
BLACK
6
CONTINUOUS
10
0.7196231889763779
20
0.1256500393700787
11
0.7196232283464566
21
0.1256500787401575
0
LINE
8
BLACK
6
CONTINUOUS
10
0.7196232283464566
20
0.1256500787401575
11
0.7213480708661417
21
0.1302747244094488
0
LINE
8
BLACK
6
CONTINUOUS
10
0.7213480708661417
20
0.1302747244094488
11
0.7228461023622047
21
0.1321611417322835
0
LINE
8
BLACK
6
CONTINUOUS
10
0.7228461023622047
20
0.1321611417322835
11
0.7251668503937008
21
0.1328067322834646
0
LINE
8
BLACK
6
CONTINUOUS
10
0.7251668503937008
20
0.1328067322834646
11
0.7274238582677165
21
0.1319649606299212
0
LINE
8
BLACK
6
CONTINUOUS
10
0.7274238582677165
20
0.1319649606299212
11
0.7286518503937007
21
0.1302747637795276
0
LINE
8
BLACK
6
CONTINUOUS
10
0.7286518503937007
20
0.1302747637795276
11
0.7303767716535433
21
0.1256500787401575
0
LINE
8
BLACK
6
CONTINUOUS
10
0.7303767716535433
20
0.1256500787401575
11
0.7337045275590551
21
0.1212046850393701
0
LINE
8
BLACK
6
CONTINUOUS
10
0.7337045275590551
20
0.1212046850393701
11
0.73370468503937
21
0.1212045275590551
0
LINE
8
BLACK
6
CONTINUOUS
10
0.73370468503937
20
0.1212045275590551
11
0.7381500787401575
21
0.1178767322834646
0
LINE
8
BLACK
6
CONTINUOUS
10
0.7381500787401575
20
0.1178767322834646
11
0.743352716535433
21
0.1159362992125984
0
LINE
8
BLACK
6
CONTINUOUS
10
0.743352716535433
20
0.1159362992125984
11
0.7433531496062992
21
0.1159362204724409
0
LINE
8
BLACK
6
CONTINUOUS
10
0.7433531496062992
20
0.1159362204724409
11
0.744923031496063
21
0.1157674409448819
0
LINE
8
BLACK
6
CONTINUOUS
10
0.744923031496063
20
0.1157674409448819
11
0.7456529527559055
21
0.1156889763779528
0
LINE
8
BLACK
6
CONTINUOUS
10
0.7456529527559055
20
0.1156889763779528
11
0.7456529921259842
21
0.1156889763779528
0
LINE
8
BLACK
6
CONTINUOUS
10
0.7456529921259842
20
0.1156889763779528
11
0.745653031496063
21
0.1156889763779528
0
LINE
8
BLACK
6
CONTINUOUS
10
0.745653031496063
20
0.1156889763779528
11
0.8043467716535433
21
0.1156889763779528
0
LINE
8
BLACK
6
CONTINUOUS
10
0.8043467716535433
20
0.1156889763779528
11
0.8043468897637795
21
0.1156889763779528
0
LINE
8
BLACK
6
CONTINUOUS
10
0.8043468897637795
20
0.1156889763779528
11
0.8043470078740157
21
0.1156890157480315
0
LINE
8
BLACK
6
CONTINUOUS
10
0.8043470078740157
20
0.1156890157480315
11
0.8058803543307086
21
0.1158538188976378
0
LINE
8
BLACK
6
CONTINUOUS
10
0.8058803543307086
20
0.1158538188976378
11
0.8066470866141732
21
0.1159362598425197
0
LINE
8
BLACK
6
CONTINUOUS
10
0.8066470866141732
20
0.1159362598425197
11
0.8066472047244094
21
0.1159362598425197
0
LINE
8
BLACK
6
CONTINUOUS
10
0.8066472047244094
20
0.1159362598425197
11
0.8118499212598425
21
0.1178767716535433
0
LINE
8
BLACK
6
CONTINUOUS
10
0.8118499212598425
20
0.1178767716535433
11
0.8162952755905512
21
0.1212045275590551
0
LINE
8
BLACK
6
CONTINUOUS
10
0.8162952755905512
20
0.1212045275590551
11
0.8162953937007874
21
0.1212046062992126
0
LINE
8
BLACK
6
CONTINUOUS
10
0.8162953937007874
20
0.1212046062992126
11
0.819623188976378
21
0.1256500393700787
0
LINE
8
BLACK
6
CONTINUOUS
10
0.819623188976378
20
0.1256500393700787
11
0.8196232283464566
21
0.1256500787401575
0
LINE
8
BLACK
6
CONTINUOUS
10
0.8196232283464566
20
0.1256500787401575
11
0.8215636614173228
21
0.1308527165354331
0
LINE
8
BLACK
6
CONTINUOUS
10
0.8215636614173228
20
0.1308527165354331
11
0.8215637007874016
21
0.130852874015748
0
LINE
8
BLACK
6
CONTINUOUS
10
0.8215637007874016
20
0.130852874015748
11
0.8215637401574803
21
0.1308529527559055
0
LINE
8
BLACK
6
CONTINUOUS
10
0.8215637401574803
20
0.1308529527559055
11
0.8218110236220473
21
0.1331529527559055
0
LINE
8
BLACK
6
CONTINUOUS
10
0.8218110236220473
20
0.1331529527559055
11
0.8218109842519685
21
0.1718470078740157
0
LINE
8
BLACK
6
CONTINUOUS
10
0.8218109842519685
20
0.1718470078740157
11
0.8215637401574803
21
0.1741470472440945
0
LINE
8
BLACK
6
CONTINUOUS
10
0.8215637401574803
20
0.1741470472440945
11
0.8215636614173228
21
0.1741472440944882
0
LINE
8
BLACK
6
CONTINUOUS
10
0.8215636614173228
20
0.1741472440944882
11
0.82046
21
0.1771062204724409
0
LINE
8
BLACK
6
CONTINUOUS
10
0.82046
20
0.1771062204724409
11
0.819623188976378
21
0.1793499606299213
0
LINE
8
BLACK
6
CONTINUOUS
10
0.819623188976378
20
0.1793499606299213
11
0.8176938582677166
21
0.1819272047244095
0
LINE
8
BLACK
6
CONTINUOUS
10
0.8176938582677166
20
0.1819272047244095
11
0.8169168503937008
21
0.1842072834645669
0
LINE
8
BLACK
6
CONTINUOUS
10
0.8169168503937008
20
0.1842072834645669
11
0.8176284251968504
21
0.1865086614173228
0
LINE
8
BLACK
6
CONTINUOUS
10
0.8176284251968504
20
0.1865086614173228
11
0.8191419685039369
21
0.1876758661417323
0
LINE
8
BLACK
6
CONTINUOUS
10
0.8191419685039369
20
0.1876758661417323
11
0.8191052362204724
21
0.1877431496062992
0
LINE
8
BLACK
6
CONTINUOUS
10
0.8191052362204724
20
0.1877431496062992
11
0.8193498031496063
21
0.1878766929133858
0
LINE
8
BLACK
6
CONTINUOUS
10
0.8193498031496063
20
0.1878766929133858
11
0.8199244881889763
21
0.1883068897637795
0
LINE
8
BLACK
6
CONTINUOUS
10
0.8199244881889763
20
0.1883068897637795
11
0.8237953937007874
21
0.1912046062992126
0
LINE
8
BLACK
6
CONTINUOUS
10
0.8237953937007874
20
0.1912046062992126
11
0.8243798031496062
21
0.1919852755905512
0
LINE
8
BLACK
6
CONTINUOUS
10
0.8243798031496062
20
0.1919852755905512
11
0.8263486220472441
21
0.193373188976378
0
LINE
8
BLACK
6
CONTINUOUS
10
0.8263486220472441
20
0.193373188976378
11
0.8287572440944881
21
0.193338779527559
0
LINE
8
BLACK
6
CONTINUOUS
10
0.8287572440944881
20
0.193338779527559
11
0.8306201968503937
21
0.1919852755905512
0
LINE
8
BLACK
6
CONTINUOUS
10
0.8306201968503937
20
0.1919852755905512
11
0.8312044488188977
21
0.1912047637795276
0
LINE
8
BLACK
6
CONTINUOUS
10
0.8312044488188977
20
0.1912047637795276
11
0.8312046850393701
21
0.1912045275590551
0
LINE
8
BLACK
6
CONTINUOUS
10
0.8312046850393701
20
0.1912045275590551
11
0.8356501574803149
21
0.1878766929133858
0
LINE
8
BLACK
6
CONTINUOUS
10
0.8356501574803149
20
0.1878766929133858
11
0.8358947637795275
21
0.1877431496062992
0
LINE
8
BLACK
6
CONTINUOUS
10
0.8358947637795275
20
0.1877431496062992
11
0.8358553149606299
21
0.187670905511811
0
LINE
8
BLACK
6
CONTINUOUS
10
0.8358553149606299
20
0.187670905511811
11
0.8374347244094488
21
0.1864162204724409
0
LINE
8
BLACK
6
CONTINUOUS
10
0.8374347244094488
20
0.1864162204724409
11
0.8380798818897638
21
0.1840953543307086
0
LINE
8
BLACK
6
CONTINUOUS
10
0.8380798818897638
20
0.1840953543307086
11
0.8373061023622047
21
0.1819272047244095
0
LINE
8
BLACK
6
CONTINUOUS
10
0.8373061023622047
20
0.1819272047244095
11
0.8353767322834645
21
0.1793498818897638
0
LINE
8
BLACK
6
CONTINUOUS
10
0.8353767322834645
20
0.1793498818897638
11
0.8334362992125984
21
0.1741472440944882
0
LINE
8
BLACK
6
CONTINUOUS
10
0.8334362992125984
20
0.1741472440944882
11
0.8334362992125984
21
0.1741472047244094
0
LINE
8
BLACK
6
CONTINUOUS
10
0.8334362992125984
20
0.1741472047244094
11
0.8334362598425197
21
0.1741470472440945
0
LINE
8
BLACK
6
CONTINUOUS
10
0.8334362598425197
20
0.1741470472440945
11
0.8332262204724409
21
0.1721932283464567
0
LINE
8
BLACK
6
CONTINUOUS
10
0.8332262204724409
20
0.1721932283464567
11
0.8331889763779528
21
0.1718469291338583
0
LINE
8
BLACK
6
CONTINUOUS
10
0.8331889763779528
20
0.1718469291338583
11
0.8331889763779528
21
0.133153188976378
0
LINE
8
BLACK
6
CONTINUOUS
10
0.8331889763779528
20
0.133153188976378
11
0.8331890157480315
21
0.133153031496063
0
LINE
8
BLACK
6
CONTINUOUS
10
0.8331890157480315
20
0.133153031496063
11
0.8334362598425197
21
0.130852874015748
0
LINE
8
BLACK
6
CONTINUOUS
10
0.8334362598425197
20
0.130852874015748
11
0.8334362598425197
21
0.1308527559055118
0
LINE
8
BLACK
6
CONTINUOUS
10
0.8334362598425197
20
0.1308527559055118
11
0.8353767716535433
21
0.1256500393700787
0
LINE
8
BLACK
6
CONTINUOUS
10
0.8353767716535433
20
0.1256500393700787
11
0.8387045275590551
21
0.1212046850393701
0
LINE
8
BLACK
6
CONTINUOUS
10
0.8387045275590551
20
0.1212046850393701
11
0.83870468503937
21
0.1212045275590551
0
LINE
8
BLACK
6
CONTINUOUS
10
0.83870468503937
20
0.1212045275590551
11
0.8431500787401575
21
0.1178767322834646
0
LINE
8
BLACK
6
CONTINUOUS
10
0.8431500787401575
20
0.1178767322834646
11
0.8483527165354331
21
0.1159362992125984
0
LINE
8
BLACK
6
CONTINUOUS
10
0.8483527165354331
20
0.1159362992125984
11
0.8483531496062992
21
0.1159362204724409
0
LINE
8
BLACK
6
CONTINUOUS
10
0.8483531496062992
20
0.1159362204724409
11
0.849923031496063
21
0.1157674409448819
0
LINE
8
BLACK
6
CONTINUOUS
10
0.849923031496063
20
0.1157674409448819
11
0.8506529527559055
21
0.1156889763779528
0
LINE
8
BLACK
6
CONTINUOUS
10
0.8506529527559055
20
0.1156889763779528
11
0.8506529921259842
21
0.1156889763779528
0
LINE
8
BLACK
6
CONTINUOUS
10
0.8506529921259842
20
0.1156889763779528
11
0.850653031496063
21
0.1156889763779528
0
LINE
8
BLACK
6
CONTINUOUS
10
0.850653031496063
20
0.1156889763779528
11
0.9093467716535433
21
0.1156889763779528
0
LINE
8
BLACK
6
CONTINUOUS
10
0.9093467716535433
20
0.1156889763779528
11
0.9093468897637795
21
0.1156889763779528
0
LINE
8
BLACK
6
CONTINUOUS
10
0.9093468897637795
20
0.1156889763779528
11
0.9093470078740157
21
0.1156890157480315
0
LINE
8
BLACK
6
CONTINUOUS
10
0.9093470078740157
20
0.1156890157480315
11
0.9108803543307087
21
0.1158538188976378
0
LINE
8
BLACK
6
CONTINUOUS
10
0.9108803543307087
20
0.1158538188976378
11
0.9116470866141732
21
0.1159362598425197
0
LINE
8
BLACK
6
CONTINUOUS
10
0.9116470866141732
20
0.1159362598425197
11
0.9116472047244094
21
0.1159362598425197
0
LINE
8
BLACK
6
CONTINUOUS
10
0.9116472047244094
20
0.1159362598425197
11
0.9168499212598425
21
0.1178767716535433
0
LINE
8
BLACK
6
CONTINUOUS
10
0.9168499212598425
20
0.1178767716535433
11
0.9212952755905511
21
0.1212045275590551
0
LINE
8
BLACK
6
CONTINUOUS
10
0.9212952755905511
20
0.1212045275590551
11
0.9212953937007874
21
0.1212046062992126
0
LINE
8
BLACK
6
CONTINUOUS
10
0.9212953937007874
20
0.1212046062992126
11
0.924623188976378
21
0.1256500393700787
0
LINE
8
BLACK
6
CONTINUOUS
10
0.924623188976378
20
0.1256500393700787
11
0.9246232283464567
21
0.1256500787401575
0
LINE
8
BLACK
6
CONTINUOUS
10
0.9246232283464567
20
0.1256500787401575
11
0.9265636614173228
21
0.1308527165354331
0
LINE
8
BLACK
6
CONTINUOUS
10
0.9265636614173228
20
0.1308527165354331
11
0.9265637007874016
21
0.130852874015748
0
LINE
8
BLACK
6
CONTINUOUS
10
0.9265637007874016
20
0.130852874015748
11
0.9265637401574803
21
0.1308529527559055
0
LINE
8
BLACK
6
CONTINUOUS
10
0.9265637401574803
20
0.1308529527559055
11
0.9268110236220473
21
0.1331529527559055
0
LINE
8
BLACK
6
CONTINUOUS
10
0.9268110236220473
20
0.1331529527559055
11
0.9268109842519685
21
0.1718470078740157
0
LINE
8
BLACK
6
CONTINUOUS
10
0.9268109842519685
20
0.1718470078740157
11
0.9265637401574803
21
0.1741470472440945
0
LINE
8
BLACK
6
CONTINUOUS
10
0.9265637401574803
20
0.1741470472440945
11
0.9265636614173228
21
0.1741472440944882
0
LINE
8
BLACK
6
CONTINUOUS
10
0.9265636614173228
20
0.1741472440944882
11
0.9254599999999999
21
0.1771062204724409
0
LINE
8
BLACK
6
CONTINUOUS
10
0.9254599999999999
20
0.1771062204724409
11
0.924623188976378
21
0.1793499606299213
0
LINE
8
BLACK
6
CONTINUOUS
10
0.924623188976378
20
0.1793499606299213
11
0.9212953937007874
21
0.1837953937007874
0
LINE
8
BLACK
6
CONTINUOUS
10
0.9212953937007874
20
0.1837953937007874
11
0.9212953543307086
21
0.1837953937007874
0
LINE
8
BLACK
6
CONTINUOUS
10
0.9212953543307086
20
0.1837953937007874
11
0.9211283070866142
21
0.1840185826771653
0
LINE
8
BLACK
6
CONTINUOUS
10
0.9211283070866142
20
0.1840185826771653
11
0.921171811023622
21
0.1840511417322835
0
LINE
8
BLACK
6
CONTINUOUS
10
0.921171811023622
20
0.1840511417322835
11
0.9202155118110236
21
0.1859275984251968
0
LINE
8
BLACK
6
CONTINUOUS
10
0.9202155118110236
20
0.1859275984251968
11
0.9205920866141732
21
0.1883068897637795
0
LINE
8
BLACK
6
CONTINUOUS
10
0.9205920866141732
20
0.1883068897637795
11
0.9217293307086614
21
0.1896579921259842
0
LINE
8
BLACK
6
CONTINUOUS
10
0.9217293307086614
20
0.1896579921259842
11
0.9237951968503937
21
0.1912044488188976
0
LINE
8
BLACK
6
CONTINUOUS
10
0.9237951968503937
20
0.1912044488188976
11
0.9237953937007873
21
0.1912046062992126
0
LINE
8
BLACK
6
CONTINUOUS
10
0.9237953937007873
20
0.1912046062992126
11
0.9271231889763779
21
0.1956500393700787
0
LINE
8
BLACK
6
CONTINUOUS
10
0.9271231889763779
20
0.1956500393700787
11
0.9271232283464567
21
0.1956500787401575
0
LINE
8
BLACK
6
CONTINUOUS
10
0.9271232283464567
20
0.1956500787401575
11
0.9290636614173228
21
0.2008527165354331
0
LINE
8
BLACK
6
CONTINUOUS
10
0.9290636614173228
20
0.2008527165354331
11
0.9290637007874015
21
0.200852874015748
0
LINE
8
BLACK
6
CONTINUOUS
10
0.9290637007874015
20
0.200852874015748
11
0.9290637401574803
21
0.2008529527559055
0
LINE
8
BLACK
6
CONTINUOUS
10
0.9290637401574803
20
0.2008529527559055
11
0.9293110236220472
21
0.2031529527559055
0
LINE
8
BLACK
6
CONTINUOUS
10
0.9293110236220472
20
0.2031529527559055
11
0.9293109842519685
21
0.2718470078740157
0
LINE
8
BLACK
6
CONTINUOUS
10
0.9293109842519685
20
0.2718470078740157
11
0.9290637401574803
21
0.2741470472440945
0
LINE
8
BLACK
6
CONTINUOUS
10
0.9290637401574803
20
0.2741470472440945
11
0.9271231889763779
21
0.2793499606299212
0
LINE
8
BLACK
6
CONTINUOUS
10
0.9271231889763779
20
0.2793499606299212
11
0.9237953937007873
21
0.2837953937007874
0
LINE
8
BLACK
6
CONTINUOUS
10
0.9237953937007873
20
0.2837953937007874
11
0.9230147637795275
21
0.2843797637795276
0
LINE
8
BLACK
6
CONTINUOUS
10
0.9230147637795275
20
0.2843797637795276
11
0.921626811023622
21
0.2863485826771653
0
LINE
8
BLACK
6
CONTINUOUS
10
0.921626811023622
20
0.2863485826771653
11
0.9216611417322834
21
0.2887572047244095
0
LINE
8
BLACK
6
CONTINUOUS
10
0.9216611417322834
20
0.2887572047244095
11
0.9230147637795275
21
0.2906202362204724
0
LINE
8
BLACK
6
CONTINUOUS
10
0.9230147637795275
20
0.2906202362204724
11
0.9237951574803149
21
0.2912044094488189
0
LINE
8
BLACK
6
CONTINUOUS
10
0.9237951574803149
20
0.2912044094488189
11
0.9237952362204724
21
0.2912044881889764
0
LINE
8
BLACK
6
CONTINUOUS
10
0.9237952362204724
20
0.2912044881889764
11
0.9237953937007873
21
0.2912046062992126
0
LINE
8
BLACK
6
CONTINUOUS
10
0.9237953937007873
20
0.2912046062992126
11
0.9270920472440944
21
0.2956084251968504
0
LINE
8
BLACK
6
CONTINUOUS
10
0.9270920472440944
20
0.2956084251968504
11
0.9271232283464567
21
0.2956500787401575
0
LINE
8
BLACK
6
CONTINUOUS
10
0.9271232283464567
20
0.2956500787401575
11
0.9290636614173228
21
0.3008527165354331
0
LINE
8
BLACK
6
CONTINUOUS
10
0.9290636614173228
20
0.3008527165354331
11
0.9290636614173228
21
0.3008527559055118
0
LINE
8
BLACK
6
CONTINUOUS
10
0.9290636614173228
20
0.3008527559055118
11
0.9290637401574803
21
0.3008529527559055
0
LINE
8
BLACK
6
CONTINUOUS
10
0.9290637401574803
20
0.3008529527559055
11
0.9293110236220472
21
0.3031529527559055
0
LINE
8
BLACK
6
CONTINUOUS
10
0.9293110236220472
20
0.3031529527559055
11
0.9293110236220472
21
0.3064173228346457
0
LINE
8
BLACK
6
CONTINUOUS
10
0.9293110236220472
20
0.3064173228346457
11
0.9295017716535433
21
0.3070043700787402
0
LINE
8
BLACK
6
CONTINUOUS
10
0.9295017716535433
20
0.3070043700787402
11
0.9295017716535433
21
0.3076217716535433
0
LINE
8
BLACK
6
CONTINUOUS
10
0.9295017716535433
20
0.3076217716535433
11
0.9298646062992125
21
0.3081211811023622
0
LINE
8
BLACK
6
CONTINUOUS
10
0.9298646062992125
20
0.3081211811023622
11
0.9300553937007874
21
0.3087083070866142
0
LINE
8
BLACK
6
CONTINUOUS
10
0.9300553937007874
20
0.3087083070866142
11
0.9305548031496063
21
0.3090711417322834
0
LINE
8
BLACK
6
CONTINUOUS
10
0.9305548031496063
20
0.3090711417322834
11
0.9309176771653543
21
0.3095705905511811
0
LINE
8
BLACK
6
CONTINUOUS
10
0.9309176771653543
20
0.3095705905511811
11
0.9315047637795275
21
0.3097613385826772
0
LINE
8
BLACK
6
CONTINUOUS
10
0.9315047637795275
20
0.3097613385826772
11
0.9320042125984251
21
0.3101242125984252
0
LINE
8
BLACK
6
CONTINUOUS
10
0.9320042125984251
20
0.3101242125984252
11
0.9332086614173228
21
0.3103149606299213
0
LINE
8
BLACK
6
CONTINUOUS
10
0.9332086614173228
20
0.3103149606299213
11
0.9386102755905512
21
0.3103149606299213
0
LINE
8
BLACK
6
CONTINUOUS
10
0.9386102755905512
20
0.3103149606299213
11
0.9409012598425197
21
0.3095705905511811
0
LINE
8
BLACK
6
CONTINUOUS
10
0.9409012598425197
20
0.3095705905511811
11
0.9423171653543306
21
0.3076217716535433
0
LINE
8
BLACK
6
CONTINUOUS
10
0.9423171653543306
20
0.3076217716535433
11
0.9425079133858267
21
0.3064173228346457
0
LINE
8
BLACK
6
CONTINUOUS
10
0.9425079133858267
20
0.3064173228346457
11
0.9425079133858267
21
0.2942491732283464
0
LINE
8
BLACK
6
CONTINUOUS
10
0.9425079133858267
20
0.2942491732283464
11
0.9422621653543307
21
0.2928870866141732
0
LINE
8
BLACK
6
CONTINUOUS
10
0.9422621653543307
20
0.2928870866141732
11
0.9409362598425197
21
0.2893321653543307
0
LINE
8
BLACK
6
CONTINUOUS
10
0.9409362598425197
20
0.2893321653543307
11
0.9409362598425197
21
0.289332125984252
0
LINE
8
BLACK
6
CONTINUOUS
10
0.9409362598425197
20
0.289332125984252
11
0.9409362598425197
21
0.2893320866141732
0
LINE
8
BLACK
6
CONTINUOUS
10
0.9409362598425197
20
0.2893320866141732
11
0.9407854724409449
21
0.2879294094488189
0
LINE
8
BLACK
6
CONTINUOUS
10
0.9407854724409449
20
0.2879294094488189
11
0.9406889763779527
21
0.287031968503937
0
LINE
8
BLACK
6
CONTINUOUS
10
0.9406889763779527
20
0.287031968503937
11
0.9406889763779527
21
0.2283382283464567
0
LINE
8
BLACK
6
CONTINUOUS
10
0.9406889763779527
20
0.2283382283464567
11
0.9406890157480314
21
0.2283380708661417
0
LINE
8
BLACK
6
CONTINUOUS
10
0.9406890157480314
20
0.2283380708661417
11
0.9409362598425197
21
0.2260379133858268
0
LINE
8
BLACK
6
CONTINUOUS
10
0.9409362598425197
20
0.2260379133858268
11
0.9409362598425197
21
0.2260377952755905
0
LINE
8
BLACK
6
CONTINUOUS
10
0.9409362598425197
20
0.2260377952755905
11
0.9428767716535433
21
0.2208350787401575
0
LINE
8
BLACK
6
CONTINUOUS
10
0.9428767716535433
20
0.2208350787401575
11
0.946204527559055
21
0.2163897244094488
0
LINE
8
BLACK
6
CONTINUOUS
10
0.946204527559055
20
0.2163897244094488
11
0.9462046850393701
21
0.2163895669291339
0
LINE
8
BLACK
6
CONTINUOUS
10
0.9462046850393701
20
0.2163895669291339
11
0.9506500787401575
21
0.2130617716535433
0
LINE
8
BLACK
6
CONTINUOUS
10
0.9506500787401575
20
0.2130617716535433
11
0.955852716535433
21
0.2111213385826771
0
LINE
8
BLACK
6
CONTINUOUS
10
0.955852716535433
20
0.2111213385826771
11
0.9558531496062992
21
0.2111212598425197
0
LINE
8
BLACK
6
CONTINUOUS
10
0.9558531496062992
20
0.2111212598425197
11
0.957423031496063
21
0.2109524803149606
0
LINE
8
BLACK
6
CONTINUOUS
10
0.957423031496063
20
0.2109524803149606
11
0.9581529527559055
21
0.2108740157480315
0
LINE
8
BLACK
6
CONTINUOUS
10
0.9581529527559055
20
0.2108740157480315
11
0.9581529921259843
21
0.2108740157480315
0
LINE
8
BLACK
6
CONTINUOUS
10
0.9581529921259843
20
0.2108740157480315
11
0.958153031496063
21
0.2108740157480315
0
LINE
8
BLACK
6
CONTINUOUS
10
0.958153031496063
20
0.2108740157480315
11
0.9968467716535433
21
0.2108740157480315
0
LINE
8
BLACK
6
CONTINUOUS
10
0.9968467716535433
20
0.2108740157480315
11
0.9968468897637796
21
0.2108740157480315
0
LINE
8
BLACK
6
CONTINUOUS
10
0.9968468897637796
20
0.2108740157480315
11
0.9968470078740157
21
0.2108740551181102
0
LINE
8
BLACK
6
CONTINUOUS
10
0.9968470078740157
20
0.2108740551181102
11
0.9983803543307086
21
0.2110388582677165
0
LINE
8
BLACK
6
CONTINUOUS
10
0.9983803543307086
20
0.2110388582677165
11
0.9991470866141732
21
0.2111212992125984
0
LINE
8
BLACK
6
CONTINUOUS
10
0.9991470866141732
20
0.2111212992125984
11
0.9991472047244094
21
0.2111212992125984
0
LINE
8
BLACK
6
CONTINUOUS
10
0.9991472047244094
20
0.2111212992125984
11
1.0043499212598426
21
0.213061811023622
0
LINE
8
BLACK
6
CONTINUOUS
10
1.0043499212598426
20
0.213061811023622
11
1.0087952755905512
21
0.2163895669291339
0
LINE
8
BLACK
6
CONTINUOUS
10
1.0087952755905512
20
0.2163895669291339
11
1.0087953937007874
21
0.2163896456692913
0
LINE
8
BLACK
6
CONTINUOUS
10
1.0087953937007874
20
0.2163896456692913
11
1.0092519291338582
21
0.2169994881889764
0
LINE
8
BLACK
6
CONTINUOUS
10
1.0092519291338582
20
0.2169994881889764
11
1.0092519291338582
21
0.2987131496062992
0
LINE
8
BLACK
6
CONTINUOUS
10
1.0092519291338582
20
0.2987131496062992
11
1.0086893307086613
21
0.3003642519685039
0
LINE
8
BLACK
6
CONTINUOUS
10
1.0086893307086613
20
0.3003642519685039
11
1.008688937007874
21
0.300419842519685
0
LINE
8
BLACK
6
CONTINUOUS
10
1.008688937007874
20
0.300419842519685
11
1.008688937007874
21
0.3484373622047244
0
LINE
8
BLACK
6
CONTINUOUS
10
1.008688937007874
20
0.3484373622047244
11
1.008688937007874
21
0.3484375590551181
0
LINE
8
BLACK
6
CONTINUOUS
10
1.008688937007874
20
0.3484375590551181
11
1.0084416929133857
21
0.3507375984251969
0
LINE
8
BLACK
6
CONTINUOUS
10
1.0084416929133857
20
0.3507375984251969
11
1.0084416141732284
21
0.3507377952755906
0
LINE
8
BLACK
6
CONTINUOUS
10
1.0084416141732284
20
0.3507377952755906
11
1.0065128740157481
21
0.3559090551181102
0
LINE
8
BLACK
6
CONTINUOUS
10
1.0065128740157481
20
0.3559090551181102
11
1.0065011417322833
21
0.3559405118110236
0
LINE
8
BLACK
6
CONTINUOUS
10
1.0065011417322833
20
0.3559405118110236
11
1.003173346456693
21
0.3603859448818897
0
LINE
8
BLACK
6
CONTINUOUS
10
1.003173346456693
20
0.3603859448818897
11
0.9987279133858268
21
0.3637137401574803
0
LINE
8
BLACK
6
CONTINUOUS
10
0.9987279133858268
20
0.3637137401574803
11
0.9987278346456693
21
0.3637137401574803
0
LINE
8
BLACK
6
CONTINUOUS
10
0.9987278346456693
20
0.3637137401574803
11
0.9987278346456693
21
0.3637137795275591
0
LINE
8
BLACK
6
CONTINUOUS
10
0.9987278346456693
20
0.3637137795275591
11
0.9935251968503936
21
0.3656542125984252
0
LINE
8
BLACK
6
CONTINUOUS
10
0.9935251968503936
20
0.3656542125984252
11
0.993525
21
0.3656542913385827
0
LINE
8
BLACK
6
CONTINUOUS
10
0.993525
20
0.3656542913385827
11
0.991225
21
0.3659015748031496
0
LINE
8
BLACK
6
CONTINUOUS
10
0.991225
20
0.3659015748031496
11
0.9599718897637795
21
0.3659015354330709
0
LINE
8
BLACK
6
CONTINUOUS
10
0.9599718897637795
20
0.3659015354330709
11
0.9576718503937007
21
0.3656542913385827
0
LINE
8
BLACK
6
CONTINUOUS
10
0.9576718503937007
20
0.3656542913385827
11
0.9576717322834646
21
0.3656542519685039
0
LINE
8
BLACK
6
CONTINUOUS
10
0.9576717322834646
20
0.3656542519685039
11
0.9576716929133858
21
0.3656542519685039
0
LINE
8
BLACK
6
CONTINUOUS
10
0.9576716929133858
20
0.3656542519685039
11
0.9557320078740157
21
0.3649307874015748
0
LINE
8
BLACK
6
CONTINUOUS
10
0.9557320078740157
20
0.3649307874015748
11
0.9543699212598425
21
0.3646850393700787
0
LINE
8
BLACK
6
CONTINUOUS
10
0.9543699212598425
20
0.3646850393700787
11
0.9332086220472441
21
0.3646850393700787
0
LINE
8
BLACK
6
CONTINUOUS
10
0.9332086220472441
20
0.3646850393700787
11
0.9309176377952756
21
0.3654294094488189
0
LINE
8
BLACK
6
CONTINUOUS
10
0.9309176377952756
20
0.3654294094488189
11
0.9295017322834646
21
0.3673782283464567
0
LINE
8
BLACK
6
CONTINUOUS
10
0.9295017322834646
20
0.3673782283464567
11
0.9293109842519685
21
0.3685826771653543
0
LINE
8
BLACK
6
CONTINUOUS
10
0.9293109842519685
20
0.3685826771653543
11
0.9293109842519685
21
0.371846811023622
0
LINE
8
BLACK
6
CONTINUOUS
10
0.9293109842519685
20
0.371846811023622
11
0.9293109842519685
21
0.3718470078740158
0
LINE
8
BLACK
6
CONTINUOUS
10
0.9293109842519685
20
0.3718470078740158
11
0.9290637401574803
21
0.3741470472440945
0
LINE
8
BLACK
6
CONTINUOUS
10
0.9290637401574803
20
0.3741470472440945
11
0.9290636614173228
21
0.3741472440944882
0
LINE
8
BLACK
6
CONTINUOUS
10
0.9290636614173228
20
0.3741472440944882
11
0.9271902755905511
21
0.3791700393700787
0
LINE
8
BLACK
6
CONTINUOUS
10
0.9271902755905511
20
0.3791700393700787
11
0.9271231889763779
21
0.3793499606299213
0
LINE
8
BLACK
6
CONTINUOUS
10
0.9271231889763779
20
0.3793499606299213
11
0.9237953937007873
21
0.3837953937007874
0
LINE
8
BLACK
6
CONTINUOUS
10
0.9237953937007873
20
0.3837953937007874
11
0.9193499606299212
21
0.3871231889763779
0
LINE
8
BLACK
6
CONTINUOUS
10
0.9193499606299212
20
0.3871231889763779
11
0.9193498818897637
21
0.3871231889763779
0
LINE
8
BLACK
6
CONTINUOUS
10
0.9193498818897637
20
0.3871231889763779
11
0.9193498818897637
21
0.3871232283464567
0
LINE
8
BLACK
6
CONTINUOUS
10
0.9193498818897637
20
0.3871232283464567
11
0.9141472440944882
21
0.3890636614173228
0
LINE
8
BLACK
6
CONTINUOUS
10
0.9141472440944882
20
0.3890636614173228
11
0.9141470472440945
21
0.3890637401574803
0
LINE
8
BLACK
6
CONTINUOUS
10
0.9141470472440945
20
0.3890637401574803
11
0.9118470472440945
21
0.3893110236220472
0
LINE
8
BLACK
6
CONTINUOUS
10
0.9118470472440945
20
0.3893110236220472
11
0.8431529921259843
21
0.3893109842519685
0
LINE
8
BLACK
6
CONTINUOUS
10
0.8431529921259843
20
0.3893109842519685
11
0.8408529527559055
21
0.3890637401574803
0
LINE
8
BLACK
6
CONTINUOUS
10
0.8408529527559055
20
0.3890637401574803
11
0.8408528346456693
21
0.3890637007874015
0
LINE
8
BLACK
6
CONTINUOUS
10
0.8408528346456693
20
0.3890637007874015
11
0.8408527559055118
21
0.3890637007874015
0
LINE
8
BLACK
6
CONTINUOUS
10
0.8408527559055118
20
0.3890637007874015
11
0.8356501574803149
21
0.3871232283464567
0
LINE
8
BLACK
6
CONTINUOUS
10
0.8356501574803149
20
0.3871232283464567
11
0.8356500393700788
21
0.3871231889763779
0
LINE
8
BLACK
6
CONTINUOUS
10
0.8356500393700788
20
0.3871231889763779
11
0.8312046062992126
21
0.3837953937007874
0
LINE
8
BLACK
6
CONTINUOUS
10
0.8312046062992126
20
0.3837953937007874
11
0.8312045275590551
21
0.3837952755905512
0
LINE
8
BLACK
6
CONTINUOUS
10
0.8312045275590551
20
0.3837952755905512
11
0.8312044094488189
21
0.383795157480315
0
LINE
8
BLACK
6
CONTINUOUS
10
0.8312044094488189
20
0.383795157480315
11
0.8306202362204724
21
0.3830147637795275
0
LINE
8
BLACK
6
CONTINUOUS
10
0.8306202362204724
20
0.3830147637795275
11
0.8286514173228346
21
0.3816268110236221
0
LINE
8
BLACK
6
CONTINUOUS
10
0.8286514173228346
20
0.3816268110236221
11
0.8262427952755905
21
0.3816611417322834
0
LINE
8
BLACK
6
CONTINUOUS
10
0.8262427952755905
20
0.3816611417322834
11
0.8243797637795275
21
0.3830147637795275
0
LINE
8
BLACK
6
CONTINUOUS
10
0.8243797637795275
20
0.3830147637795275
11
0.8237955511811024
21
0.383795157480315
0
LINE
8
BLACK
6
CONTINUOUS
10
0.8237955511811024
20
0.383795157480315
11
0.8237953937007874
21
0.3837953937007874
0
LINE
8
BLACK
6
CONTINUOUS
10
0.8237953937007874
20
0.3837953937007874
11
0.8193499606299213
21
0.3871231889763779
0
LINE
8
BLACK
6
CONTINUOUS
10
0.8193499606299213
20
0.3871231889763779
11
0.8193498818897638
21
0.3871231889763779
0
LINE
8
BLACK
6
CONTINUOUS
10
0.8193498818897638
20
0.3871231889763779
11
0.8193498818897638
21
0.3871232283464567
0
LINE
8
BLACK
6
CONTINUOUS
10
0.8193498818897638
20
0.3871232283464567
11
0.8141472440944881
21
0.3890636614173228
0
LINE
8
BLACK
6
CONTINUOUS
10
0.8141472440944881
20
0.3890636614173228
11
0.8141470472440945
21
0.3890637401574803
0
LINE
8
BLACK
6
CONTINUOUS
10
0.8141470472440945
20
0.3890637401574803
11
0.8118470472440945
21
0.3893110236220472
0
LINE
8
BLACK
6
CONTINUOUS
10
0.8118470472440945
20
0.3893110236220472
11
0.7431529921259842
21
0.3893109842519685
0
LINE
8
BLACK
6
CONTINUOUS
10
0.7431529921259842
20
0.3893109842519685
11
0.7408529527559055
21
0.3890637401574803
0
LINE
8
BLACK
6
CONTINUOUS
10
0.7408529527559055
20
0.3890637401574803
11
0.7408528346456693
21
0.3890637007874015
0
LINE
8
BLACK
6
CONTINUOUS
10
0.7408528346456693
20
0.3890637007874015
11
0.7408527559055118
21
0.3890637007874015
0
LINE
8
BLACK
6
CONTINUOUS
10
0.7408527559055118
20
0.3890637007874015
11
0.7356501574803149
21
0.3871232283464567
0
LINE
8
BLACK
6
CONTINUOUS
10
0.7356501574803149
20
0.3871232283464567
11
0.7356500393700788
21
0.3871231889763779
0
LINE
8
BLACK
6
CONTINUOUS
10
0.7356500393700788
20
0.3871231889763779
11
0.7312046062992126
21
0.3837953937007874
0
LINE
8
BLACK
6
CONTINUOUS
10
0.7312046062992126
20
0.3837953937007874
11
0.7312045275590551
21
0.3837952755905512
0
LINE
8
BLACK
6
CONTINUOUS
10
0.7312045275590551
20
0.3837952755905512
11
0.7312044094488189
21
0.383795157480315
0
LINE
8
BLACK
6
CONTINUOUS
10
0.7312044094488189
20
0.383795157480315
11
0.7306202362204725
21
0.3830147637795275
0
LINE
8
BLACK
6
CONTINUOUS
10
0.7306202362204725
20
0.3830147637795275
11
0.7286514173228347
21
0.3816268110236221
0
LINE
8
BLACK
6
CONTINUOUS
10
0.7286514173228347
20
0.3816268110236221
11
0.7262427952755905
21
0.3816611417322834
0
LINE
8
BLACK
6
CONTINUOUS
10
0.7262427952755905
20
0.3816611417322834
11
0.7243797637795275
21
0.3830147637795275
0
LINE
8
BLACK
6
CONTINUOUS
10
0.7243797637795275
20
0.3830147637795275
11
0.7237955511811024
21
0.383795157480315
0
LINE
8
BLACK
6
CONTINUOUS
10
0.7237955511811024
20
0.383795157480315
11
0.7237953937007874
21
0.3837953937007874
0
LINE
8
BLACK
6
CONTINUOUS
10
0.7237953937007874
20
0.3837953937007874
11
0.7193499606299213
21
0.3871231889763779
0
LINE
8
BLACK
6
CONTINUOUS
10
0.7193499606299213
20
0.3871231889763779
11
0.7193498818897638
21
0.3871231889763779
0
LINE
8
BLACK
6
CONTINUOUS
10
0.7193498818897638
20
0.3871231889763779
11
0.7193498818897638
21
0.3871232283464567
0
LINE
8
BLACK
6
CONTINUOUS
10
0.7193498818897638
20
0.3871232283464567
11
0.7141472440944882
21
0.3890636614173228
0
LINE
8
BLACK
6
CONTINUOUS
10
0.7141472440944882
20
0.3890636614173228
11
0.7141470472440945
21
0.3890637401574803
0
LINE
8
BLACK
6
CONTINUOUS
10
0.7141470472440945
20
0.3890637401574803
11
0.7118470472440944
21
0.3893110236220472
0
LINE
8
BLACK
6
CONTINUOUS
10
0.7118470472440944
20
0.3893110236220472
11
0.6431529921259842
21
0.3893109842519685
0
LINE
8
BLACK
6
CONTINUOUS
10
0.6431529921259842
20
0.3893109842519685
11
0.6408529527559055
21
0.3890637401574803
0
LINE
8
BLACK
6
CONTINUOUS
10
0.6408529527559055
20
0.3890637401574803
11
0.6408528346456692
21
0.3890637007874015
0
LINE
8
BLACK
6
CONTINUOUS
10
0.6408528346456692
20
0.3890637007874015
11
0.6408527559055118
21
0.3890637007874015
0
LINE
8
BLACK
6
CONTINUOUS
10
0.6408527559055118
20
0.3890637007874015
11
0.6356501574803149
21
0.3871232283464567
0
LINE
8
BLACK
6
CONTINUOUS
10
0.6356501574803149
20
0.3871232283464567
11
0.6356500393700787
21
0.3871231889763779
0
LINE
8
BLACK
6
CONTINUOUS
10
0.6356500393700787
20
0.3871231889763779
11
0.6312046062992126
21
0.3837953937007874
0
LINE
8
BLACK
6
CONTINUOUS
10
0.6312046062992126
20
0.3837953937007874
11
0.6312045275590551
21
0.3837952755905512
0
LINE
8
BLACK
6
CONTINUOUS
10
0.6312045275590551
20
0.3837952755905512
11
0.6278767322834645
21
0.3793498818897638
0
LINE
8
BLACK
6
CONTINUOUS
10
0.6278767322834645
20
0.3793498818897638
11
0.6259362992125984
21
0.3741472440944882
0
LINE
8
BLACK
6
CONTINUOUS
10
0.6259362992125984
20
0.3741472440944882
11
0.6259362204724409
21
0.374146811023622
0
LINE
8
BLACK
6
CONTINUOUS
10
0.6259362204724409
20
0.374146811023622
11
0.6256889763779527
21
0.3718469291338583
0
LINE
8
BLACK
6
CONTINUOUS
10
0.6256889763779527
20
0.3718469291338583
11
0.6256889763779527
21
0.3257488976377952
0
LINE
8
BLACK
6
CONTINUOUS
10
0.6256889763779527
20
0.3257488976377952
11
0.6249446062992126
21
0.3234579133858267
0
LINE
8
BLACK
6
CONTINUOUS
10
0.6249446062992126
20
0.3234579133858267
11
0.6245475984251968
21
0.3229930708661417
0
LINE
8
BLACK
6
CONTINUOUS
10
0.6245475984251968
20
0.3229930708661417
11
0.6047075984251968
21
0.303153031496063
0
LINE
8
BLACK
6
CONTINUOUS
10
0.6047075984251968
20
0.303153031496063
11
0.5898811811023622
21
0.2883266141732284
0
LINE
8
BLACK
6
CONTINUOUS
10
0.5898811811023622
20
0.2883266141732284
11
0.587734842519685
21
0.287233031496063
0
LINE
8
BLACK
6
CONTINUOUS
10
0.587734842519685
20
0.287233031496063
11
0.5871251181102362
21
0.2871850393700787
0
LINE
8
BLACK
6
CONTINUOUS
10
0.5871251181102362
20
0.2871850393700787
11
0.4788233858267716
21
0.2871850393700787
0
LINE
8
BLACK
6
CONTINUOUS
10
0.4788233858267716
20
0.2871850393700787
11
0.4765324015748031
21
0.2879294094488189
0
LINE
8
BLACK
6
CONTINUOUS
10
0.4765324015748031
20
0.2879294094488189
11
0.4757031889763779
21
0.2887468897637795
0
LINE
8
BLACK
6
CONTINUOUS
10
0.4757031889763779
20
0.2887468897637795
11
0.4751570078740157
21
0.2894764173228346
0
LINE
8
BLACK
6
CONTINUOUS
10
0.4751570078740157
20
0.2894764173228346
11
0.4737953937007874
21
0.2912953937007874
0
LINE
8
BLACK
6
CONTINUOUS
10
0.4737953937007874
20
0.2912953937007874
11
0.4693499606299212
21
0.294623188976378
0
LINE
8
BLACK
6
CONTINUOUS
10
0.4693499606299212
20
0.294623188976378
11
0.4693498818897638
21
0.294623188976378
0
LINE
8
BLACK
6
CONTINUOUS
10
0.4693498818897638
20
0.294623188976378
11
0.4693498818897638
21
0.2946232283464567
0
LINE
8
BLACK
6
CONTINUOUS
10
0.4693498818897638
20
0.2946232283464567
11
0.4641472440944882
21
0.2965636614173228
0
LINE
8
BLACK
6
CONTINUOUS
10
0.4641472440944882
20
0.2965636614173228
11
0.4641470472440945
21
0.2965637401574803
0
LINE
8
BLACK
6
CONTINUOUS
10
0.4641470472440945
20
0.2965637401574803
11
0.4618470472440945
21
0.2968110236220473
0
LINE
8
BLACK
6
CONTINUOUS
10
0.4618470472440945
20
0.2968110236220473
11
0.4031529921259843
21
0.2968109842519685
0
LINE
8
BLACK
6
CONTINUOUS
10
0.4031529921259843
20
0.2968109842519685
11
0.4008529527559055
21
0.2965637401574803
0
LINE
8
BLACK
6
CONTINUOUS
10
0.4008529527559055
20
0.2965637401574803
11
0.4008528346456693
21
0.2965637007874016
0
LINE
8
BLACK
6
CONTINUOUS
10
0.4008528346456693
20
0.2965637007874016
11
0.4008527952755905
21
0.2965637007874016
0
LINE
8
BLACK
6
CONTINUOUS
10
0.4008527952755905
20
0.2965637007874016
11
0.3985226771653543
21
0.2956946062992126
0
LINE
8
BLACK
6
CONTINUOUS
10
0.3985226771653543
20
0.2956946062992126
11
0.3961207874015748
21
0.2947987401574803
0
LINE
8
BLACK
6
CONTINUOUS
10
0.3961207874015748
20
0.2947987401574803
11
0.3937142125984252
21
0.2946956299212599
0
LINE
8
BLACK
6
CONTINUOUS
10
0.3937142125984252
20
0.2946956299212599
11
0.3920027952755906
21
0.2956945275590551
0
LINE
8
BLACK
6
CONTINUOUS
10
0.3920027952755906
20
0.2956945275590551
11
0.358798937007874
21
0.3288983858267717
0
LINE
8
BLACK
6
CONTINUOUS
10
0.358798937007874
20
0.3288983858267717
11
0.3577054330708661
21
0.3310446850393701
0
LINE
8
BLACK
6
CONTINUOUS
10
0.3577054330708661
20
0.3310446850393701
11
0.3576574409448819
21
0.3316544094488189
0
LINE
8
BLACK
6
CONTINUOUS
10
0.3576574409448819
20
0.3316544094488189
11
0.3576574409448819
21
0.3666338582677166
0
LINE
8
BLACK
6
CONTINUOUS
10
0.3576574409448819
20
0.3666338582677166
11
0.3584018110236221
21
0.368924842519685
0
LINE
8
BLACK
6
CONTINUOUS
10
0.3584018110236221
20
0.368924842519685
11
0.3603506299212598
21
0.3703407480314961
0
LINE
8
BLACK
6
CONTINUOUS
10
0.3603506299212598
20
0.3703407480314961
11
0.3615550393700787
21
0.3705314960629921
0
LINE
8
BLACK
6
CONTINUOUS
10
0.3615550393700787
20
0.3705314960629921
11
0.3679097637795276
21
0.3705314960629921
0
LINE
8
BLACK
6
CONTINUOUS
10
0.3679097637795276
20
0.3705314960629921
11
0.3679098818897638
21
0.3705314960629921
0
LINE
8
BLACK
6
CONTINUOUS
10
0.3679098818897638
20
0.3705314960629921
11
0.36791
21
0.3705315354330709
0
LINE
8
BLACK
6
CONTINUOUS
10
0.36791
20
0.3705315354330709
11
0.3694433464566929
21
0.3706963385826771
0
LINE
8
BLACK
6
CONTINUOUS
10
0.3694433464566929
20
0.3706963385826771
11
0.3702100787401575
21
0.3707787795275591
0
LINE
8
BLACK
6
CONTINUOUS
10
0.3702100787401575
20
0.3707787795275591
11
0.3702101968503937
21
0.3707787795275591
0
LINE
8
BLACK
6
CONTINUOUS
10
0.3702101968503937
20
0.3707787795275591
11
0.3754129133858268
21
0.3727192913385827
0
LINE
8
BLACK
6
CONTINUOUS
10
0.3754129133858268
20
0.3727192913385827
11
0.3768897637795275
21
0.3738248031496063
0
LINE
8
BLACK
6
CONTINUOUS
10
0.3768897637795275
20
0.3738248031496063
11
0.3768897637795275
21
0.3898425196850394
0
LINE
8
BLACK
6
CONTINUOUS
10
0.3768897637795275
20
0.3898425196850394
11
0.3739370078740157
21
0.3898425196850394
0
LINE
8
BLACK
6
CONTINUOUS
10
0.3739370078740157
20
0.3898425196850394
11
0.3739370078740157
21
0.4469291338582677
0
LINE
8
BLACK
6
CONTINUOUS
10
0.3739370078740157
20
0.4469291338582677
11
0.3916535433070866
21
0.4469291338582677
0
LINE
8
BLACK
6
CONTINUOUS
10
0.3916535433070866
20
0.4469291338582677
11
0.3916535433070866
21
0.3898425196850394
0
LINE
8
BLACK
6
CONTINUOUS
10
0.3916535433070866
20
0.3898425196850394
11
0.3887007874015748
21
0.3898425196850394
0
LINE
8
BLACK
6
CONTINUOUS
10
0.3887007874015748
20
0.3898425196850394
11
0.3887007874015748
21
0.3728537007874015
0
LINE
8
BLACK
6
CONTINUOUS
10
0.3887007874015748
20
0.3728537007874015
11
0.4026702755905512
21
0.3588841732283464
0
LINE
8
BLACK
6
CONTINUOUS
10
0.4026702755905512
20
0.3588841732283464
11
0.4026705118110236
21
0.3588839763779528
0
LINE
8
BLACK
6
CONTINUOUS
10
0.4026705118110236
20
0.3588839763779528
11
0.4056455905511811
21
0.3568961417322835
0
LINE
8
BLACK
6
CONTINUOUS
10
0.4056455905511811
20
0.3568961417322835
11
0.407122874015748
21
0.3559090157480315
0
LINE
8
BLACK
6
CONTINUOUS
10
0.407122874015748
20
0.3559090157480315
11
0.4071231496062992
21
0.3559088976377953
0
LINE
8
BLACK
6
CONTINUOUS
10
0.4071231496062992
20
0.3559088976377953
11
0.4092229921259842
21
0.3550391338582677
0
LINE
8
BLACK
6
CONTINUOUS
10
0.4092229921259842
20
0.3550391338582677
11
0.4120702362204725
21
0.3538597244094488
0
LINE
8
BLACK
6
CONTINUOUS
10
0.4120702362204725
20
0.3538597244094488
11
0.4120703543307087
21
0.3538596850393701
0
LINE
8
BLACK
6
CONTINUOUS
10
0.4120703543307087
20
0.3538596850393701
11
0.4129417322834645
21
0.3536863385826772
0
LINE
8
BLACK
6
CONTINUOUS
10
0.4129417322834645
20
0.3536863385826772
11
0.4173223622047244
21
0.3528149606299212
0
LINE
8
BLACK
6
CONTINUOUS
10
0.4173223622047244
20
0.3528149606299212
11
0.4173225196850394
21
0.3528149606299212
0
LINE
8
BLACK
6
CONTINUOUS
10
0.4173225196850394
20
0.3528149606299212
11
0.4725
21
0.3528149606299212
0
LINE
8
BLACK
6
CONTINUOUS
10
0.4725
20
0.3528149606299212
11
0.4725
21
0.36
0
LINE
8
BLACK
6
CONTINUOUS
10
0.4725
20
0.36
11
0.5275
21
0.36
0
LINE
8
BLACK
6
CONTINUOUS
10
0.5275
20
0.36
11
0.5275
21
0.3528149606299212
0
LINE
8
BLACK
6
CONTINUOUS
10
0.5275
20
0.3528149606299212
11
0.5574631102362204
21
0.3528149606299212
0
LINE
8
BLACK
6
CONTINUOUS
10
0.5574631102362204
20
0.3528149606299212
11
0.5609644488188976
21
0.3535114173228346
0
LINE
8
BLACK
6
CONTINUOUS
10
0.5609644488188976
20
0.3535114173228346
11
0.562715157480315
21
0.3538596850393701
0
LINE
8
BLACK
6
CONTINUOUS
10
0.562715157480315
20
0.3538596850393701
11
0.5627151968503937
21
0.3538596850393701
0
LINE
8
BLACK
6
CONTINUOUS
10
0.5627151968503937
20
0.3538596850393701
11
0.5676622834645669
21
0.3559088188976378
0
LINE
8
BLACK
6
CONTINUOUS
10
0.5676622834645669
20
0.3559088188976378
11
0.5676627165354331
21
0.3559090551181102
0
LINE
8
BLACK
6
CONTINUOUS
10
0.5676627165354331
20
0.3559090551181102
11
0.5703412598425197
21
0.3576988582677165
0
LINE
8
BLACK
6
CONTINUOUS
10
0.5703412598425197
20
0.3576988582677165
11
0.572115
21
0.3588840157480315
0
LINE
8
BLACK
6
CONTINUOUS
10
0.572115
20
0.3588840157480315
11
0.6395356692913385
21
0.4263046456692913
0
LINE
8
BLACK
6
CONTINUOUS
10
0.6395356692913385
20
0.4263046456692913
11
0.6416820078740157
21
0.4273982283464567
0
LINE
8
BLACK
6
CONTINUOUS
10
0.6416820078740157
20
0.4273982283464567
11
0.6422917322834646
21
0.4274462204724409
0
LINE
8
BLACK
6
CONTINUOUS
10
0.6422917322834646
20
0.4274462204724409
11
0.8493088188976378
21
0.4274462204724409
0
LINE
8
BLACK
6
CONTINUOUS
10
0.8493088188976378
20
0.4274462204724409
11
0.852810157480315
21
0.4281426771653543
0
LINE
8
BLACK
6
CONTINUOUS
10
0.852810157480315
20
0.4281426771653543
11
0.8545608661417322
21
0.4284909448818898
0
LINE
8
BLACK
6
CONTINUOUS
10
0.8545608661417322
20
0.4284909448818898
11
0.854560905511811
21
0.4284909448818898
0
LINE
8
BLACK
6
CONTINUOUS
10
0.854560905511811
20
0.4284909448818898
11
0.8595079921259843
21
0.4305400787401575
0
LINE
8
BLACK
6
CONTINUOUS
10
0.8595079921259843
20
0.4305400787401575
11
0.8595084251968503
21
0.4305403149606299
0
LINE
8
BLACK
6
CONTINUOUS
10
0.8595084251968503
20
0.4305403149606299
11
0.8621869685039369
21
0.4323301181102362
0
LINE
8
BLACK
6
CONTINUOUS
10
0.8621869685039369
20
0.4323301181102362
11
0.8639607086614173
21
0.4335152755905512
0
LINE
8
BLACK
6
CONTINUOUS
10
0.8639607086614173
20
0.4335152755905512
11
0.8941159842519685
21
0.4636705511811023
0
LINE
8
BLACK
6
CONTINUOUS
10
0.8941159842519685
20
0.4636705511811023
11
0.8946832677165354
21
0.4645195669291338
0
LINE
8
BLACK
6
CONTINUOUS
10
0.8946832677165354
20
0.4645195669291338
11
0.8970910629921259
21
0.4681230708661417
0
LINE
8
BLACK
6
CONTINUOUS
10
0.8970910629921259
20
0.4681230708661417
11
0.8986806692913386
21
0.4719607086614173
0
LINE
8
BLACK
6
CONTINUOUS
10
0.8986806692913386
20
0.4719607086614173
11
0.8991403149606298
21
0.4730703937007874
0
LINE
8
BLACK
6
CONTINUOUS
10
0.8991403149606298
20
0.4730703937007874
11
0.8991403149606298
21
0.4730704724409449
0
LINE
8
BLACK
6
CONTINUOUS
10
0.8991403149606298
20
0.4730704724409449
11
0.8991467322834645
21
0.4730859448818898
0
LINE
8
BLACK
6
CONTINUOUS
10
0.8991467322834645
20
0.4730859448818898
11
0.9007111023622048
21
0.4749177165354331
0
LINE
8
BLACK
6
CONTINUOUS
10
0.9007111023622048
20
0.4749177165354331
11
0.9027477165354331
21
0.4754921259842519
0
LINE
8
BLACK
6
CONTINUOUS
10
0.9027477165354331
20
0.4754921259842519
11
1.0426369291338582
21
0.4754921259842519
0
LINE
8
BLACK
6
CONTINUOUS
10
1.0426369291338582
20
0.4754921259842519
11
1.0449279133858267
21
0.4747477559055118
0
LINE
8
BLACK
6
CONTINUOUS
10
1.0449279133858267
20
0.4747477559055118
11
1.0463438188976377
21
0.472798937007874
0
LINE
8
BLACK
6
CONTINUOUS
10
1.0463438188976377
20
0.472798937007874
11
1.0463438188976377
21
0.4703900393700787
0
LINE
8
BLACK
6
CONTINUOUS
10
1.0463438188976377
20
0.4703900393700787
11
1.0453929921259841
21
0.4688384251968504
0
LINE
8
BLACK
6
CONTINUOUS
10
1.0453929921259841
20
0.4688384251968504
11
1.0313840157480314
21
0.4548294488188976
0
LINE
8
BLACK
6
CONTINUOUS
10
1.0313840157480314
20
0.4548294488188976
11
1.0293961023622047
21
0.4518543307086614
0
LINE
8
BLACK
6
CONTINUOUS
10
1.0293961023622047
20
0.4518543307086614
11
1.0284088976377952
21
0.4503768897637795
0
LINE
8
BLACK
6
CONTINUOUS
10
1.0284088976377952
20
0.4503768897637795
11
1.0264183464566929
21
0.4455711811023622
0
LINE
8
BLACK
6
CONTINUOUS
10
1.0264183464566929
20
0.4455711811023622
11
1.0264181889763779
21
0.4455710236220473
0
LINE
8
BLACK
6
CONTINUOUS
10
1.0264181889763779
20
0.4455710236220473
11
1.0264182677165354
21
0.4455710236220473
0
LINE
8
BLACK
6
CONTINUOUS
10
1.0264182677165354
20
0.4455710236220473
11
1.0263597244094489
21
0.4454297637795275
0
LINE
8
BLACK
6
CONTINUOUS
10
1.0263597244094489
20
0.4454297637795275
11
1.0253149606299212
21
0.4401774803149606
0
LINE
8
BLACK
6
CONTINUOUS
10
1.0253149606299212
20
0.4401774803149606
11
1.0253149606299212
21
0.3641996456692913
0
LINE
8
BLACK
6
CONTINUOUS
10
1.0253149606299212
20
0.3641996456692913
11
1.0249999606299212
21
0.3632301181102362
0
LINE
8
BLACK
6
CONTINUOUS
10
1.0249999606299212
20
0.3632301181102362
11
1.0249999606299212
21
0.2135484251968504
0
LINE
8
BLACK
6
CONTINUOUS
10
1.0249999606299212
20
0.2135484251968504
11
1.0256500787401575
21
0.2130617716535433
0
LINE
8
BLACK
6
CONTINUOUS
10
1.0256500787401575
20
0.2130617716535433
11
1.0308527165354331
21
0.2111213385826771
0
LINE
8
BLACK
6
CONTINUOUS
10
1.0308527165354331
20
0.2111213385826771
11
1.0308531496062991
21
0.2111212598425197
0
LINE
8
BLACK
6
CONTINUOUS
10
1.0308531496062991
20
0.2111212598425197
11
1.032423031496063
21
0.2109524803149606
0
LINE
8
BLACK
6
CONTINUOUS
10
1.032423031496063
20
0.2109524803149606
11
1.0331529527559056
21
0.2108740157480315
0
LINE
8
BLACK
6
CONTINUOUS
10
1.0331529527559056
20
0.2108740157480315
11
1.0331529921259843
21
0.2108740157480315
0
LINE
8
BLACK
6
CONTINUOUS
10
1.0331529921259843
20
0.2108740157480315
11
1.0331530314960631
21
0.2108740157480315
0
LINE
8
BLACK
6
CONTINUOUS
10
1.0331530314960631
20
0.2108740157480315
11
1.0718467716535434
21
0.2108740157480315
0
LINE
8
BLACK
6
CONTINUOUS
10
1.0718467716535434
20
0.2108740157480315
11
1.0718468897637794
21
0.2108740157480315
0
LINE
8
BLACK
6
CONTINUOUS
10
1.0718468897637794
20
0.2108740157480315
11
1.0718470078740157
21
0.2108740551181102
0
LINE
8
BLACK
6
CONTINUOUS
10
1.0718470078740157
20
0.2108740551181102
11
1.0733803543307086
21
0.2110388582677165
0
LINE
8
BLACK
6
CONTINUOUS
10
1.0733803543307086
20
0.2110388582677165
11
1.0741470866141731
21
0.2111212992125984
0
LINE
8
BLACK
6
CONTINUOUS
10
1.0741470866141731
20
0.2111212992125984
11
1.0741472047244094
21
0.2111212992125984
0
LINE
8
BLACK
6
CONTINUOUS
10
1.0741472047244094
20
0.2111212992125984
11
1.0793499212598425
21
0.213061811023622
0
LINE
8
BLACK
6
CONTINUOUS
10
1.0793499212598425
20
0.213061811023622
11
1.0837952755905511
21
0.2163895669291339
0
LINE
8
BLACK
6
CONTINUOUS
10
1.0837952755905511
20
0.2163895669291339
11
1.0837953937007874
21
0.2163896456692913
0
LINE
8
BLACK
6
CONTINUOUS
10
1.0837953937007874
20
0.2163896456692913
11
1.0860055905511812
21
0.219342125984252
0
LINE
8
BLACK
6
CONTINUOUS
10
1.0860055905511812
20
0.219342125984252
11
1.0871232283464567
21
0.2208351181102362
0
LINE
8
BLACK
6
CONTINUOUS
10
1.0871232283464567
20
0.2208351181102362
11
1.0890636614173228
21
0.2260377559055118
0
LINE
8
BLACK
6
CONTINUOUS
10
1.0890636614173228
20
0.2260377559055118
11
1.0890637007874016
21
0.2260379133858268
0
LINE
8
BLACK
6
CONTINUOUS
10
1.0890637007874016
20
0.2260379133858268
11
1.0890637401574803
21
0.2260379921259842
0
LINE
8
BLACK
6
CONTINUOUS
10
1.0890637401574803
20
0.2260379921259842
11
1.0893110236220471
21
0.2283379921259842
0
LINE
8
BLACK
6
CONTINUOUS
10
1.0893110236220471
20
0.2283379921259842
11
1.0893109842519684
21
0.2870320472440945
0
LINE
8
BLACK
6
CONTINUOUS
10
1.0893109842519684
20
0.2870320472440945
11
1.0890637401574803
21
0.2893320866141732
0
LINE
8
BLACK
6
CONTINUOUS
10
1.0890637401574803
20
0.2893320866141732
11
1.0883653937007873
21
0.2912044094488189
0
LINE
8
BLACK
6
CONTINUOUS
10
1.0883653937007873
20
0.2912044094488189
11
1.0871232283464567
21
0.2945348818897638
0
LINE
8
BLACK
6
CONTINUOUS
10
1.0871232283464567
20
0.2945348818897638
11
1.0871231889763779
21
0.294535
0
LINE
8
BLACK
6
CONTINUOUS
10
1.0871231889763779
20
0.294535
11
1.0842694094488188
21
0.2983471653543307
0
LINE
8
BLACK
6
CONTINUOUS
10
1.0842694094488188
20
0.2983471653543307
11
1.0834924803149606
21
0.3006271653543307
0
LINE
8
BLACK
6
CONTINUOUS
10
1.0834924803149606
20
0.3006271653543307
11
1.0834920866141733
21
0.3006828346456693
0
LINE
8
BLACK
6
CONTINUOUS
10
1.0834920866141733
20
0.3006828346456693
11
1.0834920866141733
21
0.3484373622047244
0
LINE
8
BLACK
6
CONTINUOUS
10
1.0834920866141733
20
0.3484373622047244
11
1.0834920866141733
21
0.3484375590551181
0
LINE
8
BLACK
6
CONTINUOUS
10
1.0834920866141733
20
0.3484375590551181
11
1.083244842519685
21
0.3507375984251969
0
LINE
8
BLACK
6
CONTINUOUS
10
1.083244842519685
20
0.3507375984251969
11
1.0832447637795275
21
0.3507378346456693
0
LINE
8
BLACK
6
CONTINUOUS
10
1.0832447637795275
20
0.3507378346456693
11
1.0818834645669291
21
0.3543877559055118
0
LINE
8
BLACK
6
CONTINUOUS
10
1.0818834645669291
20
0.3543877559055118
11
1.0818833464566928
21
0.3543879527559055
0
LINE
8
BLACK
6
CONTINUOUS
10
1.0818833464566928
20
0.3543879527559055
11
1.0813042913385826
21
0.3559405118110236
0
LINE
8
BLACK
6
CONTINUOUS
10
1.0813042913385826
20
0.3559405118110236
11
1.0802966141732284
21
0.3572865354330709
0
LINE
8
BLACK
6
CONTINUOUS
10
1.0802966141732284
20
0.3572865354330709
11
1.0801637795275589
21
0.3575292913385827
0
LINE
8
BLACK
6
CONTINUOUS
10
1.0801637795275589
20
0.3575292913385827
11
1.0799890551181102
21
0.3584541732283464
0
LINE
8
BLACK
6
CONTINUOUS
10
1.0799890551181102
20
0.3584541732283464
11
1.0796854330708661
21
0.3593451574803149
0
LINE
8
BLACK
6
CONTINUOUS
10
1.0796854330708661
20
0.3593451574803149
11
1.0796850393700788
21
0.3594008267716535
0
LINE
8
BLACK
6
CONTINUOUS
10
1.0796850393700788
20
0.3594008267716535
11
1.0796850393700788
21
0.4246251181102362
0
LINE
8
BLACK
6
CONTINUOUS
10
1.0796850393700788
20
0.4246251181102362
11
1.0804294094488189
21
0.4269161023622047
0
LINE
8
BLACK
6
CONTINUOUS
10
1.0804294094488189
20
0.4269161023622047
11
1.0808266141732283
21
0.4273811811023622
0
LINE
8
BLACK
6
CONTINUOUS
10
1.0808266141732283
20
0.4273811811023622
11
1.1227959842519686
21
0.4693505511811024
0
LINE
8
BLACK
6
CONTINUOUS
10
1.1227959842519686
20
0.4693505511811024
11
1.1249423228346456
21
0.4704441338582677
0
LINE
8
BLACK
6
CONTINUOUS
10
1.1249423228346456
20
0.4704441338582677
11
1.1255520472440945
21
0.4704921259842519
0
LINE
8
BLACK
6
CONTINUOUS
10
1.1255520472440945
20
0.4704921259842519
11
1.4850392125984251
21
0.4704921259842519
0
LINE
8
BLACK
6
CONTINUOUS
10
1.4850392125984251
20
0.4704921259842519
11
1.4850393700787401
21
0.4704921259842519
0
LINE
8
BLACK
6
CONTINUOUS
10
1.4850393700787401
20
0.4704921259842519
11
1.4883566141732283
21
0.4708487401574803
0
LINE
8
BLACK
6
CONTINUOUS
10
1.4883566141732283
20
0.4708487401574803
11
1.4891859842519686
21
0.4709379133858267
0
LINE
8
BLACK
6
CONTINUOUS
10
1.4891859842519686
20
0.4709379133858267
11
1.4902162992125985
21
0.4711620472440945
0
LINE
8
BLACK
6
CONTINUOUS
10
1.4902162992125985
20
0.4711620472440945
11
1.4912466535433071
21
0.4713861811023622
0
LINE
8
BLACK
6
CONTINUOUS
10
1.4912466535433071
20
0.4713861811023622
11
1.4952038976377953
21
0.4727032677165354
0
LINE
8
BLACK
6
CONTINUOUS
10
1.4952038976377953
20
0.4727032677165354
11
1.4952040157480315
21
0.4727033070866142
0
LINE
8
BLACK
6
CONTINUOUS
10
1.4952040157480315
20
0.4727033070866142
11
1.4998748818897638
21
0.4757050787401575
0
LINE
8
BLACK
6
CONTINUOUS
10
1.4998748818897638
20
0.4757050787401575
11
1.4998750000000001
21
0.4757051574803149
0
LINE
8
BLACK
6
CONTINUOUS
10
1.4998750000000001
20
0.4757051574803149
11
1.5019874409448819
21
0.4775355905511811
0
LINE
8
BLACK
6
CONTINUOUS
10
1.5019874409448819
20
0.4775355905511811
11
1.5019999212598425
21
0.4775464173228346
0
LINE
8
BLACK
6
CONTINUOUS
10
1.5019999212598425
20
0.4775464173228346
11
1.5020559448818898
21
0.47761468503937
0
LINE
8
BLACK
6
CONTINUOUS
10
1.5020559448818898
20
0.47761468503937
11
1.5056236220472441
21
0.481731968503937
0
LINE
8
BLACK
6
CONTINUOUS
10
1.5056236220472441
20
0.481731968503937
11
1.5079301968503938
21
0.486782716535433
0
LINE
8
BLACK
6
CONTINUOUS
10
1.5079301968503938
20
0.486782716535433
11
1.5087176771653543
21
0.4894646456692913
0
LINE
8
BLACK
6
CONTINUOUS
10
1.5087176771653543
20
0.4894646456692913
11
1.5093517716535432
21
0.4938748818897638
0
LINE
8
BLACK
6
CONTINUOUS
10
1.5093517716535432
20
0.4938748818897638
11
1.5095078740157479
21
0.4949603937007874
0
LINE
8
BLACK
6
CONTINUOUS
10
1.5095078740157479
20
0.4949603937007874
11
1.5095078740157479
21
1.0450392125984251
0
LINE
8
BLACK
6
CONTINUOUS
10
1.5095078740157479
20
1.0450392125984251
11
1.5095078346456692
21
1.0450395669291339
0
LINE
8
BLACK
6
CONTINUOUS
10
1.5095078346456692
20
1.0450395669291339
11
1.5090620866141733
21
1.0491859448818897
0
LINE
8
BLACK
6
CONTINUOUS
10
1.5090620866141733
20
1.0491859448818897
11
1.5086138188976377
21
1.0512466535433072
0
LINE
8
BLACK
6
CONTINUOUS
10
1.5086138188976377
20
1.0512466535433072
11
1.5072967322834645
21
1.0552038976377953
0
LINE
8
BLACK
6
CONTINUOUS
10
1.5072967322834645
20
1.0552038976377953
11
1.5042948425196849
21
1.0598749999999999
0
LINE
8
BLACK
6
CONTINUOUS
10
1.5042948425196849
20
1.0598749999999999
11
1.5024644094488189
21
1.061987440944882
0
LINE
8
BLACK
6
CONTINUOUS
10
1.5024644094488189
20
1.061987440944882
11
1.5024643307086614
21
1.0619874803149607
0
LINE
8
BLACK
6
CONTINUOUS
10
1.5024643307086614
20
1.0619874803149607
11
1.502453622047244
21
1.061999842519685
0
LINE
8
BLACK
6
CONTINUOUS
10
1.502453622047244
20
1.061999842519685
11
1.5023859842519685
21
1.0620553543307087
0
LINE
8
BLACK
6
CONTINUOUS
10
1.5023859842519685
20
1.0620553543307087
11
1.498268031496063
21
1.0656236220472441
0
LINE
8
BLACK
6
CONTINUOUS
10
1.498268031496063
20
1.0656236220472441
11
1.4932172834645669
21
1.0679301968503936
0
LINE
8
BLACK
6
CONTINUOUS
10
1.4932172834645669
20
1.0679301968503936
11
1.4905353543307087
21
1.0687176771653544
0
LINE
8
BLACK
6
CONTINUOUS
10
1.4905353543307087
20
1.0687176771653544
11
1.4877873622047244
21
1.0691127559055118
0
LINE
8
BLACK
6
CONTINUOUS
10
1.4877873622047244
20
1.0691127559055118
11
1.4850395669291339
21
1.069507874015748
0
LINE
8
BLACK
6
CONTINUOUS
10
1.4850395669291339
20
1.069507874015748
11
1.4850393700787401
21
1.069507874015748
0
LINE
8
BLACK
6
CONTINUOUS
10
1.4850393700787401
20
1.069507874015748
11
0.7549606299212598
21
1.069507874015748
0
LINE
8
BLACK
6
CONTINUOUS
10
0.7549606299212598
20
1.069507874015748
11
0.7508140551181102
21
1.0690620866141731
0
LINE
8
BLACK
6
CONTINUOUS
10
0.7508140551181102
20
1.0690620866141731
11
0.7487533464566929
21
1.0686138188976377
0
LINE
8
BLACK
6
CONTINUOUS
10
0.7487533464566929
20
1.0686138188976377
11
0.7447961023622047
21
1.0672967322834646
0
LINE
8
BLACK
6
CONTINUOUS
10
0.7447961023622047
20
1.0672967322834646
11
0.7447959842519685
21
1.0672966535433071
0
LINE
8
BLACK
6
CONTINUOUS
10
0.7447959842519685
20
1.0672966535433071
11
0.7447959448818897
21
1.0672966535433071
0
LINE
8
BLACK
6
CONTINUOUS
10
0.7447959448818897
20
1.0672966535433071
11
0.7421926377952756
21
1.0656236220472441
0
LINE
8
BLACK
6
CONTINUOUS
10
0.7421926377952756
20
1.0656236220472441
11
0.740125
21
1.064294842519685
0
LINE
8
BLACK
6
CONTINUOUS
10
0.740125
20
1.064294842519685
11
0.7380125590551181
21
1.0624644094488189
0
LINE
8
BLACK
6
CONTINUOUS
10
0.7380125590551181
20
1.0624644094488189
11
0.7380125196850393
21
1.0624643307086614
0
LINE
8
BLACK
6
CONTINUOUS
10
0.7380125196850393
20
1.0624643307086614
11
0.738
21
1.0624535039370078
0
LINE
8
BLACK
6
CONTINUOUS
10
0.738
20
1.0624535039370078
11
0.7379438582677165
21
1.0623851181102362
0
LINE
8
BLACK
6
CONTINUOUS
10
0.7379438582677165
20
1.0623851181102362
11
0.7343763779527559
21
1.0582680314960631
0
LINE
8
BLACK
6
CONTINUOUS
10
0.7343763779527559
20
1.0582680314960631
11
0.7329770472440945
21
1.0552038976377953
0
LINE
8
BLACK
6
CONTINUOUS
10
0.7329770472440945
20
1.0552038976377953
11
0.7320697637795276
21
1.0532171653543307
0
LINE
8
BLACK
6
CONTINUOUS
10
0.7320697637795276
20
1.0532171653543307
11
0.7312823228346457
21
1.0505353937007873
0
LINE
8
BLACK
6
CONTINUOUS
10
0.7312823228346457
20
1.0505353937007873
11
0.7312822834645669
21
1.050535157480315
0
LINE
8
BLACK
6
CONTINUOUS
10
0.7312822834645669
20
1.050535157480315
11
0.7304921259842519
21
1.0450395669291339
0
LINE
8
BLACK
6
CONTINUOUS
10
0.7304921259842519
20
1.0450395669291339
11
0.7304921259842519
21
0.9049607480314961
0
LINE
8
BLACK
6
CONTINUOUS
10
0.7304921259842519
20
0.9049607480314961
11
0.7304920866141732
21
0.9049607480314961
0
LINE
8
BLACK
6
CONTINUOUS
10
0.7304920866141732
20
0.9049607480314961
11
0.7309379133858268
21
0.9008139763779527
0
LINE
8
BLACK
6
CONTINUOUS
10
0.7309379133858268
20
0.9008139763779527
11
0.7313861811023622
21
0.8987533464566929
0
LINE
8
BLACK
6
CONTINUOUS
10
0.7313861811023622
20
0.8987533464566929
11
0.7327033070866141
21
0.8947959448818897
0
LINE
8
BLACK
6
CONTINUOUS
10
0.7327033070866141
20
0.8947959448818897
11
0.7357050787401574
21
0.8901250787401574
0
LINE
8
BLACK
6
CONTINUOUS
10
0.7357050787401574
20
0.8901250787401574
11
0.7375465748031496
21
0.8879998031496062
0
LINE
8
BLACK
6
CONTINUOUS
10
0.7375465748031496
20
0.8879998031496062
11
0.7376155511811023
21
0.8879432677165354
0
LINE
8
BLACK
6
CONTINUOUS
10
0.7376155511811023
20
0.8879432677165354
11
0.7417318503937008
21
0.8843764173228347
0
LINE
8
BLACK
6
CONTINUOUS
10
0.7417318503937008
20
0.8843764173228347
11
0.7467827952755905
21
0.8820697637795275
0
LINE
8
BLACK
6
CONTINUOUS
10
0.7467827952755905
20
0.8820697637795275
11
0.7494645669291339
21
0.8812823228346457
0
LINE
8
BLACK
6
CONTINUOUS
10
0.7494645669291339
20
0.8812823228346457
11
0.7494648031496063
21
0.8812822834645669
0
LINE
8
BLACK
6
CONTINUOUS
10
0.7494648031496063
20
0.8812822834645669
11
0.7549604330708661
21
0.880492125984252
0
LINE
8
BLACK
6
CONTINUOUS
10
0.7549604330708661
20
0.880492125984252
11
0.7549606299212598
21
0.880492125984252
0
LINE
8
BLACK
6
CONTINUOUS
10
0.7549606299212598
20
0.880492125984252
11
0.7868270472440945
21
0.880492125984252
0
LINE
8
BLACK
6
CONTINUOUS
10
0.7868270472440945
20
0.880492125984252
11
0.7877822047244094
21
0.8801817716535433
0
LINE
8
BLACK
6
CONTINUOUS
10
0.7877822047244094
20
0.8801817716535433
11
0.7887652362204725
21
0.8799760629921259
0
LINE
8
BLACK
6
CONTINUOUS
10
0.7887652362204725
20
0.8799760629921259
11
0.7889112204724409
21
0.8798149212598425
0
LINE
8
BLACK
6
CONTINUOUS
10
0.7889112204724409
20
0.8798149212598425
11
0.789118031496063
21
0.8797477559055118
0
LINE
8
BLACK
6
CONTINUOUS
10
0.789118031496063
20
0.8797477559055118
11
0.7897083464566929
21
0.8789351968503937
0
LINE
8
BLACK
6
CONTINUOUS
10
0.7897083464566929
20
0.8789351968503937
11
0.790382716535433
21
0.8781910236220473
0
LINE
8
BLACK
6
CONTINUOUS
10
0.790382716535433
20
0.8781910236220473
11
0.7904061023622047
21
0.8779748425196851
0
LINE
8
BLACK
6
CONTINUOUS
10
0.7904061023622047
20
0.8779748425196851
11
0.790533937007874
21
0.877798937007874
0
LINE
8
BLACK
6
CONTINUOUS
10
0.790533937007874
20
0.877798937007874
11
0.790533937007874
21
0.8767944881889763
0
LINE
8
BLACK
6
CONTINUOUS
10
0.790533937007874
20
0.8767944881889763
11
0.7906420472440945
21
0.8757961417322835
0
LINE
8
BLACK
6
CONTINUOUS
10
0.7906420472440945
20
0.8757961417322835
11
0.790533937007874
21
0.8756122440944881
0
LINE
8
BLACK
6
CONTINUOUS
10
0.790533937007874
20
0.8756122440944881
11
0.790533937007874
21
0.8753900393700788
0
LINE
8
BLACK
6
CONTINUOUS
10
0.790533937007874
20
0.8753900393700788
11
0.7894441732283465
21
0.873706220472441
0
LINE
8
BLACK
6
CONTINUOUS
10
0.7894441732283465
20
0.873706220472441
11
0.7894109448818898
21
0.8736761023622047
0
LINE
8
BLACK
6
CONTINUOUS
10
0.7894109448818898
20
0.8736761023622047
11
0.7880125590551181
21
0.8724644094488189
0
LINE
8
BLACK
6
CONTINUOUS
10
0.7880125590551181
20
0.8724644094488189
11
0.7880125196850394
21
0.8724643307086614
0
LINE
8
BLACK
6
CONTINUOUS
10
0.7880125196850394
20
0.8724643307086614
11
0.7843763779527558
21
0.868268031496063
0
LINE
8
BLACK
6
CONTINUOUS
10
0.7843763779527558
20
0.868268031496063
11
0.7843763779527558
21
0.8682679921259843
0
LINE
8
BLACK
6
CONTINUOUS
10
0.7843763779527558
20
0.8682679921259843
11
0.7820697637795275
21
0.8632171653543307
0
LINE
8
BLACK
6
CONTINUOUS
10
0.7820697637795275
20
0.8632171653543307
11
0.7812823228346456
21
0.8605353937007874
0
LINE
8
BLACK
6
CONTINUOUS
10
0.7812823228346456
20
0.8605353937007874
11
0.781282283464567
21
0.8605351574803149
0
LINE
8
BLACK
6
CONTINUOUS
10
0.781282283464567
20
0.8605351574803149
11
0.780492125984252
21
0.8550395669291339
0
LINE
8
BLACK
6
CONTINUOUS
10
0.780492125984252
20
0.8550395669291339
11
0.780492125984252
21
0.724960748031496
0
LINE
8
BLACK
6
CONTINUOUS
10
0.780492125984252
20
0.724960748031496
11
0.7804920866141732
21
0.724960748031496
0
LINE
8
BLACK
6
CONTINUOUS
10
0.7804920866141732
20
0.724960748031496
11
0.7809379133858267
21
0.7208139763779527
0
LINE
8
BLACK
6
CONTINUOUS
10
0.7809379133858267
20
0.7208139763779527
11
0.7813861811023621
21
0.7187533464566929
0
LINE
8
BLACK
6
CONTINUOUS
10
0.7813861811023621
20
0.7187533464566929
11
0.7827033070866142
21
0.7147959448818898
0
LINE
8
BLACK
6
CONTINUOUS
10
0.7827033070866142
20
0.7147959448818898
11
0.7857050787401575
21
0.7101250787401575
0
LINE
8
BLACK
6
CONTINUOUS
10
0.7857050787401575
20
0.7101250787401575
11
0.7875465748031496
21
0.7079998031496063
0
LINE
8
BLACK
6
CONTINUOUS
10
0.7875465748031496
20
0.7079998031496063
11
0.7876155511811024
21
0.7079432677165354
0
LINE
8
BLACK
6
CONTINUOUS
10
0.7876155511811024
20
0.7079432677165354
11
0.7917318503937008
21
0.7043764173228346
0
LINE
8
BLACK
6
CONTINUOUS
10
0.7917318503937008
20
0.7043764173228346
11
0.7967827952755905
21
0.7020697637795276
0
LINE
8
BLACK
6
CONTINUOUS
10
0.7967827952755905
20
0.7020697637795276
11
0.7994645669291338
21
0.7012823228346456
0
LINE
8
BLACK
6
CONTINUOUS
10
0.7994645669291338
20
0.7012823228346456
11
0.7994648031496063
21
0.7012822834645669
0
LINE
8
BLACK
6
CONTINUOUS
10
0.7994648031496063
20
0.7012822834645669
11
0.8049604330708662
21
0.7004921259842519
0
LINE
8
BLACK
6
CONTINUOUS
10
0.8049604330708662
20
0.7004921259842519
11
0.8049606299212598
21
0.7004921259842519
0
LINE
8
BLACK
6
CONTINUOUS
10
0.8049606299212598
20
0.7004921259842519
11
0.8415944881889763
21
0.7004921259842519
0
LINE
8
BLACK
6
CONTINUOUS
10
0.8415944881889763
20
0.7004921259842519
11
0.8438854724409449
21
0.6997477559055117
0
LINE
8
BLACK
6
CONTINUOUS
10
0.8438854724409449
20
0.6997477559055117
11
0.8453013779527558
21
0.697798937007874
0
LINE
8
BLACK
6
CONTINUOUS
10
0.8453013779527558
20
0.697798937007874
11
0.8454921259842519
21
0.6965944881889764
0
LINE
8
BLACK
6
CONTINUOUS
10
0.8454921259842519
20
0.6965944881889764
11
0.8454921259842519
21
0.499960748031496
0
LINE
8
BLACK
6
CONTINUOUS
10
0.8454921259842519
20
0.499960748031496
11
0.8457926377952756
21
0.4971653543307086
0
LINE
8
BLACK
6
CONTINUOUS
10
0.8457926377952756
20
0.4971653543307086
11
0.8458149606299212
21
0.4967487401574803
0
LINE
8
BLACK
6
CONTINUOUS
10
0.8458149606299212
20
0.4967487401574803
11
0.8458149606299212
21
0.4938748818897638
0
LINE
8
BLACK
6
CONTINUOUS
10
0.8458149606299212
20
0.4938748818897638
11
0.8450705905511811
21
0.4915838976377953
0
LINE
8
BLACK
6
CONTINUOUS
10
0.8450705905511811
20
0.4915838976377953
11
0.8446733858267716
21
0.4911188188976378
0
LINE
8
BLACK
6
CONTINUOUS
10
0.8446733858267716
20
0.4911188188976378
11
0.8365124409448819
21
0.482957874015748
0
LINE
8
BLACK
6
CONTINUOUS
10
0.8365124409448819
20
0.482957874015748
11
0.8343661023622047
21
0.4818642913385827
0
LINE
8
BLACK
6
CONTINUOUS
10
0.8343661023622047
20
0.4818642913385827
11
0.8337563779527559
21
0.4818162992125984
0
LINE
8
BLACK
6
CONTINUOUS
10
0.8337563779527559
20
0.4818162992125984
11
0.7332927559055118
21
0.4818162992125984
0
LINE
8
BLACK
6
CONTINUOUS
10
0.7332927559055118
20
0.4818162992125984
11
0.7310017716535433
21
0.4825606692913386
0
LINE
8
BLACK
6
CONTINUOUS
10
0.7310017716535433
20
0.4825606692913386
11
0.7295858661417323
21
0.4845094881889764
0
LINE
8
BLACK
6
CONTINUOUS
10
0.7295858661417323
20
0.4845094881889764
11
0.7294348031496063
21
0.4862687401574803
0
LINE
8
BLACK
6
CONTINUOUS
10
0.7294348031496063
20
0.4862687401574803
11
0.729507874015748
21
0.4867768503937008
0
LINE
8
BLACK
6
CONTINUOUS
10
0.729507874015748
20
0.4867768503937008
11
0.729507874015748
21
0.6596171259842519
0
LINE
8
BLACK
6
CONTINUOUS
10
0.729507874015748
20
0.6596171259842519
11
0.7295067716535433
21
0.6596964960629921
0
LINE
8
BLACK
6
CONTINUOUS
10
0.7295067716535433
20
0.6596964960629921
11
0.7295008661417323
21
0.6601402362204725
0
LINE
8
BLACK
6
CONTINUOUS
10
0.7295008661417323
20
0.6601402362204725
11
0.7294937401574803
21
0.6604057480314961
0
LINE
8
BLACK
6
CONTINUOUS
10
0.7294937401574803
20
0.6604057480314961
11
0.7294727952755905
21
0.6609264173228346
0
LINE
8
BLACK
6
CONTINUOUS
10
0.7294727952755905
20
0.6609264173228346
11
0.7283895669291338
21
0.6663722440944881
0
LINE
8
BLACK
6
CONTINUOUS
10
0.7283895669291338
20
0.6663722440944881
11
0.7274596850393701
21
0.6690081496062992
0
LINE
8
BLACK
6
CONTINUOUS
10
0.7274596850393701
20
0.6690081496062992
11
0.7248861417322835
21
0.6739281496062992
0
LINE
8
BLACK
6
CONTINUOUS
10
0.7248861417322835
20
0.6739281496062992
11
0.7245214960629921
21
0.6743060236220473
0
LINE
8
BLACK
6
CONTINUOUS
10
0.7245214960629921
20
0.6743060236220473
11
0.7234663385826772
21
0.6764713779527559
0
LINE
8
BLACK
6
CONTINUOUS
10
0.7234663385826772
20
0.6764713779527559
11
0.7238854330708662
21
0.6788435039370079
0
LINE
8
BLACK
6
CONTINUOUS
10
0.7238854330708662
20
0.6788435039370079
11
0.7240854724409449
21
0.6791779133858268
0
LINE
8
BLACK
6
CONTINUOUS
10
0.7240854724409449
20
0.6791779133858268
11
0.7247475196850394
21
0.6801687007874015
0
LINE
8
BLACK
6
CONTINUOUS
10
0.7247475196850394
20
0.6801687007874015
11
0.7247475196850394
21
0.6801687401574803
0
LINE
8
BLACK
6
CONTINUOUS
10
0.7247475196850394
20
0.6801687401574803
11
0.727107716535433
21
0.6858668503937008
0
LINE
8
BLACK
6
CONTINUOUS
10
0.727107716535433
20
0.6858668503937008
11
0.7271077559055118
21
0.6858669291338583
0
LINE
8
BLACK
6
CONTINUOUS
10
0.7271077559055118
20
0.6858669291338583
11
0.7283110236220472
21
0.6919161417322834
0
LINE
8
BLACK
6
CONTINUOUS
10
0.7283110236220472
20
0.6919161417322834
11
0.7283110236220472
21
0.6980838582677166
0
LINE
8
BLACK
6
CONTINUOUS
10
0.7283110236220472
20
0.6980838582677166
11
0.7271077559055118
21
0.7041330708661417
0
LINE
8
BLACK
6
CONTINUOUS
10
0.7271077559055118
20
0.7041330708661417
11
0.7247474803149606
21
0.7098313385826771
0
LINE
8
BLACK
6
CONTINUOUS
10
0.7247474803149606
20
0.7098313385826771
11
0.7213208661417323
21
0.7149596062992126
0
LINE
8
BLACK
6
CONTINUOUS
10
0.7213208661417323
20
0.7149596062992126
11
0.7169596062992126
21
0.7193208661417323
0
LINE
8
BLACK
6
CONTINUOUS
10
0.7169596062992126
20
0.7193208661417323
11
0.7118313385826771
21
0.7227474803149606
0
LINE
8
BLACK
6
CONTINUOUS
10
0.7118313385826771
20
0.7227474803149606
11
0.7061330708661417
21
0.7251077559055118
0
LINE
8
BLACK
6
CONTINUOUS
10
0.7061330708661417
20
0.7251077559055118
11
0.7000838582677166
21
0.7263110236220472
0
LINE
8
BLACK
6
CONTINUOUS
10
0.7000838582677166
20
0.7263110236220472
11
0.6599161417322834
21
0.7263110236220472
0
LINE
8
BLACK
6
CONTINUOUS
10
0.6599161417322834
20
0.7263110236220472
11
0.6538669291338582
21
0.7251077559055118
0
LINE
8
BLACK
6
CONTINUOUS
10
0.6538669291338582
20
0.7251077559055118
11
0.652992874015748
21
0.7247457086614173
0
LINE
8
BLACK
6
CONTINUOUS
10
0.652992874015748
20
0.7247457086614173
11
0.6481688188976378
21
0.7227475590551181
0
LINE
8
BLACK
6
CONTINUOUS
10
0.6481688188976378
20
0.7227475590551181
11
0.6481683858267716
21
0.7227473228346456
0
LINE
8
BLACK
6
CONTINUOUS
10
0.6481683858267716
20
0.7227473228346456
11
0.6430403937007874
21
0.7193208661417323
0
LINE
8
BLACK
6
CONTINUOUS
10
0.6430403937007874
20
0.7193208661417323
11
0.6386790944881889
21
0.7149595669291339
0
LINE
8
BLACK
6
CONTINUOUS
10
0.6386790944881889
20
0.7149595669291339
11
0.6352526377952755
21
0.7098315748031496
0
LINE
8
BLACK
6
CONTINUOUS
10
0.6352526377952755
20
0.7098315748031496
11
0.6352524015748031
21
0.7098311417322835
0
LINE
8
BLACK
6
CONTINUOUS
10
0.6352524015748031
20
0.7098311417322835
11
0.6328922440944882
21
0.7041331102362205
0
LINE
8
BLACK
6
CONTINUOUS
10
0.6328922440944882
20
0.7041331102362205
11
0.6322341338582677
21
0.7008246456692914
0
LINE
8
BLACK
6
CONTINUOUS
10
0.6322341338582677
20
0.7008246456692914
11
0.6311674409448819
21
0.6988290157480315
0
LINE
8
BLACK
6
CONTINUOUS
10
0.6311674409448819
20
0.6988290157480315
11
0.6086965354330709
21
0.6763581102362205
0
LINE
8
BLACK
6
CONTINUOUS
10
0.6086965354330709
20
0.6763581102362205
11
0.6065501968503937
21
0.6752645275590551
0
LINE
8
BLACK
6
CONTINUOUS
10
0.6065501968503937
20
0.6752645275590551
11
0.6059404724409448
21
0.6752165354330708
0
LINE
8
BLACK
6
CONTINUOUS
10
0.6059404724409448
20
0.6752165354330708
11
0.5992
21
0.6752165354330708
0
LINE
8
BLACK
6
CONTINUOUS
10
0.5992
20
0.6752165354330708
11
0.5992
21
0.6742
0
LINE
8
BLACK
6
CONTINUOUS
10
0.5992
20
0.6742
11
0.5008
21
0.6742
0
LINE
8
BLACK
6
CONTINUOUS
10
0.5008
20
0.6742
11
0.5008
21
0.6752165354330708
0
LINE
8
BLACK
6
CONTINUOUS
10
0.5008
20
0.6752165354330708
11
0.4032237007874016
21
0.6752165354330708
0
LINE
8
BLACK
6
CONTINUOUS
10
0.4032237007874016
20
0.6752165354330708
11
0.3982564566929134
21
0.6752165354330708
0
LINE
8
BLACK
6
CONTINUOUS
10
0.3982564566929134
20
0.6752165354330708
11
0.3933846850393701
21
0.6742474803149606
0
LINE
8
BLACK
6
CONTINUOUS
10
0.3933846850393701
20
0.6742474803149606
11
0.3926136614173228
21
0.6739281102362205
0
LINE
8
BLACK
6
CONTINUOUS
10
0.3926136614173228
20
0.6739281102362205
11
0.3897633858267717
21
0.6727474803149606
0
LINE
8
BLACK
6
CONTINUOUS
10
0.3897633858267717
20
0.6727474803149606
11
0.3887955905511811
21
0.6723466141732284
0
LINE
8
BLACK
6
CONTINUOUS
10
0.3887955905511811
20
0.6723466141732284
11
0.3846654724409449
21
0.669586968503937
0
LINE
8
BLACK
6
CONTINUOUS
10
0.3846654724409449
20
0.669586968503937
11
0.365157125984252
21
0.6500786220472441
0
LINE
8
BLACK
6
CONTINUOUS
10
0.365157125984252
20
0.6500786220472441
11
0.3632083070866142
21
0.6481298031496063
0
LINE
8
BLACK
6
CONTINUOUS
10
0.3632083070866142
20
0.6481298031496063
11
0.3631102362204724
21
0.6479829921259842
0
LINE
8
BLACK
6
CONTINUOUS
10
0.3631102362204724
20
0.6479829921259842
11
0.3631102362204724
21
0.6201574803149607
0
LINE
8
BLACK
6
CONTINUOUS
10
0.3631102362204724
20
0.6201574803149607
11
0.3660629921259843
21
0.6201574803149607
0
LINE
8
BLACK
6
CONTINUOUS
10
0.3660629921259843
20
0.6201574803149607
11
0.3660629921259843
21
0.5630708661417323
0
LINE
8
BLACK
6
CONTINUOUS
10
0.3660629921259843
20
0.5630708661417323
11
0.3483464566929134
21
0.5630708661417323
0
LINE
8
BLACK
6
CONTINUOUS
10
0.3483464566929134
20
0.5630708661417323
11
0.3483464566929134
21
0.6201574803149607
0
LINE
8
BLACK
6
CONTINUOUS
10
0.3483464566929134
20
0.6201574803149607
11
0.3512992125984252
21
0.6201574803149607
0
LINE
8
BLACK
6
CONTINUOUS
10
0.3512992125984252
20
0.6201574803149607
11
0.3512992125984252
21
0.6722047244094488
0
LINE
8
BLACK
6
CONTINUOUS
10
0.3512992125984252
20
0.6722047244094488
11
0.3512992125984252
21
0.6776837795275591
0
LINE
8
BLACK
6
CONTINUOUS
10
0.3512992125984252
20
0.6776837795275591
11
0.3504977952755906
21
0.6788831889763779
0
LINE
8
BLACK
6
CONTINUOUS
10
0.3504977952755906
20
0.6788831889763779
11
0.3471115354330709
21
0.6822694488188976
0
LINE
8
BLACK
6
CONTINUOUS
10
0.3471115354330709
20
0.6822694488188976
11
0.3304974015748031
21
0.6988835826771653
0
LINE
8
BLACK
6
CONTINUOUS
10
0.3304974015748031
20
0.6988835826771653
11
0.3304973622047244
21
0.6988836220472441
0
LINE
8
BLACK
6
CONTINUOUS
10
0.3304973622047244
20
0.6988836220472441
11
0.3275924409448819
21
0.7008246456692914
0
LINE
8
BLACK
6
CONTINUOUS
10
0.3275924409448819
20
0.7008246456692914
11
0.3265157480314961
21
0.701544094488189
0
LINE
8
BLACK
6
CONTINUOUS
10
0.3265157480314961
20
0.701544094488189
11
0.3263716535433071
21
0.7016211023622048
0
LINE
8
BLACK
6
CONTINUOUS
10
0.3263716535433071
20
0.7016211023622048
11
0.3247018897637795
21
0.7033573622047244
0
LINE
8
BLACK
6
CONTINUOUS
10
0.3247018897637795
20
0.7033573622047244
11
0.3243109842519685
21
0.7050587007874015
0
LINE
8
BLACK
6
CONTINUOUS
10
0.3243109842519685
20
0.7050587007874015
11
0.3243109842519685
21
0.7093468110236221
0
LINE
8
BLACK
6
CONTINUOUS
10
0.3243109842519685
20
0.7093468110236221
11
0.3243109842519685
21
0.7093470078740157
0
LINE
8
BLACK
6
CONTINUOUS
10
0.3243109842519685
20
0.7093470078740157
11
0.3240637401574803
21
0.7116470472440944
0
LINE
8
BLACK
6
CONTINUOUS
10
0.3240637401574803
20
0.7116470472440944
11
0.3221231889763779
21
0.7168499606299212
0
LINE
8
BLACK
6
CONTINUOUS
10
0.3221231889763779
20
0.7168499606299212
11
0.319642125984252
21
0.7201642519685039
0
LINE
8
BLACK
6
CONTINUOUS
10
0.319642125984252
20
0.7201642519685039
11
0.3188651181102362
21
0.7224443307086614
0
LINE
8
BLACK
6
CONTINUOUS
10
0.3188651181102362
20
0.7224443307086614
11
0.3195766929133858
21
0.7247457086614173
0
LINE
8
BLACK
6
CONTINUOUS
10
0.3195766929133858
20
0.7247457086614173
11
0.3196421653543307
21
0.7248357874015748
0
LINE
8
BLACK
6
CONTINUOUS
10
0.3196421653543307
20
0.7248357874015748
11
0.3198457874015748
21
0.7251077559055118
0
LINE
8
BLACK
6
CONTINUOUS
10
0.3198457874015748
20
0.7251077559055118
11
0.3221231889763779
21
0.7281500393700787
0
LINE
8
BLACK
6
CONTINUOUS
10
0.3221231889763779
20
0.7281500393700787
11
0.3221232283464567
21
0.7281500787401575
0
LINE
8
BLACK
6
CONTINUOUS
10
0.3221232283464567
20
0.7281500787401575
11
0.3240636614173228
21
0.7333527165354331
0
LINE
8
BLACK
6
CONTINUOUS
10
0.3240636614173228
20
0.7333527165354331
11
0.3240636614173228
21
0.7333527559055117
0
LINE
8
BLACK
6
CONTINUOUS
10
0.3240636614173228
20
0.7333527559055117
11
0.3240637401574803
21
0.7333529527559055
0
LINE
8
BLACK
6
CONTINUOUS
10
0.3240637401574803
20
0.7333529527559055
11
0.3243110236220472
21
0.7356529527559055
0
LINE
8
BLACK
6
CONTINUOUS
10
0.3243110236220472
20
0.7356529527559055
11
0.3243109842519685
21
0.7943470078740157
0
LINE
8
BLACK
6
CONTINUOUS
10
0.3243109842519685
20
0.7943470078740157
11
0.3240637401574803
21
0.7966470472440945
0
LINE
8
BLACK
6
CONTINUOUS
10
0.3240637401574803
20
0.7966470472440945
11
0.3221231889763779
21
0.8018499606299212
0
LINE
8
BLACK
6
CONTINUOUS
10
0.3221231889763779
20
0.8018499606299212
11
0.3187953937007874
21
0.8062953937007874
0
LINE
8
BLACK
6
CONTINUOUS
10
0.3187953937007874
20
0.8062953937007874
11
0.3143499606299213
21
0.809623188976378
0
LINE
8
BLACK
6
CONTINUOUS
10
0.3143499606299213
20
0.809623188976378
11
0.3143498818897638
21
0.809623188976378
0
LINE
8
BLACK
6
CONTINUOUS
10
0.3143498818897638
20
0.809623188976378
11
0.3143498818897638
21
0.8096232283464567
0
LINE
8
BLACK
6
CONTINUOUS
10
0.3143498818897638
20
0.8096232283464567
11
0.3091472440944882
21
0.8115636614173228
0
LINE
8
BLACK
6
CONTINUOUS
10
0.3091472440944882
20
0.8115636614173228
11
0.3091470472440945
21
0.8115637401574803
0
LINE
8
BLACK
6
CONTINUOUS
10
0.3091470472440945
20
0.8115637401574803
11
0.3068470472440945
21
0.8118110236220473
0
LINE
8
BLACK
6
CONTINUOUS
10
0.3068470472440945
20
0.8118110236220473
11
0.2702598818897638
21
0.8118109842519685
0
LINE
8
BLACK
6
CONTINUOUS
10
0.2702598818897638
20
0.8118109842519685
11
0.2697622440944882
21
0.8119726771653543
0
LINE
8
BLACK
6
CONTINUOUS
10
0.2697622440944882
20
0.8119726771653543
11
0.2692396850393701
21
0.8119468897637795
0
LINE
8
BLACK
6
CONTINUOUS
10
0.2692396850393701
20
0.8119468897637795
11
0.268759842519685
21
0.8122983464566929
0
LINE
8
BLACK
6
CONTINUOUS
10
0.268759842519685
20
0.8122983464566929
11
0.267968937007874
21
0.8125553543307087
0
LINE
8
BLACK
6
CONTINUOUS
10
0.267968937007874
20
0.8125553543307087
11
0.2672234251968504
21
0.813265
0
LINE
8
BLACK
6
CONTINUOUS
10
0.2672234251968504
20
0.813265
11
0.2670933070866142
21
0.8134266141732284
0
LINE
8
BLACK
6
CONTINUOUS
10
0.2670933070866142
20
0.8134266141732284
11
0.2661625590551181
21
0.814875
0
LINE
8
BLACK
6
CONTINUOUS
10
0.2661625590551181
20
0.814875
11
0.264332125984252
21
0.8169874409448818
0
LINE
8
BLACK
6
CONTINUOUS
10
0.264332125984252
20
0.8169874409448818
11
0.2643320472440945
21
0.8169874803149606
0
LINE
8
BLACK
6
CONTINUOUS
10
0.2643320472440945
20
0.8169874803149606
11
0.2601357480314961
21
0.820623622047244
0
LINE
8
BLACK
6
CONTINUOUS
10
0.2601357480314961
20
0.820623622047244
11
0.255085
21
0.8229301968503937
0
LINE
8
BLACK
6
CONTINUOUS
10
0.255085
20
0.8229301968503937
11
0.2524030708661417
21
0.8237176771653543
0
LINE
8
BLACK
6
CONTINUOUS
10
0.2524030708661417
20
0.8237176771653543
11
0.2496550787401575
21
0.8241127559055118
0
LINE
8
BLACK
6
CONTINUOUS
10
0.2496550787401575
20
0.8241127559055118
11
0.2469072834645669
21
0.824507874015748
0
LINE
8
BLACK
6
CONTINUOUS
10
0.2469072834645669
20
0.824507874015748
11
0.2469070866141732
21
0.824507874015748
0
LINE
8
BLACK
6
CONTINUOUS
10
0.2469070866141732
20
0.824507874015748
11
0.1408494488188976
21
0.824507874015748
0
LINE
8
BLACK
6
CONTINUOUS
10
0.1408494488188976
20
0.824507874015748
11
0.1400184251968504
21
0.8247778346456692
0
LINE
8
BLACK
6
CONTINUOUS
10
0.1400184251968504
20
0.8247778346456692
11
0.1391527559055118
21
0.8248965354330708
0
LINE
8
BLACK
6
CONTINUOUS
10
0.1391527559055118
20
0.8248965354330708
11
0.1389254724409449
21
0.8251329527559055
0
LINE
8
BLACK
6
CONTINUOUS
10
0.1389254724409449
20
0.8251329527559055
11
0.1385584645669291
21
0.8252522440944882
0
LINE
8
BLACK
6
CONTINUOUS
10
0.1385584645669291
20
0.8252522440944882
11
0.1374142913385827
21
0.8265640157480315
0
LINE
8
BLACK
6
CONTINUOUS
10
0.1374142913385827
20
0.8265640157480315
11
0.1373151968503937
21
0.826748779527559
0
LINE
8
BLACK
6
CONTINUOUS
10
0.1373151968503937
20
0.826748779527559
11
0.1372886614173228
21
0.8268200393700788
0
LINE
8
BLACK
6
CONTINUOUS
10
0.1372886614173228
20
0.8268200393700788
11
0.1372884251968504
21
0.8268207480314961
0
LINE
8
BLACK
6
CONTINUOUS
10
0.1372884251968504
20
0.8268207480314961
11
0.1366475984251969
21
0.8279941338582677
0
LINE
8
BLACK
6
CONTINUOUS
10
0.1366475984251969
20
0.8279941338582677
11
0.1366411811023622
21
0.8280061811023622
0
LINE
8
BLACK
6
CONTINUOUS
10
0.1366411811023622
20
0.8280061811023622
11
0.1366397244094488
21
0.8280142519685039
0
LINE
8
BLACK
6
CONTINUOUS
10
0.1366397244094488
20
0.8280142519685039
11
0.1364245275590551
21
0.8284853937007873
0
LINE
8
BLACK
6
CONTINUOUS
10
0.1364245275590551
20
0.8284853937007873
11
0.1360920866141732
21
0.8293767716535433
0
LINE
8
BLACK
6
CONTINUOUS
10
0.1360920866141732
20
0.8293767716535433
11
0.1359796850393701
21
0.83
0
LINE
8
BLACK
6
CONTINUOUS
10
0.1359796850393701
20
0.83
11
0.1356496062992126
21
0.83
0
LINE
8
BLACK
6
CONTINUOUS
10
0.1356496062992126
20
0.83
11
0.1356496062992126
21
0.98
0
LINE
8
BLACK
6
CONTINUOUS
10
0.1356496062992126
20
0.98
11
0.1359797244094488
21
0.98
0
LINE
8
BLACK
6
CONTINUOUS
10
0.1359797244094488
20
0.98
11
0.136092125984252
21
0.9806231889763779
0
LINE
8
BLACK
6
CONTINUOUS
10
0.136092125984252
20
0.9806231889763779
11
0.1363353149606299
21
0.9812753149606299
0
LINE
8
BLACK
6
CONTINUOUS
10
0.1363353149606299
20
0.9812753149606299
11
0.1364418503937008
21
0.981532559055118
0
LINE
8
BLACK
6
CONTINUOUS
10
0.1364418503937008
20
0.981532559055118
11
0.1379301968503937
21
0.9847915748031496
0
LINE
8
BLACK
6
CONTINUOUS
10
0.1379301968503937
20
0.9847915748031496
11
0.1387176771653543
21
0.9874735039370078
0
LINE
8
BLACK
6
CONTINUOUS
10
0.1387176771653543
20
0.9874735039370078
11
0.1390115748031496
21
0.9895177952755906
0
LINE
8
BLACK
6
CONTINUOUS
10
0.1390115748031496
20
0.9895177952755906
11
0.1393899606299213
21
0.9921491732283464
0
LINE
8
BLACK
6
CONTINUOUS
10
0.1393899606299213
20
0.9921491732283464
11
0.1404527952755905
21
0.994310905511811
0
LINE
8
BLACK
6
CONTINUOUS
10
0.1404527952755905
20
0.994310905511811
11
0.1425833070866142
21
0.9954350393700787
0
LINE
8
BLACK
6
CONTINUOUS
10
0.1425833070866142
20
0.9954350393700787
11
0.1432479133858268
21
0.995492125984252
0
LINE
8
BLACK
6
CONTINUOUS
10
0.1432479133858268
20
0.995492125984252
11
0.4875392125984252
21
0.995492125984252
0
LINE
8
BLACK
6
CONTINUOUS
10
0.4875392125984252
20
0.995492125984252
11
0.4875393700787402
21
0.995492125984252
0
LINE
8
BLACK
6
CONTINUOUS
10
0.4875393700787402
20
0.995492125984252
11
0.4908566141732283
21
0.9958487401574803
0
LINE
8
BLACK
6
CONTINUOUS
10
0.4908566141732283
20
0.9958487401574803
11
0.4916859842519685
21
0.9959379133858267
0
LINE
8
BLACK
6
CONTINUOUS
10
0.4916859842519685
20
0.9959379133858267
11
0.4927162992125984
21
0.9961620472440945
0
LINE
8
BLACK
6
CONTINUOUS
10
0.4927162992125984
20
0.9961620472440945
11
0.4937466535433071
21
0.9963861811023622
0
LINE
8
BLACK
6
CONTINUOUS
10
0.4937466535433071
20
0.9963861811023622
11
0.4977038976377953
21
0.9977032677165354
0
LINE
8
BLACK
6
CONTINUOUS
10
0.4977038976377953
20
0.9977032677165354
11
0.4977040157480315
21
0.9977033070866141
0
LINE
8
BLACK
6
CONTINUOUS
10
0.4977040157480315
20
0.9977033070866141
11
0.5023748818897638
21
1.0007050787401575
0
LINE
8
BLACK
6
CONTINUOUS
10
0.5023748818897638
20
1.0007050787401575
11
0.502375
21
1.000705157480315
0
LINE
8
BLACK
6
CONTINUOUS
10
0.502375
20
1.000705157480315
11
0.5044874409448818
21
1.002535590551181
0
LINE
8
BLACK
6
CONTINUOUS
10
0.5044874409448818
20
1.002535590551181
11
0.5044999212598426
21
1.0025464173228347
0
LINE
8
BLACK
6
CONTINUOUS
10
0.5044999212598426
20
1.0025464173228347
11
0.5045559448818897
21
1.00261468503937
0
LINE
8
BLACK
6
CONTINUOUS
10
0.5045559448818897
20
1.00261468503937
11
0.508123622047244
21
1.0067319685039371
0
LINE
8
BLACK
6
CONTINUOUS
10
0.508123622047244
20
1.0067319685039371
11
0.5104301968503937
21
1.0117827165354329
0
LINE
8
BLACK
6
CONTINUOUS
10
0.5104301968503937
20
1.0117827165354329
11
0.5112176771653543
21
1.0144646456692914
0
LINE
8
BLACK
6
CONTINUOUS
10
0.5112176771653543
20
1.0144646456692914
11
0.5115337401574803
21
1.016663031496063
0
LINE
8
BLACK
6
CONTINUOUS
10
0.5115337401574803
20
1.016663031496063
11
0.512007874015748
21
1.0199603937007873
0
LINE
8
BLACK
6
CONTINUOUS
10
0.512007874015748
20
1.0199603937007873
11
0.512007874015748
21
1.1465944881889762
0
LINE
8
BLACK
6
CONTINUOUS
10
0.512007874015748
20
1.1465944881889762
11
0.5127522440944882
21
1.148885472440945
0
LINE
8
BLACK
6
CONTINUOUS
10
0.5127522440944882
20
1.148885472440945
11
0.5147010629921259
21
1.1503013779527558
0
LINE
8
BLACK
6
CONTINUOUS
10
0.5147010629921259
20
1.1503013779527558
11
0.5159055118110236
21
1.150492125984252
0
LINE
8
BLACK
6
CONTINUOUS
10
0.5159055118110236
20
1.150492125984252
11
0.5747122834645669
21
1.150492125984252
0
LINE
8
BLACK
6
CONTINUOUS
10
0.5747122834645669
20
1.150492125984252
11
0.5751581889763779
21
1.1504401181102362
0
LINE
8
BLACK
6
CONTINUOUS
10
0.5751581889763779
20
1.1504401181102362
11
0.5751605905511811
21
1.1504623228346456
0
LINE
8
BLACK
6
CONTINUOUS
10
0.5751605905511811
20
1.1504623228346456
11
0.5754029133858267
21
1.1504362598425197
0
LINE
8
BLACK
6
CONTINUOUS
10
0.5754029133858267
20
1.1504362598425197
11
0.5754029527559055
21
1.1504362598425197
0
LINE
8
BLACK
6
CONTINUOUS
10
0.5754029527559055
20
1.1504362598425197
11
0.5777029527559056
21
1.1501889763779527
0
LINE
8
BLACK
6
CONTINUOUS
10
0.5777029527559056
20
1.1501889763779527
11
0.5777030314960629
21
1.1501889763779527
0
LINE
8
BLACK
6
CONTINUOUS
10
0.5777030314960629
20
1.1501889763779527
11
0.5777030708661417
21
1.1501889763779527
0
LINE
8
BLACK
6
CONTINUOUS
10
0.5777030708661417
20
1.1501889763779527
11
0.6522967716535433
21
1.1501889763779527
0
LINE
8
BLACK
6
CONTINUOUS
10
0.6522967716535433
20
1.1501889763779527
11
0.6522968897637795
21
1.1501889763779527
0
LINE
8
BLACK
6
CONTINUOUS
10
0.6522968897637795
20
1.1501889763779527
11
0.6522970078740158
21
1.1501890157480315
0
LINE
8
BLACK
6
CONTINUOUS
10
0.6522970078740158
20
1.1501890157480315
11
0.6545970472440945
21
1.1504362598425197
0
LINE
8
BLACK
6
CONTINUOUS
10
0.6545970472440945
20
1.1504362598425197
11
0.6548394488188977
21
1.1504623228346456
0
LINE
8
BLACK
6
CONTINUOUS
10
0.6548394488188977
20
1.1504623228346456
11
0.654841811023622
21
1.1504401181102362
0
LINE
8
BLACK
6
CONTINUOUS
10
0.654841811023622
20
1.1504401181102362
11
0.6552876771653543
21
1.150492125984252
0
LINE
8
BLACK
6
CONTINUOUS
10
0.6552876771653543
20
1.150492125984252
11
0.6650392125984251
21
1.150492125984252
0
LINE
8
BLACK
6
CONTINUOUS
10
0.6650392125984251
20
1.150492125984252
11
0.6650393700787401
21
1.150492125984252
0
LINE
8
BLACK
6
CONTINUOUS
10
0.6650393700787401
20
1.150492125984252
11
0.6683566141732283
21
1.1508487401574803
0
LINE
8
BLACK
6
CONTINUOUS
10
0.6683566141732283
20
1.1508487401574803
11
0.6691859842519685
21
1.1509379133858268
0
LINE
8
BLACK
6
CONTINUOUS
10
0.6691859842519685
20
1.1509379133858268
11
0.6702162992125984
21
1.1511620472440944
0
LINE
8
BLACK
6
CONTINUOUS
10
0.6702162992125984
20
1.1511620472440944
11
0.671246653543307
21
1.1513861811023622
0
LINE
8
BLACK
6
CONTINUOUS
10
0.671246653543307
20
1.1513861811023622
11
0.6752038976377953
21
1.1527032677165354
0
LINE
8
BLACK
6
CONTINUOUS
10
0.6752038976377953
20
1.1527032677165354
11
0.6752040157480315
21
1.1527033070866142
0
LINE
8
BLACK
6
CONTINUOUS
10
0.6752040157480315
20
1.1527033070866142
11
0.6798748818897637
21
1.1557050787401575
0
LINE
8
BLACK
6
CONTINUOUS
10
0.6798748818897637
20
1.1557050787401575
11
0.679875
21
1.155705157480315
0
LINE
8
BLACK
6
CONTINUOUS
10
0.679875
20
1.155705157480315
11
0.6819874409448818
21
1.157535590551181
0
LINE
8
BLACK
6
CONTINUOUS
10
0.6819874409448818
20
1.157535590551181
11
0.6819999212598425
21
1.1575464173228347
0
LINE
8
BLACK
6
CONTINUOUS
10
0.6819999212598425
20
1.1575464173228347
11
0.6820559448818897
21
1.15761468503937
0
LINE
8
BLACK
6
CONTINUOUS
10
0.6820559448818897
20
1.15761468503937
11
0.685623622047244
21
1.1617319685039369
0
LINE
8
BLACK
6
CONTINUOUS
10
0.685623622047244
20
1.1617319685039369
11
0.6879301968503937
21
1.166782716535433
0
LINE
8
BLACK
6
CONTINUOUS
10
0.6879301968503937
20
1.166782716535433
11
0.6887176771653544
21
1.1694646456692912
0
LINE
8
BLACK
6
CONTINUOUS
10
0.6887176771653544
20
1.1694646456692912
11
0.6890337401574803
21
1.171663031496063
0
LINE
8
BLACK
6
CONTINUOUS
10
0.6890337401574803
20
1.171663031496063
11
0.689507874015748
21
1.1749603937007873
0
LINE
8
BLACK
6
CONTINUOUS
10
0.689507874015748
20
1.1749603937007873
11
0.689507874015748
21
1.4900392125984252
0
LINE
8
BLACK
6
CONTINUOUS
10
0.689507874015748
20
1.4900392125984252
11
0.6895078346456692
21
1.4900395669291338
0
LINE
8
BLACK
6
CONTINUOUS
10
0.6895078346456692
20
1.4900395669291338
11
0.6890620866141732
21
1.4941859448818897
0
LINE
8
BLACK
6
CONTINUOUS
10
0.6890620866141732
20
1.4941859448818897
11
0.6886138188976377
21
1.496246653543307
0
LINE
8
BLACK
6
CONTINUOUS
10
0.6886138188976377
20
1.496246653543307
11
0.6872967322834646
21
1.5002038976377952
0
LINE
8
BLACK
6
CONTINUOUS
10
0.6872967322834646
20
1.5002038976377952
11
0.684294842519685
21
1.504875
0
LINE
8
BLACK
6
CONTINUOUS
10
0.684294842519685
20
1.504875
11
0.6842946456692913
21
1.5048752362204725
0
LINE
8
BLACK
6
CONTINUOUS
10
0.6842946456692913
20
1.5048752362204725
11
0.682872874015748
21
1.5065160629921259
0
LINE
8
BLACK
6
CONTINUOUS
10
0.682872874015748
20
1.5065160629921259
11
0.6828726771653543
21
1.5065162204724409
0
LINE
8
BLACK
6
CONTINUOUS
10
0.6828726771653543
20
1.5065162204724409
11
0.6824644094488189
21
1.5069874409448818
0
LINE
8
BLACK
6
CONTINUOUS
10
0.6824644094488189
20
1.5069874409448818
11
0.6824643307086614
21
1.5069874803149605
0
LINE
8
BLACK
6
CONTINUOUS
10
0.6824643307086614
20
1.5069874803149605
11
0.6801048818897638
21
1.5090319685039371
0
LINE
8
BLACK
6
CONTINUOUS
10
0.6801048818897638
20
1.5090319685039371
11
0.678268031496063
21
1.510623622047244
0
LINE
8
BLACK
6
CONTINUOUS
10
0.678268031496063
20
1.510623622047244
11
0.6732172834645669
21
1.5129301968503936
0
LINE
8
BLACK
6
CONTINUOUS
10
0.6732172834645669
20
1.5129301968503936
11
0.6705353543307087
21
1.5137176771653542
0
LINE
8
BLACK
6
CONTINUOUS
10
0.6705353543307087
20
1.5137176771653542
11
0.6677873622047243
21
1.5141127559055119
0
LINE
8
BLACK
6
CONTINUOUS
10
0.6677873622047243
20
1.5141127559055119
11
0.6650395669291338
21
1.514507874015748
0
LINE
8
BLACK
6
CONTINUOUS
10
0.6650395669291338
20
1.514507874015748
11
0.6650393700787401
21
1.514507874015748
0
LINE
8
BLACK
6
CONTINUOUS
10
0.6650393700787401
20
1.514507874015748
11
0.4949606299212598
21
1.514507874015748
0
LINE
8
BLACK
6
CONTINUOUS
10
0.4949606299212598
20
1.514507874015748
11
0.4908140551181102
21
1.5140620866141732
0
LINE
8
BLACK
6
CONTINUOUS
10
0.4908140551181102
20
1.5140620866141732
11
0.4887533464566929
21
1.5136138188976378
0
LINE
8
BLACK
6
CONTINUOUS
10
0.4887533464566929
20
1.5136138188976378
11
0.4847961023622047
21
1.5122967322834646
0
LINE
8
BLACK
6
CONTINUOUS
10
0.4847961023622047
20
1.5122967322834646
11
0.4847959842519685
21
1.5122966535433071
0
LINE
8
BLACK
6
CONTINUOUS
10
0.4847959842519685
20
1.5122966535433071
11
0.4847959448818898
21
1.5122966535433071
0
LINE
8
BLACK
6
CONTINUOUS
10
0.4847959448818898
20
1.5122966535433071
11
0.4832946850393701
21
1.5113318503937008
0
LINE
8
BLACK
6
CONTINUOUS
10
0.4832946850393701
20
1.5113318503937008
11
0.480125
21
1.509294842519685
0
LINE
8
BLACK
6
CONTINUOUS
10
0.480125
20
1.509294842519685
11
0.4780125590551181
21
1.5074644094488188
0
LINE
8
BLACK
6
CONTINUOUS
10
0.4780125590551181
20
1.5074644094488188
11
0.4780125196850394
21
1.5074643307086615
0
LINE
8
BLACK
6
CONTINUOUS
10
0.4780125196850394
20
1.5074643307086615
11
0.478
21
1.5074535039370078
0
LINE
8
BLACK
6
CONTINUOUS
10
0.478
20
1.5074535039370078
11
0.4779438582677165
21
1.5073851181102362
0
LINE
8
BLACK
6
CONTINUOUS
10
0.4779438582677165
20
1.5073851181102362
11
0.4743763779527559
21
1.5032680314960629
0
LINE
8
BLACK
6
CONTINUOUS
10
0.4743763779527559
20
1.5032680314960629
11
0.4729770472440945
21
1.5002038976377952
0
LINE
8
BLACK
6
CONTINUOUS
10
0.4729770472440945
20
1.5002038976377952
11
0.4720697637795275
21
1.4982171653543306
0
LINE
8
BLACK
6
CONTINUOUS
10
0.4720697637795275
20
1.4982171653543306
11
0.4712823228346457
21
1.4955353937007874
0
LINE
8
BLACK
6
CONTINUOUS
10
0.4712823228346457
20
1.4955353937007874
11
0.4712822834645669
21
1.4955351574803148
0
LINE
8
BLACK
6
CONTINUOUS
10
0.4712822834645669
20
1.4955351574803148
11
0.4704921259842519
21
1.4900395669291338
0
LINE
8
BLACK
6
CONTINUOUS
10
0.4704921259842519
20
1.4900395669291338
11
0.4704921259842519
21
1.2834055118110237
0
LINE
8
BLACK
6
CONTINUOUS
10
0.4704921259842519
20
1.2834055118110237
11
0.4697477559055118
21
1.2811145275590552
0
LINE
8
BLACK
6
CONTINUOUS
10
0.4697477559055118
20
1.2811145275590552
11
0.467798937007874
21
1.2796986220472442
0
LINE
8
BLACK
6
CONTINUOUS
10
0.467798937007874
20
1.2796986220472442
11
0.4665944881889764
21
1.2795078740157479
0
LINE
8
BLACK
6
CONTINUOUS
10
0.4665944881889764
20
1.2795078740157479
11
0.3116562598425197
21
1.2795078740157479
0
LINE
8
BLACK
6
CONTINUOUS
10
0.3116562598425197
20
1.2795078740157479
11
0.3093652755905512
21
1.2802522440944881
0
LINE
8
BLACK
6
CONTINUOUS
10
0.3093652755905512
20
1.2802522440944881
11
0.3079493700787401
21
1.2822010629921259
0
LINE
8
BLACK
6
CONTINUOUS
10
0.3079493700787401
20
1.2822010629921259
11
0.3079493700787401
21
1.2846099606299213
0
LINE
8
BLACK
6
CONTINUOUS
10
0.3079493700787401
20
1.2846099606299213
11
0.3089001181102362
21
1.2861614566929134
0
LINE
8
BLACK
6
CONTINUOUS
10
0.3089001181102362
20
1.2861614566929134
11
0.3168405511811024
21
1.2941018897637795
0
LINE
8
BLACK
6
CONTINUOUS
10
0.3168405511811024
20
1.2941018897637795
11
0.3266577559055118
21
1.3060642125984252
0
LINE
8
BLACK
6
CONTINUOUS
10
0.3266577559055118
20
1.3060642125984252
11
0.3309564566929134
21
1.3124976771653543
0
LINE
8
BLACK
6
CONTINUOUS
10
0.3309564566929134
20
1.3124976771653543
11
0.3352552755905512
21
1.3189312204724408
0
LINE
8
BLACK
6
CONTINUOUS
10
0.3352552755905512
20
1.3189312204724408
11
0.3425496456692914
21
1.3325781102362204
0
LINE
8
BLACK
6
CONTINUOUS
10
0.3425496456692914
20
1.3325781102362204
11
0.3425496850393701
21
1.3325781889763779
0
LINE
8
BLACK
6
CONTINUOUS
10
0.3425496850393701
20
1.3325781889763779
11
0.3425500393700787
21
1.3325788582677165
0
LINE
8
BLACK
6
CONTINUOUS
10
0.3425500393700787
20
1.3325788582677165
11
0.3484720472440945
21
1.3468758661417322
0
LINE
8
BLACK
6
CONTINUOUS
10
0.3484720472440945
20
1.3468758661417322
11
0.3484720472440945
21
1.3468759448818897
0
LINE
8
BLACK
6
CONTINUOUS
10
0.3484720472440945
20
1.3468759448818897
11
0.3484721653543307
21
1.3468761811023622
0
LINE
8
BLACK
6
CONTINUOUS
10
0.3484721653543307
20
1.3468761811023622
11
0.3529641338582677
21
1.3616843307086615
0
LINE
8
BLACK
6
CONTINUOUS
10
0.3529641338582677
20
1.3616843307086615
11
0.3529641732283464
21
1.3616844488188975
0
LINE
8
BLACK
6
CONTINUOUS
10
0.3529641732283464
20
1.3616844488188975
11
0.3559831889763779
21
1.3768620866141732
0
LINE
8
BLACK
6
CONTINUOUS
10
0.3559831889763779
20
1.3768620866141732
11
0.3563968503937008
21
1.3810622047244094
0
LINE
8
BLACK
6
CONTINUOUS
10
0.3563968503937008
20
1.3810622047244094
11
0.3575
21
1.3922622047244093
0
LINE
8
BLACK
6
CONTINUOUS
10
0.3575
20
1.3922622047244093
11
0.3575
21
1.4077377559055118
0
LINE
8
BLACK
6
CONTINUOUS
10
0.3575
20
1.4077377559055118
11
0.3565347244094488
21
1.4175377559055118
0
LINE
8
BLACK
6
CONTINUOUS
10
0.3565347244094488
20
1.4175377559055118
11
0.3559831889763779
21
1.4231379133858268
0
LINE
8
BLACK
6
CONTINUOUS
10
0.3559831889763779
20
1.4231379133858268
11
0.3529641732283464
21
1.4383155511811023
0
LINE
8
BLACK
6
CONTINUOUS
10
0.3529641732283464
20
1.4383155511811023
11
0.3484720472440945
21
1.4531241338582677
0
LINE
8
BLACK
6
CONTINUOUS
10
0.3484720472440945
20
1.4531241338582677
11
0.3425500393700787
21
1.4674211417322833
0
LINE
8
BLACK
6
CONTINUOUS
10
0.3425500393700787
20
1.4674211417322833
11
0.3352551968503937
21
1.4810688582677165
0
LINE
8
BLACK
6
CONTINUOUS
10
0.3352551968503937
20
1.4810688582677165
11
0.3266577559055118
21
1.4939357874015748
0
LINE
8
BLACK
6
CONTINUOUS
10
0.3266577559055118
20
1.4939357874015748
11
0.3168405511811024
21
1.5058981102362203
0
LINE
8
BLACK
6
CONTINUOUS
10
0.3168405511811024
20
1.5058981102362203
11
0.3058981102362205
21
1.5168405511811023
0
LINE
8
BLACK
6
CONTINUOUS
10
0.3058981102362205
20
1.5168405511811023
11
0.2939357874015748
21
1.5266577559055117
0
LINE
8
BLACK
6
CONTINUOUS
10
0.2939357874015748
20
1.5266577559055117
11
0.2810688582677165
21
1.5352551968503936
0
LINE
8
BLACK
6
CONTINUOUS
10
0.2810688582677165
20
1.5352551968503936
11
0.2810688188976378
21
1.5352551968503936
0
LINE
8
BLACK
6
CONTINUOUS
10
0.2810688188976378
20
1.5352551968503936
11
0.2810687401574803
21
1.5352552755905511
0
LINE
8
BLACK
6
CONTINUOUS
10
0.2810687401574803
20
1.5352552755905511
11
0.2740899212598425
21
1.5389854724409449
0
LINE
8
BLACK
6
CONTINUOUS
10
0.2740899212598425
20
1.5389854724409449
11
0.2674211417322835
21
1.5425500393700786
0
LINE
8
BLACK
6
CONTINUOUS
10
0.2674211417322835
20
1.5425500393700786
11
0.2531241338582677
21
1.5484720472440945
0
LINE
8
BLACK
6
CONTINUOUS
10
0.2531241338582677
20
1.5484720472440945
11
0.2531238582677166
21
1.5484720866141732
0
LINE
8
BLACK
6
CONTINUOUS
10
0.2531238582677166
20
1.5484720866141732
11
0.253123779527559
21
1.5484721653543307
0
LINE
8
BLACK
6
CONTINUOUS
10
0.253123779527559
20
1.5484721653543307
11
0.2470975984251969
21
1.550300157480315
0
LINE
8
BLACK
6
CONTINUOUS
10
0.2470975984251969
20
1.550300157480315
11
0.2383155511811024
21
1.5529641732283463
0
LINE
8
BLACK
6
CONTINUOUS
10
0.2383155511811024
20
1.5529641732283463
11
0.2231379133858268
21
1.555983188976378
0
LINE
8
BLACK
6
CONTINUOUS
10
0.2231379133858268
20
1.555983188976378
11
0.2200577952755906
21
1.5562865354330708
0
LINE
8
BLACK
6
CONTINUOUS
10
0.2200577952755906
20
1.5562865354330708
11
0.2077377952755906
21
1.5574999999999999
0
LINE
8
BLACK
6
CONTINUOUS
10
0.2077377952755906
20
1.5574999999999999
11
0.2077374803149606
21
1.5574999999999999
0
LINE
8
BLACK
6
CONTINUOUS
10
0.2077374803149606
20
1.5574999999999999
11
0.1922625196850394
21
1.5574999999999999
0
LINE
8
BLACK
6
CONTINUOUS
10
0.1922625196850394
20
1.5574999999999999
11
0.1922622047244094
21
1.5574999999999999
0
LINE
8
BLACK
6
CONTINUOUS
10
0.1922622047244094
20
1.5574999999999999
11
0.1810622047244095
21
1.5563968503937007
0
LINE
8
BLACK
6
CONTINUOUS
10
0.1810622047244095
20
1.5563968503937007
11
0.1768620866141732
21
1.555983188976378
0
LINE
8
BLACK
6
CONTINUOUS
10
0.1768620866141732
20
1.555983188976378
11
0.1616844488188976
21
1.5529641732283463
0
LINE
8
BLACK
6
CONTINUOUS
10
0.1616844488188976
20
1.5529641732283463
11
0.1616843307086614
21
1.5529641338582676
0
LINE
8
BLACK
6
CONTINUOUS
10
0.1616843307086614
20
1.5529641338582676
11
0.1468761811023622
21
1.5484721653543307
0
LINE
8
BLACK
6
CONTINUOUS
10
0.1468761811023622
20
1.5484721653543307
11
0.1468759448818898
21
1.5484720472440945
0
LINE
8
BLACK
6
CONTINUOUS
10
0.1468759448818898
20
1.5484720472440945
11
0.1468758661417323
21
1.5484720472440945
0
LINE
8
BLACK
6
CONTINUOUS
10
0.1468758661417323
20
1.5484720472440945
11
0.1325788582677165
21
1.5425500393700786
0
LINE
8
BLACK
6
CONTINUOUS
10
0.1325788582677165
20
1.5425500393700786
11
0.1325781889763779
21
1.5425496850393701
0
LINE
8
BLACK
6
CONTINUOUS
10
0.1325781889763779
20
1.5425496850393701
11
0.1325781102362205
21
1.5425496456692913
0
LINE
8
BLACK
6
CONTINUOUS
10
0.1325781102362205
20
1.5425496456692913
11
0.1189312204724409
21
1.5352552755905511
0
LINE
8
BLACK
6
CONTINUOUS
10
0.1189312204724409
20
1.5352552755905511
11
0.1124976771653543
21
1.5309564566929132
0
LINE
8
BLACK
6
CONTINUOUS
10
0.1124976771653543
20
1.5309564566929132
11
0.1060642125984252
21
1.5266577559055117
0
LINE
8
BLACK
6
CONTINUOUS
10
0.1060642125984252
20
1.5266577559055117
11
0.0941018897637795
21
1.5168405511811023
0
LINE
8
BLACK
6
CONTINUOUS
10
0.0941018897637795
20
1.5168405511811023
11
0.0831594488188976
21
1.5058981102362203
0
LINE
8
BLACK
6
CONTINUOUS
10
0.0831594488188976
20
1.5058981102362203
11
0.0735475984251969
21
1.4941859842519685
0
LINE
8
BLACK
6
CONTINUOUS
10
0.0735475984251969
20
1.4941859842519685
11
0.0733422834645669
21
1.4939358267716536
0
LINE
8
BLACK
6
CONTINUOUS
10
0.0733422834645669
20
1.4939358267716536
11
0.0647446850393701
21
1.4810687401574802
0
LINE
8
BLACK
6
CONTINUOUS
10
0.0647446850393701
20
1.4810687401574802
11
0.0574503149606299
21
1.4674218503937007
0
LINE
8
BLACK
6
CONTINUOUS
10
0.0574503149606299
20
1.4674218503937007
11
0.0574498031496063
21
1.4674207874015748
0
LINE
8
BLACK
6
CONTINUOUS
10
0.0574498031496063
20
1.4674207874015748
11
0.0515277952755906
21
1.4531237795275591
0
LINE
8
BLACK
6
CONTINUOUS
10
0.0515277952755906
20
1.4531237795275591
11
0.0470358267716535
21
1.4383156299212598
0
LINE
8
BLACK
6
CONTINUOUS
10
0.0470358267716535
20
1.4383156299212598
11
0.0440167716535433
21
1.4231377559055118
0
LINE
8
BLACK
6
CONTINUOUS
10
0.0440167716535433
20
1.4231377559055118
11
0.0425
21
1.4077377559055118
0
LINE
8
BLACK
6
CONTINUOUS
10
0.0425
20
1.4077377559055118
11
0.0425
21
1.3922622047244093
0
LINE
8
BLACK
6
CONTINUOUS
10
0.0425
20
1.3922622047244093
11
0.0440167716535433
21
1.3768622047244095
0
LINE
8
BLACK
6
CONTINUOUS
10
0.0440167716535433
20
1.3768622047244095
11
0.0470358267716535
21
1.3616843307086615
0
LINE
8
BLACK
6
CONTINUOUS
10
0.0470358267716535
20
1.3616843307086615
11
0.0515277952755906
21
1.3468761811023622
0
LINE
8
BLACK
6
CONTINUOUS
10
0.0515277952755906
20
1.3468761811023622
11
0.0574498031496063
21
1.3325791732283465
0
LINE
8
BLACK
6
CONTINUOUS
10
0.0574498031496063
20
1.3325791732283465
11
0.0574503149606299
21
1.3325781102362204
0
LINE
8
BLACK
6
CONTINUOUS
10
0.0574503149606299
20
1.3325781102362204
11
0.0647446850393701
21
1.3189312204724408
0
LINE
8
BLACK
6
CONTINUOUS
10
0.0647446850393701
20
1.3189312204724408
11
0.0733422834645669
21
1.3060641338582677
0
LINE
8
BLACK
6
CONTINUOUS
10
0.0733422834645669
20
1.3060641338582677
11
0.0831592519685039
21
1.2941020866141733
0
LINE
8
BLACK
6
CONTINUOUS
10
0.0831592519685039
20
1.2941020866141733
11
0.0941020866141732
21
1.283159251968504
0
LINE
8
BLACK
6
CONTINUOUS
10
0.0941020866141732
20
1.283159251968504
11
0.1060641338582677
21
1.2733422834645669
0
LINE
8
BLACK
6
CONTINUOUS
10
0.1060641338582677
20
1.2733422834645669
11
0.1189312204724409
21
1.26474468503937
0
LINE
8
BLACK
6
CONTINUOUS
10
0.1189312204724409
20
1.26474468503937
11
0.1325781102362205
21
1.25745031496063
0
LINE
8
BLACK
6
CONTINUOUS
10
0.1325781102362205
20
1.25745031496063
11
0.1325791732283464
21
1.2574498031496062
0
LINE
8
BLACK
6
CONTINUOUS
10
0.1325791732283464
20
1.2574498031496062
11
0.1468761811023622
21
1.2515277952755905
0
LINE
8
BLACK
6
CONTINUOUS
10
0.1468761811023622
20
1.2515277952755905
11
0.1616842519685039
21
1.2470358267716535
0
LINE
8
BLACK
6
CONTINUOUS
10
0.1616842519685039
20
1.2470358267716535
11
0.1728122834645669
21
1.2448223228346456
0
LINE
8
BLACK
6
CONTINUOUS
10
0.1728122834645669
20
1.2448223228346456
11
0.1749140157480315
21
1.2436452755905512
0
LINE
8
BLACK
6
CONTINUOUS
10
0.1749140157480315
20
1.2436452755905512
11
0.1759225196850394
21
1.2414576771653543
0
LINE
8
BLACK
6
CONTINUOUS
10
0.1759225196850394
20
1.2414576771653543
11
0.175909842519685
21
1.2404448818897638
0
LINE
8
BLACK
6
CONTINUOUS
10
0.175909842519685
20
1.2404448818897638
11
0.175492125984252
21
1.2375395669291338
0
LINE
8
BLACK
6
CONTINUOUS
10
0.175492125984252
20
1.2375395669291338
11
0.175492125984252
21
1.2234055118110236
0
LINE
8
BLACK
6
CONTINUOUS
10
0.175492125984252
20
1.2234055118110236
11
0.1747477559055118
21
1.2211145275590551
0
LINE
8
BLACK
6
CONTINUOUS
10
0.1747477559055118
20
1.2211145275590551
11
0.172798937007874
21
1.2196986220472441
0
LINE
8
BLACK
6
CONTINUOUS
10
0.172798937007874
20
1.2196986220472441
11
0.1715944881889764
21
1.2195078740157479
0
LINE
8
BLACK
6
CONTINUOUS
10
0.1715944881889764
20
1.2195078740157479
11
0.0349606299212598
21
1.2195078740157479
0
LINE
8
BLACK
6
CONTINUOUS
10
0.0349606299212598
20
1.2195078740157479
11
0.0340976377952756
21
1.2194150787401574
0
LINE
8
BLACK
6
CONTINUOUS
10
0.0340976377952756
20
1.2194150787401574
11
0.0317403543307087
21
1.2199103149606298
0
LINE
8
BLACK
6
CONTINUOUS
10
0.0317403543307087
20
1.2199103149606298
11
0.0301242125984252
21
1.2216965748031496
0
LINE
8
BLACK
6
CONTINUOUS
10
0.0301242125984252
20
1.2216965748031496
11
0.0297834645669291
21
1.2232903937007873
0
LINE
8
BLACK
6
CONTINUOUS
10
0.0297834645669291
20
1.2232903937007873
11
0.0297834645669291
21
1.5663188976377953
0
LINE
8
BLACK
6
CONTINUOUS
10
0.0297834645669291
20
1.5663188976377953
11
0.0305278346456693
21
1.5686098818897638
0
LINE
8
BLACK
6
CONTINUOUS
10
0.0305278346456693
20
1.5686098818897638
11
0.0324766535433071
21
1.5700257874015748
0
LINE
8
BLACK
6
CONTINUOUS
10
0.0324766535433071
20
1.5700257874015748
11
0.0336811023622047
21
1.5702165354330708
0
LINE
8
BLACK
6
CONTINUOUS
10
0.0336811023622047
20
1.5702165354330708
11
1.5663188976377953
21
1.5702165354330708
0
LINE
8
BLACK
6
CONTINUOUS
10
1.5663188976377953
20
1.5702165354330708
11
1.5686098818897638
21
1.5694721653543307
0
LINE
8
BLACK
6
CONTINUOUS
10
1.2338221653543306
20
0.3543985433070866
11
1.1474155511811024
21
0.3543985433070866
0
LINE
8
BLACK
6
CONTINUOUS
10
1.1474155511811024
20
0.3543985433070866
11
1.1474155511811024
21
0.0768088582677165
0
LINE
8
BLACK
6
CONTINUOUS
10
1.1474155511811024
20
0.0768088582677165
11
1.1474155905511811
21
0.0768088582677165
0
LINE
8
BLACK
6
CONTINUOUS
10
1.1474155905511811
20
0.0768088582677165
11
1.2338221259842519
21
0.0768088582677165
0
LINE
8
BLACK
6
CONTINUOUS
10
1.2338221259842519
20
0.0768088582677165
11
1.2338221653543306
21
0.0768088582677165
0
LINE
8
BLACK
6
CONTINUOUS
10
1.2338221653543306
20
0.0768088582677165
11
1.2338221653543306
21
0.2077377559055118
0
LINE
8
BLACK
6
CONTINUOUS
10
1.2338221653543306
20
0.2077377559055118
11
1.2338221653543306
21
0.3543985433070866
0
LINE
8
BLACK
6
CONTINUOUS
10
1.2424999999999999
20
0.1922622047244094
11
1.2440167716535433
21
0.1768622047244094
0
LINE
8
BLACK
6
CONTINUOUS
10
1.2440167716535433
20
0.1768622047244094
11
1.2470358267716535
21
0.1616843307086614
0
LINE
8
BLACK
6
CONTINUOUS
10
1.2470358267716535
20
0.1616843307086614
11
1.2515277952755905
21
0.1468761811023622
0
LINE
8
BLACK
6
CONTINUOUS
10
1.2515277952755905
20
0.1468761811023622
11
1.2574498031496062
21
0.1325791732283464
0
LINE
8
BLACK
6
CONTINUOUS
10
1.2574498031496062
20
0.1325791732283464
11
1.25745031496063
21
0.1325781102362205
0
LINE
8
BLACK
6
CONTINUOUS
10
1.25745031496063
20
0.1325781102362205
11
1.26474468503937
21
0.1189312204724409
0
LINE
8
BLACK
6
CONTINUOUS
10
1.26474468503937
20
0.1189312204724409
11
1.2733422834645669
21
0.1060641338582677
0
LINE
8
BLACK
6
CONTINUOUS
10
1.2733422834645669
20
0.1060641338582677
11
1.283159251968504
21
0.0941020866141732
0
LINE
8
BLACK
6
CONTINUOUS
10
1.283159251968504
20
0.0941020866141732
11
1.2941020866141733
21
0.0831592519685039
0
LINE
8
BLACK
6
CONTINUOUS
10
1.2941020866141733
20
0.0831592519685039
11
1.3060641338582677
21
0.0733422834645669
0
LINE
8
BLACK
6
CONTINUOUS
10
1.3060641338582677
20
0.0733422834645669
11
1.3189312204724408
21
0.0647446850393701
0
LINE
8
BLACK
6
CONTINUOUS
10
1.3189312204724408
20
0.0647446850393701
11
1.3325781102362204
21
0.0574503149606299
0
LINE
8
BLACK
6
CONTINUOUS
10
1.3325781102362204
20
0.0574503149606299
11
1.3325791732283465
21
0.0574498031496063
0
LINE
8
BLACK
6
CONTINUOUS
10
1.3325791732283465
20
0.0574498031496063
11
1.3468761811023622
21
0.0515277952755906
0
LINE
8
BLACK
6
CONTINUOUS
10
1.3468761811023622
20
0.0515277952755906
11
1.3616843307086615
21
0.0470358267716535
0
LINE
8
BLACK
6
CONTINUOUS
10
1.3616843307086615
20
0.0470358267716535
11
1.376862283464567
21
0.0440167716535433
0
LINE
8
BLACK
6
CONTINUOUS
10
1.376862283464567
20
0.0440167716535433
11
1.3768621259842519
21
0.0440167716535433
0
LINE
8
BLACK
6
CONTINUOUS
10
1.3768621259842519
20
0.0440167716535433
11
1.3922622047244093
21
0.0425
0
LINE
8
BLACK
6
CONTINUOUS
10
1.3922622047244093
20
0.0425
11
1.3922625196850393
21
0.0425
0
LINE
8
BLACK
6
CONTINUOUS
10
1.3922625196850393
20
0.0425
11
1.4077377952755905
21
0.0425
0
LINE
8
BLACK
6
CONTINUOUS
10
1.4077377952755905
20
0.0425
11
1.4231377559055118
21
0.0440167716535433
0
LINE
8
BLACK
6
CONTINUOUS
10
1.4231377559055118
20
0.0440167716535433
11
1.4383156299212598
21
0.0470358267716535
0
LINE
8
BLACK
6
CONTINUOUS
10
1.4383156299212598
20
0.0470358267716535
11
1.4531237795275591
21
0.0515277952755906
0
LINE
8
BLACK
6
CONTINUOUS
10
1.4531237795275591
20
0.0515277952755906
11
1.4674207874015748
21
0.0574498031496063
0
LINE
8
BLACK
6
CONTINUOUS
10
1.4674207874015748
20
0.0574498031496063
11
1.4674209448818898
21
0.057449842519685
0
LINE
8
BLACK
6
CONTINUOUS
10
1.4674209448818898
20
0.057449842519685
11
1.4674211417322833
21
0.0574499606299213
0
LINE
8
BLACK
6
CONTINUOUS
10
1.4674211417322833
20
0.0574499606299213
11
1.4674213779527558
21
0.0574500787401575
0
LINE
8
BLACK
6
CONTINUOUS
10
1.4674213779527558
20
0.0574500787401575
11
1.4674218503937007
21
0.0574503149606299
0
LINE
8
BLACK
6
CONTINUOUS
10
1.4674218503937007
20
0.0574503149606299
11
1.4810687401574802
21
0.0647446850393701
0
LINE
8
BLACK
6
CONTINUOUS
10
1.4810687401574802
20
0.0647446850393701
11
1.4939358267716536
21
0.0733422834645669
0
LINE
8
BLACK
6
CONTINUOUS
10
1.4939358267716536
20
0.0733422834645669
11
1.505897874015748
21
0.0831592519685039
0
LINE
8
BLACK
6
CONTINUOUS
10
1.505897874015748
20
0.0831592519685039
11
1.5058981102362203
21
0.0831594488188976
0
LINE
8
BLACK
6
CONTINUOUS
10
1.5058981102362203
20
0.0831594488188976
11
1.5168405511811023
21
0.0941018897637795
0
LINE
8
BLACK
6
CONTINUOUS
10
1.5168405511811023
20
0.0941018897637795
11
1.5266577559055117
21
0.1060642125984252
0
LINE
8
BLACK
6
CONTINUOUS
10
1.5266577559055117
20
0.1060642125984252
11
1.5330888582677165
21
0.1156889763779528
0
LINE
8
BLACK
6
CONTINUOUS
10
1.5330888582677165
20
0.1156889763779528
11
1.5352552755905511
21
0.1189312204724409
0
LINE
8
BLACK
6
CONTINUOUS
10
1.5352552755905511
20
0.1189312204724409
11
1.5425496456692913
21
0.1325781102362205
0
LINE
8
BLACK
6
CONTINUOUS
10
1.5425496456692913
20
0.1325781102362205
11
1.5425496850393701
21
0.1325781889763779
0
LINE
8
BLACK
6
CONTINUOUS
10
1.5425496850393701
20
0.1325781889763779
11
1.5425500393700786
21
0.1325788582677165
0
LINE
8
BLACK
6
CONTINUOUS
10
1.5425500393700786
20
0.1325788582677165
11
1.5484720472440945
21
0.1468758661417323
0
LINE
8
BLACK
6
CONTINUOUS
10
1.5484720472440945
20
0.1468758661417323
11
1.5484720472440945
21
0.1468759448818898
0
LINE
8
BLACK
6
CONTINUOUS
10
1.5484720472440945
20
0.1468759448818898
11
1.5484721653543307
21
0.1468761811023622
0
LINE
8
BLACK
6
CONTINUOUS
10
1.5484721653543307
20
0.1468761811023622
11
1.5529641338582676
21
0.1616843307086614
0
LINE
8
BLACK
6
CONTINUOUS
10
1.5529641338582676
20
0.1616843307086614
11
1.5529641732283463
21
0.1616844488188976
0
LINE
8
BLACK
6
CONTINUOUS
10
1.5529641732283463
20
0.1616844488188976
11
1.555983188976378
21
0.1768620866141732
0
LINE
8
BLACK
6
CONTINUOUS
10
1.555983188976378
20
0.1768620866141732
11
1.5566912598425195
21
0.1840511417322835
0
LINE
8
BLACK
6
CONTINUOUS
10
1.5566912598425195
20
0.1840511417322835
11
1.5574999999999999
21
0.1922622047244094
0
LINE
8
BLACK
6
CONTINUOUS
10
1.5574999999999999
20
0.1922622047244094
11
1.5574999999999999
21
0.2077377559055118
0
LINE
8
BLACK
6
CONTINUOUS
10
1.5574999999999999
20
0.2077377559055118
11
1.555983188976378
21
0.2231377559055118
0
LINE
8
BLACK
6
CONTINUOUS
10
1.555983188976378
20
0.2231377559055118
11
1.555983188976378
21
0.2231379133858268
0
LINE
8
BLACK
6
CONTINUOUS
10
1.555983188976378
20
0.2231379133858268
11
1.5529641732283463
21
0.2383155511811024
0
LINE
8
BLACK
6
CONTINUOUS
10
1.5529641732283463
20
0.2383155511811024
11
1.5484720472440945
21
0.2531241338582677
0
LINE
8
BLACK
6
CONTINUOUS
10
1.5484720472440945
20
0.2531241338582677
11
1.5425500393700786
21
0.2674211417322835
0
LINE
8
BLACK
6
CONTINUOUS
10
1.5425500393700786
20
0.2674211417322835
11
1.5389548818897638
21
0.2741472047244095
0
LINE
8
BLACK
6
CONTINUOUS
10
1.5389548818897638
20
0.2741472047244095
11
1.5352552755905511
21
0.2810687401574803
0
LINE
8
BLACK
6
CONTINUOUS
10
1.5352552755905511
20
0.2810687401574803
11
1.5352551968503936
21
0.2810688582677165
0
LINE
8
BLACK
6
CONTINUOUS
10
1.5352551968503936
20
0.2810688582677165
11
1.5266577559055117
21
0.2939357874015748
0
LINE
8
BLACK
6
CONTINUOUS
10
1.5266577559055117
20
0.2939357874015748
11
1.5168405511811023
21
0.3058981102362205
0
LINE
8
BLACK
6
CONTINUOUS
10
1.5168405511811023
20
0.3058981102362205
11
1.5058981102362203
21
0.3168405511811024
0
LINE
8
BLACK
6
CONTINUOUS
10
1.5058981102362203
20
0.3168405511811024
11
1.4939357874015748
21
0.3266577559055118
0
LINE
8
BLACK
6
CONTINUOUS
10
1.4939357874015748
20
0.3266577559055118
11
1.4810688582677165
21
0.3352551968503937
0
LINE
8
BLACK
6
CONTINUOUS
10
1.4810688582677165
20
0.3352551968503937
11
1.4810688188976378
21
0.3352551968503937
0
LINE
8
BLACK
6
CONTINUOUS
10
1.4810688188976378
20
0.3352551968503937
11
1.4810687401574802
21
0.3352552755905512
0
LINE
8
BLACK
6
CONTINUOUS
10
1.4810687401574802
20
0.3352552755905512
11
1.4740899212598424
21
0.3389854724409449
0
LINE
8
BLACK
6
CONTINUOUS
10
1.4740899212598424
20
0.3389854724409449
11
1.4674211417322833
21
0.3425500393700787
0
LINE
8
BLACK
6
CONTINUOUS
10
1.4674211417322833
20
0.3425500393700787
11
1.4531241338582677
21
0.3484720472440945
0
LINE
8
BLACK
6
CONTINUOUS
10
1.4531241338582677
20
0.3484720472440945
11
1.4531238582677164
21
0.3484720866141732
0
LINE
8
BLACK
6
CONTINUOUS
10
1.4531238582677164
20
0.3484720866141732
11
1.4531237795275591
21
0.3484721653543307
0
LINE
8
BLACK
6
CONTINUOUS
10
1.4531237795275591
20
0.3484721653543307
11
1.4456548031496064
21
0.3507378346456693
0
LINE
8
BLACK
6
CONTINUOUS
10
1.4456548031496064
20
0.3507378346456693
11
1.4383155511811023
21
0.3529641732283464
0
LINE
8
BLACK
6
CONTINUOUS
10
1.4383155511811023
20
0.3529641732283464
11
1.4231379133858268
21
0.3559831889763779
0
LINE
8
BLACK
6
CONTINUOUS
10
1.4231379133858268
20
0.3559831889763779
11
1.4200577952755906
21
0.3562865354330709
0
LINE
8
BLACK
6
CONTINUOUS
10
1.4200577952755906
20
0.3562865354330709
11
1.4077377952755905
21
0.3575
0
LINE
8
BLACK
6
CONTINUOUS
10
1.4077377952755905
20
0.3575
11
1.4077374803149605
21
0.3575
0
LINE
8
BLACK
6
CONTINUOUS
10
1.4077374803149605
20
0.3575
11
1.3922625196850393
21
0.3575
0
LINE
8
BLACK
6
CONTINUOUS
10
1.3922625196850393
20
0.3575
11
1.3922622047244093
21
0.3575
0
LINE
8
BLACK
6
CONTINUOUS
10
1.3922622047244093
20
0.3575
11
1.3810622047244094
21
0.3563968503937008
0
LINE
8
BLACK
6
CONTINUOUS
10
1.3810622047244094
20
0.3563968503937008
11
1.3768620866141732
21
0.3559831889763779
0
LINE
8
BLACK
6
CONTINUOUS
10
1.3768620866141732
20
0.3559831889763779
11
1.3616844488188975
21
0.3529641732283464
0
LINE
8
BLACK
6
CONTINUOUS
10
1.3616844488188975
20
0.3529641732283464
11
1.3616843307086615
21
0.3529641338582677
0
LINE
8
BLACK
6
CONTINUOUS
10
1.3616843307086615
20
0.3529641338582677
11
1.3468761811023622
21
0.3484721653543307
0
LINE
8
BLACK
6
CONTINUOUS
10
1.3468761811023622
20
0.3484721653543307
11
1.3468759448818897
21
0.3484720472440945
0
LINE
8
BLACK
6
CONTINUOUS
10
1.3468759448818897
20
0.3484720472440945
11
1.3468758661417322
21
0.3484720472440945
0
LINE
8
BLACK
6
CONTINUOUS
10
1.3468758661417322
20
0.3484720472440945
11
1.3325788582677165
21
0.3425500393700787
0
LINE
8
BLACK
6
CONTINUOUS
10
1.3325788582677165
20
0.3425500393700787
11
1.3325781889763779
21
0.3425496850393701
0
LINE
8
BLACK
6
CONTINUOUS
10
1.3325781889763779
20
0.3425496850393701
11
1.3325781102362204
21
0.3425496456692914
0
LINE
8
BLACK
6
CONTINUOUS
10
1.3325781102362204
20
0.3425496456692914
11
1.3189312204724408
21
0.3352552755905512
0
LINE
8
BLACK
6
CONTINUOUS
10
1.3189312204724408
20
0.3352552755905512
11
1.3135422047244094
21
0.3316544094488189
0
LINE
8
BLACK
6
CONTINUOUS
10
1.3135422047244094
20
0.3316544094488189
11
1.3060642125984252
21
0.3266577559055118
0
LINE
8
BLACK
6
CONTINUOUS
10
1.3060642125984252
20
0.3266577559055118
11
1.2941018897637795
21
0.3168405511811024
0
LINE
8
BLACK
6
CONTINUOUS
10
1.2941018897637795
20
0.3168405511811024
11
1.2831594488188975
21
0.3058981102362205
0
LINE
8
BLACK
6
CONTINUOUS
10
1.2831594488188975
20
0.3058981102362205
11
1.2747149606299213
21
0.2956084251968504
0
LINE
8
BLACK
6
CONTINUOUS
10
1.2747149606299213
20
0.2956084251968504
11
1.2733422834645669
21
0.2939358267716535
0
LINE
8
BLACK
6
CONTINUOUS
10
1.2733422834645669
20
0.2939358267716535
11
1.26474468503937
21
0.2810687401574803
0
LINE
8
BLACK
6
CONTINUOUS
10
1.26474468503937
20
0.2810687401574803
11
1.25745031496063
21
0.2674218503937008
0
LINE
8
BLACK
6
CONTINUOUS
10
1.25745031496063
20
0.2674218503937008
11
1.2574498031496062
21
0.2674207874015748
0
LINE
8
BLACK
6
CONTINUOUS
10
1.2574498031496062
20
0.2674207874015748
11
1.2515277952755905
21
0.253123779527559
0
LINE
8
BLACK
6
CONTINUOUS
10
1.2515277952755905
20
0.253123779527559
11
1.2470358267716535
21
0.2383156299212598
0
LINE
8
BLACK
6
CONTINUOUS
10
1.2470358267716535
20
0.2383156299212598
11
1.2440167716535433
21
0.2231377559055118
0
LINE
8
BLACK
6
CONTINUOUS
10
1.2440167716535433
20
0.2231377559055118
11
1.2424999999999999
21
0.2077377559055118
0
LINE
8
BLACK
6
CONTINUOUS
10
1.2424999999999999
20
0.2077377559055118
11
1.2424999999999999
21
0.1922622047244094
0
LINE
8
BLACK
6
CONTINUOUS
10
1.2424999999999999
20
1.3922622047244093
11
1.2440167716535433
21
1.3768622047244095
0
LINE
8
BLACK
6
CONTINUOUS
10
1.2440167716535433
20
1.3768622047244095
11
1.2470358267716535
21
1.3616843307086615
0
LINE
8
BLACK
6
CONTINUOUS
10
1.2470358267716535
20
1.3616843307086615
11
1.2515277952755905
21
1.3468761811023622
0
LINE
8
BLACK
6
CONTINUOUS
10
1.2515277952755905
20
1.3468761811023622
11
1.2574498031496062
21
1.3325791732283465
0
LINE
8
BLACK
6
CONTINUOUS
10
1.2574498031496062
20
1.3325791732283465
11
1.25745031496063
21
1.3325781102362204
0
LINE
8
BLACK
6
CONTINUOUS
10
1.25745031496063
20
1.3325781102362204
11
1.26474468503937
21
1.3189312204724408
0
LINE
8
BLACK
6
CONTINUOUS
10
1.26474468503937
20
1.3189312204724408
11
1.2733422834645669
21
1.3060641338582677
0
LINE
8
BLACK
6
CONTINUOUS
10
1.2733422834645669
20
1.3060641338582677
11
1.283159251968504
21
1.2941020866141733
0
LINE
8
BLACK
6
CONTINUOUS
10
1.283159251968504
20
1.2941020866141733
11
1.2941020866141733
21
1.283159251968504
0
LINE
8
BLACK
6
CONTINUOUS
10
1.2941020866141733
20
1.283159251968504
11
1.3060641338582677
21
1.2733422834645669
0
LINE
8
BLACK
6
CONTINUOUS
10
1.3060641338582677
20
1.2733422834645669
11
1.3189312204724408
21
1.26474468503937
0
LINE
8
BLACK
6
CONTINUOUS
10
1.3189312204724408
20
1.26474468503937
11
1.3325781102362204
21
1.25745031496063
0
LINE
8
BLACK
6
CONTINUOUS
10
1.3325781102362204
20
1.25745031496063
11
1.3325791732283465
21
1.2574498031496062
0
LINE
8
BLACK
6
CONTINUOUS
10
1.3325791732283465
20
1.2574498031496062
11
1.3468761811023622
21
1.2515277952755905
0
LINE
8
BLACK
6
CONTINUOUS
10
1.3468761811023622
20
1.2515277952755905
11
1.3616843307086615
21
1.2470358267716535
0
LINE
8
BLACK
6
CONTINUOUS
10
1.3616843307086615
20
1.2470358267716535
11
1.376862283464567
21
1.2440167716535433
0
LINE
8
BLACK
6
CONTINUOUS
10
1.376862283464567
20
1.2440167716535433
11
1.3768621259842519
21
1.2440167716535433
0
LINE
8
BLACK
6
CONTINUOUS
10
1.3768621259842519
20
1.2440167716535433
11
1.3922622047244093
21
1.2424999999999999
0
LINE
8
BLACK
6
CONTINUOUS
10
1.3922622047244093
20
1.2424999999999999
11
1.3922625196850393
21
1.2424999999999999
0
LINE
8
BLACK
6
CONTINUOUS
10
1.3922625196850393
20
1.2424999999999999
11
1.4077377952755905
21
1.2424999999999999
0
LINE
8
BLACK
6
CONTINUOUS
10
1.4077377952755905
20
1.2424999999999999
11
1.4231377559055118
21
1.2440167716535433
0
LINE
8
BLACK
6
CONTINUOUS
10
1.4231377559055118
20
1.2440167716535433
11
1.4383156299212598
21
1.2470358267716535
0
LINE
8
BLACK
6
CONTINUOUS
10
1.4383156299212598
20
1.2470358267716535
11
1.4531237795275591
21
1.2515277952755905
0
LINE
8
BLACK
6
CONTINUOUS
10
1.4531237795275591
20
1.2515277952755905
11
1.4674207874015748
21
1.2574498031496062
0
LINE
8
BLACK
6
CONTINUOUS
10
1.4674207874015748
20
1.2574498031496062
11
1.4674209448818898
21
1.2574498425196849
0
LINE
8
BLACK
6
CONTINUOUS
10
1.4674209448818898
20
1.2574498425196849
11
1.4674211417322833
21
1.2574499606299212
0
LINE
8
BLACK
6
CONTINUOUS
10
1.4674211417322833
20
1.2574499606299212
11
1.4674213779527558
21
1.2574500787401575
0
LINE
8
BLACK
6
CONTINUOUS
10
1.4674213779527558
20
1.2574500787401575
11
1.4674218503937007
21
1.25745031496063
0
LINE
8
BLACK
6
CONTINUOUS
10
1.4674218503937007
20
1.25745031496063
11
1.4810687401574802
21
1.26474468503937
0
LINE
8
BLACK
6
CONTINUOUS
10
1.4810687401574802
20
1.26474468503937
11
1.4939358267716536
21
1.2733422834645669
0
LINE
8
BLACK
6
CONTINUOUS
10
1.4939358267716536
20
1.2733422834645669
11
1.505897874015748
21
1.283159251968504
0
LINE
8
BLACK
6
CONTINUOUS
10
1.505897874015748
20
1.283159251968504
11
1.5058981102362203
21
1.2831594488188975
0
LINE
8
BLACK
6
CONTINUOUS
10
1.5058981102362203
20
1.2831594488188975
11
1.5168405511811023
21
1.2941018897637795
0
LINE
8
BLACK
6
CONTINUOUS
10
1.5168405511811023
20
1.2941018897637795
11
1.5266577559055117
21
1.3060642125984252
0
LINE
8
BLACK
6
CONTINUOUS
10
1.5266577559055117
20
1.3060642125984252
11
1.5309564566929132
21
1.3124976771653543
0
LINE
8
BLACK
6
CONTINUOUS
10
1.5309564566929132
20
1.3124976771653543
11
1.5352552755905511
21
1.3189312204724408
0
LINE
8
BLACK
6
CONTINUOUS
10
1.5352552755905511
20
1.3189312204724408
11
1.5425496456692913
21
1.3325781102362204
0
LINE
8
BLACK
6
CONTINUOUS
10
1.5425496456692913
20
1.3325781102362204
11
1.5425496850393701
21
1.3325781889763779
0
LINE
8
BLACK
6
CONTINUOUS
10
1.5425496850393701
20
1.3325781889763779
11
1.5425500393700786
21
1.3325788582677165
0
LINE
8
BLACK
6
CONTINUOUS
10
1.5425500393700786
20
1.3325788582677165
11
1.5484720472440945
21
1.3468758661417322
0
LINE
8
BLACK
6
CONTINUOUS
10
1.5484720472440945
20
1.3468758661417322
11
1.5484720472440945
21
1.3468759448818897
0
LINE
8
BLACK
6
CONTINUOUS
10
1.5484720472440945
20
1.3468759448818897
11
1.5484721653543307
21
1.3468761811023622
0
LINE
8
BLACK
6
CONTINUOUS
10
1.5484721653543307
20
1.3468761811023622
11
1.5529641338582676
21
1.3616843307086615
0
LINE
8
BLACK
6
CONTINUOUS
10
1.5529641338582676
20
1.3616843307086615
11
1.5529641732283463
21
1.3616844488188975
0
LINE
8
BLACK
6
CONTINUOUS
10
1.5529641732283463
20
1.3616844488188975
11
1.555983188976378
21
1.3768620866141732
0
LINE
8
BLACK
6
CONTINUOUS
10
1.555983188976378
20
1.3768620866141732
11
1.5563968503937007
21
1.3810622047244094
0
LINE
8
BLACK
6
CONTINUOUS
10
1.5563968503937007
20
1.3810622047244094
11
1.5574999999999999
21
1.3922622047244093
0
LINE
8
BLACK
6
CONTINUOUS
10
1.5574999999999999
20
1.3922622047244093
11
1.5574999999999999
21
1.4077377559055118
0
LINE
8
BLACK
6
CONTINUOUS
10
1.5574999999999999
20
1.4077377559055118
11
1.5565347244094487
21
1.4175377559055118
0
LINE
8
BLACK
6
CONTINUOUS
10
1.5565347244094487
20
1.4175377559055118
11
1.555983188976378
21
1.4231379133858268
0
LINE
8
BLACK
6
CONTINUOUS
10
1.555983188976378
20
1.4231379133858268
11
1.5529641732283463
21
1.4383155511811023
0
LINE
8
BLACK
6
CONTINUOUS
10
1.5529641732283463
20
1.4383155511811023
11
1.5484720472440945
21
1.4531241338582677
0
LINE
8
BLACK
6
CONTINUOUS
10
1.5484720472440945
20
1.4531241338582677
11
1.5425500393700786
21
1.4674211417322833
0
LINE
8
BLACK
6
CONTINUOUS
10
1.5425500393700786
20
1.4674211417322833
11
1.5352551968503936
21
1.4810688582677165
0
LINE
8
BLACK
6
CONTINUOUS
10
1.5352551968503936
20
1.4810688582677165
11
1.5266577559055117
21
1.4939357874015748
0
LINE
8
BLACK
6
CONTINUOUS
10
1.5266577559055117
20
1.4939357874015748
11
1.5168405511811023
21
1.5058981102362203
0
LINE
8
BLACK
6
CONTINUOUS
10
1.5168405511811023
20
1.5058981102362203
11
1.5058981102362203
21
1.5168405511811023
0
LINE
8
BLACK
6
CONTINUOUS
10
1.5058981102362203
20
1.5168405511811023
11
1.4939357874015748
21
1.5266577559055117
0
LINE
8
BLACK
6
CONTINUOUS
10
1.4939357874015748
20
1.5266577559055117
11
1.4810688582677165
21
1.5352551968503936
0
LINE
8
BLACK
6
CONTINUOUS
10
1.4810688582677165
20
1.5352551968503936
11
1.4810688188976378
21
1.5352551968503936
0
LINE
8
BLACK
6
CONTINUOUS
10
1.4810688188976378
20
1.5352551968503936
11
1.4810687401574802
21
1.5352552755905511
0
LINE
8
BLACK
6
CONTINUOUS
10
1.4810687401574802
20
1.5352552755905511
11
1.4740899212598424
21
1.5389854724409449
0
LINE
8
BLACK
6
CONTINUOUS
10
1.4740899212598424
20
1.5389854724409449
11
1.4674211417322833
21
1.5425500393700786
0
LINE
8
BLACK
6
CONTINUOUS
10
1.4674211417322833
20
1.5425500393700786
11
1.4531241338582677
21
1.5484720472440945
0
LINE
8
BLACK
6
CONTINUOUS
10
1.4531241338582677
20
1.5484720472440945
11
1.4531238582677164
21
1.5484720866141732
0
LINE
8
BLACK
6
CONTINUOUS
10
1.4531238582677164
20
1.5484720866141732
11
1.4531237795275591
21
1.5484721653543307
0
LINE
8
BLACK
6
CONTINUOUS
10
1.4531237795275591
20
1.5484721653543307
11
1.4470975984251968
21
1.550300157480315
0
LINE
8
BLACK
6
CONTINUOUS
10
1.4470975984251968
20
1.550300157480315
11
1.4383155511811023
21
1.5529641732283463
0
LINE
8
BLACK
6
CONTINUOUS
10
1.4383155511811023
20
1.5529641732283463
11
1.4231379133858268
21
1.555983188976378
0
LINE
8
BLACK
6
CONTINUOUS
10
1.4231379133858268
20
1.555983188976378
11
1.4200577952755906
21
1.5562865354330708
0
LINE
8
BLACK
6
CONTINUOUS
10
1.4200577952755906
20
1.5562865354330708
11
1.4077377952755905
21
1.5574999999999999
0
LINE
8
BLACK
6
CONTINUOUS
10
1.4077377952755905
20
1.5574999999999999
11
1.4077374803149605
21
1.5574999999999999
0
LINE
8
BLACK
6
CONTINUOUS
10
1.4077374803149605
20
1.5574999999999999
11
1.3922625196850393
21
1.5574999999999999
0
LINE
8
BLACK
6
CONTINUOUS
10
1.3922625196850393
20
1.5574999999999999
11
1.3922622047244093
21
1.5574999999999999
0
LINE
8
BLACK
6
CONTINUOUS
10
1.3922622047244093
20
1.5574999999999999
11
1.3810622047244094
21
1.5563968503937007
0
LINE
8
BLACK
6
CONTINUOUS
10
1.3810622047244094
20
1.5563968503937007
11
1.3768620866141732
21
1.555983188976378
0
LINE
8
BLACK
6
CONTINUOUS
10
1.3768620866141732
20
1.555983188976378
11
1.3616844488188975
21
1.5529641732283463
0
LINE
8
BLACK
6
CONTINUOUS
10
1.3616844488188975
20
1.5529641732283463
11
1.3616843307086615
21
1.5529641338582676
0
LINE
8
BLACK
6
CONTINUOUS
10
1.3616843307086615
20
1.5529641338582676
11
1.3468761811023622
21
1.5484721653543307
0
LINE
8
BLACK
6
CONTINUOUS
10
1.3468761811023622
20
1.5484721653543307
11
1.3468759448818897
21
1.5484720472440945
0
LINE
8
BLACK
6
CONTINUOUS
10
1.3468759448818897
20
1.5484720472440945
11
1.3468758661417322
21
1.5484720472440945
0
LINE
8
BLACK
6
CONTINUOUS
10
1.3468758661417322
20
1.5484720472440945
11
1.3325788582677165
21
1.5425500393700786
0
LINE
8
BLACK
6
CONTINUOUS
10
1.3325788582677165
20
1.5425500393700786
11
1.3325781889763779
21
1.5425496850393701
0
LINE
8
BLACK
6
CONTINUOUS
10
1.3325781889763779
20
1.5425496850393701
11
1.3325781102362204
21
1.5425496456692913
0
LINE
8
BLACK
6
CONTINUOUS
10
1.3325781102362204
20
1.5425496456692913
11
1.3189312204724408
21
1.5352552755905511
0
LINE
8
BLACK
6
CONTINUOUS
10
1.3189312204724408
20
1.5352552755905511
11
1.3124976771653543
21
1.5309564566929132
0
LINE
8
BLACK
6
CONTINUOUS
10
1.3124976771653543
20
1.5309564566929132
11
1.3060642125984252
21
1.5266577559055117
0
LINE
8
BLACK
6
CONTINUOUS
10
1.3060642125984252
20
1.5266577559055117
11
1.2941018897637795
21
1.5168405511811023
0
LINE
8
BLACK
6
CONTINUOUS
10
1.2941018897637795
20
1.5168405511811023
11
1.2831594488188975
21
1.5058981102362203
0
LINE
8
BLACK
6
CONTINUOUS
10
1.2831594488188975
20
1.5058981102362203
11
1.2735475984251967
21
1.4941859842519685
0
LINE
8
BLACK
6
CONTINUOUS
10
1.2735475984251967
20
1.4941859842519685
11
1.2733422834645669
21
1.4939358267716536
0
LINE
8
BLACK
6
CONTINUOUS
10
1.2733422834645669
20
1.4939358267716536
11
1.26474468503937
21
1.4810687401574802
0
LINE
8
BLACK
6
CONTINUOUS
10
1.26474468503937
20
1.4810687401574802
11
1.25745031496063
21
1.4674218503937007
0
LINE
8
BLACK
6
CONTINUOUS
10
1.25745031496063
20
1.4674218503937007
11
1.2574498031496062
21
1.4674207874015748
0
LINE
8
BLACK
6
CONTINUOUS
10
1.2574498031496062
20
1.4674207874015748
11
1.2515277952755905
21
1.4531237795275591
0
LINE
8
BLACK
6
CONTINUOUS
10
1.2515277952755905
20
1.4531237795275591
11
1.2470358267716535
21
1.4383156299212598
0
LINE
8
BLACK
6
CONTINUOUS
10
1.2470358267716535
20
1.4383156299212598
11
1.2440167716535433
21
1.4231377559055118
0
LINE
8
BLACK
6
CONTINUOUS
10
1.2440167716535433
20
1.4231377559055118
11
1.2424999999999999
21
1.4077377559055118
0
LINE
8
BLACK
6
CONTINUOUS
10
1.2424999999999999
20
1.4077377559055118
11
1.2424999999999999
21
1.3922622047244093
0
LINE
8
BLACK
6
CONTINUOUS
10
0.9231889763779527
20
1.4403382283464568
11
0.9231890157480315
21
1.4403380708661417
0
LINE
8
BLACK
6
CONTINUOUS
10
0.9231890157480315
20
1.4403380708661417
11
0.9234362598425196
21
1.4380379133858268
0
LINE
8
BLACK
6
CONTINUOUS
10
0.9234362598425196
20
1.4380379133858268
11
0.9234362598425196
21
1.4380377952755905
0
LINE
8
BLACK
6
CONTINUOUS
10
0.9234362598425196
20
1.4380377952755905
11
0.9253767716535433
21
1.4328350787401574
0
LINE
8
BLACK
6
CONTINUOUS
10
0.9253767716535433
20
1.4328350787401574
11
0.9287045275590551
21
1.4283897244094488
0
LINE
8
BLACK
6
CONTINUOUS
10
0.9287045275590551
20
1.4283897244094488
11
0.9287047637795275
21
1.4283894881889763
0
LINE
8
BLACK
6
CONTINUOUS
10
0.9287047637795275
20
1.4283894881889763
11
0.9294852755905512
21
1.4278052362204725
0
LINE
8
BLACK
6
CONTINUOUS
10
0.9294852755905512
20
1.4278052362204725
11
0.9308731889763779
21
1.4258364173228346
0
LINE
8
BLACK
6
CONTINUOUS
10
0.9308731889763779
20
1.4258364173228346
11
0.930838779527559
21
1.4234277952755905
0
LINE
8
BLACK
6
CONTINUOUS
10
0.930838779527559
20
1.4234277952755905
11
0.9294852755905512
21
1.421564842519685
0
LINE
8
BLACK
6
CONTINUOUS
10
0.9294852755905512
20
1.421564842519685
11
0.9287046062992126
21
1.4209804330708662
0
LINE
8
BLACK
6
CONTINUOUS
10
0.9287046062992126
20
1.4209804330708662
11
0.9287045275590551
21
1.4209803149606299
0
LINE
8
BLACK
6
CONTINUOUS
10
0.9287045275590551
20
1.4209803149606299
11
0.9253767322834645
21
1.4165349212598426
0
LINE
8
BLACK
6
CONTINUOUS
10
0.9253767322834645
20
1.4165349212598426
11
0.9234362992125984
21
1.411332283464567
0
LINE
8
BLACK
6
CONTINUOUS
10
0.9234362992125984
20
1.411332283464567
11
0.9234362204724409
21
1.4113318503937007
0
LINE
8
BLACK
6
CONTINUOUS
10
0.9234362204724409
20
1.4113318503937007
11
0.9231889763779527
21
1.409031968503937
0
LINE
8
BLACK
6
CONTINUOUS
10
0.9231889763779527
20
1.409031968503937
11
0.9231889763779527
21
1.3403382283464567
0
LINE
8
BLACK
6
CONTINUOUS
10
0.9231889763779527
20
1.3403382283464567
11
0.9231890157480315
21
1.3403380708661417
0
LINE
8
BLACK
6
CONTINUOUS
10
0.9231890157480315
20
1.3403380708661417
11
0.9234362598425196
21
1.3380379133858267
0
LINE
8
BLACK
6
CONTINUOUS
10
0.9234362598425196
20
1.3380379133858267
11
0.9234362598425196
21
1.3380377952755904
0
LINE
8
BLACK
6
CONTINUOUS
10
0.9234362598425196
20
1.3380377952755904
11
0.9253767716535433
21
1.3328350787401575
0
LINE
8
BLACK
6
CONTINUOUS
10
0.9253767716535433
20
1.3328350787401575
11
0.9287045275590551
21
1.3283897244094487
0
LINE
8
BLACK
6
CONTINUOUS
10
0.9287045275590551
20
1.3283897244094487
11
0.9287046850393701
21
1.3283895669291339
0
LINE
8
BLACK
6
CONTINUOUS
10
0.9287046850393701
20
1.3283895669291339
11
0.9331500787401574
21
1.3250617716535433
0
LINE
8
BLACK
6
CONTINUOUS
10
0.9331500787401574
20
1.3250617716535433
11
0.9383527165354331
21
1.3231213385826772
0
LINE
8
BLACK
6
CONTINUOUS
10
0.9383527165354331
20
1.3231213385826772
11
0.9383531496062992
21
1.3231212598425197
0
LINE
8
BLACK
6
CONTINUOUS
10
0.9383531496062992
20
1.3231212598425197
11
0.9399230314960629
21
1.3229524803149606
0
LINE
8
BLACK
6
CONTINUOUS
10
0.9399230314960629
20
1.3229524803149606
11
0.9406529527559054
21
1.3228740157480314
0
LINE
8
BLACK
6
CONTINUOUS
10
0.9406529527559054
20
1.3228740157480314
11
0.9406529921259842
21
1.3228740157480314
0
LINE
8
BLACK
6
CONTINUOUS
10
0.9406529921259842
20
1.3228740157480314
11
0.9406530314960629
21
1.3228740157480314
0
LINE
8
BLACK
6
CONTINUOUS
10
0.9406530314960629
20
1.3228740157480314
11
1.0093467716535434
21
1.3228740157480314
0
LINE
8
BLACK
6
CONTINUOUS
10
1.0093467716535434
20
1.3228740157480314
11
1.0093468897637794
21
1.3228740157480314
0
LINE
8
BLACK
6
CONTINUOUS
10
1.0093468897637794
20
1.3228740157480314
11
1.0093470078740157
21
1.3228740551181102
0
LINE
8
BLACK
6
CONTINUOUS
10
1.0093470078740157
20
1.3228740551181102
11
1.0108803543307086
21
1.3230388582677166
0
LINE
8
BLACK
6
CONTINUOUS
10
1.0108803543307086
20
1.3230388582677166
11
1.0116470866141731
21
1.3231212992125985
0
LINE
8
BLACK
6
CONTINUOUS
10
1.0116470866141731
20
1.3231212992125985
11
1.0116472047244094
21
1.3231212992125985
0
LINE
8
BLACK
6
CONTINUOUS
10
1.0116472047244094
20
1.3231212992125985
11
1.0168499212598425
21
1.3250618110236221
0
LINE
8
BLACK
6
CONTINUOUS
10
1.0168499212598425
20
1.3250618110236221
11
1.0212952755905511
21
1.3283895669291339
0
LINE
8
BLACK
6
CONTINUOUS
10
1.0212952755905511
20
1.3283895669291339
11
1.0212953937007874
21
1.3283896456692914
0
LINE
8
BLACK
6
CONTINUOUS
10
1.0212953937007874
20
1.3283896456692914
11
1.0218798031496064
21
1.32917031496063
0
LINE
8
BLACK
6
CONTINUOUS
10
1.0218798031496064
20
1.32917031496063
11
1.023848622047244
21
1.3305582283464568
0
LINE
8
BLACK
6
CONTINUOUS
10
1.023848622047244
20
1.3305582283464568
11
1.0262572440944882
21
1.3305238188976378
0
LINE
8
BLACK
6
CONTINUOUS
10
1.0262572440944882
20
1.3305238188976378
11
1.0281201968503937
21
1.32917031496063
0
LINE
8
BLACK
6
CONTINUOUS
10
1.0281201968503937
20
1.32917031496063
11
1.0287044488188977
21
1.3283898031496062
0
LINE
8
BLACK
6
CONTINUOUS
10
1.0287044488188977
20
1.3283898031496062
11
1.02870468503937
21
1.3283895669291339
0
LINE
8
BLACK
6
CONTINUOUS
10
1.02870468503937
20
1.3283895669291339
11
1.0331500787401575
21
1.3250617716535433
0
LINE
8
BLACK
6
CONTINUOUS
10
1.0331500787401575
20
1.3250617716535433
11
1.0383527165354332
21
1.3231213385826772
0
LINE
8
BLACK
6
CONTINUOUS
10
1.0383527165354332
20
1.3231213385826772
11
1.0383531496062992
21
1.3231212598425197
0
LINE
8
BLACK
6
CONTINUOUS
10
1.0383531496062992
20
1.3231212598425197
11
1.039923031496063
21
1.3229524803149606
0
LINE
8
BLACK
6
CONTINUOUS
10
1.039923031496063
20
1.3229524803149606
11
1.0406529527559054
21
1.3228740157480314
0
LINE
8
BLACK
6
CONTINUOUS
10
1.0406529527559054
20
1.3228740157480314
11
1.0406529921259842
21
1.3228740157480314
0
LINE
8
BLACK
6
CONTINUOUS
10
1.0406529921259842
20
1.3228740157480314
11
1.0406530314960629
21
1.3228740157480314
0
LINE
8
BLACK
6
CONTINUOUS
10
1.0406530314960629
20
1.3228740157480314
11
1.1093467716535432
21
1.3228740157480314
0
LINE
8
BLACK
6
CONTINUOUS
10
1.1093467716535432
20
1.3228740157480314
11
1.1093468897637795
21
1.3228740157480314
0
LINE
8
BLACK
6
CONTINUOUS
10
1.1093468897637795
20
1.3228740157480314
11
1.1093470078740157
21
1.3228740551181102
0
LINE
8
BLACK
6
CONTINUOUS
10
1.1093470078740157
20
1.3228740551181102
11
1.1108803543307086
21
1.3230388582677166
0
LINE
8
BLACK
6
CONTINUOUS
10
1.1108803543307086
20
1.3230388582677166
11
1.1116470866141732
21
1.3231212992125985
0
LINE
8
BLACK
6
CONTINUOUS
10
1.1116470866141732
20
1.3231212992125985
11
1.1116472047244095
21
1.3231212992125985
0
LINE
8
BLACK
6
CONTINUOUS
10
1.1116472047244095
20
1.3231212992125985
11
1.1168499212598424
21
1.3250618110236221
0
LINE
8
BLACK
6
CONTINUOUS
10
1.1168499212598424
20
1.3250618110236221
11
1.1212952755905512
21
1.3283895669291339
0
LINE
8
BLACK
6
CONTINUOUS
10
1.1212952755905512
20
1.3283895669291339
11
1.1212953937007875
21
1.3283896456692914
0
LINE
8
BLACK
6
CONTINUOUS
10
1.1212953937007875
20
1.3283896456692914
11
1.124623188976378
21
1.3328350787401575
0
LINE
8
BLACK
6
CONTINUOUS
10
1.124623188976378
20
1.3328350787401575
11
1.1246232283464566
21
1.3328351181102362
0
LINE
8
BLACK
6
CONTINUOUS
10
1.1246232283464566
20
1.3328351181102362
11
1.1265636614173229
21
1.3380377559055119
0
LINE
8
BLACK
6
CONTINUOUS
10
1.1265636614173229
20
1.3380377559055119
11
1.1265637007874016
21
1.3380379133858267
0
LINE
8
BLACK
6
CONTINUOUS
10
1.1265637007874016
20
1.3380379133858267
11
1.1265637401574804
21
1.3380379921259842
0
LINE
8
BLACK
6
CONTINUOUS
10
1.1265637401574804
20
1.3380379921259842
11
1.1268110236220472
21
1.3403379921259841
0
LINE
8
BLACK
6
CONTINUOUS
10
1.1268110236220472
20
1.3403379921259841
11
1.1268109842519685
21
1.4077377559055118
0
LINE
8
BLACK
6
CONTINUOUS
10
1.1268109842519685
20
1.4077377559055118
11
1.1268109842519685
21
1.4090320472440945
0
LINE
8
BLACK
6
CONTINUOUS
10
1.1268109842519685
20
1.4090320472440945
11
1.1265637401574804
21
1.4113320866141732
0
LINE
8
BLACK
6
CONTINUOUS
10
1.1265637401574804
20
1.4113320866141732
11
1.1265636614173229
21
1.411332283464567
0
LINE
8
BLACK
6
CONTINUOUS
10
1.1265636614173229
20
1.411332283464567
11
1.125
21
1.4155246850393701
0
LINE
8
BLACK
6
CONTINUOUS
10
1.125
20
1.4155246850393701
11
1.124623188976378
21
1.4165349999999999
0
LINE
8
BLACK
6
CONTINUOUS
10
1.124623188976378
20
1.4165349999999999
11
1.1212953937007875
21
1.4209804330708662
0
LINE
8
BLACK
6
CONTINUOUS
10
1.1212953937007875
20
1.4209804330708662
11
1.1205147244094489
21
1.421564842519685
0
LINE
8
BLACK
6
CONTINUOUS
10
1.1205147244094489
20
1.421564842519685
11
1.1191268110236221
21
1.4235336220472441
0
LINE
8
BLACK
6
CONTINUOUS
10
1.1191268110236221
20
1.4235336220472441
11
1.1191611417322835
21
1.4259422440944882
0
LINE
8
BLACK
6
CONTINUOUS
10
1.1191611417322835
20
1.4259422440944882
11
1.1205147637795276
21
1.4278052755905513
0
LINE
8
BLACK
6
CONTINUOUS
10
1.1205147637795276
20
1.4278052755905513
11
1.1212951574803149
21
1.4283894488188975
0
LINE
8
BLACK
6
CONTINUOUS
10
1.1212951574803149
20
1.4283894488188975
11
1.1212952362204724
21
1.428389527559055
0
LINE
8
BLACK
6
CONTINUOUS
10
1.1212952362204724
20
1.428389527559055
11
1.1212953937007875
21
1.4283896456692913
0
LINE
8
BLACK
6
CONTINUOUS
10
1.1212953937007875
20
1.4283896456692913
11
1.124623188976378
21
1.4328350787401574
0
LINE
8
BLACK
6
CONTINUOUS
10
1.124623188976378
20
1.4328350787401574
11
1.1246232283464566
21
1.4328351181102361
0
LINE
8
BLACK
6
CONTINUOUS
10
1.1246232283464566
20
1.4328351181102361
11
1.1265636614173229
21
1.4380377559055117
0
LINE
8
BLACK
6
CONTINUOUS
10
1.1265636614173229
20
1.4380377559055117
11
1.1265637007874016
21
1.4380379133858268
0
LINE
8
BLACK
6
CONTINUOUS
10
1.1265637007874016
20
1.4380379133858268
11
1.1265637401574804
21
1.4380379921259843
0
LINE
8
BLACK
6
CONTINUOUS
10
1.1265637401574804
20
1.4380379921259843
11
1.1268110236220472
21
1.4403379921259842
0
LINE
8
BLACK
6
CONTINUOUS
10
1.1268110236220472
20
1.4403379921259842
11
1.1268109842519685
21
1.5090320472440943
0
LINE
8
BLACK
6
CONTINUOUS
10
1.1268109842519685
20
1.5090320472440943
11
1.1265637401574804
21
1.5113320866141733
0
LINE
8
BLACK
6
CONTINUOUS
10
1.1265637401574804
20
1.5113320866141733
11
1.1265636614173229
21
1.5113322834645668
0
LINE
8
BLACK
6
CONTINUOUS
10
1.1265636614173229
20
1.5113322834645668
11
1.125
21
1.51552468503937
0
LINE
8
BLACK
6
CONTINUOUS
10
1.125
20
1.51552468503937
11
1.124623188976378
21
1.516535
0
LINE
8
BLACK
6
CONTINUOUS
10
1.124623188976378
20
1.516535
11
1.1212953937007875
21
1.5209804330708661
0
LINE
8
BLACK
6
CONTINUOUS
10
1.1212953937007875
20
1.5209804330708661
11
1.1168499606299211
21
1.5243082283464566
0
LINE
8
BLACK
6
CONTINUOUS
10
1.1168499606299211
20
1.5243082283464566
11
1.1168498818897639
21
1.5243082283464566
0
LINE
8
BLACK
6
CONTINUOUS
10
1.1168498818897639
20
1.5243082283464566
11
1.1168498818897639
21
1.5243082677165354
0
LINE
8
BLACK
6
CONTINUOUS
10
1.1168498818897639
20
1.5243082677165354
11
1.1116472440944882
21
1.5262487007874015
0
LINE
8
BLACK
6
CONTINUOUS
10
1.1116472440944882
20
1.5262487007874015
11
1.1116470472440945
21
1.526248779527559
0
LINE
8
BLACK
6
CONTINUOUS
10
1.1116470472440945
20
1.526248779527559
11
1.1093470472440945
21
1.526496062992126
0
LINE
8
BLACK
6
CONTINUOUS
10
1.1093470472440945
20
1.526496062992126
11
1.0406529921259842
21
1.5264960236220473
0
LINE
8
BLACK
6
CONTINUOUS
10
1.0406529921259842
20
1.5264960236220473
11
1.0383529527559054
21
1.526248779527559
0
LINE
8
BLACK
6
CONTINUOUS
10
1.0383529527559054
20
1.526248779527559
11
1.0383528346456692
21
1.5262487401574802
0
LINE
8
BLACK
6
CONTINUOUS
10
1.0383528346456692
20
1.5262487401574802
11
1.0383527559055117
21
1.5262487401574802
0
LINE
8
BLACK
6
CONTINUOUS
10
1.0383527559055117
20
1.5262487401574802
11
1.033150157480315
21
1.5243082677165354
0
LINE
8
BLACK
6
CONTINUOUS
10
1.033150157480315
20
1.5243082677165354
11
1.0331500393700788
21
1.5243082283464566
0
LINE
8
BLACK
6
CONTINUOUS
10
1.0331500393700788
20
1.5243082283464566
11
1.0287046062992127
21
1.5209804330708661
0
LINE
8
BLACK
6
CONTINUOUS
10
1.0287046062992127
20
1.5209804330708661
11
1.0287045275590552
21
1.5209803149606298
0
LINE
8
BLACK
6
CONTINUOUS
10
1.0287045275590552
20
1.5209803149606298
11
1.0287044094488189
21
1.5209801968503938
0
LINE
8
BLACK
6
CONTINUOUS
10
1.0287044094488189
20
1.5209801968503938
11
1.0281202362204724
21
1.5201998031496062
0
LINE
8
BLACK
6
CONTINUOUS
10
1.0281202362204724
20
1.5201998031496062
11
1.0261514173228345
21
1.5188118503937007
0
LINE
8
BLACK
6
CONTINUOUS
10
1.0261514173228345
20
1.5188118503937007
11
1.0237427952755904
21
1.5188461811023621
0
LINE
8
BLACK
6
CONTINUOUS
10
1.0237427952755904
20
1.5188461811023621
11
1.0218797637795276
21
1.5201998031496062
0
LINE
8
BLACK
6
CONTINUOUS
10
1.0218797637795276
20
1.5201998031496062
11
1.0212955511811024
21
1.5209801968503938
0
LINE
8
BLACK
6
CONTINUOUS
10
1.0212955511811024
20
1.5209801968503938
11
1.0212953937007874
21
1.5209804330708661
0
LINE
8
BLACK
6
CONTINUOUS
10
1.0212953937007874
20
1.5209804330708661
11
1.0168499606299213
21
1.5243082283464566
0
LINE
8
BLACK
6
CONTINUOUS
10
1.0168499606299213
20
1.5243082283464566
11
1.0168498818897638
21
1.5243082283464566
0
LINE
8
BLACK
6
CONTINUOUS
10
1.0168498818897638
20
1.5243082283464566
11
1.0168498818897638
21
1.5243082677165354
0
LINE
8
BLACK
6
CONTINUOUS
10
1.0168498818897638
20
1.5243082677165354
11
1.0116472440944881
21
1.5262487007874015
0
LINE
8
BLACK
6
CONTINUOUS
10
1.0116472440944881
20
1.5262487007874015
11
1.0116470472440944
21
1.526248779527559
0
LINE
8
BLACK
6
CONTINUOUS
10
1.0116470472440944
20
1.526248779527559
11
1.0093470472440944
21
1.526496062992126
0
LINE
8
BLACK
6
CONTINUOUS
10
1.0093470472440944
20
1.526496062992126
11
0.9406529921259842
21
1.5264960236220473
0
LINE
8
BLACK
6
CONTINUOUS
10
0.9406529921259842
20
1.5264960236220473
11
0.9383529527559055
21
1.526248779527559
0
LINE
8
BLACK
6
CONTINUOUS
10
0.9383529527559055
20
1.526248779527559
11
0.9383528346456693
21
1.5262487401574802
0
LINE
8
BLACK
6
CONTINUOUS
10
0.9383528346456693
20
1.5262487401574802
11
0.9383527559055118
21
1.5262487401574802
0
LINE
8
BLACK
6
CONTINUOUS
10
0.9383527559055118
20
1.5262487401574802
11
0.9331501574803149
21
1.5243082677165354
0
LINE
8
BLACK
6
CONTINUOUS
10
0.9331501574803149
20
1.5243082677165354
11
0.9331500393700787
21
1.5243082283464566
0
LINE
8
BLACK
6
CONTINUOUS
10
0.9331500393700787
20
1.5243082283464566
11
0.9287046062992126
21
1.5209804330708661
0
LINE
8
BLACK
6
CONTINUOUS
10
0.9287046062992126
20
1.5209804330708661
11
0.9287045275590551
21
1.5209803149606298
0
LINE
8
BLACK
6
CONTINUOUS
10
0.9287045275590551
20
1.5209803149606298
11
0.9253767322834645
21
1.5165349212598425
0
LINE
8
BLACK
6
CONTINUOUS
10
0.9253767322834645
20
1.5165349212598425
11
0.9234362992125984
21
1.5113322834645668
0
LINE
8
BLACK
6
CONTINUOUS
10
0.9234362992125984
20
1.5113322834645668
11
0.9234362204724409
21
1.5113318503937008
0
LINE
8
BLACK
6
CONTINUOUS
10
0.9234362204724409
20
1.5113318503937008
11
0.9231889763779527
21
1.5090319685039371
0
LINE
8
BLACK
6
CONTINUOUS
10
0.9231889763779527
20
1.5090319685039371
11
0.9231889763779527
21
1.4403382283464568
0
LINE
8
BLACK
6
CONTINUOUS
10
0.2197842125984252
20
0.3164414566929134
11
0.232697125984252
21
0.3134941732283464
0
LINE
8
BLACK
6
CONTINUOUS
10
0.232697125984252
20
0.3134941732283464
11
0.2451988188976378
21
0.3091196456692913
0
LINE
8
BLACK
6
CONTINUOUS
10
0.2451988188976378
20
0.3091196456692913
11
0.2571321653543307
21
0.3033728346456693
0
LINE
8
BLACK
6
CONTINUOUS
10
0.2571321653543307
20
0.3033728346456693
11
0.2683470078740157
21
0.2963261023622047
0
LINE
8
BLACK
6
CONTINUOUS
10
0.2683470078740157
20
0.2963261023622047
11
0.2787023622047244
21
0.2880679527559055
0
LINE
8
BLACK
6
CONTINUOUS
10
0.2787023622047244
20
0.2880679527559055
11
0.2880679527559055
21
0.2787023622047244
0
LINE
8
BLACK
6
CONTINUOUS
10
0.2880679527559055
20
0.2787023622047244
11
0.2963261023622047
21
0.2683470078740157
0
LINE
8
BLACK
6
CONTINUOUS
10
0.2963261023622047
20
0.2683470078740157
11
0.3033728346456693
21
0.2571321653543307
0
LINE
8
BLACK
6
CONTINUOUS
10
0.3033728346456693
20
0.2571321653543307
11
0.3091196456692913
21
0.2451988188976378
0
LINE
8
BLACK
6
CONTINUOUS
10
0.3091196456692913
20
0.2451988188976378
11
0.3134941732283464
21
0.232697125984252
0
LINE
8
BLACK
6
CONTINUOUS
10
0.3134941732283464
20
0.232697125984252
11
0.3164414566929134
21
0.2197842125984252
0
LINE
8
BLACK
6
CONTINUOUS
10
0.3164414566929134
20
0.2197842125984252
11
0.3179244094488189
21
0.2066224803149606
0
LINE
8
BLACK
6
CONTINUOUS
10
0.3179244094488189
20
0.2066224803149606
11
0.3179244094488189
21
0.1933775196850394
0
LINE
8
BLACK
6
CONTINUOUS
10
0.3179244094488189
20
0.1933775196850394
11
0.3164414566929134
21
0.1802157874015748
0
LINE
8
BLACK
6
CONTINUOUS
10
0.3164414566929134
20
0.1802157874015748
11
0.3134941732283464
21
0.167302874015748
0
LINE
8
BLACK
6
CONTINUOUS
10
0.3134941732283464
20
0.167302874015748
11
0.3091196456692913
21
0.1548011811023622
0
LINE
8
BLACK
6
CONTINUOUS
10
0.3091196456692913
20
0.1548011811023622
11
0.3033728346456693
21
0.1428678346456693
0
LINE
8
BLACK
6
CONTINUOUS
10
0.3033728346456693
20
0.1428678346456693
11
0.2963261023622047
21
0.1316529921259842
0
LINE
8
BLACK
6
CONTINUOUS
10
0.2963261023622047
20
0.1316529921259842
11
0.2880679527559055
21
0.1212976377952756
0
LINE
8
BLACK
6
CONTINUOUS
10
0.2880679527559055
20
0.1212976377952756
11
0.2787023622047244
21
0.1119320472440945
0
LINE
8
BLACK
6
CONTINUOUS
10
0.2787023622047244
20
0.1119320472440945
11
0.2683470078740157
21
0.1036738976377953
0
LINE
8
BLACK
6
CONTINUOUS
10
0.2683470078740157
20
0.1036738976377953
11
0.2571321653543307
21
0.0966271653543307
0
LINE
8
BLACK
6
CONTINUOUS
10
0.2571321653543307
20
0.0966271653543307
11
0.2451988188976378
21
0.0908803543307087
0
LINE
8
BLACK
6
CONTINUOUS
10
0.2451988188976378
20
0.0908803543307087
11
0.232697125984252
21
0.0865058267716535
0
LINE
8
BLACK
6
CONTINUOUS
10
0.232697125984252
20
0.0865058267716535
11
0.2197842125984252
21
0.0835585433070866
0
LINE
8
BLACK
6
CONTINUOUS
10
0.2197842125984252
20
0.0835585433070866
11
0.2066224803149606
21
0.0820755905511811
0
LINE
8
BLACK
6
CONTINUOUS
10
0.2066224803149606
20
0.0820755905511811
11
0.1933775196850394
21
0.0820755905511811
0
LINE
8
BLACK
6
CONTINUOUS
10
0.1933775196850394
20
0.0820755905511811
11
0.1802157874015748
21
0.0835585433070866
0
LINE
8
BLACK
6
CONTINUOUS
10
0.1802157874015748
20
0.0835585433070866
11
0.167302874015748
21
0.0865058267716535
0
LINE
8
BLACK
6
CONTINUOUS
10
0.167302874015748
20
0.0865058267716535
11
0.1548011811023622
21
0.0908803543307087
0
LINE
8
BLACK
6
CONTINUOUS
10
0.1548011811023622
20
0.0908803543307087
11
0.1428678346456693
21
0.0966271653543307
0
LINE
8
BLACK
6
CONTINUOUS
10
0.1428678346456693
20
0.0966271653543307
11
0.1316529921259842
21
0.1036738976377953
0
LINE
8
BLACK
6
CONTINUOUS
10
0.1316529921259842
20
0.1036738976377953
11
0.1212976377952756
21
0.1119320472440945
0
LINE
8
BLACK
6
CONTINUOUS
10
0.1212976377952756
20
0.1119320472440945
11
0.1119320472440945
21
0.1212976377952756
0
LINE
8
BLACK
6
CONTINUOUS
10
0.1119320472440945
20
0.1212976377952756
11
0.1036738976377953
21
0.1316529921259842
0
LINE
8
BLACK
6
CONTINUOUS
10
0.1036738976377953
20
0.1316529921259842
11
0.0966271653543307
21
0.1428678346456693
0
LINE
8
BLACK
6
CONTINUOUS
10
0.0966271653543307
20
0.1428678346456693
11
0.0908803543307087
21
0.1548011811023622
0
LINE
8
BLACK
6
CONTINUOUS
10
0.0908803543307087
20
0.1548011811023622
11
0.0865058267716535
21
0.167302874015748
0
LINE
8
BLACK
6
CONTINUOUS
10
0.0865058267716535
20
0.167302874015748
11
0.0835585433070866
21
0.1802157874015748
0
LINE
8
BLACK
6
CONTINUOUS
10
0.0835585433070866
20
0.1802157874015748
11
0.0820755905511811
21
0.1933775196850394
0
LINE
8
BLACK
6
CONTINUOUS
10
0.0820755905511811
20
0.1933775196850394
11
0.0820755905511811
21
0.2066224803149606
0
LINE
8
BLACK
6
CONTINUOUS
10
0.0820755905511811
20
0.2066224803149606
11
0.0835585433070866
21
0.2197842125984252
0
LINE
8
BLACK
6
CONTINUOUS
10
0.0835585433070866
20
0.2197842125984252
11
0.0865058267716535
21
0.232697125984252
0
LINE
8
BLACK
6
CONTINUOUS
10
0.0865058267716535
20
0.232697125984252
11
0.0908803543307087
21
0.2451988188976378
0
LINE
8
BLACK
6
CONTINUOUS
10
0.0908803543307087
20
0.2451988188976378
11
0.0966271653543307
21
0.2571321653543307
0
LINE
8
BLACK
6
CONTINUOUS
10
0.0966271653543307
20
0.2571321653543307
11
0.1036738976377953
21
0.2683470078740157
0
LINE
8
BLACK
6
CONTINUOUS
10
0.1036738976377953
20
0.2683470078740157
11
0.1119320472440945
21
0.2787023622047244
0
LINE
8
BLACK
6
CONTINUOUS
10
0.1119320472440945
20
0.2787023622047244
11
0.1212976377952756
21
0.2880679527559055
0
LINE
8
BLACK
6
CONTINUOUS
10
0.1212976377952756
20
0.2880679527559055
11
0.1316529921259842
21
0.2963261023622047
0
LINE
8
BLACK
6
CONTINUOUS
10
0.1316529921259842
20
0.2963261023622047
11
0.1428678346456693
21
0.3033728346456693
0
LINE
8
BLACK
6
CONTINUOUS
10
0.1428678346456693
20
0.3033728346456693
11
0.1548011811023622
21
0.3091196456692913
0
LINE
8
BLACK
6
CONTINUOUS
10
0.1548011811023622
20
0.3091196456692913
11
0.167302874015748
21
0.3134941732283464
0
LINE
8
BLACK
6
CONTINUOUS
10
0.167302874015748
20
0.3134941732283464
11
0.1802157874015748
21
0.3164414566929134
0
LINE
8
BLACK
6
CONTINUOUS
10
0.1802157874015748
20
0.3164414566929134
11
0.1933775196850394
21
0.3179244094488189
0
LINE
8
BLACK
6
CONTINUOUS
10
0.1933775196850394
20
0.3179244094488189
11
0.2066224803149606
21
0.3179244094488189
0
LINE
8
BLACK
6
CONTINUOUS
10
0.2066224803149606
20
0.3179244094488189
11
0.2197842125984252
21
0.3164414566929134
0
LINE
8
BLACK
6
CONTINUOUS
10
0.71
20
0.205
11
0.6853740157480315
21
0.205
0
LINE
8
BLACK
6
CONTINUOUS
10
0.6853740157480315
20
0.205
11
0.6853740157480315
21
0.17
0
LINE
8
BLACK
6
CONTINUOUS
10
0.6853740157480315
20
0.17
11
0.7025
21
0.17
0
LINE
8
BLACK
6
CONTINUOUS
10
0.7025
20
0.17
11
0.7025
21
0.135
0
LINE
8
BLACK
6
CONTINUOUS
10
0.7025
20
0.135
11
0.6475
21
0.135
0
LINE
8
BLACK
6
CONTINUOUS
10
0.6475
20
0.135
11
0.6475
21
0.17
0
LINE
8
BLACK
6
CONTINUOUS
10
0.6475
20
0.17
11
0.6696259842519685
21
0.17
0
LINE
8
BLACK
6
CONTINUOUS
10
0.6696259842519685
20
0.17
11
0.6696259842519685
21
0.205
0
LINE
8
BLACK
6
CONTINUOUS
10
0.6696259842519685
20
0.205
11
0.645
21
0.205
0
LINE
8
BLACK
6
CONTINUOUS
10
0.645
20
0.205
11
0.645
21
0.27
0
LINE
8
BLACK
6
CONTINUOUS
10
0.645
20
0.27
11
0.71
21
0.27
0
LINE
8
BLACK
6
CONTINUOUS
10
0.71
20
0.27
11
0.71
21
0.205
0
LINE
8
BLACK
6
CONTINUOUS
10
0.8099999999999999
20
0.205
11
0.7828740157480315
21
0.205
0
LINE
8
BLACK
6
CONTINUOUS
10
0.7828740157480315
20
0.205
11
0.7828740157480315
21
0.17
0
LINE
8
BLACK
6
CONTINUOUS
10
0.7828740157480315
20
0.17
11
0.8025
21
0.17
0
LINE
8
BLACK
6
CONTINUOUS
10
0.8025
20
0.17
11
0.8025
21
0.135
0
LINE
8
BLACK
6
CONTINUOUS
10
0.8025
20
0.135
11
0.7474999999999999
21
0.135
0
LINE
8
BLACK
6
CONTINUOUS
10
0.7474999999999999
20
0.135
11
0.7474999999999999
21
0.17
0
LINE
8
BLACK
6
CONTINUOUS
10
0.7474999999999999
20
0.17
11
0.7671259842519685
21
0.17
0
LINE
8
BLACK
6
CONTINUOUS
10
0.7671259842519685
20
0.17
11
0.7671259842519685
21
0.205
0
LINE
8
BLACK
6
CONTINUOUS
10
0.7671259842519685
20
0.205
11
0.745
21
0.205
0
LINE
8
BLACK
6
CONTINUOUS
10
0.745
20
0.205
11
0.745
21
0.27
0
LINE
8
BLACK
6
CONTINUOUS
10
0.745
20
0.27
11
0.8099999999999999
21
0.27
0
LINE
8
BLACK
6
CONTINUOUS
10
0.8099999999999999
20
0.27
11
0.8099999999999999
21
0.205
0
LINE
8
BLACK
6
CONTINUOUS
10
0.91
20
0.205
11
0.8878740157480315
21
0.205
0
LINE
8
BLACK
6
CONTINUOUS
10
0.8878740157480315
20
0.205
11
0.8878740157480315
21
0.17
0
LINE
8
BLACK
6
CONTINUOUS
10
0.8878740157480315
20
0.17
11
0.9075
21
0.17
0
LINE
8
BLACK
6
CONTINUOUS
10
0.9075
20
0.17
11
0.9075
21
0.135
0
LINE
8
BLACK
6
CONTINUOUS
10
0.9075
20
0.135
11
0.8525
21
0.135
0
LINE
8
BLACK
6
CONTINUOUS
10
0.8525
20
0.135
11
0.8525
21
0.17
0
LINE
8
BLACK
6
CONTINUOUS
10
0.8525
20
0.17
11
0.8721259842519685
21
0.17
0
LINE
8
BLACK
6
CONTINUOUS
10
0.8721259842519685
20
0.17
11
0.8721259842519685
21
0.205
0
LINE
8
BLACK
6
CONTINUOUS
10
0.8721259842519685
20
0.205
11
0.845
21
0.205
0
LINE
8
BLACK
6
CONTINUOUS
10
0.845
20
0.205
11
0.845
21
0.27
0
LINE
8
BLACK
6
CONTINUOUS
10
0.845
20
0.27
11
0.91
21
0.27
0
LINE
8
BLACK
6
CONTINUOUS
10
0.91
20
0.27
11
0.91
21
0.205
0
LINE
8
BLACK
6
CONTINUOUS
10
0.3404724409448819
20
0.3898425196850394
11
0.3383464173228347
21
0.3898425196850394
0
LINE
8
BLACK
6
CONTINUOUS
10
0.3383464173228347
20
0.3898425196850394
11
0.3383464173228347
21
0.3755432677165354
0
LINE
8
BLACK
6
CONTINUOUS
10
0.3383464173228347
20
0.3755432677165354
11
0.3383464173228347
21
0.322041062992126
0
LINE
8
BLACK
6
CONTINUOUS
10
0.3383464173228347
20
0.322041062992126
11
0.3925135039370078
21
0.2678740157480315
0
LINE
8
BLACK
6
CONTINUOUS
10
0.3925135039370078
20
0.2678740157480315
11
0.405
21
0.2678740157480315
0
LINE
8
BLACK
6
CONTINUOUS
10
0.405
20
0.2678740157480315
11
0.405
21
0.2775
0
LINE
8
BLACK
6
CONTINUOUS
10
0.405
20
0.2775
11
0.46
21
0.2775
0
LINE
8
BLACK
6
CONTINUOUS
10
0.46
20
0.2775
11
0.46
21
0.2678740157480315
0
LINE
8
BLACK
6
CONTINUOUS
10
0.46
20
0.2678740157480315
11
0.5967385039370079
21
0.2678740157480315
0
LINE
8
BLACK
6
CONTINUOUS
10
0.5967385039370079
20
0.2678740157480315
11
0.645
21
0.3161355118110236
0
LINE
8
BLACK
6
CONTINUOUS
10
0.645
20
0.3161355118110236
11
0.645
21
0.37
0
LINE
8
BLACK
6
CONTINUOUS
10
0.645
20
0.37
11
0.71
21
0.37
0
LINE
8
BLACK
6
CONTINUOUS
10
0.71
20
0.37
11
0.71
21
0.3453740157480315
0
LINE
8
BLACK
6
CONTINUOUS
10
0.71
20
0.3453740157480315
11
0.745
21
0.3453740157480315
0
LINE
8
BLACK
6
CONTINUOUS
10
0.745
20
0.3453740157480315
11
0.745
21
0.37
0
LINE
8
BLACK
6
CONTINUOUS
10
0.745
20
0.37
11
0.8099999999999999
21
0.37
0
LINE
8
BLACK
6
CONTINUOUS
10
0.8099999999999999
20
0.37
11
0.8099999999999999
21
0.3453740157480315
0
LINE
8
BLACK
6
CONTINUOUS
10
0.8099999999999999
20
0.3453740157480315
11
0.845
21
0.3453740157480315
0
LINE
8
BLACK
6
CONTINUOUS
10
0.845
20
0.3453740157480315
11
0.845
21
0.37
0
LINE
8
BLACK
6
CONTINUOUS
10
0.845
20
0.37
11
0.91
21
0.37
0
LINE
8
BLACK
6
CONTINUOUS
10
0.91
20
0.37
11
0.91
21
0.3453740157480315
0
LINE
8
BLACK
6
CONTINUOUS
10
0.91
20
0.3453740157480315
11
0.9618188976377953
21
0.3453740157480315
0
LINE
8
BLACK
6
CONTINUOUS
10
0.9618188976377953
20
0.3453740157480315
11
0.9618188976377953
21
0.3465905511811024
0
LINE
8
BLACK
6
CONTINUOUS
10
0.9618188976377953
20
0.3465905511811024
11
0.9893779527559055
21
0.3465905511811024
0
LINE
8
BLACK
6
CONTINUOUS
10
0.9893779527559055
20
0.3465905511811024
11
0.9893779527559055
21
0.2954094488188976
0
LINE
8
BLACK
6
CONTINUOUS
10
0.9893779527559055
20
0.2954094488188976
11
0.9853740157480315
21
0.2954094488188976
0
LINE
8
BLACK
6
CONTINUOUS
10
0.9853740157480315
20
0.2954094488188976
11
0.9853740157480315
21
0.2851850393700787
0
LINE
8
BLACK
6
CONTINUOUS
10
0.9853740157480315
20
0.2851850393700787
11
0.995
21
0.2851850393700787
0
LINE
8
BLACK
6
CONTINUOUS
10
0.995
20
0.2851850393700787
11
0.995
21
0.2301850393700787
0
LINE
8
BLACK
6
CONTINUOUS
10
0.995
20
0.2301850393700787
11
0.96
21
0.2301850393700787
0
LINE
8
BLACK
6
CONTINUOUS
10
0.96
20
0.2301850393700787
11
0.96
21
0.2851850393700787
0
LINE
8
BLACK
6
CONTINUOUS
10
0.96
20
0.2851850393700787
11
0.9696259842519684
21
0.2851850393700787
0
LINE
8
BLACK
6
CONTINUOUS
10
0.9696259842519684
20
0.2851850393700787
11
0.9696259842519684
21
0.2954094488188976
0
LINE
8
BLACK
6
CONTINUOUS
10
0.9696259842519684
20
0.2954094488188976
11
0.9618188976377953
21
0.2954094488188976
0
LINE
8
BLACK
6
CONTINUOUS
10
0.9618188976377953
20
0.2954094488188976
11
0.9618188976377953
21
0.3295455905511811
0
LINE
8
BLACK
6
CONTINUOUS
10
0.9618188976377953
20
0.3295455905511811
11
0.9617385039370079
21
0.3296259842519685
0
LINE
8
BLACK
6
CONTINUOUS
10
0.9617385039370079
20
0.3296259842519685
11
0.91
21
0.3296259842519685
0
LINE
8
BLACK
6
CONTINUOUS
10
0.91
20
0.3296259842519685
11
0.91
21
0.305
0
LINE
8
BLACK
6
CONTINUOUS
10
0.91
20
0.305
11
0.845
21
0.305
0
LINE
8
BLACK
6
CONTINUOUS
10
0.845
20
0.305
11
0.845
21
0.3296259842519685
0
LINE
8
BLACK
6
CONTINUOUS
10
0.845
20
0.3296259842519685
11
0.8099999999999999
21
0.3296259842519685
0
LINE
8
BLACK
6
CONTINUOUS
10
0.8099999999999999
20
0.3296259842519685
11
0.8099999999999999
21
0.305
0
LINE
8
BLACK
6
CONTINUOUS
10
0.8099999999999999
20
0.305
11
0.745
21
0.305
0
LINE
8
BLACK
6
CONTINUOUS
10
0.745
20
0.305
11
0.745
21
0.3296259842519685
0
LINE
8
BLACK
6
CONTINUOUS
10
0.745
20
0.3296259842519685
11
0.71
21
0.3296259842519685
0
LINE
8
BLACK
6
CONTINUOUS
10
0.71
20
0.3296259842519685
11
0.71
21
0.305
0
LINE
8
BLACK
6
CONTINUOUS
10
0.71
20
0.305
11
0.6561355511811023
21
0.305
0
LINE
8
BLACK
6
CONTINUOUS
10
0.6561355511811023
20
0.305
11
0.6055677559055118
21
0.2544322440944882
0
LINE
8
BLACK
6
CONTINUOUS
10
0.6055677559055118
20
0.2544322440944882
11
0.6043745669291338
21
0.2534529921259843
0
LINE
8
BLACK
6
CONTINUOUS
10
0.6043745669291338
20
0.2534529921259843
11
0.6015361417322834
21
0.2522772834645669
0
LINE
8
BLACK
6
CONTINUOUS
10
0.6015361417322834
20
0.2522772834645669
11
0.6
21
0.2521259842519685
0
LINE
8
BLACK
6
CONTINUOUS
10
0.6
20
0.2521259842519685
11
0.46
21
0.2521259842519685
0
LINE
8
BLACK
6
CONTINUOUS
10
0.46
20
0.2521259842519685
11
0.46
21
0.2425
0
LINE
8
BLACK
6
CONTINUOUS
10
0.46
20
0.2425
11
0.405
21
0.2425
0
LINE
8
BLACK
6
CONTINUOUS
10
0.405
20
0.2425
11
0.405
21
0.2521259842519685
0
LINE
8
BLACK
6
CONTINUOUS
10
0.405
20
0.2521259842519685
11
0.389251968503937
21
0.2521259842519685
0
LINE
8
BLACK
6
CONTINUOUS
10
0.389251968503937
20
0.2521259842519685
11
0.3877158267716536
21
0.2522772834645669
0
LINE
8
BLACK
6
CONTINUOUS
10
0.3877158267716536
20
0.2522772834645669
11
0.3848774015748032
21
0.2534529921259843
0
LINE
8
BLACK
6
CONTINUOUS
10
0.3848774015748032
20
0.2534529921259843
11
0.3836841732283465
21
0.2544322440944882
0
LINE
8
BLACK
6
CONTINUOUS
10
0.3836841732283465
20
0.2544322440944882
11
0.3249046456692913
21
0.3132118110236221
0
LINE
8
BLACK
6
CONTINUOUS
10
0.3249046456692913
20
0.3132118110236221
11
0.3239253937007874
21
0.314405
0
LINE
8
BLACK
6
CONTINUOUS
10
0.3239253937007874
20
0.314405
11
0.3227496850393701
21
0.3172434251968504
0
LINE
8
BLACK
6
CONTINUOUS
10
0.3227496850393701
20
0.3172434251968504
11
0.3225983858267716
21
0.3187795669291338
0
LINE
8
BLACK
6
CONTINUOUS
10
0.3225983858267716
20
0.3187795669291338
11
0.3225983858267716
21
0.3755432677165354
0
LINE
8
BLACK
6
CONTINUOUS
10
0.3225983858267716
20
0.3755432677165354
11
0.3225983858267716
21
0.4183858267716535
0
LINE
8
BLACK
6
CONTINUOUS
10
0.3225983858267716
20
0.4183858267716535
11
0.3227496850393701
21
0.419921968503937
0
LINE
8
BLACK
6
CONTINUOUS
10
0.3227496850393701
20
0.419921968503937
11
0.322755905511811
21
0.419936968503937
0
LINE
8
BLACK
6
CONTINUOUS
10
0.322755905511811
20
0.419936968503937
11
0.322755905511811
21
0.4469291338582677
0
LINE
8
BLACK
6
CONTINUOUS
10
0.322755905511811
20
0.4469291338582677
11
0.3404724409448819
21
0.4469291338582677
0
LINE
8
BLACK
6
CONTINUOUS
10
0.3404724409448819
20
0.4469291338582677
11
0.3404724409448819
21
0.3898425196850394
0
LINE
8
BLACK
6
CONTINUOUS
10
1.4877212992125983
20
1.0492125196850393
11
1.4895517322834646
21
1.0471000787401574
0
LINE
8
BLACK
6
CONTINUOUS
10
1.4895517322834646
20
1.0471000787401574
11
1.49
21
1.0450393700787401
0
LINE
8
BLACK
6
CONTINUOUS
10
1.49
20
1.0450393700787401
11
1.49
21
0.4949606299212598
0
LINE
8
BLACK
6
CONTINUOUS
10
1.49
20
0.4949606299212598
11
1.4892125196850394
21
0.4922787007874015
0
LINE
8
BLACK
6
CONTINUOUS
10
1.4892125196850394
20
0.4922787007874015
11
1.4871000787401574
21
0.4904482677165354
0
LINE
8
BLACK
6
CONTINUOUS
10
1.4871000787401574
20
0.4904482677165354
11
1.4850393700787401
21
0.49
0
LINE
8
BLACK
6
CONTINUOUS
10
1.4850393700787401
20
0.49
11
1.2050000000000001
21
0.49
0
LINE
8
BLACK
6
CONTINUOUS
10
1.2050000000000001
20
0.49
11
1.1161355118110237
21
0.49
0
LINE
8
BLACK
6
CONTINUOUS
10
1.1161355118110237
20
0.49
11
1.0603740157480315
21
0.4342385039370079
0
LINE
8
BLACK
6
CONTINUOUS
10
1.0603740157480315
20
0.4342385039370079
11
1.0603740157480315
21
0.3465905511811024
0
LINE
8
BLACK
6
CONTINUOUS
10
1.0603740157480315
20
0.3465905511811024
11
1.0641811023622048
21
0.3465905511811024
0
LINE
8
BLACK
6
CONTINUOUS
10
1.0641811023622048
20
0.3465905511811024
11
1.0641811023622048
21
0.2954094488188976
0
LINE
8
BLACK
6
CONTINUOUS
10
1.0641811023622048
20
0.2954094488188976
11
1.0603740157480315
21
0.2954094488188976
0
LINE
8
BLACK
6
CONTINUOUS
10
1.0603740157480315
20
0.2954094488188976
11
1.0603740157480315
21
0.2851850393700787
0
LINE
8
BLACK
6
CONTINUOUS
10
1.0603740157480315
20
0.2851850393700787
11
1.0700000000000001
21
0.2851850393700787
0
LINE
8
BLACK
6
CONTINUOUS
10
1.0700000000000001
20
0.2851850393700787
11
1.0700000000000001
21
0.2301850393700787
0
LINE
8
BLACK
6
CONTINUOUS
10
1.0700000000000001
20
0.2301850393700787
11
1.0349999999999999
21
0.2301850393700787
0
LINE
8
BLACK
6
CONTINUOUS
10
1.0349999999999999
20
0.2301850393700787
11
1.0349999999999999
21
0.2851850393700787
0
LINE
8
BLACK
6
CONTINUOUS
10
1.0349999999999999
20
0.2851850393700787
11
1.0446259842519685
21
0.2851850393700787
0
LINE
8
BLACK
6
CONTINUOUS
10
1.0446259842519685
20
0.2851850393700787
11
1.0446259842519685
21
0.2954094488188976
0
LINE
8
BLACK
6
CONTINUOUS
10
1.0446259842519685
20
0.2954094488188976
11
1.0366220472440946
21
0.2954094488188976
0
LINE
8
BLACK
6
CONTINUOUS
10
1.0366220472440946
20
0.2954094488188976
11
1.0366220472440946
21
0.3465905511811024
0
LINE
8
BLACK
6
CONTINUOUS
10
1.0366220472440946
20
0.3465905511811024
11
1.0446259842519685
21
0.3465905511811024
0
LINE
8
BLACK
6
CONTINUOUS
10
1.0446259842519685
20
0.3465905511811024
11
1.0446259842519685
21
0.4375
0
LINE
8
BLACK
6
CONTINUOUS
10
1.0446259842519685
20
0.4375
11
1.044777283464567
21
0.4390361417322834
0
LINE
8
BLACK
6
CONTINUOUS
10
1.044777283464567
20
0.4390361417322834
11
1.0459529921259842
21
0.4418745669291338
0
LINE
8
BLACK
6
CONTINUOUS
10
1.0459529921259842
20
0.4418745669291338
11
1.0469322440944882
21
0.4430677559055118
0
LINE
8
BLACK
6
CONTINUOUS
10
1.0469322440944882
20
0.4430677559055118
11
1.105
21
0.5011355118110236
0
LINE
8
BLACK
6
CONTINUOUS
10
1.105
20
0.5011355118110236
11
1.105
21
0.7399999606299212
0
LINE
8
BLACK
6
CONTINUOUS
10
1.105
20
0.7399999606299212
11
1.105
21
0.74
0
LINE
8
BLACK
6
CONTINUOUS
10
1.105
20
0.74
11
1.1030925590551182
21
0.7417438976377952
0
LINE
8
BLACK
6
CONTINUOUS
10
1.1030925590551182
20
0.7417438976377952
11
1.1016446062992127
21
0.7441347244094488
0
LINE
8
BLACK
6
CONTINUOUS
10
1.1016446062992127
20
0.7441347244094488
11
1.1015076377952755
21
0.7448748425196851
0
LINE
8
BLACK
6
CONTINUOUS
10
1.1015076377952755
20
0.7448748425196851
11
1.1012685039370078
21
0.7470995275590551
0
LINE
8
BLACK
6
CONTINUOUS
10
1.1012685039370078
20
0.7470995275590551
11
1.1012684645669291
21
0.7470995669291338
0
LINE
8
BLACK
6
CONTINUOUS
10
1.1012684645669291
20
0.7470995669291338
11
1.1012684645669291
21
0.7470998031496063
0
LINE
8
BLACK
6
CONTINUOUS
10
1.1012684645669291
20
0.7470998031496063
11
1.0993279133858267
21
0.752302716535433
0
LINE
8
BLACK
6
CONTINUOUS
10
1.0993279133858267
20
0.752302716535433
11
1.0960001181102361
21
0.7567481496062992
0
LINE
8
BLACK
6
CONTINUOUS
10
1.0960001181102361
20
0.7567481496062992
11
1.09155468503937
21
0.7600759448818898
0
LINE
8
BLACK
6
CONTINUOUS
10
1.09155468503937
20
0.7600759448818898
11
1.0863517716535434
21
0.7620164960629922
0
LINE
8
BLACK
6
CONTINUOUS
10
1.0863517716535434
20
0.7620164960629922
11
1.0840517716535434
21
0.7622637795275591
0
LINE
8
BLACK
6
CONTINUOUS
10
1.0840517716535434
20
0.7622637795275591
11
1.0825748031496063
21
0.7622637401574803
0
LINE
8
BLACK
6
CONTINUOUS
10
1.0825748031496063
20
0.7622637401574803
11
1.0798930314960629
21
0.7630511417322835
0
LINE
8
BLACK
6
CONTINUOUS
10
1.0798930314960629
20
0.7630511417322835
11
1.0792282677165355
21
0.7635626771653543
0
LINE
8
BLACK
6
CONTINUOUS
10
1.0792282677165355
20
0.7635626771653543
11
0.9299999999999999
21
0.9
0
LINE
8
BLACK
6
CONTINUOUS
10
0.9299999999999999
20
0.9
11
0.7549606299212598
21
0.9
0
LINE
8
BLACK
6
CONTINUOUS
10
0.7549606299212598
20
0.9
11
0.7522787007874016
21
0.9007874803149606
0
LINE
8
BLACK
6
CONTINUOUS
10
0.7522787007874016
20
0.9007874803149606
11
0.7504482677165354
21
0.9028999212598425
0
LINE
8
BLACK
6
CONTINUOUS
10
0.7504482677165354
20
0.9028999212598425
11
0.75
21
0.9049606299212598
0
LINE
8
BLACK
6
CONTINUOUS
10
0.75
20
0.9049606299212598
11
0.75
21
1.0450393700787401
0
LINE
8
BLACK
6
CONTINUOUS
10
0.75
20
1.0450393700787401
11
0.7507874803149606
21
1.0477212992125984
0
LINE
8
BLACK
6
CONTINUOUS
10
0.7507874803149606
20
1.0477212992125984
11
0.7528999212598425
21
1.0495517322834644
0
LINE
8
BLACK
6
CONTINUOUS
10
0.7528999212598425
20
1.0495517322834644
11
0.7549606299212598
21
1.05
0
LINE
8
BLACK
6
CONTINUOUS
10
0.7549606299212598
20
1.05
11
1.4850393700787401
21
1.05
0
LINE
8
BLACK
6
CONTINUOUS
10
1.4850393700787401
20
1.05
11
1.4877212992125983
21
1.0492125196850393
0
LINE
8
BLACK
6
CONTINUOUS
10
0.9455955511811024
20
0.8592125196850393
11
0.946260905511811
21
0.8587004724409448
0
LINE
8
BLACK
6
CONTINUOUS
10
0.946260905511811
20
0.8587004724409448
11
1.066065
21
0.7491652362204724
0
LINE
8
BLACK
6
CONTINUOUS
10
1.066065
20
0.7491652362204724
11
1.0673317322834646
21
0.7481020866141732
0
LINE
8
BLACK
6
CONTINUOUS
10
1.0673317322834646
20
0.7481020866141732
11
1.0679964173228347
21
0.747590590551181
0
LINE
8
BLACK
6
CONTINUOUS
10
1.0679964173228347
20
0.747590590551181
11
1.0693462992125984
21
0.7466400393700787
0
LINE
8
BLACK
6
CONTINUOUS
10
1.0693462992125984
20
0.7466400393700787
11
1.0693467322834644
21
0.7466397637795276
0
LINE
8
BLACK
6
CONTINUOUS
10
1.0693467322834644
20
0.7466397637795276
11
1.074396968503937
21
0.7443335039370078
0
LINE
8
BLACK
6
CONTINUOUS
10
1.074396968503937
20
0.7443335039370078
11
1.074397283464567
21
0.7443333464566929
0
LINE
8
BLACK
6
CONTINUOUS
10
1.074397283464567
20
0.7443333464566929
11
1.0770790944881889
21
0.7435459448818897
0
LINE
8
BLACK
6
CONTINUOUS
10
1.0770790944881889
20
0.7435459448818897
11
1.078570157480315
21
0.7433315748031496
0
LINE
8
BLACK
6
CONTINUOUS
10
1.078570157480315
20
0.7433315748031496
11
1.0793996456692914
21
0.7429527559055118
0
LINE
8
BLACK
6
CONTINUOUS
10
1.0793996456692914
20
0.7429527559055118
11
1.0822047244094488
21
0.7429527559055118
0
LINE
8
BLACK
6
CONTINUOUS
10
1.0822047244094488
20
0.7429527559055118
11
1.0822047244094488
21
0.7406394881889764
0
LINE
8
BLACK
6
CONTINUOUS
10
1.0822047244094488
20
0.7406394881889764
11
1.0824663779527559
21
0.740272716535433
0
LINE
8
BLACK
6
CONTINUOUS
10
1.0824663779527559
20
0.740272716535433
11
1.082616220472441
21
0.7399001181102361
0
LINE
8
BLACK
6
CONTINUOUS
10
1.082616220472441
20
0.7399001181102361
11
1.0827871259842519
21
0.7391394488188976
0
LINE
8
BLACK
6
CONTINUOUS
10
1.0827871259842519
20
0.7391394488188976
11
1.0849583070866142
21
0.7340290157480315
0
LINE
8
BLACK
6
CONTINUOUS
10
1.0849583070866142
20
0.7340290157480315
11
1.0850166141732283
21
0.7339326771653543
0
LINE
8
BLACK
6
CONTINUOUS
10
1.0850166141732283
20
0.7339326771653543
11
1.0851337401574803
21
0.7336415748031496
0
LINE
8
BLACK
6
CONTINUOUS
10
1.0851337401574803
20
0.7336415748031496
11
1.0851930314960629
21
0.7330308661417323
0
LINE
8
BLACK
6
CONTINUOUS
10
1.0851930314960629
20
0.7330308661417323
11
1.085492125984252
21
0.7317903149606299
0
LINE
8
BLACK
6
CONTINUOUS
10
1.085492125984252
20
0.7317903149606299
11
1.085492125984252
21
0.5109922834645669
0
LINE
8
BLACK
6
CONTINUOUS
10
1.085492125984252
20
0.5109922834645669
11
1.0847046456692913
21
0.5083103543307087
0
LINE
8
BLACK
6
CONTINUOUS
10
1.0847046456692913
20
0.5083103543307087
11
1.0840391732283465
21
0.5074846062992125
0
LINE
8
BLACK
6
CONTINUOUS
10
1.0840391732283465
20
0.5074846062992125
11
1.0730075196850393
21
0.4964529527559055
0
LINE
8
BLACK
6
CONTINUOUS
10
1.0730075196850393
20
0.4964529527559055
11
1.0705542913385826
21
0.4951133464566929
0
LINE
8
BLACK
6
CONTINUOUS
10
1.0705542913385826
20
0.4951133464566929
11
1.0694998425196851
21
0.495
0
LINE
8
BLACK
6
CONTINUOUS
10
1.0694998425196851
20
0.495
11
0.8808740157480315
21
0.495
0
LINE
8
BLACK
6
CONTINUOUS
10
0.8808740157480315
20
0.495
11
0.8808740157480315
21
0.481
0
LINE
8
BLACK
6
CONTINUOUS
10
0.8808740157480315
20
0.481
11
0.8807227165354331
21
0.4794638582677165
0
LINE
8
BLACK
6
CONTINUOUS
10
0.8807227165354331
20
0.4794638582677165
11
0.8795470078740157
21
0.4766254330708661
0
LINE
8
BLACK
6
CONTINUOUS
10
0.8795470078740157
20
0.4766254330708661
11
0.8785677559055118
21
0.4754322440944882
0
LINE
8
BLACK
6
CONTINUOUS
10
0.8785677559055118
20
0.4754322440944882
11
0.8521990157480315
21
0.4490635039370079
0
LINE
8
BLACK
6
CONTINUOUS
10
0.8521990157480315
20
0.4490635039370079
11
0.8510058267716535
21
0.4480842519685039
0
LINE
8
BLACK
6
CONTINUOUS
10
0.8510058267716535
20
0.4480842519685039
11
0.8481674015748031
21
0.4469085433070866
0
LINE
8
BLACK
6
CONTINUOUS
10
0.8481674015748031
20
0.4469085433070866
11
0.8466312598425196
21
0.4467572440944882
0
LINE
8
BLACK
6
CONTINUOUS
10
0.8466312598425196
20
0.4467572440944882
11
0.6326783464566929
21
0.4467572440944882
0
LINE
8
BLACK
6
CONTINUOUS
10
0.6326783464566929
20
0.4467572440944882
11
0.5603533070866141
21
0.3744322440944882
0
LINE
8
BLACK
6
CONTINUOUS
10
0.5603533070866141
20
0.3744322440944882
11
0.5591601181102362
21
0.3734529921259843
0
LINE
8
BLACK
6
CONTINUOUS
10
0.5591601181102362
20
0.3734529921259843
11
0.5563216929133858
21
0.3722772834645669
0
LINE
8
BLACK
6
CONTINUOUS
10
0.5563216929133858
20
0.3722772834645669
11
0.5547855511811024
21
0.3721259842519685
0
LINE
8
BLACK
6
CONTINUOUS
10
0.5547855511811024
20
0.3721259842519685
11
0.4687296456692913
21
0.3721259842519685
0
LINE
8
BLACK
6
CONTINUOUS
10
0.4687296456692913
20
0.3721259842519685
11
0.42
21
0.3721259842519685
0
LINE
8
BLACK
6
CONTINUOUS
10
0.42
20
0.3721259842519685
11
0.4184638582677165
21
0.3722772834645669
0
LINE
8
BLACK
6
CONTINUOUS
10
0.4184638582677165
20
0.3722772834645669
11
0.4156254330708661
21
0.3734529921259843
0
LINE
8
BLACK
6
CONTINUOUS
10
0.4156254330708661
20
0.3734529921259843
11
0.4144322047244094
21
0.3744322440944882
0
LINE
8
BLACK
6
CONTINUOUS
10
0.4144322047244094
20
0.3744322440944882
11
0.403959842519685
21
0.3849046456692913
0
LINE
8
BLACK
6
CONTINUOUS
10
0.403959842519685
20
0.3849046456692913
11
0.4029805905511811
21
0.3860978346456693
0
LINE
8
BLACK
6
CONTINUOUS
10
0.4029805905511811
20
0.3860978346456693
11
0.4018048818897638
21
0.3889362598425197
0
LINE
8
BLACK
6
CONTINUOUS
10
0.4018048818897638
20
0.3889362598425197
11
0.4017156299212598
21
0.3898425196850394
0
LINE
8
BLACK
6
CONTINUOUS
10
0.4017156299212598
20
0.3898425196850394
11
0.3995275590551181
21
0.3898425196850394
0
LINE
8
BLACK
6
CONTINUOUS
10
0.3995275590551181
20
0.3898425196850394
11
0.3995275590551181
21
0.4469291338582677
0
LINE
8
BLACK
6
CONTINUOUS
10
0.3995275590551181
20
0.4469291338582677
11
0.4172440944881889
21
0.4469291338582677
0
LINE
8
BLACK
6
CONTINUOUS
10
0.4172440944881889
20
0.4469291338582677
11
0.4172440944881889
21
0.419936968503937
0
LINE
8
BLACK
6
CONTINUOUS
10
0.4172440944881889
20
0.419936968503937
11
0.4172503149606299
21
0.419921968503937
0
LINE
8
BLACK
6
CONTINUOUS
10
0.4172503149606299
20
0.419921968503937
11
0.4174016141732284
21
0.4183858267716535
0
LINE
8
BLACK
6
CONTINUOUS
10
0.4174016141732284
20
0.4183858267716535
11
0.4174016141732284
21
0.3937338976377953
0
LINE
8
BLACK
6
CONTINUOUS
10
0.4174016141732284
20
0.3937338976377953
11
0.4232615354330709
21
0.3878740157480315
0
LINE
8
BLACK
6
CONTINUOUS
10
0.4232615354330709
20
0.3878740157480315
11
0.4687296456692913
21
0.3878740157480315
0
LINE
8
BLACK
6
CONTINUOUS
10
0.4687296456692913
20
0.3878740157480315
11
0.5515240551181102
21
0.3878740157480315
0
LINE
8
BLACK
6
CONTINUOUS
10
0.5515240551181102
20
0.3878740157480315
11
0.6238490157480315
21
0.4601990157480315
0
LINE
8
BLACK
6
CONTINUOUS
10
0.6238490157480315
20
0.4601990157480315
11
0.6250422440944882
21
0.4611782677165354
0
LINE
8
BLACK
6
CONTINUOUS
10
0.6250422440944882
20
0.4611782677165354
11
0.6278806692913386
21
0.4623539763779527
0
LINE
8
BLACK
6
CONTINUOUS
10
0.6278806692913386
20
0.4623539763779527
11
0.629416811023622
21
0.4625052755905512
0
LINE
8
BLACK
6
CONTINUOUS
10
0.629416811023622
20
0.4625052755905512
11
0.8433697637795275
21
0.4625052755905512
0
LINE
8
BLACK
6
CONTINUOUS
10
0.8433697637795275
20
0.4625052755905512
11
0.8651259842519685
21
0.4842614960629921
0
LINE
8
BLACK
6
CONTINUOUS
10
0.8651259842519685
20
0.4842614960629921
11
0.8651259842519685
21
0.4993814566929134
0
LINE
8
BLACK
6
CONTINUOUS
10
0.8651259842519685
20
0.4993814566929134
11
0.865
21
0.4999606299212598
0
LINE
8
BLACK
6
CONTINUOUS
10
0.865
20
0.4999606299212598
11
0.865
21
0.72
0
LINE
8
BLACK
6
CONTINUOUS
10
0.865
20
0.72
11
0.8049606299212598
21
0.72
0
LINE
8
BLACK
6
CONTINUOUS
10
0.8049606299212598
20
0.72
11
0.8022787007874016
21
0.7207874803149606
0
LINE
8
BLACK
6
CONTINUOUS
10
0.8022787007874016
20
0.7207874803149606
11
0.8004482677165354
21
0.7228999212598425
0
LINE
8
BLACK
6
CONTINUOUS
10
0.8004482677165354
20
0.7228999212598425
11
0.7999999999999999
21
0.7249606299212599
0
LINE
8
BLACK
6
CONTINUOUS
10
0.7999999999999999
20
0.7249606299212599
11
0.7999999999999999
21
0.8550393700787401
0
LINE
8
BLACK
6
CONTINUOUS
10
0.7999999999999999
20
0.8550393700787401
11
0.8007874803149606
21
0.8577212992125984
0
LINE
8
BLACK
6
CONTINUOUS
10
0.8007874803149606
20
0.8577212992125984
11
0.8028999212598426
21
0.8595517322834646
0
LINE
8
BLACK
6
CONTINUOUS
10
0.8028999212598426
20
0.8595517322834646
11
0.8049606299212598
21
0.86
0
LINE
8
BLACK
6
CONTINUOUS
10
0.8049606299212598
20
0.86
11
0.942913622047244
21
0.86
0
LINE
8
BLACK
6
CONTINUOUS
10
0.942913622047244
20
0.86
11
0.9455955511811024
21
0.8592125196850393
0
LINE
8
BLACK
6
CONTINUOUS
10
0.3660629921259843
20
0.3898425196850394
11
0.3483464566929134
21
0.3898425196850394
0
LINE
8
BLACK
6
CONTINUOUS
10
0.3483464566929134
20
0.3898425196850394
11
0.3483464566929134
21
0.4469291338582677
0
LINE
8
BLACK
6
CONTINUOUS
10
0.3483464566929134
20
0.4469291338582677
11
0.3660629921259843
21
0.4469291338582677
0
LINE
8
BLACK
6
CONTINUOUS
10
0.3660629921259843
20
0.4469291338582677
11
0.3660629921259843
21
0.3898425196850394
0
LINE
8
BLACK
6
CONTINUOUS
10
0.6677212992125984
20
1.4942125196850393
11
0.6695517322834645
21
1.4921000787401575
0
LINE
8
BLACK
6
CONTINUOUS
10
0.6695517322834645
20
1.4921000787401575
11
0.67
21
1.4900393700787402
0
LINE
8
BLACK
6
CONTINUOUS
10
0.67
20
1.4900393700787402
11
0.67
21
1.1749606299212598
0
LINE
8
BLACK
6
CONTINUOUS
10
0.67
20
1.1749606299212598
11
0.6692125196850394
21
1.1722787007874016
0
LINE
8
BLACK
6
CONTINUOUS
10
0.6692125196850394
20
1.1722787007874016
11
0.6671000787401574
21
1.1704482677165353
0
LINE
8
BLACK
6
CONTINUOUS
10
0.6671000787401574
20
1.1704482677165353
11
0.6650393700787401
21
1.1699999999999999
0
LINE
8
BLACK
6
CONTINUOUS
10
0.6650393700787401
20
1.1699999999999999
11
0.65045
21
1.1699999999999999
0
LINE
8
BLACK
6
CONTINUOUS
10
0.65045
20
1.1699999999999999
11
0.65045
21
1.1695
0
LINE
8
BLACK
6
CONTINUOUS
10
0.65045
20
1.1695
11
0.57955
21
1.1695
0
LINE
8
BLACK
6
CONTINUOUS
10
0.57955
20
1.1695
11
0.57955
21
1.1699999999999999
0
LINE
8
BLACK
6
CONTINUOUS
10
0.57955
20
1.1699999999999999
11
0.4925
21
1.1699999999999999
0
LINE
8
BLACK
6
CONTINUOUS
10
0.4925
20
1.1699999999999999
11
0.4925
21
1.0199606299212598
0
LINE
8
BLACK
6
CONTINUOUS
10
0.4925
20
1.0199606299212598
11
0.4917125196850394
21
1.0172787007874016
0
LINE
8
BLACK
6
CONTINUOUS
10
0.4917125196850394
20
1.0172787007874016
11
0.4896000787401575
21
1.0154482677165355
0
LINE
8
BLACK
6
CONTINUOUS
10
0.4896000787401575
20
1.0154482677165355
11
0.4875393700787402
21
1.0149999999999999
0
LINE
8
BLACK
6
CONTINUOUS
10
0.4875393700787402
20
1.0149999999999999
11
0.12
21
1.0149999999999999
0
LINE
8
BLACK
6
CONTINUOUS
10
0.12
20
1.0149999999999999
11
0.12
21
0.9929694881889763
0
LINE
8
BLACK
6
CONTINUOUS
10
0.12
20
0.9929694881889763
11
0.1192125196850394
21
0.9902875590551181
0
LINE
8
BLACK
6
CONTINUOUS
10
0.1192125196850394
20
0.9902875590551181
11
0.1190105118110236
21
0.9899966141732284
0
LINE
8
BLACK
6
CONTINUOUS
10
0.1190105118110236
20
0.9899966141732284
11
0.1185263385826772
21
0.9893498818897638
0
LINE
8
BLACK
6
CONTINUOUS
10
0.1185263385826772
20
0.9893498818897638
11
0.1165858661417323
21
0.9841470866141732
0
LINE
8
BLACK
6
CONTINUOUS
10
0.1165858661417323
20
0.9841470866141732
11
0.1163385826771653
21
0.9818473228346456
0
LINE
8
BLACK
6
CONTINUOUS
10
0.1163385826771653
20
0.9818473228346456
11
0.1163385826771653
21
0.8281532677165354
0
LINE
8
BLACK
6
CONTINUOUS
10
0.1163385826771653
20
0.8281532677165354
11
0.1163386614173228
21
0.8281524409448818
0
LINE
8
BLACK
6
CONTINUOUS
10
0.1163386614173228
20
0.8281524409448818
11
0.1165857874015748
21
0.8258531889763779
0
LINE
8
BLACK
6
CONTINUOUS
10
0.1165857874015748
20
0.8258531889763779
11
0.1165858661417323
21
0.8258529133858268
0
LINE
8
BLACK
6
CONTINUOUS
10
0.1165858661417323
20
0.8258529133858268
11
0.1185263779527559
21
0.8206500393700787
0
LINE
8
BLACK
6
CONTINUOUS
10
0.1185263779527559
20
0.8206500393700787
11
0.1185264173228346
21
0.8206499606299212
0
LINE
8
BLACK
6
CONTINUOUS
10
0.1185264173228346
20
0.8206499606299212
11
0.1190106299212598
21
0.8200031496062992
0
LINE
8
BLACK
6
CONTINUOUS
10
0.1190106299212598
20
0.8200031496062992
11
0.1199873622047244
21
0.8173842519685039
0
LINE
8
BLACK
6
CONTINUOUS
10
0.1199873622047244
20
0.8173842519685039
11
0.12
21
0.8170304724409448
0
LINE
8
BLACK
6
CONTINUOUS
10
0.12
20
0.8170304724409448
11
0.12
21
0.8049999999999999
0
LINE
8
BLACK
6
CONTINUOUS
10
0.12
20
0.8049999999999999
11
0.2469070866141732
21
0.8049999999999999
0
LINE
8
BLACK
6
CONTINUOUS
10
0.2469070866141732
20
0.8049999999999999
11
0.2495890157480315
21
0.8042125196850394
0
LINE
8
BLACK
6
CONTINUOUS
10
0.2495890157480315
20
0.8042125196850394
11
0.2514194488188976
21
0.8021000787401574
0
LINE
8
BLACK
6
CONTINUOUS
10
0.2514194488188976
20
0.8021000787401574
11
0.2518172440944882
21
0.7993333858267716
0
LINE
8
BLACK
6
CONTINUOUS
10
0.2518172440944882
20
0.7993333858267716
11
0.2515549606299213
21
0.7983058267716535
0
LINE
8
BLACK
6
CONTINUOUS
10
0.2515549606299213
20
0.7983058267716535
11
0.2509362598425197
21
0.7966470472440945
0
LINE
8
BLACK
6
CONTINUOUS
10
0.2509362598425197
20
0.7966470472440945
11
0.2506889763779527
21
0.7943473228346456
0
LINE
8
BLACK
6
CONTINUOUS
10
0.2506889763779527
20
0.7943473228346456
11
0.2506889763779527
21
0.7356532677165354
0
LINE
8
BLACK
6
CONTINUOUS
10
0.2506889763779527
20
0.7356532677165354
11
0.2506890551181102
21
0.7356524409448819
0
LINE
8
BLACK
6
CONTINUOUS
10
0.2506890551181102
20
0.7356524409448819
11
0.2509361811023622
21
0.7333531889763779
0
LINE
8
BLACK
6
CONTINUOUS
10
0.2509361811023622
20
0.7333531889763779
11
0.2509362598425197
21
0.7333529133858268
0
LINE
8
BLACK
6
CONTINUOUS
10
0.2509362598425197
20
0.7333529133858268
11
0.2528767716535433
21
0.7281500787401575
0
LINE
8
BLACK
6
CONTINUOUS
10
0.2528767716535433
20
0.7281500787401575
11
0.2548809842519685
21
0.7254727559055117
0
LINE
8
BLACK
6
CONTINUOUS
10
0.2548809842519685
20
0.7254727559055117
11
0.2558577559055118
21
0.7228538582677165
0
LINE
8
BLACK
6
CONTINUOUS
10
0.2558577559055118
20
0.7228538582677165
11
0.2552635826771654
21
0.7201225984251969
0
LINE
8
BLACK
6
CONTINUOUS
10
0.2552635826771654
20
0.7201225984251969
11
0.2548809842519685
21
0.7195272440944882
0
LINE
8
BLACK
6
CONTINUOUS
10
0.2548809842519685
20
0.7195272440944882
11
0.2528767716535433
21
0.7168498818897637
0
LINE
8
BLACK
6
CONTINUOUS
10
0.2528767716535433
20
0.7168498818897637
11
0.2509362598425197
21
0.7116470866141732
0
LINE
8
BLACK
6
CONTINUOUS
10
0.2509362598425197
20
0.7116470866141732
11
0.2506889763779527
21
0.7093473228346456
0
LINE
8
BLACK
6
CONTINUOUS
10
0.2506889763779527
20
0.7093473228346456
11
0.2506889763779527
21
0.6506532677165354
0
LINE
8
BLACK
6
CONTINUOUS
10
0.2506889763779527
20
0.6506532677165354
11
0.2506890551181102
21
0.6506524409448818
0
LINE
8
BLACK
6
CONTINUOUS
10
0.2506890551181102
20
0.6506524409448818
11
0.2509361811023622
21
0.6483531889763779
0
LINE
8
BLACK
6
CONTINUOUS
10
0.2509361811023622
20
0.6483531889763779
11
0.2509362598425197
21
0.6483529133858268
0
LINE
8
BLACK
6
CONTINUOUS
10
0.2509362598425197
20
0.6483529133858268
11
0.2528767716535433
21
0.6431500787401575
0
LINE
8
BLACK
6
CONTINUOUS
10
0.2528767716535433
20
0.6431500787401575
11
0.2562045669291338
21
0.6387045669291338
0
LINE
8
BLACK
6
CONTINUOUS
10
0.2562045669291338
20
0.6387045669291338
11
0.2606500393700787
21
0.6353767716535433
0
LINE
8
BLACK
6
CONTINUOUS
10
0.2606500393700787
20
0.6353767716535433
11
0.2606499606299212
21
0.6353767716535433
0
LINE
8
BLACK
6
CONTINUOUS
10
0.2606499606299212
20
0.6353767716535433
11
0.261773031496063
21
0.6349579133858267
0
LINE
8
BLACK
6
CONTINUOUS
10
0.261773031496063
20
0.6349579133858267
11
0.2640106299212598
21
0.6332827952755905
0
LINE
8
BLACK
6
CONTINUOUS
10
0.2640106299212598
20
0.6332827952755905
11
0.2649873622047244
21
0.6306638582677165
0
LINE
8
BLACK
6
CONTINUOUS
10
0.2649873622047244
20
0.6306638582677165
11
0.265
21
0.6303100787401574
0
LINE
8
BLACK
6
CONTINUOUS
10
0.265
20
0.6303100787401574
11
0.265
21
0.5599999999999999
0
LINE
8
BLACK
6
CONTINUOUS
10
0.265
20
0.5599999999999999
11
0.2998465354330709
21
0.5599999999999999
0
LINE
8
BLACK
6
CONTINUOUS
10
0.2998465354330709
20
0.5599999999999999
11
0.3025284645669291
21
0.5592125196850394
0
LINE
8
BLACK
6
CONTINUOUS
10
0.3025284645669291
20
0.5592125196850394
11
0.3043588976377953
21
0.5571000787401574
0
LINE
8
BLACK
6
CONTINUOUS
10
0.3043588976377953
20
0.5571000787401574
11
0.3044944094488189
21
0.556772874015748
0
LINE
8
BLACK
6
CONTINUOUS
10
0.3044944094488189
20
0.556772874015748
11
0.3056326771653543
21
0.5537209448818897
0
LINE
8
BLACK
6
CONTINUOUS
10
0.3056326771653543
20
0.5537209448818897
11
0.3089604724409449
21
0.5492754330708661
0
LINE
8
BLACK
6
CONTINUOUS
10
0.3089604724409449
20
0.5492754330708661
11
0.3134059842519685
21
0.5459476377952756
0
LINE
8
BLACK
6
CONTINUOUS
10
0.3134059842519685
20
0.5459476377952756
11
0.3186088188976378
21
0.5440071259842519
0
LINE
8
BLACK
6
CONTINUOUS
10
0.3186088188976378
20
0.5440071259842519
11
0.3186087401574803
21
0.5440071259842519
0
LINE
8
BLACK
6
CONTINUOUS
10
0.3186087401574803
20
0.5440071259842519
11
0.320908779527559
21
0.543759842519685
0
LINE
8
BLACK
6
CONTINUOUS
10
0.320908779527559
20
0.543759842519685
11
0.3209088582677165
21
0.543759842519685
0
LINE
8
BLACK
6
CONTINUOUS
10
0.3209088582677165
20
0.543759842519685
11
0.3423191338582677
21
0.543759842519685
0
LINE
8
BLACK
6
CONTINUOUS
10
0.3423191338582677
20
0.543759842519685
11
0.3423200787401575
21
0.5437599212598425
0
LINE
8
BLACK
6
CONTINUOUS
10
0.3423200787401575
20
0.5437599212598425
11
0.3438791732283464
21
0.5439275196850394
0
LINE
8
BLACK
6
CONTINUOUS
10
0.3438791732283464
20
0.5439275196850394
11
0.3449395669291339
21
0.5439275196850394
0
LINE
8
BLACK
6
CONTINUOUS
10
0.3449395669291339
20
0.5439275196850394
11
0.346499251968504
21
0.543759842519685
0
LINE
8
BLACK
6
CONTINUOUS
10
0.346499251968504
20
0.543759842519685
11
0.3464994094488189
21
0.543759842519685
0
LINE
8
BLACK
6
CONTINUOUS
10
0.3464994094488189
20
0.543759842519685
11
0.36790968503937
21
0.543759842519685
0
LINE
8
BLACK
6
CONTINUOUS
10
0.36790968503937
20
0.543759842519685
11
0.3679106299212598
21
0.5437599212598425
0
LINE
8
BLACK
6
CONTINUOUS
10
0.3679106299212598
20
0.5437599212598425
11
0.3694697244094488
21
0.5439275196850394
0
LINE
8
BLACK
6
CONTINUOUS
10
0.3694697244094488
20
0.5439275196850394
11
0.3705301181102362
21
0.5439275196850394
0
LINE
8
BLACK
6
CONTINUOUS
10
0.3705301181102362
20
0.5439275196850394
11
0.3720898031496063
21
0.543759842519685
0
LINE
8
BLACK
6
CONTINUOUS
10
0.3720898031496063
20
0.543759842519685
11
0.3720899606299212
21
0.543759842519685
0
LINE
8
BLACK
6
CONTINUOUS
10
0.3720899606299212
20
0.543759842519685
11
0.3935002362204724
21
0.543759842519685
0
LINE
8
BLACK
6
CONTINUOUS
10
0.3935002362204724
20
0.543759842519685
11
0.3935010629921259
21
0.5437599212598425
0
LINE
8
BLACK
6
CONTINUOUS
10
0.3935010629921259
20
0.5437599212598425
11
0.3958003149606299
21
0.5440070472440944
0
LINE
8
BLACK
6
CONTINUOUS
10
0.3958003149606299
20
0.5440070472440944
11
0.3958005905511811
21
0.5440071259842519
0
LINE
8
BLACK
6
CONTINUOUS
10
0.3958005905511811
20
0.5440071259842519
11
0.4010034251968504
21
0.5459476377952756
0
LINE
8
BLACK
6
CONTINUOUS
10
0.4010034251968504
20
0.5459476377952756
11
0.4010035039370078
21
0.5459476771653543
0
LINE
8
BLACK
6
CONTINUOUS
10
0.4010035039370078
20
0.5459476771653543
11
0.4024796456692913
21
0.5470527165354331
0
LINE
8
BLACK
6
CONTINUOUS
10
0.4024796456692913
20
0.5470527165354331
11
0.405448937007874
21
0.5492754330708661
0
LINE
8
BLACK
6
CONTINUOUS
10
0.405448937007874
20
0.5492754330708661
11
0.4071128346456693
21
0.5514981889763779
0
LINE
8
BLACK
6
CONTINUOUS
10
0.4071128346456693
20
0.5514981889763779
11
0.4087767322834646
21
0.553720905511811
0
LINE
8
BLACK
6
CONTINUOUS
10
0.4087767322834646
20
0.553720905511811
11
0.4107172834645669
21
0.5589238188976378
0
LINE
8
BLACK
6
CONTINUOUS
10
0.4107172834645669
20
0.5589238188976378
11
0.4109645669291339
21
0.5612238188976377
0
LINE
8
BLACK
6
CONTINUOUS
10
0.4109645669291339
20
0.5612238188976377
11
0.4109645669291339
21
0.5630708661417323
0
LINE
8
BLACK
6
CONTINUOUS
10
0.4109645669291339
20
0.5630708661417323
11
0.3995275590551181
21
0.5630708661417323
0
LINE
8
BLACK
6
CONTINUOUS
10
0.3995275590551181
20
0.5630708661417323
11
0.3995275590551181
21
0.6201574803149607
0
LINE
8
BLACK
6
CONTINUOUS
10
0.3995275590551181
20
0.6201574803149607
11
0.4110627952755905
21
0.6201574803149607
0
LINE
8
BLACK
6
CONTINUOUS
10
0.4110627952755905
20
0.6201574803149607
11
0.4117520078740157
21
0.6225047637795276
0
LINE
8
BLACK
6
CONTINUOUS
10
0.4117520078740157
20
0.6225047637795276
11
0.4138644488188976
21
0.6243351968503937
0
LINE
8
BLACK
6
CONTINUOUS
10
0.4138644488188976
20
0.6243351968503937
11
0.4159251574803149
21
0.6247834645669291
0
LINE
8
BLACK
6
CONTINUOUS
10
0.4159251574803149
20
0.6247834645669291
11
0.6204837007874016
21
0.6247834645669291
0
LINE
8
BLACK
6
CONTINUOUS
10
0.6204837007874016
20
0.6247834645669291
11
0.6253554330708662
21
0.6257525196850393
0
LINE
8
BLACK
6
CONTINUOUS
10
0.6253554330708662
20
0.6257525196850393
11
0.6253556299212598
21
0.6257525984251968
0
LINE
8
BLACK
6
CONTINUOUS
10
0.6253556299212598
20
0.6257525984251968
11
0.6260276377952756
21
0.6260309448818897
0
LINE
8
BLACK
6
CONTINUOUS
10
0.6260276377952756
20
0.6260309448818897
11
0.6299445275590551
21
0.6276533858267717
0
LINE
8
BLACK
6
CONTINUOUS
10
0.6299445275590551
20
0.6276533858267717
11
0.6308020866141733
21
0.6282263779527559
0
LINE
8
BLACK
6
CONTINUOUS
10
0.6308020866141733
20
0.6282263779527559
11
0.6319682283464567
21
0.6290055511811024
0
LINE
8
BLACK
6
CONTINUOUS
10
0.6319682283464567
20
0.6290055511811024
11
0.6319684251968504
21
0.6290057086614174
0
LINE
8
BLACK
6
CONTINUOUS
10
0.6319684251968504
20
0.6290057086614174
11
0.6334564566929134
21
0.63
0
LINE
8
BLACK
6
CONTINUOUS
10
0.6334564566929134
20
0.63
11
0.635
21
0.63
0
LINE
8
BLACK
6
CONTINUOUS
10
0.635
20
0.63
11
0.635
21
0.6313384251968504
0
LINE
8
BLACK
6
CONTINUOUS
10
0.635
20
0.6313384251968504
11
0.6514228740157481
21
0.6477612992125984
0
LINE
8
BLACK
6
CONTINUOUS
10
0.6514228740157481
20
0.6477612992125984
11
0.6519134645669291
21
0.6495922047244095
0
LINE
8
BLACK
6
CONTINUOUS
10
0.6519134645669291
20
0.6495922047244095
11
0.6534797637795275
21
0.6523051181102362
0
LINE
8
BLACK
6
CONTINUOUS
10
0.6534797637795275
20
0.6523051181102362
11
0.6556948818897638
21
0.6545202362204724
0
LINE
8
BLACK
6
CONTINUOUS
10
0.6556948818897638
20
0.6545202362204724
11
0.6584077952755906
21
0.6560865354330708
0
LINE
8
BLACK
6
CONTINUOUS
10
0.6584077952755906
20
0.6560865354330708
11
0.6602386614173228
21
0.6565770866141732
0
LINE
8
BLACK
6
CONTINUOUS
10
0.6602386614173228
20
0.6565770866141732
11
0.6658975984251968
21
0.6622360236220473
0
LINE
8
BLACK
6
CONTINUOUS
10
0.6658975984251968
20
0.6622360236220473
11
0.6683508267716536
21
0.6635756299212598
0
LINE
8
BLACK
6
CONTINUOUS
10
0.6683508267716536
20
0.6635756299212598
11
0.6694052755905512
21
0.6636889763779528
0
LINE
8
BLACK
6
CONTINUOUS
10
0.6694052755905512
20
0.6636889763779528
11
0.7000840551181102
21
0.6636889763779528
0
LINE
8
BLACK
6
CONTINUOUS
10
0.7000840551181102
20
0.6636889763779528
11
0.7040716141732283
21
0.6644821653543307
0
LINE
8
BLACK
6
CONTINUOUS
10
0.7040716141732283
20
0.6644821653543307
11
0.7068556299212598
21
0.6642330314960629
0
LINE
8
BLACK
6
CONTINUOUS
10
0.7068556299212598
20
0.6642330314960629
11
0.7090629921259842
21
0.6625182677165354
0
LINE
8
BLACK
6
CONTINUOUS
10
0.7090629921259842
20
0.6625182677165354
11
0.7099928740157481
21
0.6598823622047244
0
LINE
8
BLACK
6
CONTINUOUS
10
0.7099928740157481
20
0.6598823622047244
11
0.71
21
0.6596168503937008
0
LINE
8
BLACK
6
CONTINUOUS
10
0.71
20
0.6596168503937008
11
0.71
21
0.4867769291338583
0
LINE
8
BLACK
6
CONTINUOUS
10
0.71
20
0.4867769291338583
11
0.7092125196850394
21
0.484095
0
LINE
8
BLACK
6
CONTINUOUS
10
0.7092125196850394
20
0.484095
11
0.7071000787401575
21
0.4822645669291338
0
LINE
8
BLACK
6
CONTINUOUS
10
0.7071000787401575
20
0.4822645669291338
11
0.7050393700787402
21
0.4818162992125984
0
LINE
8
BLACK
6
CONTINUOUS
10
0.7050393700787402
20
0.4818162992125984
11
0.6267393307086614
21
0.4818162992125984
0
LINE
8
BLACK
6
CONTINUOUS
10
0.6267393307086614
20
0.4818162992125984
11
0.6223585826771654
21
0.4809448818897638
0
LINE
8
BLACK
6
CONTINUOUS
10
0.6223585826771654
20
0.4809448818897638
11
0.6214872047244094
21
0.4807715748031496
0
LINE
8
BLACK
6
CONTINUOUS
10
0.6214872047244094
20
0.4807715748031496
11
0.6194379527559055
21
0.4799227165354331
0
LINE
8
BLACK
6
CONTINUOUS
10
0.6194379527559055
20
0.4799227165354331
11
0.6165398818897637
21
0.4787223228346457
0
LINE
8
BLACK
6
CONTINUOUS
10
0.6165398818897637
20
0.4787223228346457
11
0.6165398425196851
21
0.4787222834645669
0
LINE
8
BLACK
6
CONTINUOUS
10
0.6165398425196851
20
0.4787222834645669
11
0.6120873228346456
21
0.4757472440944882
0
LINE
8
BLACK
6
CONTINUOUS
10
0.6120873228346456
20
0.4757472440944882
11
0.5694126771653543
21
0.4330725984251969
0
LINE
8
BLACK
6
CONTINUOUS
10
0.5694126771653543
20
0.4330725984251969
11
0.5685297244094488
21
0.4297772834645669
0
LINE
8
BLACK
6
CONTINUOUS
10
0.5685297244094488
20
0.4297772834645669
11
0.5681866141732284
21
0.4284967716535433
0
LINE
8
BLACK
6
CONTINUOUS
10
0.5681866141732284
20
0.4284967716535433
11
0.5656172047244095
21
0.4240464173228347
0
LINE
8
BLACK
6
CONTINUOUS
10
0.5656172047244095
20
0.4240464173228347
11
0.5656165748031496
21
0.4240457874015748
0
LINE
8
BLACK
6
CONTINUOUS
10
0.5656165748031496
20
0.4240457874015748
11
0.5639194094488189
21
0.4221105118110236
0
LINE
8
BLACK
6
CONTINUOUS
10
0.5639194094488189
20
0.4221105118110236
11
0.5472599212598425
21
0.4054510236220472
0
LINE
8
BLACK
6
CONTINUOUS
10
0.5472599212598425
20
0.4054510236220472
11
0.5453246062992125
21
0.4037538188976378
0
LINE
8
BLACK
6
CONTINUOUS
10
0.5453246062992125
20
0.4037538188976378
11
0.5453240157480315
21
0.4037532283464567
0
LINE
8
BLACK
6
CONTINUOUS
10
0.5453240157480315
20
0.4037532283464567
11
0.5413597244094488
21
0.4014644488188976
0
LINE
8
BLACK
6
CONTINUOUS
10
0.5413597244094488
20
0.4014644488188976
11
0.5408736614173228
21
0.4011838188976378
0
LINE
8
BLACK
6
CONTINUOUS
10
0.5408736614173228
20
0.4011838188976378
11
0.5359099212598425
21
0.3998537795275591
0
LINE
8
BLACK
6
CONTINUOUS
10
0.5359099212598425
20
0.3998537795275591
11
0.5359093307086614
21
0.3998537795275591
0
LINE
8
BLACK
6
CONTINUOUS
10
0.5359093307086614
20
0.3998537795275591
11
0.5333405118110236
21
0.3996853937007874
0
LINE
8
BLACK
6
CONTINUOUS
10
0.5333405118110236
20
0.3996853937007874
11
0.5
21
0.3996853937007874
0
LINE
8
BLACK
6
CONTINUOUS
10
0.5
20
0.3996853937007874
11
0.4974305905511811
21
0.3998538188976378
0
LINE
8
BLACK
6
CONTINUOUS
10
0.4974305905511811
20
0.3998538188976378
11
0.4968850393700787
21
0.4
0
LINE
8
BLACK
6
CONTINUOUS
10
0.4968850393700787
20
0.4
11
0.4725
21
0.4
0
LINE
8
BLACK
6
CONTINUOUS
10
0.4725
20
0.4
11
0.4725
21
0.4071850393700787
0
LINE
8
BLACK
6
CONTINUOUS
10
0.4725
20
0.4071850393700787
11
0.4416732677165354
21
0.4071850393700787
0
LINE
8
BLACK
6
CONTINUOUS
10
0.4416732677165354
20
0.4071850393700787
11
0.4389913385826771
21
0.4079725196850393
0
LINE
8
BLACK
6
CONTINUOUS
10
0.4389913385826771
20
0.4079725196850393
11
0.437160905511811
21
0.4100849606299212
0
LINE
8
BLACK
6
CONTINUOUS
10
0.437160905511811
20
0.4100849606299212
11
0.4367126377952756
21
0.4121456692913386
0
LINE
8
BLACK
6
CONTINUOUS
10
0.4367126377952756
20
0.4121456692913386
11
0.4367126377952756
21
0.421063188976378
0
LINE
8
BLACK
6
CONTINUOUS
10
0.4367126377952756
20
0.421063188976378
11
0.4367126377952756
21
0.4210632677165354
0
LINE
8
BLACK
6
CONTINUOUS
10
0.4367126377952756
20
0.4210632677165354
11
0.4367126377952756
21
0.4210633070866142
0
LINE
8
BLACK
6
CONTINUOUS
10
0.4367126377952756
20
0.4210633070866142
11
0.4366503937007874
21
0.421376062992126
0
LINE
8
BLACK
6
CONTINUOUS
10
0.4366503937007874
20
0.421376062992126
11
0.4365550787401575
21
0.4223438582677165
0
LINE
8
BLACK
6
CONTINUOUS
10
0.4365550787401575
20
0.4223438582677165
11
0.4365550787401575
21
0.4487758267716535
0
LINE
8
BLACK
6
CONTINUOUS
10
0.4365550787401575
20
0.4487758267716535
11
0.4365550787401575
21
0.4487761417322835
0
LINE
8
BLACK
6
CONTINUOUS
10
0.4365550787401575
20
0.4487761417322835
11
0.4363078346456693
21
0.4510761811023622
0
LINE
8
BLACK
6
CONTINUOUS
10
0.4363078346456693
20
0.4510761811023622
11
0.4343672834645669
21
0.456279094488189
0
LINE
8
BLACK
6
CONTINUOUS
10
0.4343672834645669
20
0.456279094488189
11
0.4310394881889764
21
0.4607245275590551
0
LINE
8
BLACK
6
CONTINUOUS
10
0.4310394881889764
20
0.4607245275590551
11
0.4265940551181102
21
0.4640523228346456
0
LINE
8
BLACK
6
CONTINUOUS
10
0.4265940551181102
20
0.4640523228346456
11
0.4213911417322835
21
0.465992874015748
0
LINE
8
BLACK
6
CONTINUOUS
10
0.4213911417322835
20
0.465992874015748
11
0.4190911417322835
21
0.4662401574803149
0
LINE
8
BLACK
6
CONTINUOUS
10
0.4190911417322835
20
0.4662401574803149
11
0.3976805511811023
21
0.4662401181102362
0
LINE
8
BLACK
6
CONTINUOUS
10
0.3976805511811023
20
0.4662401181102362
11
0.3976801968503937
21
0.4662400787401575
0
LINE
8
BLACK
6
CONTINUOUS
10
0.3976801968503937
20
0.4662400787401575
11
0.3976801574803149
21
0.4662400787401575
0
LINE
8
BLACK
6
CONTINUOUS
10
0.3976801574803149
20
0.4662400787401575
11
0.3976798031496063
21
0.4662400393700787
0
LINE
8
BLACK
6
CONTINUOUS
10
0.3976798031496063
20
0.4662400393700787
11
0.3961208267716536
21
0.4660724409448819
0
LINE
8
BLACK
6
CONTINUOUS
10
0.3961208267716536
20
0.4660724409448819
11
0.3950603543307086
21
0.4660724409448819
0
LINE
8
BLACK
6
CONTINUOUS
10
0.3950603543307086
20
0.4660724409448819
11
0.3935005905511811
21
0.4662401574803149
0
LINE
8
BLACK
6
CONTINUOUS
10
0.3935005905511811
20
0.4662401574803149
11
0.37209
21
0.4662401181102362
0
LINE
8
BLACK
6
CONTINUOUS
10
0.37209
20
0.4662401181102362
11
0.3720896456692913
21
0.4662400787401575
0
LINE
8
BLACK
6
CONTINUOUS
10
0.3720896456692913
20
0.4662400787401575
11
0.3720896062992126
21
0.4662400787401575
0
LINE
8
BLACK
6
CONTINUOUS
10
0.3720896062992126
20
0.4662400787401575
11
0.372089251968504
21
0.4662400393700787
0
LINE
8
BLACK
6
CONTINUOUS
10
0.372089251968504
20
0.4662400393700787
11
0.3705302755905512
21
0.4660724409448819
0
LINE
8
BLACK
6
CONTINUOUS
10
0.3705302755905512
20
0.4660724409448819
11
0.3694698031496063
21
0.4660724409448819
0
LINE
8
BLACK
6
CONTINUOUS
10
0.3694698031496063
20
0.4660724409448819
11
0.3679100393700787
21
0.4662401574803149
0
LINE
8
BLACK
6
CONTINUOUS
10
0.3679100393700787
20
0.4662401574803149
11
0.3464994488188976
21
0.4662401181102362
0
LINE
8
BLACK
6
CONTINUOUS
10
0.3464994488188976
20
0.4662401181102362
11
0.3464990944881889
21
0.4662400787401575
0
LINE
8
BLACK
6
CONTINUOUS
10
0.3464990944881889
20
0.4662400787401575
11
0.3464990551181102
21
0.4662400787401575
0
LINE
8
BLACK
6
CONTINUOUS
10
0.3464990551181102
20
0.4662400787401575
11
0.3464987007874016
21
0.4662400393700787
0
LINE
8
BLACK
6
CONTINUOUS
10
0.3464987007874016
20
0.4662400393700787
11
0.3449397244094488
21
0.4660724409448819
0
LINE
8
BLACK
6
CONTINUOUS
10
0.3449397244094488
20
0.4660724409448819
11
0.3438792519685039
21
0.4660724409448819
0
LINE
8
BLACK
6
CONTINUOUS
10
0.3438792519685039
20
0.4660724409448819
11
0.3423194881889764
21
0.4662401574803149
0
LINE
8
BLACK
6
CONTINUOUS
10
0.3423194881889764
20
0.4662401574803149
11
0.3209088976377953
21
0.4662401181102362
0
LINE
8
BLACK
6
CONTINUOUS
10
0.3209088976377953
20
0.4662401181102362
11
0.3195693307086614
21
0.4660961023622047
0
LINE
8
BLACK
6
CONTINUOUS
10
0.3195693307086614
20
0.4660961023622047
11
0.318609094488189
21
0.4659929133858268
0
LINE
8
BLACK
6
CONTINUOUS
10
0.318609094488189
20
0.4659929133858268
11
0.3186090157480315
21
0.465992874015748
0
LINE
8
BLACK
6
CONTINUOUS
10
0.3186090157480315
20
0.465992874015748
11
0.3186088582677165
21
0.465992874015748
0
LINE
8
BLACK
6
CONTINUOUS
10
0.3186088582677165
20
0.465992874015748
11
0.3134059448818898
21
0.4640523228346456
0
LINE
8
BLACK
6
CONTINUOUS
10
0.3134059448818898
20
0.4640523228346456
11
0.3114135433070866
21
0.4625608267716536
0
LINE
8
BLACK
6
CONTINUOUS
10
0.3114135433070866
20
0.4625608267716536
11
0.3089604724409449
21
0.4607245275590551
0
LINE
8
BLACK
6
CONTINUOUS
10
0.3089604724409449
20
0.4607245275590551
11
0.3056326771653543
21
0.4562790157480315
0
LINE
8
BLACK
6
CONTINUOUS
10
0.3056326771653543
20
0.4562790157480315
11
0.3036921653543307
21
0.4510762204724409
0
LINE
8
BLACK
6
CONTINUOUS
10
0.3036921653543307
20
0.4510762204724409
11
0.3034448818897638
21
0.4487764566929134
0
LINE
8
BLACK
6
CONTINUOUS
10
0.3034448818897638
20
0.4487764566929134
11
0.3034448818897638
21
0.422343779527559
0
LINE
8
BLACK
6
CONTINUOUS
10
0.3034448818897638
20
0.422343779527559
11
0.3033495669291338
21
0.4213761417322834
0
LINE
8
BLACK
6
CONTINUOUS
10
0.3033495669291338
20
0.4213761417322834
11
0.3032873622047244
21
0.4210633070866142
0
LINE
8
BLACK
6
CONTINUOUS
10
0.3032873622047244
20
0.4210633070866142
11
0.3032873622047244
21
0.4210632677165354
0
LINE
8
BLACK
6
CONTINUOUS
10
0.3032873622047244
20
0.4210632677165354
11
0.3032873622047244
21
0.3999606299212599
0
LINE
8
BLACK
6
CONTINUOUS
10
0.3032873622047244
20
0.3999606299212599
11
0.3024998818897638
21
0.3972787007874016
0
LINE
8
BLACK
6
CONTINUOUS
10
0.3024998818897638
20
0.3972787007874016
11
0.3003874409448819
21
0.3954482677165354
0
LINE
8
BLACK
6
CONTINUOUS
10
0.3003874409448819
20
0.3954482677165354
11
0.2983267322834646
21
0.395
0
LINE
8
BLACK
6
CONTINUOUS
10
0.2983267322834646
20
0.395
11
0.1070620866141732
21
0.395
0
LINE
8
BLACK
6
CONTINUOUS
10
0.1070620866141732
20
0.395
11
0.104380157480315
21
0.3957874803149606
0
LINE
8
BLACK
6
CONTINUOUS
10
0.104380157480315
20
0.3957874803149606
11
0.1025497244094488
21
0.3978999212598425
0
LINE
8
BLACK
6
CONTINUOUS
10
0.1025497244094488
20
0.3978999212598425
11
0.1021014566929134
21
0.3999606299212599
0
LINE
8
BLACK
6
CONTINUOUS
10
0.1021014566929134
20
0.3999606299212599
11
0.1021014566929134
21
0.7246293307086614
0
LINE
8
BLACK
6
CONTINUOUS
10
0.1021014566929134
20
0.7246293307086614
11
0.0349606299212598
21
0.7246293307086614
0
LINE
8
BLACK
6
CONTINUOUS
10
0.0349606299212598
20
0.7246293307086614
11
0.0322787007874016
21
0.725416811023622
0
LINE
8
BLACK
6
CONTINUOUS
10
0.0322787007874016
20
0.725416811023622
11
0.0304482677165354
21
0.7275292519685039
0
LINE
8
BLACK
6
CONTINUOUS
10
0.0304482677165354
20
0.7275292519685039
11
0.03
21
0.7295899606299212
0
LINE
8
BLACK
6
CONTINUOUS
10
0.03
20
0.7295899606299212
11
0.03
21
1.1950393700787401
0
LINE
8
BLACK
6
CONTINUOUS
10
0.03
20
1.1950393700787401
11
0.0307874803149606
21
1.1977212992125983
0
LINE
8
BLACK
6
CONTINUOUS
10
0.0307874803149606
20
1.1977212992125983
11
0.0328999212598425
21
1.1995517322834646
0
LINE
8
BLACK
6
CONTINUOUS
10
0.0328999212598425
20
1.1995517322834646
11
0.0349606299212598
21
1.2
0
LINE
8
BLACK
6
CONTINUOUS
10
0.0349606299212598
20
1.2
11
0.195
21
1.2
0
LINE
8
BLACK
6
CONTINUOUS
10
0.195
20
1.2
11
0.195
21
1.23753937007874
0
LINE
8
BLACK
6
CONTINUOUS
10
0.195
20
1.23753937007874
11
0.1957874803149606
21
1.2402212992125985
0
LINE
8
BLACK
6
CONTINUOUS
10
0.1957874803149606
20
1.2402212992125985
11
0.1978999212598425
21
1.2420517322834645
0
LINE
8
BLACK
6
CONTINUOUS
10
0.1978999212598425
20
1.2420517322834645
11
0.1999606299212598
21
1.2424999999999999
0
LINE
8
BLACK
6
CONTINUOUS
10
0.1999606299212598
20
1.2424999999999999
11
0.2077377165354331
21
1.2424999999999999
0
LINE
8
BLACK
6
CONTINUOUS
10
0.2077377165354331
20
1.2424999999999999
11
0.2231373228346457
21
1.2440167322834645
0
LINE
8
BLACK
6
CONTINUOUS
10
0.2231373228346457
20
1.2440167322834645
11
0.2231377165354331
21
1.2440167716535433
0
LINE
8
BLACK
6
CONTINUOUS
10
0.2231377165354331
20
1.2440167716535433
11
0.2231379133858268
21
1.244016811023622
0
LINE
8
BLACK
6
CONTINUOUS
10
0.2231379133858268
20
1.244016811023622
11
0.2232057086614173
21
1.2440302755905512
0
LINE
8
BLACK
6
CONTINUOUS
10
0.2232057086614173
20
1.2440302755905512
11
0.238315
21
1.2470356692913385
0
LINE
8
BLACK
6
CONTINUOUS
10
0.238315
20
1.2470356692913385
11
0.2383154330708661
21
1.2470357874015747
0
LINE
8
BLACK
6
CONTINUOUS
10
0.2383154330708661
20
1.2470357874015747
11
0.2383155511811024
21
1.2470358267716535
0
LINE
8
BLACK
6
CONTINUOUS
10
0.2383155511811024
20
1.2470358267716535
11
0.2531241338582677
21
1.2515279527559056
0
LINE
8
BLACK
6
CONTINUOUS
10
0.2531241338582677
20
1.2515279527559056
11
0.2531242913385827
21
1.2515279921259843
0
LINE
8
BLACK
6
CONTINUOUS
10
0.2531242913385827
20
1.2515279921259843
11
0.2674211417322835
21
1.2574499606299212
0
LINE
8
BLACK
6
CONTINUOUS
10
0.2674211417322835
20
1.2574499606299212
11
0.271096062992126
21
1.2594142519685039
0
LINE
8
BLACK
6
CONTINUOUS
10
0.271096062992126
20
1.2594142519685039
11
0.2734344881889764
21
1.26
0
LINE
8
BLACK
6
CONTINUOUS
10
0.2734344881889764
20
1.26
11
0.49
21
1.26
0
LINE
8
BLACK
6
CONTINUOUS
10
0.49
20
1.26
11
0.49
21
1.4900393700787402
0
LINE
8
BLACK
6
CONTINUOUS
10
0.49
20
1.4900393700787402
11
0.4907874803149606
21
1.4927212992125984
0
LINE
8
BLACK
6
CONTINUOUS
10
0.4907874803149606
20
1.4927212992125984
11
0.4928999212598425
21
1.4945517322834645
0
LINE
8
BLACK
6
CONTINUOUS
10
0.4928999212598425
20
1.4945517322834645
11
0.4949606299212598
21
1.4949999999999999
0
LINE
8
BLACK
6
CONTINUOUS
10
0.4949606299212598
20
1.4949999999999999
11
0.6650393700787401
21
1.4949999999999999
0
LINE
8
BLACK
6
CONTINUOUS
10
0.6650393700787401
20
1.4949999999999999
11
0.6677212992125984
21
1.4942125196850393
0
LINE
8
BLACK
6
CONTINUOUS
10
0.0594838976377953
20
0.4210751968503937
11
0.0595267322834646
21
0.4210894881889763
0
LINE
8
BLACK
6
CONTINUOUS
10
0.0595267322834646
20
0.4210894881889763
11
0.0598308267716535
21
0.4210061811023622
0
LINE
8
BLACK
6
CONTINUOUS
10
0.0598308267716535
20
0.4210061811023622
11
0.0601405118110236
21
0.4209446062992126
0
LINE
8
BLACK
6
CONTINUOUS
10
0.0601405118110236
20
0.4209446062992126
11
0.0601724409448819
21
0.4209126377952756
0
LINE
8
BLACK
6
CONTINUOUS
10
0.0601724409448819
20
0.4209126377952756
11
0.0602675196850394
21
0.4208866141732283
0
LINE
8
BLACK
6
CONTINUOUS
10
0.0602675196850394
20
0.4208866141732283
11
0.0630797244094488
21
0.4194805511811023
0
LINE
8
BLACK
6
CONTINUOUS
10
0.0630797244094488
20
0.4194805511811023
11
0.063329094488189
21
0.4192870078740157
0
LINE
8
BLACK
6
CONTINUOUS
10
0.063329094488189
20
0.4192870078740157
11
0.0635912992125984
21
0.419111811023622
0
LINE
8
BLACK
6
CONTINUOUS
10
0.0635912992125984
20
0.419111811023622
11
0.0649973622047244
21
0.4177057480314961
0
LINE
8
BLACK
6
CONTINUOUS
10
0.0649973622047244
20
0.4177057480314961
11
0.0650520866141732
21
0.417623779527559
0
LINE
8
BLACK
6
CONTINUOUS
10
0.0650520866141732
20
0.417623779527559
11
0.0650925590551181
21
0.4176035826771654
0
LINE
8
BLACK
6
CONTINUOUS
10
0.0650925590551181
20
0.4176035826771654
11
0.0652488582677165
21
0.4173293307086614
0
LINE
8
BLACK
6
CONTINUOUS
10
0.0652488582677165
20
0.4173293307086614
11
0.065424094488189
21
0.4170671259842519
0
LINE
8
BLACK
6
CONTINUOUS
10
0.065424094488189
20
0.4170671259842519
11
0.065424094488189
21
0.4170219291338583
0
LINE
8
BLACK
6
CONTINUOUS
10
0.065424094488189
20
0.4170219291338583
11
0.0654729133858268
21
0.4169362992125984
0
LINE
8
BLACK
6
CONTINUOUS
10
0.0654729133858268
20
0.4169362992125984
11
0.0655202362204724
21
0.4167942519685039
0
LINE
8
BLACK
6
CONTINUOUS
10
0.0655202362204724
20
0.4167942519685039
11
0.0664317322834646
21
0.4177057480314961
0
LINE
8
BLACK
6
CONTINUOUS
10
0.0664317322834646
20
0.4177057480314961
11
0.0666941732283464
21
0.4178811023622047
0
LINE
8
BLACK
6
CONTINUOUS
10
0.0666941732283464
20
0.4178811023622047
11
0.0669433464566929
21
0.4180744881889764
0
LINE
8
BLACK
6
CONTINUOUS
10
0.0669433464566929
20
0.4180744881889764
11
0.0697555118110236
21
0.4194805905511811
0
LINE
8
BLACK
6
CONTINUOUS
10
0.0697555118110236
20
0.4194805905511811
11
0.0698505905511811
21
0.4195066141732283
0
LINE
8
BLACK
6
CONTINUOUS
10
0.0698505905511811
20
0.4195066141732283
11
0.0698825196850394
21
0.4195385433070866
0
LINE
8
BLACK
6
CONTINUOUS
10
0.0698825196850394
20
0.4195385433070866
11
0.070191968503937
21
0.4196000787401575
0
LINE
8
BLACK
6
CONTINUOUS
10
0.070191968503937
20
0.4196000787401575
11
0.0704962992125984
21
0.4196834251968504
0
LINE
8
BLACK
6
CONTINUOUS
10
0.0704962992125984
20
0.4196834251968504
11
0.070539094488189
21
0.4196691338582677
0
LINE
8
BLACK
6
CONTINUOUS
10
0.070539094488189
20
0.4196691338582677
11
0.0706358267716535
21
0.4196883858267716
0
LINE
8
BLACK
6
CONTINUOUS
10
0.0706358267716535
20
0.4196883858267716
11
0.0734479527559055
21
0.4196883858267716
0
LINE
8
BLACK
6
CONTINUOUS
10
0.0734479527559055
20
0.4196883858267716
11
0.0735446456692913
21
0.4196691338582677
0
LINE
8
BLACK
6
CONTINUOUS
10
0.0735446456692913
20
0.4196691338582677
11
0.0735874803149606
21
0.4196834251968504
0
LINE
8
BLACK
6
CONTINUOUS
10
0.0735874803149606
20
0.4196834251968504
11
0.0738915748031496
21
0.4196001181102362
0
LINE
8
BLACK
6
CONTINUOUS
10
0.0738915748031496
20
0.4196001181102362
11
0.0742012598425197
21
0.4195385433070866
0
LINE
8
BLACK
6
CONTINUOUS
10
0.0742012598425197
20
0.4195385433070866
11
0.074233188976378
21
0.4195065748031496
0
LINE
8
BLACK
6
CONTINUOUS
10
0.074233188976378
20
0.4195065748031496
11
0.0743282677165354
21
0.4194805511811023
0
LINE
8
BLACK
6
CONTINUOUS
10
0.0743282677165354
20
0.4194805511811023
11
0.0771404724409449
21
0.4180744881889764
0
LINE
8
BLACK
6
CONTINUOUS
10
0.0771404724409449
20
0.4180744881889764
11
0.077389842519685
21
0.4178809448818898
0
LINE
8
BLACK
6
CONTINUOUS
10
0.077389842519685
20
0.4178809448818898
11
0.0776520472440945
21
0.4177057480314961
0
LINE
8
BLACK
6
CONTINUOUS
10
0.0776520472440945
20
0.4177057480314961
11
0.0790581102362205
21
0.4162996850393701
0
LINE
8
BLACK
6
CONTINUOUS
10
0.0790581102362205
20
0.4162996850393701
11
0.0792334645669291
21
0.4160372047244094
0
LINE
8
BLACK
6
CONTINUOUS
10
0.0792334645669291
20
0.4160372047244094
11
0.0794268503937008
21
0.4157880708661417
0
LINE
8
BLACK
6
CONTINUOUS
10
0.0794268503937008
20
0.4157880708661417
11
0.0808329527559055
21
0.412975905511811
0
LINE
8
BLACK
6
CONTINUOUS
10
0.0808329527559055
20
0.412975905511811
11
0.0808589763779528
21
0.4128807874015748
0
LINE
8
BLACK
6
CONTINUOUS
10
0.0808589763779528
20
0.4128807874015748
11
0.080890905511811
21
0.4128488976377953
0
LINE
8
BLACK
6
CONTINUOUS
10
0.080890905511811
20
0.4128488976377953
11
0.0809524409448819
21
0.4125394094488189
0
LINE
8
BLACK
6
CONTINUOUS
10
0.0809524409448819
20
0.4125394094488189
11
0.0810357874015748
21
0.4122351181102362
0
LINE
8
BLACK
6
CONTINUOUS
10
0.0810357874015748
20
0.4122351181102362
11
0.0810214960629921
21
0.4121922834645669
0
LINE
8
BLACK
6
CONTINUOUS
10
0.0810214960629921
20
0.4121922834645669
11
0.0810407480314961
21
0.4120955905511811
0
LINE
8
BLACK
6
CONTINUOUS
10
0.0810407480314961
20
0.4120955905511811
11
0.0810407480314961
21
0.4022530708661417
0
LINE
8
BLACK
6
CONTINUOUS
10
0.0810407480314961
20
0.4022530708661417
11
0.080890905511811
21
0.4014997637795276
0
LINE
8
BLACK
6
CONTINUOUS
10
0.080890905511811
20
0.4014997637795276
11
0.0798255511811024
21
0.4004344094488189
0
LINE
8
BLACK
6
CONTINUOUS
10
0.0798255511811024
20
0.4004344094488189
11
0.0790722440944882
21
0.4002845669291338
0
LINE
8
BLACK
6
CONTINUOUS
10
0.0790722440944882
20
0.4002845669291338
11
0.0495446850393701
21
0.4002845669291338
0
LINE
8
BLACK
6
CONTINUOUS
10
0.0495446850393701
20
0.4002845669291338
11
0.0487913779527559
21
0.4004344094488189
0
LINE
8
BLACK
6
CONTINUOUS
10
0.0487913779527559
20
0.4004344094488189
11
0.0477260236220472
21
0.4014997637795276
0
LINE
8
BLACK
6
CONTINUOUS
10
0.0477260236220472
20
0.4014997637795276
11
0.0475761811023622
21
0.4022530708661417
0
LINE
8
BLACK
6
CONTINUOUS
10
0.0475761811023622
20
0.4022530708661417
11
0.0475761811023622
21
0.4135016535433071
0
LINE
8
BLACK
6
CONTINUOUS
10
0.0475761811023622
20
0.4135016535433071
11
0.0475953937007874
21
0.4135983464566929
0
LINE
8
BLACK
6
CONTINUOUS
10
0.0475953937007874
20
0.4135983464566929
11
0.0475811417322835
21
0.413641220472441
0
LINE
8
BLACK
6
CONTINUOUS
10
0.0475811417322835
20
0.413641220472441
11
0.0476644488188976
21
0.4139454330708661
0
LINE
8
BLACK
6
CONTINUOUS
10
0.0476644488188976
20
0.4139454330708661
11
0.0477260236220472
21
0.4142549606299212
0
LINE
8
BLACK
6
CONTINUOUS
10
0.0477260236220472
20
0.4142549606299212
11
0.0477579527559055
21
0.4142868897637795
0
LINE
8
BLACK
6
CONTINUOUS
10
0.0477579527559055
20
0.4142868897637795
11
0.0477840157480315
21
0.4143820078740157
0
LINE
8
BLACK
6
CONTINUOUS
10
0.0477840157480315
20
0.4143820078740157
11
0.0491901181102362
21
0.4171941732283465
0
LINE
8
BLACK
6
CONTINUOUS
10
0.0491901181102362
20
0.4171941732283465
11
0.0493835433070866
21
0.4174434251968504
0
LINE
8
BLACK
6
CONTINUOUS
10
0.0493835433070866
20
0.4174434251968504
11
0.0495588582677165
21
0.4177057480314961
0
LINE
8
BLACK
6
CONTINUOUS
10
0.0495588582677165
20
0.4177057480314961
11
0.0509649212598425
21
0.419111811023622
0
LINE
8
BLACK
6
CONTINUOUS
10
0.0509649212598425
20
0.419111811023622
11
0.0512270866141732
21
0.4192870078740157
0
LINE
8
BLACK
6
CONTINUOUS
10
0.0512270866141732
20
0.4192870078740157
11
0.0514764960629921
21
0.4194805511811023
0
LINE
8
BLACK
6
CONTINUOUS
10
0.0514764960629921
20
0.4194805511811023
11
0.0542886220472441
21
0.4208866141732283
0
LINE
8
BLACK
6
CONTINUOUS
10
0.0542886220472441
20
0.4208866141732283
11
0.0543837007874016
21
0.4209126377952756
0
LINE
8
BLACK
6
CONTINUOUS
10
0.0543837007874016
20
0.4209126377952756
11
0.0544156692913386
21
0.4209446062992126
0
LINE
8
BLACK
6
CONTINUOUS
10
0.0544156692913386
20
0.4209446062992126
11
0.054725157480315
21
0.4210061417322835
0
LINE
8
BLACK
6
CONTINUOUS
10
0.054725157480315
20
0.4210061417322835
11
0.0550294094488189
21
0.4210894881889763
0
LINE
8
BLACK
6
CONTINUOUS
10
0.0550294094488189
20
0.4210894881889763
11
0.0550722440944882
21
0.4210751968503937
0
LINE
8
BLACK
6
CONTINUOUS
10
0.0550722440944882
20
0.4210751968503937
11
0.0551689763779528
21
0.4210944488188976
0
LINE
8
BLACK
6
CONTINUOUS
10
0.0551689763779528
20
0.4210944488188976
11
0.0593872047244094
21
0.4210944488188976
0
LINE
8
BLACK
6
CONTINUOUS
10
0.0593872047244094
20
0.4210944488188976
11
0.0594838976377953
21
0.4210751968503937
0
LINE
8
BLACK
6
CONTINUOUS
10
0.053522874015748
20
0.4161020472440945
11
0.0525685826771654
21
0.4151477559055118
0
LINE
8
BLACK
6
CONTINUOUS
10
0.0525685826771654
20
0.4151477559055118
11
0.051513188976378
21
0.4130369291338583
0
LINE
8
BLACK
6
CONTINUOUS
10
0.051513188976378
20
0.4130369291338583
11
0.051513188976378
21
0.4042215748031496
0
LINE
8
BLACK
6
CONTINUOUS
10
0.051513188976378
20
0.4042215748031496
11
0.0630429921259843
21
0.4042215748031496
0
LINE
8
BLACK
6
CONTINUOUS
10
0.0630429921259843
20
0.4042215748031496
11
0.0630429921259843
21
0.4117761417322834
0
LINE
8
BLACK
6
CONTINUOUS
10
0.0630429921259843
20
0.4117761417322834
11
0.0618848818897638
21
0.4152504724409449
0
LINE
8
BLACK
6
CONTINUOUS
10
0.0618848818897638
20
0.4152504724409449
11
0.0610333464566929
21
0.4161020078740157
0
LINE
8
BLACK
6
CONTINUOUS
10
0.0610333464566929
20
0.4161020078740157
11
0.0589225590551181
21
0.4171574409448819
0
LINE
8
BLACK
6
CONTINUOUS
10
0.0589225590551181
20
0.4171574409448819
11
0.0556336614173228
21
0.4171574409448819
0
LINE
8
BLACK
6
CONTINUOUS
10
0.0556336614173228
20
0.4171574409448819
11
0.053522874015748
21
0.4161020472440945
0
LINE
8
BLACK
6
CONTINUOUS
10
0.0689896850393701
20
0.4146959842519685
11
0.0680353937007874
21
0.4137416929133858
0
LINE
8
BLACK
6
CONTINUOUS
10
0.0680353937007874
20
0.4137416929133858
11
0.06698
21
0.4116308661417323
0
LINE
8
BLACK
6
CONTINUOUS
10
0.06698
20
0.4116308661417323
11
0.06698
21
0.4042215748031496
0
LINE
8
BLACK
6
CONTINUOUS
10
0.06698
20
0.4042215748031496
11
0.0771037401574803
21
0.4042215748031496
0
LINE
8
BLACK
6
CONTINUOUS
10
0.0771037401574803
20
0.4042215748031496
11
0.0771037401574803
21
0.411630905511811
0
LINE
8
BLACK
6
CONTINUOUS
10
0.0771037401574803
20
0.411630905511811
11
0.0760483464566929
21
0.4137416929133858
0
LINE
8
BLACK
6
CONTINUOUS
10
0.0760483464566929
20
0.4137416929133858
11
0.075094094488189
21
0.4146959448818898
0
LINE
8
BLACK
6
CONTINUOUS
10
0.075094094488189
20
0.4146959448818898
11
0.0729833070866142
21
0.4157513779527559
0
LINE
8
BLACK
6
CONTINUOUS
10
0.0729833070866142
20
0.4157513779527559
11
0.0711005118110236
21
0.4157513779527559
0
LINE
8
BLACK
6
CONTINUOUS
10
0.0711005118110236
20
0.4157513779527559
11
0.0689896850393701
21
0.4146959842519685
0
LINE
8
BLACK
6
CONTINUOUS
10
0.0501671653543307
20
0.4491149212598425
11
0.0796947244094488
21
0.4392724015748031
0
LINE
8
BLACK
6
CONTINUOUS
10
0.0796947244094488
20
0.4392724015748031
11
0.0803620078740157
21
0.4388920472440945
0
LINE
8
BLACK
6
CONTINUOUS
10
0.0803620078740157
20
0.4388920472440945
11
0.0804277952755905
21
0.4387604330708662
0
LINE
8
BLACK
6
CONTINUOUS
10
0.0804277952755905
20
0.4387604330708662
11
0.0805593307086614
21
0.4386946850393701
0
LINE
8
BLACK
6
CONTINUOUS
10
0.0805593307086614
20
0.4386946850393701
11
0.0807566535433071
21
0.4381026771653543
0
LINE
8
BLACK
6
CONTINUOUS
10
0.0807566535433071
20
0.4381026771653543
11
0.0810357874015748
21
0.4375444488188976
0
LINE
8
BLACK
6
CONTINUOUS
10
0.0810357874015748
20
0.4375444488188976
11
0.0809892519685039
21
0.4374049212598425
0
LINE
8
BLACK
6
CONTINUOUS
10
0.0809892519685039
20
0.4374049212598425
11
0.0810357874015748
21
0.4372653937007874
0
LINE
8
BLACK
6
CONTINUOUS
10
0.0810357874015748
20
0.4372653937007874
11
0.0807566535433071
21
0.4367071259842519
0
LINE
8
BLACK
6
CONTINUOUS
10
0.0807566535433071
20
0.4367071259842519
11
0.0805593307086614
21
0.4361151574803149
0
LINE
8
BLACK
6
CONTINUOUS
10
0.0805593307086614
20
0.4361151574803149
11
0.0804277952755905
21
0.4360493700787402
0
LINE
8
BLACK
6
CONTINUOUS
10
0.0804277952755905
20
0.4360493700787402
11
0.0803620078740157
21
0.4359177952755905
0
LINE
8
BLACK
6
CONTINUOUS
10
0.0803620078740157
20
0.4359177952755905
11
0.0796947244094488
21
0.4355374409448819
0
LINE
8
BLACK
6
CONTINUOUS
10
0.0796947244094488
20
0.4355374409448819
11
0.0501671653543307
21
0.4256949212598425
0
LINE
8
BLACK
6
CONTINUOUS
10
0.0501671653543307
20
0.4256949212598425
11
0.049405157480315
21
0.4255988582677165
0
LINE
8
BLACK
6
CONTINUOUS
10
0.049405157480315
20
0.4255988582677165
11
0.0480575590551181
21
0.4262726377952756
0
LINE
8
BLACK
6
CONTINUOUS
10
0.0480575590551181
20
0.4262726377952756
11
0.0475811417322835
21
0.4277019291338582
0
LINE
8
BLACK
6
CONTINUOUS
10
0.0475811417322835
20
0.4277019291338582
11
0.0482549212598425
21
0.4290495275590551
0
LINE
8
BLACK
6
CONTINUOUS
10
0.0482549212598425
20
0.4290495275590551
11
0.0489222047244094
21
0.4294298818897638
0
LINE
8
BLACK
6
CONTINUOUS
10
0.0489222047244094
20
0.4294298818897638
11
0.0560126377952756
21
0.4317933464566929
0
LINE
8
BLACK
6
CONTINUOUS
10
0.0560126377952756
20
0.4317933464566929
11
0.0560126377952756
21
0.4430164566929134
0
LINE
8
BLACK
6
CONTINUOUS
10
0.0560126377952756
20
0.4430164566929134
11
0.0489222047244094
21
0.4453799606299212
0
LINE
8
BLACK
6
CONTINUOUS
10
0.0489222047244094
20
0.4453799606299212
11
0.0482549212598425
21
0.4457603149606299
0
LINE
8
BLACK
6
CONTINUOUS
10
0.0482549212598425
20
0.4457603149606299
11
0.0475811417322835
21
0.4471079133858268
0
LINE
8
BLACK
6
CONTINUOUS
10
0.0475811417322835
20
0.4471079133858268
11
0.0480575590551181
21
0.4485372047244094
0
LINE
8
BLACK
6
CONTINUOUS
10
0.0480575590551181
20
0.4485372047244094
11
0.049405157480315
21
0.4492109842519685
0
LINE
8
BLACK
6
CONTINUOUS
10
0.049405157480315
20
0.4492109842519685
11
0.0501671653543307
21
0.4491149212598425
0
LINE
8
BLACK
6
CONTINUOUS
10
0.0599496456692913
20
0.4331056692913386
11
0.0728472834645669
21
0.4374049212598425
0
LINE
8
BLACK
6
CONTINUOUS
10
0.0728472834645669
20
0.4374049212598425
11
0.0599496456692913
21
0.4417041338582677
0
LINE
8
BLACK
6
CONTINUOUS
10
0.0599496456692913
20
0.4417041338582677
11
0.0599496456692913
21
0.4331056692913386
0
LINE
8
BLACK
6
CONTINUOUS
10
0.080890905511811
20
0.4704979527559055
11
0.0810407480314961
21
0.4697446456692913
0
LINE
8
BLACK
6
CONTINUOUS
10
0.0810407480314961
20
0.4697446456692913
11
0.0810407480314961
21
0.4528717322834646
0
LINE
8
BLACK
6
CONTINUOUS
10
0.0810407480314961
20
0.4528717322834646
11
0.080890905511811
21
0.4521184251968504
0
LINE
8
BLACK
6
CONTINUOUS
10
0.080890905511811
20
0.4521184251968504
11
0.0798255511811024
21
0.4510530708661417
0
LINE
8
BLACK
6
CONTINUOUS
10
0.0798255511811024
20
0.4510530708661417
11
0.078318937007874
21
0.4510530708661417
0
LINE
8
BLACK
6
CONTINUOUS
10
0.078318937007874
20
0.4510530708661417
11
0.0772535826771654
21
0.4521184251968504
0
LINE
8
BLACK
6
CONTINUOUS
10
0.0772535826771654
20
0.4521184251968504
11
0.0771037401574803
21
0.4528717322834646
0
LINE
8
BLACK
6
CONTINUOUS
10
0.0771037401574803
20
0.4528717322834646
11
0.0771037401574803
21
0.4593396850393701
0
LINE
8
BLACK
6
CONTINUOUS
10
0.0771037401574803
20
0.4593396850393701
11
0.0495446850393701
21
0.4593396850393701
0
LINE
8
BLACK
6
CONTINUOUS
10
0.0495446850393701
20
0.4593396850393701
11
0.0487913779527559
21
0.4594895275590551
0
LINE
8
BLACK
6
CONTINUOUS
10
0.0487913779527559
20
0.4594895275590551
11
0.0477260236220472
21
0.4605548818897638
0
LINE
8
BLACK
6
CONTINUOUS
10
0.0477260236220472
20
0.4605548818897638
11
0.0477260236220472
21
0.4620614960629921
0
LINE
8
BLACK
6
CONTINUOUS
10
0.0477260236220472
20
0.4620614960629921
11
0.0487913779527559
21
0.4631268503937008
0
LINE
8
BLACK
6
CONTINUOUS
10
0.0487913779527559
20
0.4631268503937008
11
0.0495446850393701
21
0.4632766929133858
0
LINE
8
BLACK
6
CONTINUOUS
10
0.0495446850393701
20
0.4632766929133858
11
0.0771037401574803
21
0.4632766929133858
0
LINE
8
BLACK
6
CONTINUOUS
10
0.0771037401574803
20
0.4632766929133858
11
0.0771037401574803
21
0.4697446456692913
0
LINE
8
BLACK
6
CONTINUOUS
10
0.0771037401574803
20
0.4697446456692913
11
0.0772535826771654
21
0.4704979527559055
0
LINE
8
BLACK
6
CONTINUOUS
10
0.0772535826771654
20
0.4704979527559055
11
0.078318937007874
21
0.4715633070866141
0
LINE
8
BLACK
6
CONTINUOUS
10
0.078318937007874
20
0.4715633070866141
11
0.0798255511811024
21
0.4715633070866141
0
LINE
8
BLACK
6
CONTINUOUS
10
0.0798255511811024
20
0.4715633070866141
11
0.080890905511811
21
0.4704979527559055
0
LINE
8
BLACK
6
CONTINUOUS
10
0.0735446456692913
20
0.4984092913385826
11
0.0735874803149606
21
0.4984235826771654
0
LINE
8
BLACK
6
CONTINUOUS
10
0.0735874803149606
20
0.4984235826771654
11
0.0738915748031496
21
0.4983402755905512
0
LINE
8
BLACK
6
CONTINUOUS
10
0.0738915748031496
20
0.4983402755905512
11
0.0742012598425197
21
0.4982787007874016
0
LINE
8
BLACK
6
CONTINUOUS
10
0.0742012598425197
20
0.4982787007874016
11
0.074233188976378
21
0.4982467322834646
0
LINE
8
BLACK
6
CONTINUOUS
10
0.074233188976378
20
0.4982467322834646
11
0.0743282677165354
21
0.4982207086614173
0
LINE
8
BLACK
6
CONTINUOUS
10
0.0743282677165354
20
0.4982207086614173
11
0.0771404724409449
21
0.4968146456692913
0
LINE
8
BLACK
6
CONTINUOUS
10
0.0771404724409449
20
0.4968146456692913
11
0.077389842519685
21
0.4966211023622047
0
LINE
8
BLACK
6
CONTINUOUS
10
0.077389842519685
20
0.4966211023622047
11
0.0776520472440945
21
0.496445905511811
0
LINE
8
BLACK
6
CONTINUOUS
10
0.0776520472440945
20
0.496445905511811
11
0.0790581102362205
21
0.495039842519685
0
LINE
8
BLACK
6
CONTINUOUS
10
0.0790581102362205
20
0.495039842519685
11
0.0792334645669291
21
0.4947773622047244
0
LINE
8
BLACK
6
CONTINUOUS
10
0.0792334645669291
20
0.4947773622047244
11
0.0794268503937008
21
0.4945282283464567
0
LINE
8
BLACK
6
CONTINUOUS
10
0.0794268503937008
20
0.4945282283464567
11
0.0808329527559055
21
0.4917160629921259
0
LINE
8
BLACK
6
CONTINUOUS
10
0.0808329527559055
20
0.4917160629921259
11
0.0808589763779528
21
0.4916209448818897
0
LINE
8
BLACK
6
CONTINUOUS
10
0.0808589763779528
20
0.4916209448818897
11
0.080890905511811
21
0.4915890551181102
0
LINE
8
BLACK
6
CONTINUOUS
10
0.080890905511811
20
0.4915890551181102
11
0.0809524409448819
21
0.4912795669291338
0
LINE
8
BLACK
6
CONTINUOUS
10
0.0809524409448819
20
0.4912795669291338
11
0.0810357874015748
21
0.4909752755905512
0
LINE
8
BLACK
6
CONTINUOUS
10
0.0810357874015748
20
0.4909752755905512
11
0.0810214960629921
21
0.4909324409448819
0
LINE
8
BLACK
6
CONTINUOUS
10
0.0810214960629921
20
0.4909324409448819
11
0.0810407480314961
21
0.490835748031496
0
LINE
8
BLACK
6
CONTINUOUS
10
0.0810407480314961
20
0.490835748031496
11
0.0810407480314961
21
0.4795871653543307
0
LINE
8
BLACK
6
CONTINUOUS
10
0.0810407480314961
20
0.4795871653543307
11
0.080890905511811
21
0.4788338582677165
0
LINE
8
BLACK
6
CONTINUOUS
10
0.080890905511811
20
0.4788338582677165
11
0.0798255511811024
21
0.4777685039370079
0
LINE
8
BLACK
6
CONTINUOUS
10
0.0798255511811024
20
0.4777685039370079
11
0.0790722440944882
21
0.4776186614173228
0
LINE
8
BLACK
6
CONTINUOUS
10
0.0790722440944882
20
0.4776186614173228
11
0.0495446850393701
21
0.4776186614173228
0
LINE
8
BLACK
6
CONTINUOUS
10
0.0495446850393701
20
0.4776186614173228
11
0.0487913779527559
21
0.4777685039370079
0
LINE
8
BLACK
6
CONTINUOUS
10
0.0487913779527559
20
0.4777685039370079
11
0.0477260236220472
21
0.4788338582677165
0
LINE
8
BLACK
6
CONTINUOUS
10
0.0477260236220472
20
0.4788338582677165
11
0.0477260236220472
21
0.4803404724409449
0
LINE
8
BLACK
6
CONTINUOUS
10
0.0477260236220472
20
0.4803404724409449
11
0.0487913779527559
21
0.4814058267716536
0
LINE
8
BLACK
6
CONTINUOUS
10
0.0487913779527559
20
0.4814058267716536
11
0.0495446850393701
21
0.4815556692913386
0
LINE
8
BLACK
6
CONTINUOUS
10
0.0495446850393701
20
0.4815556692913386
11
0.0616369291338583
21
0.4815556692913386
0
LINE
8
BLACK
6
CONTINUOUS
10
0.0616369291338583
20
0.4815556692913386
11
0.0616369291338583
21
0.490835748031496
0
LINE
8
BLACK
6
CONTINUOUS
10
0.0616369291338583
20
0.490835748031496
11
0.0616561417322835
21
0.4909324409448819
0
LINE
8
BLACK
6
CONTINUOUS
10
0.0616561417322835
20
0.4909324409448819
11
0.0616418897637795
21
0.4909752755905512
0
LINE
8
BLACK
6
CONTINUOUS
10
0.0616418897637795
20
0.4909752755905512
11
0.061725157480315
21
0.4912793700787402
0
LINE
8
BLACK
6
CONTINUOUS
10
0.061725157480315
20
0.4912793700787402
11
0.0617867716535433
21
0.4915890551181102
0
LINE
8
BLACK
6
CONTINUOUS
10
0.0617867716535433
20
0.4915890551181102
11
0.0618187007874016
21
0.4916209842519685
0
LINE
8
BLACK
6
CONTINUOUS
10
0.0618187007874016
20
0.4916209842519685
11
0.0618447637795276
21
0.4917160629921259
0
LINE
8
BLACK
6
CONTINUOUS
10
0.0618447637795276
20
0.4917160629921259
11
0.0632508267716535
21
0.4945282677165354
0
LINE
8
BLACK
6
CONTINUOUS
10
0.0632508267716535
20
0.4945282677165354
11
0.0634441732283465
21
0.4947774015748032
0
LINE
8
BLACK
6
CONTINUOUS
10
0.0634441732283465
20
0.4947774015748032
11
0.0636195669291339
21
0.4950398818897638
0
LINE
8
BLACK
6
CONTINUOUS
10
0.0636195669291339
20
0.4950398818897638
11
0.0650256692913386
21
0.4964459448818898
0
LINE
8
BLACK
6
CONTINUOUS
10
0.0650256692913386
20
0.4964459448818898
11
0.0652880708661417
21
0.4966212598425196
0
LINE
8
BLACK
6
CONTINUOUS
10
0.0652880708661417
20
0.4966212598425196
11
0.0655372440944882
21
0.4968146456692913
0
LINE
8
BLACK
6
CONTINUOUS
10
0.0655372440944882
20
0.4968146456692913
11
0.0683493700787402
21
0.4982207086614173
0
LINE
8
BLACK
6
CONTINUOUS
10
0.0683493700787402
20
0.4982207086614173
11
0.0684444488188976
21
0.4982467322834646
0
LINE
8
BLACK
6
CONTINUOUS
10
0.0684444488188976
20
0.4982467322834646
11
0.0684764173228346
21
0.4982787007874016
0
LINE
8
BLACK
6
CONTINUOUS
10
0.0684764173228346
20
0.4982787007874016
11
0.068785905511811
21
0.4983402362204724
0
LINE
8
BLACK
6
CONTINUOUS
10
0.068785905511811
20
0.4983402362204724
11
0.069090157480315
21
0.4984235826771654
0
LINE
8
BLACK
6
CONTINUOUS
10
0.069090157480315
20
0.4984235826771654
11
0.0691329921259843
21
0.4984092913385826
0
LINE
8
BLACK
6
CONTINUOUS
10
0.0691329921259843
20
0.4984092913385826
11
0.0692297244094488
21
0.4984285433070866
0
LINE
8
BLACK
6
CONTINUOUS
10
0.0692297244094488
20
0.4984285433070866
11
0.0734479527559055
21
0.4984285433070866
0
LINE
8
BLACK
6
CONTINUOUS
10
0.0734479527559055
20
0.4984285433070866
11
0.0735446456692913
21
0.4984092913385826
0
LINE
8
BLACK
6
CONTINUOUS
10
0.0675836614173228
20
0.4934361417322835
11
0.0666292913385827
21
0.492481811023622
0
LINE
8
BLACK
6
CONTINUOUS
10
0.0666292913385827
20
0.492481811023622
11
0.065573937007874
21
0.490371062992126
0
LINE
8
BLACK
6
CONTINUOUS
10
0.065573937007874
20
0.490371062992126
11
0.065573937007874
21
0.4815556692913386
0
LINE
8
BLACK
6
CONTINUOUS
10
0.065573937007874
20
0.4815556692913386
11
0.0771037401574803
21
0.4815556692913386
0
LINE
8
BLACK
6
CONTINUOUS
10
0.0771037401574803
20
0.4815556692913386
11
0.0771037401574803
21
0.490371062992126
0
LINE
8
BLACK
6
CONTINUOUS
10
0.0771037401574803
20
0.490371062992126
11
0.0760483464566929
21
0.4924818503937008
0
LINE
8
BLACK
6
CONTINUOUS
10
0.0760483464566929
20
0.4924818503937008
11
0.075094094488189
21
0.4934361023622047
0
LINE
8
BLACK
6
CONTINUOUS
10
0.075094094488189
20
0.4934361023622047
11
0.0729833070866142
21
0.4944915354330708
0
LINE
8
BLACK
6
CONTINUOUS
10
0.0729833070866142
20
0.4944915354330708
11
0.0696944094488189
21
0.4944915354330708
0
LINE
8
BLACK
6
CONTINUOUS
10
0.0696944094488189
20
0.4944915354330708
11
0.0675836614173228
21
0.4934361417322835
0
LINE
8
BLACK
6
CONTINUOUS
10
0.0694662992125984
20
0.5293151181102362
11
0.0697071653543307
21
0.5293034251968504
0
LINE
8
BLACK
6
CONTINUOUS
10
0.0697071653543307
20
0.5293034251968504
11
0.0753314566929134
21
0.5278973228346456
0
LINE
8
BLACK
6
CONTINUOUS
10
0.0753314566929134
20
0.5278973228346456
11
0.0755242125984252
21
0.5278062598425197
0
LINE
8
BLACK
6
CONTINUOUS
10
0.0755242125984252
20
0.5278062598425197
11
0.0756073228346457
21
0.5278062598425197
0
LINE
8
BLACK
6
CONTINUOUS
10
0.0756073228346457
20
0.5278062598425197
11
0.0758078346456693
21
0.5276722440944882
0
LINE
8
BLACK
6
CONTINUOUS
10
0.0758078346456693
20
0.5276722440944882
11
0.0760259448818898
21
0.5275692519685039
0
LINE
8
BLACK
6
CONTINUOUS
10
0.0760259448818898
20
0.5275692519685039
11
0.0760687007874016
21
0.5274979527559055
0
LINE
8
BLACK
6
CONTINUOUS
10
0.0760687007874016
20
0.5274979527559055
11
0.0762459448818898
21
0.5273795669291338
0
LINE
8
BLACK
6
CONTINUOUS
10
0.0762459448818898
20
0.5273795669291338
11
0.0790581102362205
21
0.5245674409448818
0
LINE
8
BLACK
6
CONTINUOUS
10
0.0790581102362205
20
0.5245674409448818
11
0.0792336614173228
21
0.5243046456692914
0
LINE
8
BLACK
6
CONTINUOUS
10
0.0792336614173228
20
0.5243046456692914
11
0.0794268503937008
21
0.5240557874015748
0
LINE
8
BLACK
6
CONTINUOUS
10
0.0794268503937008
20
0.5240557874015748
11
0.0808329527559055
21
0.5212436220472441
0
LINE
8
BLACK
6
CONTINUOUS
10
0.0808329527559055
20
0.5212436220472441
11
0.0808589763779528
21
0.5211485039370078
0
LINE
8
BLACK
6
CONTINUOUS
10
0.0808589763779528
20
0.5211485039370078
11
0.080890905511811
21
0.5211166141732283
0
LINE
8
BLACK
6
CONTINUOUS
10
0.080890905511811
20
0.5211166141732283
11
0.0809524409448819
21
0.5208071259842519
0
LINE
8
BLACK
6
CONTINUOUS
10
0.0809524409448819
20
0.5208071259842519
11
0.0810357874015748
21
0.5205028346456693
0
LINE
8
BLACK
6
CONTINUOUS
10
0.0810357874015748
20
0.5205028346456693
11
0.0810214960629921
21
0.52046
0
LINE
8
BLACK
6
CONTINUOUS
10
0.0810214960629921
20
0.52046
11
0.0810407480314961
21
0.5203633070866142
0
LINE
8
BLACK
6
CONTINUOUS
10
0.0810407480314961
20
0.5203633070866142
11
0.0810407480314961
21
0.5147390157480315
0
LINE
8
BLACK
6
CONTINUOUS
10
0.0810407480314961
20
0.5147390157480315
11
0.0810214960629921
21
0.5146422834645669
0
LINE
8
BLACK
6
CONTINUOUS
10
0.0810214960629921
20
0.5146422834645669
11
0.0810357874015748
21
0.5145994488188976
0
LINE
8
BLACK
6
CONTINUOUS
10
0.0810357874015748
20
0.5145994488188976
11
0.0809524409448819
21
0.5142951968503937
0
LINE
8
BLACK
6
CONTINUOUS
10
0.0809524409448819
20
0.5142951968503937
11
0.080890905511811
21
0.5139857086614174
0
LINE
8
BLACK
6
CONTINUOUS
10
0.080890905511811
20
0.5139857086614174
11
0.080858937007874
21
0.5139537401574803
0
LINE
8
BLACK
6
CONTINUOUS
10
0.080858937007874
20
0.5139537401574803
11
0.0808329133858268
21
0.5138586614173228
0
LINE
8
BLACK
6
CONTINUOUS
10
0.0808329133858268
20
0.5138586614173228
11
0.0794268503937008
21
0.5110465354330709
0
LINE
8
BLACK
6
CONTINUOUS
10
0.0794268503937008
20
0.5110465354330709
11
0.0792333070866142
21
0.510797125984252
0
LINE
8
BLACK
6
CONTINUOUS
10
0.0792333070866142
20
0.510797125984252
11
0.0790581102362205
21
0.5105349606299212
0
LINE
8
BLACK
6
CONTINUOUS
10
0.0790581102362205
20
0.5105349606299212
11
0.0762459448818898
21
0.5077227952755905
0
LINE
8
BLACK
6
CONTINUOUS
10
0.0762459448818898
20
0.5077227952755905
11
0.0760687007874016
21
0.5076043700787402
0
LINE
8
BLACK
6
CONTINUOUS
10
0.0760687007874016
20
0.5076043700787402
11
0.0760259448818898
21
0.5075330708661417
0
LINE
8
BLACK
6
CONTINUOUS
10
0.0760259448818898
20
0.5075330708661417
11
0.0758077559055118
21
0.5074299999999999
0
LINE
8
BLACK
6
CONTINUOUS
10
0.0758077559055118
20
0.5074299999999999
11
0.0756073228346457
21
0.5072960629921259
0
LINE
8
BLACK
6
CONTINUOUS
10
0.0756073228346457
20
0.5072960629921259
11
0.0755242125984252
21
0.5072960629921259
0
LINE
8
BLACK
6
CONTINUOUS
10
0.0755242125984252
20
0.5072960629921259
11
0.0753314566929134
21
0.507205
0
LINE
8
BLACK
6
CONTINUOUS
10
0.0753314566929134
20
0.507205
11
0.0697071653543307
21
0.505798937007874
0
LINE
8
BLACK
6
CONTINUOUS
10
0.0697071653543307
20
0.505798937007874
11
0.0694662992125984
21
0.5057872047244094
0
LINE
8
BLACK
6
CONTINUOUS
10
0.0694662992125984
20
0.5057872047244094
11
0.0692297244094488
21
0.505740157480315
0
LINE
8
BLACK
6
CONTINUOUS
10
0.0692297244094488
20
0.505740157480315
11
0.0593872047244094
21
0.505740157480315
0
LINE
8
BLACK
6
CONTINUOUS
10
0.0593872047244094
20
0.505740157480315
11
0.0591506692913386
21
0.5057872047244094
0
LINE
8
BLACK
6
CONTINUOUS
10
0.0591506692913386
20
0.5057872047244094
11
0.0589098031496063
21
0.505798937007874
0
LINE
8
BLACK
6
CONTINUOUS
10
0.0589098031496063
20
0.505798937007874
11
0.0532854724409449
21
0.507205
0
LINE
8
BLACK
6
CONTINUOUS
10
0.0532854724409449
20
0.507205
11
0.0530927165354331
21
0.5072960629921259
0
LINE
8
BLACK
6
CONTINUOUS
10
0.0530927165354331
20
0.5072960629921259
11
0.0530095669291339
21
0.5072960629921259
0
LINE
8
BLACK
6
CONTINUOUS
10
0.0530095669291339
20
0.5072960629921259
11
0.052808937007874
21
0.5074301181102362
0
LINE
8
BLACK
6
CONTINUOUS
10
0.052808937007874
20
0.5074301181102362
11
0.0525910236220472
21
0.5075330708661417
0
LINE
8
BLACK
6
CONTINUOUS
10
0.0525910236220472
20
0.5075330708661417
11
0.0525482677165354
21
0.5076042519685039
0
LINE
8
BLACK
6
CONTINUOUS
10
0.0525482677165354
20
0.5076042519685039
11
0.0523709448818898
21
0.5077227952755905
0
LINE
8
BLACK
6
CONTINUOUS
10
0.0523709448818898
20
0.5077227952755905
11
0.0495588188976378
21
0.5105349606299212
0
LINE
8
BLACK
6
CONTINUOUS
10
0.0495588188976378
20
0.5105349606299212
11
0.0493834645669291
21
0.5107973622047244
0
LINE
8
BLACK
6
CONTINUOUS
10
0.0493834645669291
20
0.5107973622047244
11
0.0491901181102362
21
0.5110465354330709
0
LINE
8
BLACK
6
CONTINUOUS
10
0.0491901181102362
20
0.5110465354330709
11
0.0477840157480315
21
0.5138586614173228
0
LINE
8
BLACK
6
CONTINUOUS
10
0.0477840157480315
20
0.5138586614173228
11
0.0477579527559055
21
0.5139537401574803
0
LINE
8
BLACK
6
CONTINUOUS
10
0.0477579527559055
20
0.5139537401574803
11
0.0477260236220472
21
0.5139857086614174
0
LINE
8
BLACK
6
CONTINUOUS
10
0.0477260236220472
20
0.5139857086614174
11
0.0476644488188976
21
0.5142951968503937
0
LINE
8
BLACK
6
CONTINUOUS
10
0.0476644488188976
20
0.5142951968503937
11
0.0475811417322835
21
0.5145994488188976
0
LINE
8
BLACK
6
CONTINUOUS
10
0.0475811417322835
20
0.5145994488188976
11
0.0475953937007874
21
0.5146422834645669
0
LINE
8
BLACK
6
CONTINUOUS
10
0.0475953937007874
20
0.5146422834645669
11
0.0475761811023622
21
0.5147390157480315
0
LINE
8
BLACK
6
CONTINUOUS
10
0.0475761811023622
20
0.5147390157480315
11
0.0475761811023622
21
0.5203633070866142
0
LINE
8
BLACK
6
CONTINUOUS
10
0.0475761811023622
20
0.5203633070866142
11
0.0475953937007874
21
0.52046
0
LINE
8
BLACK
6
CONTINUOUS
10
0.0475953937007874
20
0.52046
11
0.0475811417322835
21
0.520502874015748
0
LINE
8
BLACK
6
CONTINUOUS
10
0.0475811417322835
20
0.520502874015748
11
0.0476644488188976
21
0.5208070866141732
0
LINE
8
BLACK
6
CONTINUOUS
10
0.0476644488188976
20
0.5208070866141732
11
0.0477260236220472
21
0.5211166141732283
0
LINE
8
BLACK
6
CONTINUOUS
10
0.0477260236220472
20
0.5211166141732283
11
0.0477579527559055
21
0.5211485433070866
0
LINE
8
BLACK
6
CONTINUOUS
10
0.0477579527559055
20
0.5211485433070866
11
0.0477840157480315
21
0.5212436614173228
0
LINE
8
BLACK
6
CONTINUOUS
10
0.0477840157480315
20
0.5212436614173228
11
0.0491901181102362
21
0.5240558267716535
0
LINE
8
BLACK
6
CONTINUOUS
10
0.0491901181102362
20
0.5240558267716535
11
0.0493835433070866
21
0.5243050787401574
0
LINE
8
BLACK
6
CONTINUOUS
10
0.0493835433070866
20
0.5243050787401574
11
0.0495588582677165
21
0.5245674015748031
0
LINE
8
BLACK
6
CONTINUOUS
10
0.0495588582677165
20
0.5245674015748031
11
0.0523709448818898
21
0.5273795275590552
0
LINE
8
BLACK
6
CONTINUOUS
10
0.0523709448818898
20
0.5273795275590552
11
0.0525482283464567
21
0.5274979527559055
0
LINE
8
BLACK
6
CONTINUOUS
10
0.0525482283464567
20
0.5274979527559055
11
0.0525909842519685
21
0.5275692519685039
0
LINE
8
BLACK
6
CONTINUOUS
10
0.0525909842519685
20
0.5275692519685039
11
0.0528089763779528
21
0.5276722440944882
0
LINE
8
BLACK
6
CONTINUOUS
10
0.0528089763779528
20
0.5276722440944882
11
0.0530095669291339
21
0.5278062598425197
0
LINE
8
BLACK
6
CONTINUOUS
10
0.0530095669291339
20
0.5278062598425197
11
0.0530927165354331
21
0.5278062598425197
0
LINE
8
BLACK
6
CONTINUOUS
10
0.0530927165354331
20
0.5278062598425197
11
0.0532854724409449
21
0.5278973228346456
0
LINE
8
BLACK
6
CONTINUOUS
10
0.0532854724409449
20
0.5278973228346456
11
0.0589097637795276
21
0.5293034251968504
0
LINE
8
BLACK
6
CONTINUOUS
10
0.0589097637795276
20
0.5293034251968504
11
0.0591506692913386
21
0.529315157480315
0
LINE
8
BLACK
6
CONTINUOUS
10
0.0591506692913386
20
0.529315157480315
11
0.0593872047244094
21
0.5293622047244094
0
LINE
8
BLACK
6
CONTINUOUS
10
0.0593872047244094
20
0.5293622047244094
11
0.0692297244094488
21
0.5293622047244094
0
LINE
8
BLACK
6
CONTINUOUS
10
0.0692297244094488
20
0.5293622047244094
11
0.0694662992125984
21
0.5293151181102362
0
LINE
8
BLACK
6
CONTINUOUS
10
0.0547692913385827
20
0.5242101181102362
11
0.0525685826771654
21
0.5220094094488189
0
LINE
8
BLACK
6
CONTINUOUS
10
0.0525685826771654
20
0.5220094094488189
11
0.051513188976378
21
0.5198985826771654
0
LINE
8
BLACK
6
CONTINUOUS
10
0.051513188976378
20
0.5198985826771654
11
0.051513188976378
21
0.5152037007874015
0
LINE
8
BLACK
6
CONTINUOUS
10
0.051513188976378
20
0.5152037007874015
11
0.0525685826771654
21
0.5130929133858267
0
LINE
8
BLACK
6
CONTINUOUS
10
0.0525685826771654
20
0.5130929133858267
11
0.0547692913385827
21
0.5108922047244094
0
LINE
8
BLACK
6
CONTINUOUS
10
0.0547692913385827
20
0.5108922047244094
11
0.0596295275590551
21
0.5096771653543307
0
LINE
8
BLACK
6
CONTINUOUS
10
0.0596295275590551
20
0.5096771653543307
11
0.0689874015748032
21
0.5096771653543307
0
LINE
8
BLACK
6
CONTINUOUS
10
0.0689874015748032
20
0.5096771653543307
11
0.0738476377952756
21
0.5108922047244094
0
LINE
8
BLACK
6
CONTINUOUS
10
0.0738476377952756
20
0.5108922047244094
11
0.0760483464566929
21
0.5130929133858267
0
LINE
8
BLACK
6
CONTINUOUS
10
0.0760483464566929
20
0.5130929133858267
11
0.0771037401574803
21
0.5152037007874015
0
LINE
8
BLACK
6
CONTINUOUS
10
0.0771037401574803
20
0.5152037007874015
11
0.0771037401574803
21
0.5198986220472441
0
LINE
8
BLACK
6
CONTINUOUS
10
0.0771037401574803
20
0.5198986220472441
11
0.0760483464566929
21
0.5220093700787402
0
LINE
8
BLACK
6
CONTINUOUS
10
0.0760483464566929
20
0.5220093700787402
11
0.0738475984251969
21
0.5242101181102362
0
LINE
8
BLACK
6
CONTINUOUS
10
0.0738475984251969
20
0.5242101181102362
11
0.0689874015748032
21
0.5254251968503937
0
LINE
8
BLACK
6
CONTINUOUS
10
0.0689874015748032
20
0.5254251968503937
11
0.0596295275590551
21
0.5254251968503937
0
LINE
8
BLACK
6
CONTINUOUS
10
0.0596295275590551
20
0.5254251968503937
11
0.0547692913385827
21
0.5242101181102362
0
LINE
8
BLACK
6
CONTINUOUS
10
0.080666968503937
20
0.5636996062992126
11
0.0810159448818898
21
0.5622339763779527
0
LINE
8
BLACK
6
CONTINUOUS
10
0.0810159448818898
20
0.5622339763779527
11
0.0802263385826772
21
0.5609508267716535
0
LINE
8
BLACK
6
CONTINUOUS
10
0.0802263385826772
20
0.5609508267716535
11
0.079528188976378
21
0.5606305905511811
0
LINE
8
BLACK
6
CONTINUOUS
10
0.079528188976378
20
0.5606305905511811
11
0.0575896850393701
21
0.5554070866141733
0
LINE
8
BLACK
6
CONTINUOUS
10
0.0575896850393701
20
0.5554070866141733
11
0.071143031496063
21
0.5517929133858268
0
LINE
8
BLACK
6
CONTINUOUS
10
0.071143031496063
20
0.5517929133858268
11
0.0718322834645669
21
0.5514540157480314
0
LINE
8
BLACK
6
CONTINUOUS
10
0.0718322834645669
20
0.5514540157480314
11
0.0719667322834646
21
0.5512217716535432
0
LINE
8
BLACK
6
CONTINUOUS
10
0.0719667322834646
20
0.5512217716535432
11
0.0721989763779528
21
0.5510873228346457
0
LINE
8
BLACK
6
CONTINUOUS
10
0.0721989763779528
20
0.5510873228346457
11
0.0723307874015748
21
0.5505929133858267
0
LINE
8
BLACK
6
CONTINUOUS
10
0.0723307874015748
20
0.5505929133858267
11
0.0725871653543307
21
0.5501501574803149
0
LINE
8
BLACK
6
CONTINUOUS
10
0.0725871653543307
20
0.5501501574803149
11
0.0725179921259843
21
0.5498908661417323
0
LINE
8
BLACK
6
CONTINUOUS
10
0.0725179921259843
20
0.5498908661417323
11
0.0725871653543307
21
0.5496315748031496
0
LINE
8
BLACK
6
CONTINUOUS
10
0.0725871653543307
20
0.5496315748031496
11
0.0723307874015748
21
0.5491887795275591
0
LINE
8
BLACK
6
CONTINUOUS
10
0.0723307874015748
20
0.5491887795275591
11
0.0721989763779528
21
0.5486944094488189
0
LINE
8
BLACK
6
CONTINUOUS
10
0.0721989763779528
20
0.5486944094488189
11
0.0719667322834646
21
0.5485599212598425
0
LINE
8
BLACK
6
CONTINUOUS
10
0.0719667322834646
20
0.5485599212598425
11
0.0718322834645669
21
0.5483277165354331
0
LINE
8
BLACK
6
CONTINUOUS
10
0.0718322834645669
20
0.5483277165354331
11
0.071143031496063
21
0.5479888188976377
0
LINE
8
BLACK
6
CONTINUOUS
10
0.071143031496063
20
0.5479888188976377
11
0.0575896850393701
21
0.5443746062992126
0
LINE
8
BLACK
6
CONTINUOUS
10
0.0575896850393701
20
0.5443746062992126
11
0.079528188976378
21
0.5391511417322834
0
LINE
8
BLACK
6
CONTINUOUS
10
0.079528188976378
20
0.5391511417322834
11
0.0802263385826772
21
0.538830905511811
0
LINE
8
BLACK
6
CONTINUOUS
10
0.0802263385826772
20
0.538830905511811
11
0.0810159448818898
21
0.5375477559055118
0
LINE
8
BLACK
6
CONTINUOUS
10
0.0810159448818898
20
0.5375477559055118
11
0.080666968503937
21
0.536082125984252
0
LINE
8
BLACK
6
CONTINUOUS
10
0.080666968503937
20
0.536082125984252
11
0.0793838582677165
21
0.5352924803149606
0
LINE
8
BLACK
6
CONTINUOUS
10
0.0793838582677165
20
0.5352924803149606
11
0.0786162992125984
21
0.5353212204724409
0
LINE
8
BLACK
6
CONTINUOUS
10
0.0786162992125984
20
0.5353212204724409
11
0.0490887401574803
21
0.5423516141732283
0
LINE
8
BLACK
6
CONTINUOUS
10
0.0490887401574803
20
0.5423516141732283
11
0.0483906299212598
21
0.5426718503937008
0
LINE
8
BLACK
6
CONTINUOUS
10
0.0483906299212598
20
0.5426718503937008
11
0.0482362992125984
21
0.5429225984251969
0
LINE
8
BLACK
6
CONTINUOUS
10
0.0482362992125984
20
0.5429225984251969
11
0.0479815354330709
21
0.5430701181102362
0
LINE
8
BLACK
6
CONTINUOUS
10
0.0479815354330709
20
0.5430701181102362
11
0.0478561023622047
21
0.5435403937007874
0
LINE
8
BLACK
6
CONTINUOUS
10
0.0478561023622047
20
0.5435403937007874
11
0.0476009842519685
21
0.543955
0
LINE
8
BLACK
6
CONTINUOUS
10
0.0476009842519685
20
0.543955
11
0.0476691732283465
21
0.5442414173228346
0
LINE
8
BLACK
6
CONTINUOUS
10
0.0476691732283465
20
0.5442414173228346
11
0.0475933464566929
21
0.5445258267716535
0
LINE
8
BLACK
6
CONTINUOUS
10
0.0475933464566929
20
0.5445258267716535
11
0.0478371653543307
21
0.5449470078740157
0
LINE
8
BLACK
6
CONTINUOUS
10
0.0478371653543307
20
0.5449470078740157
11
0.0479499606299213
21
0.5454206299212598
0
LINE
8
BLACK
6
CONTINUOUS
10
0.0479499606299213
20
0.5454206299212598
11
0.0482007086614173
21
0.5455749212598425
0
LINE
8
BLACK
6
CONTINUOUS
10
0.0482007086614173
20
0.5455749212598425
11
0.0483482283464567
21
0.5458297244094488
0
LINE
8
BLACK
6
CONTINUOUS
10
0.0483482283464567
20
0.5458297244094488
11
0.0490374803149606
21
0.546168622047244
0
LINE
8
BLACK
6
CONTINUOUS
10
0.0490374803149606
20
0.546168622047244
11
0.0629958661417323
21
0.5498908661417323
0
LINE
8
BLACK
6
CONTINUOUS
10
0.0629958661417323
20
0.5498908661417323
11
0.0490374803149606
21
0.5536131102362205
0
LINE
8
BLACK
6
CONTINUOUS
10
0.0490374803149606
20
0.5536131102362205
11
0.0483482283464567
21
0.5539520078740158
0
LINE
8
BLACK
6
CONTINUOUS
10
0.0483482283464567
20
0.5539520078740158
11
0.0482007086614173
21
0.5542067716535433
0
LINE
8
BLACK
6
CONTINUOUS
10
0.0482007086614173
20
0.5542067716535433
11
0.0479499606299213
21
0.5543611023622047
0
LINE
8
BLACK
6
CONTINUOUS
10
0.0479499606299213
20
0.5543611023622047
11
0.0478371653543307
21
0.5548346850393701
0
LINE
8
BLACK
6
CONTINUOUS
10
0.0478371653543307
20
0.5548346850393701
11
0.0475933464566929
21
0.555255905511811
0
LINE
8
BLACK
6
CONTINUOUS
10
0.0475933464566929
20
0.555255905511811
11
0.0476691732283465
21
0.5555402755905512
0
LINE
8
BLACK
6
CONTINUOUS
10
0.0476691732283465
20
0.5555402755905512
11
0.0476009842519685
21
0.5558267322834646
0
LINE
8
BLACK
6
CONTINUOUS
10
0.0476009842519685
20
0.5558267322834646
11
0.0478561023622047
21
0.5562412992125985
0
LINE
8
BLACK
6
CONTINUOUS
10
0.0478561023622047
20
0.5562412992125985
11
0.0479815354330709
21
0.5567116141732283
0
LINE
8
BLACK
6
CONTINUOUS
10
0.0479815354330709
20
0.5567116141732283
11
0.0482362992125984
21
0.5568590944881889
0
LINE
8
BLACK
6
CONTINUOUS
10
0.0482362992125984
20
0.5568590944881889
11
0.0483906299212598
21
0.5571098818897637
0
LINE
8
BLACK
6
CONTINUOUS
10
0.0483906299212598
20
0.5571098818897637
11
0.0490887401574803
21
0.5574301181102362
0
LINE
8
BLACK
6
CONTINUOUS
10
0.0490887401574803
20
0.5574301181102362
11
0.0786162992125984
21
0.5644605118110236
0
LINE
8
BLACK
6
CONTINUOUS
10
0.0786162992125984
20
0.5644605118110236
11
0.0793838582677165
21
0.564489251968504
0
LINE
8
BLACK
6
CONTINUOUS
10
0.0793838582677165
20
0.564489251968504
11
0.080666968503937
21
0.5636996062992126
0
LINE
8
BLACK
6
CONTINUOUS
10
0.305
20
0.7374999999999999
11
0.2952755905511811
21
0.7374999999999999
0
LINE
8
BLACK
6
CONTINUOUS
10
0.2952755905511811
20
0.7374999999999999
11
0.2952755905511811
21
0.7075
0
LINE
8
BLACK
6
CONTINUOUS
10
0.2952755905511811
20
0.7075
11
0.305
21
0.7075
0
LINE
8
BLACK
6
CONTINUOUS
10
0.305
20
0.7075
11
0.305
21
0.6849999999999999
0
LINE
8
BLACK
6
CONTINUOUS
10
0.305
20
0.6849999999999999
11
0.315
21
0.6849999999999999
0
LINE
8
BLACK
6
CONTINUOUS
10
0.315
20
0.6849999999999999
11
0.3159754330708661
21
0.684903937007874
0
LINE
8
BLACK
6
CONTINUOUS
10
0.3159754330708661
20
0.684903937007874
11
0.3159754724409449
21
0.684903937007874
0
LINE
8
BLACK
6
CONTINUOUS
10
0.3159754724409449
20
0.684903937007874
11
0.3167220472440945
21
0.6845946456692913
0
LINE
8
BLACK
6
CONTINUOUS
10
0.3167220472440945
20
0.6845946456692913
11
0.3177778346456693
21
0.6841573622047243
0
LINE
8
BLACK
6
CONTINUOUS
10
0.3177778346456693
20
0.6841573622047243
11
0.317777874015748
21
0.6841573228346457
0
LINE
8
BLACK
6
CONTINUOUS
10
0.317777874015748
20
0.6841573228346457
11
0.3185355511811023
21
0.6835355511811023
0
LINE
8
BLACK
6
CONTINUOUS
10
0.3185355511811023
20
0.6835355511811023
11
0.3351496850393701
21
0.6669213779527559
0
LINE
8
BLACK
6
CONTINUOUS
10
0.3351496850393701
20
0.6669213779527559
11
0.3357714960629921
21
0.6661637007874016
0
LINE
8
BLACK
6
CONTINUOUS
10
0.3357714960629921
20
0.6661637007874016
11
0.3357715354330709
21
0.6661636614173229
0
LINE
8
BLACK
6
CONTINUOUS
10
0.3357715354330709
20
0.6661636614173229
11
0.3365181102362205
21
0.6643612598425197
0
LINE
8
BLACK
6
CONTINUOUS
10
0.3365181102362205
20
0.6643612598425197
11
0.3366141732283465
21
0.6633858267716535
0
LINE
8
BLACK
6
CONTINUOUS
10
0.3366141732283465
20
0.6633858267716535
11
0.3366141732283465
21
0.6201574803149607
0
LINE
8
BLACK
6
CONTINUOUS
10
0.3366141732283465
20
0.6201574803149607
11
0.3404724409448819
21
0.6201574803149607
0
LINE
8
BLACK
6
CONTINUOUS
10
0.3404724409448819
20
0.6201574803149607
11
0.3404724409448819
21
0.5630708661417323
0
LINE
8
BLACK
6
CONTINUOUS
10
0.3404724409448819
20
0.5630708661417323
11
0.322755905511811
21
0.5630708661417323
0
LINE
8
BLACK
6
CONTINUOUS
10
0.322755905511811
20
0.5630708661417323
11
0.322755905511811
21
0.6201574803149607
0
LINE
8
BLACK
6
CONTINUOUS
10
0.322755905511811
20
0.6201574803149607
11
0.3266141732283465
21
0.6201574803149607
0
LINE
8
BLACK
6
CONTINUOUS
10
0.3266141732283465
20
0.6201574803149607
11
0.3266141732283465
21
0.6613147244094488
0
LINE
8
BLACK
6
CONTINUOUS
10
0.3266141732283465
20
0.6613147244094488
11
0.3129288976377952
21
0.6749999999999999
0
LINE
8
BLACK
6
CONTINUOUS
10
0.3129288976377952
20
0.6749999999999999
11
0.305
21
0.6749999999999999
0
LINE
8
BLACK
6
CONTINUOUS
10
0.305
20
0.6749999999999999
11
0.305
21
0.6525
0
LINE
8
BLACK
6
CONTINUOUS
10
0.305
20
0.6525
11
0.27
21
0.6525
0
LINE
8
BLACK
6
CONTINUOUS
10
0.27
20
0.6525
11
0.27
21
0.7075
0
LINE
8
BLACK
6
CONTINUOUS
10
0.27
20
0.7075
11
0.2795275590551181
21
0.7075
0
LINE
8
BLACK
6
CONTINUOUS
10
0.2795275590551181
20
0.7075
11
0.2795275590551181
21
0.7374999999999999
0
LINE
8
BLACK
6
CONTINUOUS
10
0.2795275590551181
20
0.7374999999999999
11
0.27
21
0.7374999999999999
0
LINE
8
BLACK
6
CONTINUOUS
10
0.27
20
0.7374999999999999
11
0.27
21
0.7925
0
LINE
8
BLACK
6
CONTINUOUS
10
0.27
20
0.7925
11
0.305
21
0.7925
0
LINE
8
BLACK
6
CONTINUOUS
10
0.305
20
0.7925
11
0.305
21
0.7374999999999999
0
LINE
8
BLACK
6
CONTINUOUS
10
0.6985662992125984
20
0.7068973228346457
11
0.7015922047244094
21
0.7060865354330709
0
LINE
8
BLACK
6
CONTINUOUS
10
0.7015922047244094
20
0.7060865354330709
11
0.7043051181102362
21
0.7045202362204724
0
LINE
8
BLACK
6
CONTINUOUS
10
0.7043051181102362
20
0.7045202362204724
11
0.7065202362204724
21
0.7023051181102362
0
LINE
8
BLACK
6
CONTINUOUS
10
0.7065202362204724
20
0.7023051181102362
11
0.7080865354330709
21
0.6995922047244094
0
LINE
8
BLACK
6
CONTINUOUS
10
0.7080865354330709
20
0.6995922047244094
11
0.7088973228346457
21
0.6965662992125984
0
LINE
8
BLACK
6
CONTINUOUS
10
0.7088973228346457
20
0.6965662992125984
11
0.7088973228346457
21
0.6934337007874015
0
LINE
8
BLACK
6
CONTINUOUS
10
0.7088973228346457
20
0.6934337007874015
11
0.7080865354330709
21
0.6904077952755905
0
LINE
8
BLACK
6
CONTINUOUS
10
0.7080865354330709
20
0.6904077952755905
11
0.7065202362204724
21
0.6876948818897638
0
LINE
8
BLACK
6
CONTINUOUS
10
0.7065202362204724
20
0.6876948818897638
11
0.7043051181102362
21
0.6854797637795276
0
LINE
8
BLACK
6
CONTINUOUS
10
0.7043051181102362
20
0.6854797637795276
11
0.7015922047244094
21
0.6839134645669291
0
LINE
8
BLACK
6
CONTINUOUS
10
0.7015922047244094
20
0.6839134645669291
11
0.6985662992125984
21
0.6831026771653543
0
LINE
8
BLACK
6
CONTINUOUS
10
0.6985662992125984
20
0.6831026771653543
11
0.697
21
0.6829999999999999
0
LINE
8
BLACK
6
CONTINUOUS
10
0.697
20
0.6829999999999999
11
0.663
21
0.6829999999999999
0
LINE
8
BLACK
6
CONTINUOUS
10
0.663
20
0.6829999999999999
11
0.6614337007874016
21
0.6831026771653543
0
LINE
8
BLACK
6
CONTINUOUS
10
0.6614337007874016
20
0.6831026771653543
11
0.6598725984251969
21
0.6835209448818897
0
LINE
8
BLACK
6
CONTINUOUS
10
0.6598725984251969
20
0.6835209448818897
11
0.6221758267716535
21
0.6458241732283464
0
LINE
8
BLACK
6
CONTINUOUS
10
0.6221758267716535
20
0.6458241732283464
11
0.621280905511811
21
0.6450897244094488
0
LINE
8
BLACK
6
CONTINUOUS
10
0.621280905511811
20
0.6450897244094488
11
0.6200338976377953
21
0.6445731889763779
0
LINE
8
BLACK
6
CONTINUOUS
10
0.6200338976377953
20
0.6445731889763779
11
0.619152125984252
21
0.6442079527559055
0
LINE
8
BLACK
6
CONTINUOUS
10
0.619152125984252
20
0.6442079527559055
11
0.618
21
0.6440944881889764
0
LINE
8
BLACK
6
CONTINUOUS
10
0.618
20
0.6440944881889764
11
0.403186220472441
21
0.6440944881889764
0
LINE
8
BLACK
6
CONTINUOUS
10
0.403186220472441
20
0.6440944881889764
11
0.3887007874015748
21
0.6296090551181103
0
LINE
8
BLACK
6
CONTINUOUS
10
0.3887007874015748
20
0.6296090551181103
11
0.3887007874015748
21
0.6201574803149607
0
LINE
8
BLACK
6
CONTINUOUS
10
0.3887007874015748
20
0.6201574803149607
11
0.3916535433070866
21
0.6201574803149607
0
LINE
8
BLACK
6
CONTINUOUS
10
0.3916535433070866
20
0.6201574803149607
11
0.3916535433070866
21
0.5630708661417323
0
LINE
8
BLACK
6
CONTINUOUS
10
0.3916535433070866
20
0.5630708661417323
11
0.3739370078740157
21
0.5630708661417323
0
LINE
8
BLACK
6
CONTINUOUS
10
0.3739370078740157
20
0.5630708661417323
11
0.3739370078740157
21
0.6201574803149607
0
LINE
8
BLACK
6
CONTINUOUS
10
0.3739370078740157
20
0.6201574803149607
11
0.3768897637795275
21
0.6201574803149607
0
LINE
8
BLACK
6
CONTINUOUS
10
0.3768897637795275
20
0.6201574803149607
11
0.3768897637795275
21
0.6319685039370079
0
LINE
8
BLACK
6
CONTINUOUS
10
0.3768897637795275
20
0.6319685039370079
11
0.3768897637795275
21
0.6320551968503937
0
LINE
8
BLACK
6
CONTINUOUS
10
0.3768897637795275
20
0.6320551968503937
11
0.3770032283464567
21
0.6332073228346456
0
LINE
8
BLACK
6
CONTINUOUS
10
0.3770032283464567
20
0.6332073228346456
11
0.3776550787401575
21
0.6347810236220472
0
LINE
8
BLACK
6
CONTINUOUS
10
0.3776550787401575
20
0.6347810236220472
11
0.377885
21
0.6353361023622047
0
LINE
8
BLACK
6
CONTINUOUS
10
0.377885
20
0.6353361023622047
11
0.3786194488188976
21
0.6362310236220472
0
LINE
8
BLACK
6
CONTINUOUS
10
0.3786194488188976
20
0.6362310236220472
11
0.3965642519685039
21
0.6541758267716535
0
LINE
8
BLACK
6
CONTINUOUS
10
0.3965642519685039
20
0.6541758267716535
11
0.3974591732283465
21
0.6549102755905511
0
LINE
8
BLACK
6
CONTINUOUS
10
0.3974591732283465
20
0.6549102755905511
11
0.3987929921259842
21
0.6554627559055118
0
LINE
8
BLACK
6
CONTINUOUS
10
0.3987929921259842
20
0.6554627559055118
11
0.3995879527559055
21
0.6557920472440945
0
LINE
8
BLACK
6
CONTINUOUS
10
0.3995879527559055
20
0.6557920472440945
11
0.4007400787401575
21
0.6559055118110236
0
LINE
8
BLACK
6
CONTINUOUS
10
0.4007400787401575
20
0.6559055118110236
11
0.6155538582677165
21
0.6559055118110236
0
LINE
8
BLACK
6
CONTINUOUS
10
0.6155538582677165
20
0.6559055118110236
11
0.6515209448818897
21
0.6918725984251969
0
LINE
8
BLACK
6
CONTINUOUS
10
0.6515209448818897
20
0.6918725984251969
11
0.6511026771653543
21
0.6934337007874015
0
LINE
8
BLACK
6
CONTINUOUS
10
0.6511026771653543
20
0.6934337007874015
11
0.6511026771653543
21
0.6965662992125984
0
LINE
8
BLACK
6
CONTINUOUS
10
0.6511026771653543
20
0.6965662992125984
11
0.6519134645669291
21
0.6995922047244094
0
LINE
8
BLACK
6
CONTINUOUS
10
0.6519134645669291
20
0.6995922047244094
11
0.6534797637795275
21
0.7023051181102362
0
LINE
8
BLACK
6
CONTINUOUS
10
0.6534797637795275
20
0.7023051181102362
11
0.6556948818897638
21
0.7045202362204724
0
LINE
8
BLACK
6
CONTINUOUS
10
0.6556948818897638
20
0.7045202362204724
11
0.6584077952755906
21
0.7060865354330709
0
LINE
8
BLACK
6
CONTINUOUS
10
0.6584077952755906
20
0.7060865354330709
11
0.6614337007874016
21
0.7068973228346457
0
LINE
8
BLACK
6
CONTINUOUS
10
0.6614337007874016
20
0.7068973228346457
11
0.663
21
0.707
0
LINE
8
BLACK
6
CONTINUOUS
10
0.663
20
0.707
11
0.697
21
0.707
0
LINE
8
BLACK
6
CONTINUOUS
10
0.697
20
0.707
11
0.6985662992125984
21
0.7068973228346457
0
LINE
8
BLACK
6
CONTINUOUS
10
0.0513633464566929
20
0.5886081889763779
11
0.051513188976378
21
0.5878548818897638
0
LINE
8
BLACK
6
CONTINUOUS
10
0.051513188976378
20
0.5878548818897638
11
0.051513188976378
21
0.5757626377952756
0
LINE
8
BLACK
6
CONTINUOUS
10
0.051513188976378
20
0.5757626377952756
11
0.0630429921259843
21
0.5757626377952756
0
LINE
8
BLACK
6
CONTINUOUS
10
0.0630429921259843
20
0.5757626377952756
11
0.0630429921259843
21
0.5836366535433071
0
LINE
8
BLACK
6
CONTINUOUS
10
0.0630429921259843
20
0.5836366535433071
11
0.0631928346456693
21
0.5843899606299212
0
LINE
8
BLACK
6
CONTINUOUS
10
0.0631928346456693
20
0.5843899606299212
11
0.0642581889763779
21
0.5854553149606299
0
LINE
8
BLACK
6
CONTINUOUS
10
0.0642581889763779
20
0.5854553149606299
11
0.0657648031496063
21
0.5854553149606299
0
LINE
8
BLACK
6
CONTINUOUS
10
0.0657648031496063
20
0.5854553149606299
11
0.066830157480315
21
0.5843899606299212
0
LINE
8
BLACK
6
CONTINUOUS
10
0.066830157480315
20
0.5843899606299212
11
0.06698
21
0.5836366535433071
0
LINE
8
BLACK
6
CONTINUOUS
10
0.06698
20
0.5836366535433071
11
0.06698
21
0.5757626377952756
0
LINE
8
BLACK
6
CONTINUOUS
10
0.06698
20
0.5757626377952756
11
0.0771037401574803
21
0.5757626377952756
0
LINE
8
BLACK
6
CONTINUOUS
10
0.0771037401574803
20
0.5757626377952756
11
0.0771037401574803
21
0.5878548818897638
0
LINE
8
BLACK
6
CONTINUOUS
10
0.0771037401574803
20
0.5878548818897638
11
0.0772535826771654
21
0.5886081889763779
0
LINE
8
BLACK
6
CONTINUOUS
10
0.0772535826771654
20
0.5886081889763779
11
0.078318937007874
21
0.5896735433070867
0
LINE
8
BLACK
6
CONTINUOUS
10
0.078318937007874
20
0.5896735433070867
11
0.0798255511811024
21
0.5896735433070867
0
LINE
8
BLACK
6
CONTINUOUS
10
0.0798255511811024
20
0.5896735433070867
11
0.080890905511811
21
0.5886081889763779
0
LINE
8
BLACK
6
CONTINUOUS
10
0.080890905511811
20
0.5886081889763779
11
0.0810407480314961
21
0.5878548818897638
0
LINE
8
BLACK
6
CONTINUOUS
10
0.0810407480314961
20
0.5878548818897638
11
0.0810407480314961
21
0.5737941338582677
0
LINE
8
BLACK
6
CONTINUOUS
10
0.0810407480314961
20
0.5737941338582677
11
0.080890905511811
21
0.5730408267716536
0
LINE
8
BLACK
6
CONTINUOUS
10
0.080890905511811
20
0.5730408267716536
11
0.0798255511811024
21
0.5719754724409448
0
LINE
8
BLACK
6
CONTINUOUS
10
0.0798255511811024
20
0.5719754724409448
11
0.0790722440944882
21
0.5718256299212598
0
LINE
8
BLACK
6
CONTINUOUS
10
0.0790722440944882
20
0.5718256299212598
11
0.0495446850393701
21
0.5718256299212598
0
LINE
8
BLACK
6
CONTINUOUS
10
0.0495446850393701
20
0.5718256299212598
11
0.0487913779527559
21
0.5719754724409448
0
LINE
8
BLACK
6
CONTINUOUS
10
0.0487913779527559
20
0.5719754724409448
11
0.0477260236220472
21
0.5730408267716536
0
LINE
8
BLACK
6
CONTINUOUS
10
0.0477260236220472
20
0.5730408267716536
11
0.0475761811023622
21
0.5737941338582677
0
LINE
8
BLACK
6
CONTINUOUS
10
0.0475761811023622
20
0.5737941338582677
11
0.0475761811023622
21
0.5878548818897638
0
LINE
8
BLACK
6
CONTINUOUS
10
0.0475761811023622
20
0.5878548818897638
11
0.0477260236220472
21
0.5886081889763779
0
LINE
8
BLACK
6
CONTINUOUS
10
0.0477260236220472
20
0.5886081889763779
11
0.0487913779527559
21
0.5896735433070867
0
LINE
8
BLACK
6
CONTINUOUS
10
0.0487913779527559
20
0.5896735433070867
11
0.0502979921259843
21
0.5896735433070867
0
LINE
8
BLACK
6
CONTINUOUS
10
0.0502979921259843
20
0.5896735433070867
11
0.0513633464566929
21
0.5886081889763779
0
LINE
8
BLACK
6
CONTINUOUS
10
0.0735446456692913
20
0.6193316535433071
11
0.0735874803149606
21
0.6193459448818898
0
LINE
8
BLACK
6
CONTINUOUS
10
0.0735874803149606
20
0.6193459448818898
11
0.0738915748031496
21
0.6192626377952756
0
LINE
8
BLACK
6
CONTINUOUS
10
0.0738915748031496
20
0.6192626377952756
11
0.0742012598425197
21
0.619201062992126
0
LINE
8
BLACK
6
CONTINUOUS
10
0.0742012598425197
20
0.619201062992126
11
0.074233188976378
21
0.6191690944881889
0
LINE
8
BLACK
6
CONTINUOUS
10
0.074233188976378
20
0.6191690944881889
11
0.0743282677165354
21
0.6191430708661417
0
LINE
8
BLACK
6
CONTINUOUS
10
0.0743282677165354
20
0.6191430708661417
11
0.0771404724409449
21
0.6177370078740158
0
LINE
8
BLACK
6
CONTINUOUS
10
0.0771404724409449
20
0.6177370078740158
11
0.077389842519685
21
0.6175434645669291
0
LINE
8
BLACK
6
CONTINUOUS
10
0.077389842519685
20
0.6175434645669291
11
0.0776520472440945
21
0.6173682677165354
0
LINE
8
BLACK
6
CONTINUOUS
10
0.0776520472440945
20
0.6173682677165354
11
0.0790581102362205
21
0.6159622047244094
0
LINE
8
BLACK
6
CONTINUOUS
10
0.0790581102362205
20
0.6159622047244094
11
0.0792334645669291
21
0.6156997244094488
0
LINE
8
BLACK
6
CONTINUOUS
10
0.0792334645669291
20
0.6156997244094488
11
0.0794268503937008
21
0.6154505905511811
0
LINE
8
BLACK
6
CONTINUOUS
10
0.0794268503937008
20
0.6154505905511811
11
0.0808329527559055
21
0.6126384251968504
0
LINE
8
BLACK
6
CONTINUOUS
10
0.0808329527559055
20
0.6126384251968504
11
0.0808589763779528
21
0.6125433070866142
0
LINE
8
BLACK
6
CONTINUOUS
10
0.0808589763779528
20
0.6125433070866142
11
0.080890905511811
21
0.6125114173228347
0
LINE
8
BLACK
6
CONTINUOUS
10
0.080890905511811
20
0.6125114173228347
11
0.0809524409448819
21
0.6122019291338583
0
LINE
8
BLACK
6
CONTINUOUS
10
0.0809524409448819
20
0.6122019291338583
11
0.0810357874015748
21
0.6118976377952756
0
LINE
8
BLACK
6
CONTINUOUS
10
0.0810357874015748
20
0.6118976377952756
11
0.0810214960629921
21
0.6118548031496063
0
LINE
8
BLACK
6
CONTINUOUS
10
0.0810214960629921
20
0.6118548031496063
11
0.0810407480314961
21
0.6117581102362205
0
LINE
8
BLACK
6
CONTINUOUS
10
0.0810407480314961
20
0.6117581102362205
11
0.0810407480314961
21
0.6005095275590551
0
LINE
8
BLACK
6
CONTINUOUS
10
0.0810407480314961
20
0.6005095275590551
11
0.080890905511811
21
0.5997562204724409
0
LINE
8
BLACK
6
CONTINUOUS
10
0.080890905511811
20
0.5997562204724409
11
0.0798255511811024
21
0.5986908661417323
0
LINE
8
BLACK
6
CONTINUOUS
10
0.0798255511811024
20
0.5986908661417323
11
0.0790722440944882
21
0.5985410236220472
0
LINE
8
BLACK
6
CONTINUOUS
10
0.0790722440944882
20
0.5985410236220472
11
0.0495446850393701
21
0.5985410236220472
0
LINE
8
BLACK
6
CONTINUOUS
10
0.0495446850393701
20
0.5985410236220472
11
0.0487913779527559
21
0.5986908661417323
0
LINE
8
BLACK
6
CONTINUOUS
10
0.0487913779527559
20
0.5986908661417323
11
0.0477260236220472
21
0.5997562204724409
0
LINE
8
BLACK
6
CONTINUOUS
10
0.0477260236220472
20
0.5997562204724409
11
0.0477260236220472
21
0.6012628346456693
0
LINE
8
BLACK
6
CONTINUOUS
10
0.0477260236220472
20
0.6012628346456693
11
0.0487913779527559
21
0.602328188976378
0
LINE
8
BLACK
6
CONTINUOUS
10
0.0487913779527559
20
0.602328188976378
11
0.0495446850393701
21
0.6024780314960629
0
LINE
8
BLACK
6
CONTINUOUS
10
0.0495446850393701
20
0.6024780314960629
11
0.0616369291338583
21
0.6024780314960629
0
LINE
8
BLACK
6
CONTINUOUS
10
0.0616369291338583
20
0.6024780314960629
11
0.0616369291338583
21
0.6065149212598425
0
LINE
8
BLACK
6
CONTINUOUS
10
0.0616369291338583
20
0.6065149212598425
11
0.0484158267716535
21
0.6157697244094488
0
LINE
8
BLACK
6
CONTINUOUS
10
0.0484158267716535
20
0.6157697244094488
11
0.0478846062992126
21
0.6163244881889763
0
LINE
8
BLACK
6
CONTINUOUS
10
0.0478846062992126
20
0.6163244881889763
11
0.0476227952755906
21
0.6178081889763779
0
LINE
8
BLACK
6
CONTINUOUS
10
0.0476227952755906
20
0.6178081889763779
11
0.0484867716535433
21
0.6190424803149606
0
LINE
8
BLACK
6
CONTINUOUS
10
0.0484867716535433
20
0.6190424803149606
11
0.0499704724409449
21
0.6193042913385827
0
LINE
8
BLACK
6
CONTINUOUS
10
0.0499704724409449
20
0.6193042913385827
11
0.0506735433070866
21
0.6189950787401575
0
LINE
8
BLACK
6
CONTINUOUS
10
0.0506735433070866
20
0.6189950787401575
11
0.0616369291338583
21
0.6113206692913385
0
LINE
8
BLACK
6
CONTINUOUS
10
0.0616369291338583
20
0.6113206692913385
11
0.0616369291338583
21
0.6117581102362205
0
LINE
8
BLACK
6
CONTINUOUS
10
0.0616369291338583
20
0.6117581102362205
11
0.0616561417322835
21
0.6118548031496063
0
LINE
8
BLACK
6
CONTINUOUS
10
0.0616561417322835
20
0.6118548031496063
11
0.0616418897637795
21
0.6118976377952756
0
LINE
8
BLACK
6
CONTINUOUS
10
0.0616418897637795
20
0.6118976377952756
11
0.061725157480315
21
0.6122017322834645
0
LINE
8
BLACK
6
CONTINUOUS
10
0.061725157480315
20
0.6122017322834645
11
0.0617867716535433
21
0.6125114173228347
0
LINE
8
BLACK
6
CONTINUOUS
10
0.0617867716535433
20
0.6125114173228347
11
0.0618187007874016
21
0.6125433464566929
0
LINE
8
BLACK
6
CONTINUOUS
10
0.0618187007874016
20
0.6125433464566929
11
0.0618447637795276
21
0.6126384251968504
0
LINE
8
BLACK
6
CONTINUOUS
10
0.0618447637795276
20
0.6126384251968504
11
0.0632508267716535
21
0.6154506299212599
0
LINE
8
BLACK
6
CONTINUOUS
10
0.0632508267716535
20
0.6154506299212599
11
0.0634441732283465
21
0.6156997637795275
0
LINE
8
BLACK
6
CONTINUOUS
10
0.0634441732283465
20
0.6156997637795275
11
0.0636195669291339
21
0.6159622440944882
0
LINE
8
BLACK
6
CONTINUOUS
10
0.0636195669291339
20
0.6159622440944882
11
0.0650256692913386
21
0.6173683070866142
0
LINE
8
BLACK
6
CONTINUOUS
10
0.0650256692913386
20
0.6173683070866142
11
0.0652880708661417
21
0.6175436220472441
0
LINE
8
BLACK
6
CONTINUOUS
10
0.0652880708661417
20
0.6175436220472441
11
0.0655372440944882
21
0.6177370078740158
0
LINE
8
BLACK
6
CONTINUOUS
10
0.0655372440944882
20
0.6177370078740158
11
0.0683493700787402
21
0.6191430708661417
0
LINE
8
BLACK
6
CONTINUOUS
10
0.0683493700787402
20
0.6191430708661417
11
0.0684444488188976
21
0.6191690944881889
0
LINE
8
BLACK
6
CONTINUOUS
10
0.0684444488188976
20
0.6191690944881889
11
0.0684764173228346
21
0.619201062992126
0
LINE
8
BLACK
6
CONTINUOUS
10
0.0684764173228346
20
0.619201062992126
11
0.068785905511811
21
0.6192625984251968
0
LINE
8
BLACK
6
CONTINUOUS
10
0.068785905511811
20
0.6192625984251968
11
0.069090157480315
21
0.6193459448818898
0
LINE
8
BLACK
6
CONTINUOUS
10
0.069090157480315
20
0.6193459448818898
11
0.0691329921259843
21
0.6193316535433071
0
LINE
8
BLACK
6
CONTINUOUS
10
0.0691329921259843
20
0.6193316535433071
11
0.0692297244094488
21
0.619350905511811
0
LINE
8
BLACK
6
CONTINUOUS
10
0.0692297244094488
20
0.619350905511811
11
0.0734479527559055
21
0.619350905511811
0
LINE
8
BLACK
6
CONTINUOUS
10
0.0734479527559055
20
0.619350905511811
11
0.0735446456692913
21
0.6193316535433071
0
LINE
8
BLACK
6
CONTINUOUS
10
0.0675836614173228
20
0.6143585039370079
11
0.0666292913385827
21
0.6134041732283464
0
LINE
8
BLACK
6
CONTINUOUS
10
0.0666292913385827
20
0.6134041732283464
11
0.065573937007874
21
0.6112934251968504
0
LINE
8
BLACK
6
CONTINUOUS
10
0.065573937007874
20
0.6112934251968504
11
0.065573937007874
21
0.6024780314960629
0
LINE
8
BLACK
6
CONTINUOUS
10
0.065573937007874
20
0.6024780314960629
11
0.0771037401574803
21
0.6024780314960629
0
LINE
8
BLACK
6
CONTINUOUS
10
0.0771037401574803
20
0.6024780314960629
11
0.0771037401574803
21
0.6112934251968504
0
LINE
8
BLACK
6
CONTINUOUS
10
0.0771037401574803
20
0.6112934251968504
11
0.0760483464566929
21
0.6134042125984251
0
LINE
8
BLACK
6
CONTINUOUS
10
0.0760483464566929
20
0.6134042125984251
11
0.075094094488189
21
0.6143584645669291
0
LINE
8
BLACK
6
CONTINUOUS
10
0.075094094488189
20
0.6143584645669291
11
0.0729833070866142
21
0.6154138976377953
0
LINE
8
BLACK
6
CONTINUOUS
10
0.0729833070866142
20
0.6154138976377953
11
0.0696944094488189
21
0.6154138976377953
0
LINE
8
BLACK
6
CONTINUOUS
10
0.0696944094488189
20
0.6154138976377953
11
0.0675836614173228
21
0.6143585039370079
0
LINE
8
BLACK
6
CONTINUOUS
10
0.0680602362204724
20
0.6474253149606299
11
0.0683011023622047
21
0.6474136220472441
0
LINE
8
BLACK
6
CONTINUOUS
10
0.0683011023622047
20
0.6474136220472441
11
0.0739253937007874
21
0.6460075590551181
0
LINE
8
BLACK
6
CONTINUOUS
10
0.0739253937007874
20
0.6460075590551181
11
0.0741204330708661
21
0.6459153937007874
0
LINE
8
BLACK
6
CONTINUOUS
10
0.0741204330708661
20
0.6459153937007874
11
0.0743282677165354
21
0.6458585039370078
0
LINE
8
BLACK
6
CONTINUOUS
10
0.0743282677165354
20
0.6458585039370078
11
0.0771404724409449
21
0.6444524409448819
0
LINE
8
BLACK
6
CONTINUOUS
10
0.0771404724409449
20
0.6444524409448819
11
0.0773896062992126
21
0.6442590551181102
0
LINE
8
BLACK
6
CONTINUOUS
10
0.0773896062992126
20
0.6442590551181102
11
0.0776520866141732
21
0.6440837007874015
0
LINE
8
BLACK
6
CONTINUOUS
10
0.0776520866141732
20
0.6440837007874015
11
0.0790581496062992
21
0.6426775984251968
0
LINE
8
BLACK
6
CONTINUOUS
10
0.0790581496062992
20
0.6426775984251968
11
0.0792334645669291
21
0.642415157480315
0
LINE
8
BLACK
6
CONTINUOUS
10
0.0792334645669291
20
0.642415157480315
11
0.0794268503937008
21
0.6421660236220472
0
LINE
8
BLACK
6
CONTINUOUS
10
0.0794268503937008
20
0.6421660236220472
11
0.0808329133858268
21
0.6393538976377953
0
LINE
8
BLACK
6
CONTINUOUS
10
0.0808329133858268
20
0.6393538976377953
11
0.080858937007874
21
0.6392587795275591
0
LINE
8
BLACK
6
CONTINUOUS
10
0.080858937007874
20
0.6392587795275591
11
0.080890905511811
21
0.6392268503937008
0
LINE
8
BLACK
6
CONTINUOUS
10
0.080890905511811
20
0.6392268503937008
11
0.0809524409448819
21
0.6389173228346456
0
LINE
8
BLACK
6
CONTINUOUS
10
0.0809524409448819
20
0.6389173228346456
11
0.0810357874015748
21
0.6386131102362205
0
LINE
8
BLACK
6
CONTINUOUS
10
0.0810357874015748
20
0.6386131102362205
11
0.0810214960629921
21
0.6385702362204724
0
LINE
8
BLACK
6
CONTINUOUS
10
0.0810214960629921
20
0.6385702362204724
11
0.0810407480314961
21
0.6384735433070866
0
LINE
8
BLACK
6
CONTINUOUS
10
0.0810407480314961
20
0.6384735433070866
11
0.0810407480314961
21
0.6356613779527559
0
LINE
8
BLACK
6
CONTINUOUS
10
0.0810407480314961
20
0.6356613779527559
11
0.0810214960629921
21
0.6355646456692913
0
LINE
8
BLACK
6
CONTINUOUS
10
0.0810214960629921
20
0.6355646456692913
11
0.0810357874015748
21
0.635521811023622
0
LINE
8
BLACK
6
CONTINUOUS
10
0.0810357874015748
20
0.635521811023622
11
0.0809524409448819
21
0.6352175590551181
0
LINE
8
BLACK
6
CONTINUOUS
10
0.0809524409448819
20
0.6352175590551181
11
0.080890905511811
21
0.6349080708661418
0
LINE
8
BLACK
6
CONTINUOUS
10
0.080890905511811
20
0.6349080708661418
11
0.080858937007874
21
0.6348761023622047
0
LINE
8
BLACK
6
CONTINUOUS
10
0.080858937007874
20
0.6348761023622047
11
0.0808329133858268
21
0.6347810236220472
0
LINE
8
BLACK
6
CONTINUOUS
10
0.0808329133858268
20
0.6347810236220472
11
0.0794268503937008
21
0.6319688976377953
0
LINE
8
BLACK
6
CONTINUOUS
10
0.0794268503937008
20
0.6319688976377953
11
0.0792334645669291
21
0.6317197244094488
0
LINE
8
BLACK
6
CONTINUOUS
10
0.0792334645669291
20
0.6317197244094488
11
0.0790581496062992
21
0.6314573228346456
0
LINE
8
BLACK
6
CONTINUOUS
10
0.0790581496062992
20
0.6314573228346456
11
0.0776520866141732
21
0.6300512204724409
0
LINE
8
BLACK
6
CONTINUOUS
10
0.0776520866141732
20
0.6300512204724409
11
0.0773896062992126
21
0.6298758267716535
0
LINE
8
BLACK
6
CONTINUOUS
10
0.0773896062992126
20
0.6298758267716535
11
0.0771404724409449
21
0.6296824803149607
0
LINE
8
BLACK
6
CONTINUOUS
10
0.0771404724409449
20
0.6296824803149607
11
0.0743282677165354
21
0.6282764173228347
0
LINE
8
BLACK
6
CONTINUOUS
10
0.0743282677165354
20
0.6282764173228347
11
0.0741204330708661
21
0.6282194881889763
0
LINE
8
BLACK
6
CONTINUOUS
10
0.0741204330708661
20
0.6282194881889763
11
0.0739253937007874
21
0.6281273622047244
0
LINE
8
BLACK
6
CONTINUOUS
10
0.0739253937007874
20
0.6281273622047244
11
0.0683011023622047
21
0.6267212992125984
0
LINE
8
BLACK
6
CONTINUOUS
10
0.0683011023622047
20
0.6267212992125984
11
0.0680602362204724
21
0.6267095669291338
0
LINE
8
BLACK
6
CONTINUOUS
10
0.0680602362204724
20
0.6267095669291338
11
0.0678236614173228
21
0.6266625196850394
0
LINE
8
BLACK
6
CONTINUOUS
10
0.0678236614173228
20
0.6266625196850394
11
0.0607933070866142
21
0.6266625196850394
0
LINE
8
BLACK
6
CONTINUOUS
10
0.0607933070866142
20
0.6266625196850394
11
0.0605567716535433
21
0.6267095669291338
0
LINE
8
BLACK
6
CONTINUOUS
10
0.0605567716535433
20
0.6267095669291338
11
0.060315905511811
21
0.6267212992125984
0
LINE
8
BLACK
6
CONTINUOUS
10
0.060315905511811
20
0.6267212992125984
11
0.0546915354330709
21
0.6281273622047244
0
LINE
8
BLACK
6
CONTINUOUS
10
0.0546915354330709
20
0.6281273622047244
11
0.0544965354330709
21
0.6282194488188976
0
LINE
8
BLACK
6
CONTINUOUS
10
0.0544965354330709
20
0.6282194488188976
11
0.0542886220472441
21
0.6282764173228347
0
LINE
8
BLACK
6
CONTINUOUS
10
0.0542886220472441
20
0.6282764173228347
11
0.0514764960629921
21
0.6296824803149607
0
LINE
8
BLACK
6
CONTINUOUS
10
0.0514764960629921
20
0.6296824803149607
11
0.0512273228346457
21
0.6298758267716535
0
LINE
8
BLACK
6
CONTINUOUS
10
0.0512273228346457
20
0.6298758267716535
11
0.0509648818897638
21
0.6300512204724409
0
LINE
8
BLACK
6
CONTINUOUS
10
0.0509648818897638
20
0.6300512204724409
11
0.0495588188976378
21
0.6314573228346456
0
LINE
8
BLACK
6
CONTINUOUS
10
0.0495588188976378
20
0.6314573228346456
11
0.0493834645669291
21
0.6317197244094488
0
LINE
8
BLACK
6
CONTINUOUS
10
0.0493834645669291
20
0.6317197244094488
11
0.0491901181102362
21
0.6319688976377953
0
LINE
8
BLACK
6
CONTINUOUS
10
0.0491901181102362
20
0.6319688976377953
11
0.0477840157480315
21
0.6347810236220472
0
LINE
8
BLACK
6
CONTINUOUS
10
0.0477840157480315
20
0.6347810236220472
11
0.0477579527559055
21
0.6348761023622047
0
LINE
8
BLACK
6
CONTINUOUS
10
0.0477579527559055
20
0.6348761023622047
11
0.0477260236220472
21
0.6349080708661418
0
LINE
8
BLACK
6
CONTINUOUS
10
0.0477260236220472
20
0.6349080708661418
11
0.0476644488188976
21
0.6352175590551181
0
LINE
8
BLACK
6
CONTINUOUS
10
0.0476644488188976
20
0.6352175590551181
11
0.0475811417322835
21
0.635521811023622
0
LINE
8
BLACK
6
CONTINUOUS
10
0.0475811417322835
20
0.635521811023622
11
0.0475953937007874
21
0.6355646456692913
0
LINE
8
BLACK
6
CONTINUOUS
10
0.0475953937007874
20
0.6355646456692913
11
0.0475761811023622
21
0.6356613779527559
0
LINE
8
BLACK
6
CONTINUOUS
10
0.0475761811023622
20
0.6356613779527559
11
0.0475761811023622
21
0.6384735433070866
0
LINE
8
BLACK
6
CONTINUOUS
10
0.0475761811023622
20
0.6384735433070866
11
0.0475953937007874
21
0.6385702362204724
0
LINE
8
BLACK
6
CONTINUOUS
10
0.0475953937007874
20
0.6385702362204724
11
0.0475811417322835
21
0.6386131102362205
0
LINE
8
BLACK
6
CONTINUOUS
10
0.0475811417322835
20
0.6386131102362205
11
0.0476644488188976
21
0.6389173228346456
0
LINE
8
BLACK
6
CONTINUOUS
10
0.0476644488188976
20
0.6389173228346456
11
0.0477260236220472
21
0.6392268503937008
0
LINE
8
BLACK
6
CONTINUOUS
10
0.0477260236220472
20
0.6392268503937008
11
0.0477579527559055
21
0.6392587795275591
0
LINE
8
BLACK
6
CONTINUOUS
10
0.0477579527559055
20
0.6392587795275591
11
0.0477840157480315
21
0.6393538976377953
0
LINE
8
BLACK
6
CONTINUOUS
10
0.0477840157480315
20
0.6393538976377953
11
0.0491901181102362
21
0.6421660236220472
0
LINE
8
BLACK
6
CONTINUOUS
10
0.0491901181102362
20
0.6421660236220472
11
0.0493834645669291
21
0.642415157480315
0
LINE
8
BLACK
6
CONTINUOUS
10
0.0493834645669291
20
0.642415157480315
11
0.0495588188976378
21
0.6426775984251968
0
LINE
8
BLACK
6
CONTINUOUS
10
0.0495588188976378
20
0.6426775984251968
11
0.0509648818897638
21
0.6440837007874015
0
LINE
8
BLACK
6
CONTINUOUS
10
0.0509648818897638
20
0.6440837007874015
11
0.0512273228346457
21
0.6442590551181102
0
LINE
8
BLACK
6
CONTINUOUS
10
0.0512273228346457
20
0.6442590551181102
11
0.0514764960629921
21
0.6444524409448819
0
LINE
8
BLACK
6
CONTINUOUS
10
0.0514764960629921
20
0.6444524409448819
11
0.0542886220472441
21
0.6458585039370078
0
LINE
8
BLACK
6
CONTINUOUS
10
0.0542886220472441
20
0.6458585039370078
11
0.0544965354330709
21
0.6459154330708661
0
LINE
8
BLACK
6
CONTINUOUS
10
0.0544965354330709
20
0.6459154330708661
11
0.0546915354330709
21
0.6460075590551181
0
LINE
8
BLACK
6
CONTINUOUS
10
0.0546915354330709
20
0.6460075590551181
11
0.060315905511811
21
0.6474136220472441
0
LINE
8
BLACK
6
CONTINUOUS
10
0.060315905511811
20
0.6474136220472441
11
0.0605567716535433
21
0.6474253149606299
0
LINE
8
BLACK
6
CONTINUOUS
10
0.0605567716535433
20
0.6474253149606299
11
0.0607933070866142
21
0.6474724015748031
0
LINE
8
BLACK
6
CONTINUOUS
10
0.0607933070866142
20
0.6474724015748031
11
0.0678236614173228
21
0.6474724015748031
0
LINE
8
BLACK
6
CONTINUOUS
10
0.0678236614173228
20
0.6474724015748031
11
0.0680602362204724
21
0.6474253149606299
0
LINE
8
BLACK
6
CONTINUOUS
10
0.0558559842519685
20
0.6422404724409448
11
0.0535229527559055
21
0.6410739763779527
0
LINE
8
BLACK
6
CONTINUOUS
10
0.0535229527559055
20
0.6410739763779527
11
0.0525685826771654
21
0.6401196062992126
0
LINE
8
BLACK
6
CONTINUOUS
10
0.0525685826771654
20
0.6401196062992126
11
0.051513188976378
21
0.6380088188976378
0
LINE
8
BLACK
6
CONTINUOUS
10
0.051513188976378
20
0.6380088188976378
11
0.051513188976378
21
0.6361260629921259
0
LINE
8
BLACK
6
CONTINUOUS
10
0.051513188976378
20
0.6361260629921259
11
0.0525685826771654
21
0.6340152755905512
0
LINE
8
BLACK
6
CONTINUOUS
10
0.0525685826771654
20
0.6340152755905512
11
0.0535229527559055
21
0.633060905511811
0
LINE
8
BLACK
6
CONTINUOUS
10
0.0535229527559055
20
0.633060905511811
11
0.0558559842519685
21
0.6318944094488189
0
LINE
8
BLACK
6
CONTINUOUS
10
0.0558559842519685
20
0.6318944094488189
11
0.0610356299212598
21
0.6305995275590551
0
LINE
8
BLACK
6
CONTINUOUS
10
0.0610356299212598
20
0.6305995275590551
11
0.0675813385826772
21
0.6305995275590551
0
LINE
8
BLACK
6
CONTINUOUS
10
0.0675813385826772
20
0.6305995275590551
11
0.072760905511811
21
0.6318944094488189
0
LINE
8
BLACK
6
CONTINUOUS
10
0.072760905511811
20
0.6318944094488189
11
0.0750940157480315
21
0.6330609448818898
0
LINE
8
BLACK
6
CONTINUOUS
10
0.0750940157480315
20
0.6330609448818898
11
0.0760483464566929
21
0.6340153149606299
0
LINE
8
BLACK
6
CONTINUOUS
10
0.0760483464566929
20
0.6340153149606299
11
0.0771037401574803
21
0.6361260629921259
0
LINE
8
BLACK
6
CONTINUOUS
10
0.0771037401574803
20
0.6361260629921259
11
0.0771037401574803
21
0.6380088582677165
0
LINE
8
BLACK
6
CONTINUOUS
10
0.0771037401574803
20
0.6380088582677165
11
0.0760483464566929
21
0.6401195669291339
0
LINE
8
BLACK
6
CONTINUOUS
10
0.0760483464566929
20
0.6401195669291339
11
0.0750940157480315
21
0.641073937007874
0
LINE
8
BLACK
6
CONTINUOUS
10
0.0750940157480315
20
0.641073937007874
11
0.072760905511811
21
0.6422404724409448
0
LINE
8
BLACK
6
CONTINUOUS
10
0.072760905511811
20
0.6422404724409448
11
0.0675813385826772
21
0.6435353937007874
0
LINE
8
BLACK
6
CONTINUOUS
10
0.0675813385826772
20
0.6435353937007874
11
0.0610356299212598
21
0.6435353937007874
0
LINE
8
BLACK
6
CONTINUOUS
10
0.0610356299212598
20
0.6435353937007874
11
0.0558559842519685
21
0.6422404724409448
0
LINE
8
BLACK
6
CONTINUOUS
10
0.0612058661417323
20
0.6757847637795276
11
0.0613557086614173
21
0.6750314566929134
0
LINE
8
BLACK
6
CONTINUOUS
10
0.0613557086614173
20
0.6750314566929134
11
0.0613557086614173
21
0.6727817716535432
0
LINE
8
BLACK
6
CONTINUOUS
10
0.0613557086614173
20
0.6727817716535432
11
0.0692297244094488
21
0.6727817716535432
0
LINE
8
BLACK
6
CONTINUOUS
10
0.0692297244094488
20
0.6727817716535432
11
0.069983031496063
21
0.6726319291338583
0
LINE
8
BLACK
6
CONTINUOUS
10
0.069983031496063
20
0.6726319291338583
11
0.0710483858267717
21
0.6715665748031496
0
LINE
8
BLACK
6
CONTINUOUS
10
0.0710483858267717
20
0.6715665748031496
11
0.0710483858267717
21
0.6700599606299212
0
LINE
8
BLACK
6
CONTINUOUS
10
0.0710483858267717
20
0.6700599606299212
11
0.069983031496063
21
0.6689946062992126
0
LINE
8
BLACK
6
CONTINUOUS
10
0.069983031496063
20
0.6689946062992126
11
0.0692297244094488
21
0.6688447637795275
0
LINE
8
BLACK
6
CONTINUOUS
10
0.0692297244094488
20
0.6688447637795275
11
0.0613557086614173
21
0.6688447637795275
0
LINE
8
BLACK
6
CONTINUOUS
10
0.0613557086614173
20
0.6688447637795275
11
0.0613557086614173
21
0.6594836220472441
0
LINE
8
BLACK
6
CONTINUOUS
10
0.0613557086614173
20
0.6594836220472441
11
0.0798558661417323
21
0.6656503543307086
0
LINE
8
BLACK
6
CONTINUOUS
10
0.0798558661417323
20
0.6656503543307086
11
0.080617874015748
21
0.6657464173228347
0
LINE
8
BLACK
6
CONTINUOUS
10
0.080617874015748
20
0.6657464173228347
11
0.0819654724409449
21
0.6650726377952756
0
LINE
8
BLACK
6
CONTINUOUS
10
0.0819654724409449
20
0.6650726377952756
11
0.0824418897637795
21
0.6636433464566929
0
LINE
8
BLACK
6
CONTINUOUS
10
0.0824418897637795
20
0.6636433464566929
11
0.0817681102362205
21
0.662295748031496
0
LINE
8
BLACK
6
CONTINUOUS
10
0.0817681102362205
20
0.662295748031496
11
0.0811008267716535
21
0.6619153937007873
0
LINE
8
BLACK
6
CONTINUOUS
10
0.0811008267716535
20
0.6619153937007873
11
0.0600096850393701
21
0.6548850393700787
0
LINE
8
BLACK
6
CONTINUOUS
10
0.0600096850393701
20
0.6548850393700787
11
0.0592476771653543
21
0.6547889763779527
0
LINE
8
BLACK
6
CONTINUOUS
10
0.0592476771653543
20
0.6547889763779527
11
0.0589579133858268
21
0.6549338582677166
0
LINE
8
BLACK
6
CONTINUOUS
10
0.0589579133858268
20
0.6549338582677166
11
0.0586338976377953
21
0.6549338582677166
0
LINE
8
BLACK
6
CONTINUOUS
10
0.0586338976377953
20
0.6549338582677166
11
0.0583098818897638
21
0.6552578346456692
0
LINE
8
BLACK
6
CONTINUOUS
10
0.0583098818897638
20
0.6552578346456692
11
0.0579000787401575
21
0.6554627559055118
0
LINE
8
BLACK
6
CONTINUOUS
10
0.0579000787401575
20
0.6554627559055118
11
0.0577975984251968
21
0.6557701181102362
0
LINE
8
BLACK
6
CONTINUOUS
10
0.0577975984251968
20
0.6557701181102362
11
0.0575685433070866
21
0.6559992125984252
0
LINE
8
BLACK
6
CONTINUOUS
10
0.0575685433070866
20
0.6559992125984252
11
0.0574187007874016
21
0.6567525196850393
0
LINE
8
BLACK
6
CONTINUOUS
10
0.0574187007874016
20
0.6567525196850393
11
0.0574187007874016
21
0.6688447637795275
0
LINE
8
BLACK
6
CONTINUOUS
10
0.0574187007874016
20
0.6688447637795275
11
0.0495446850393701
21
0.6688447637795275
0
LINE
8
BLACK
6
CONTINUOUS
10
0.0495446850393701
20
0.6688447637795275
11
0.0487913779527559
21
0.6689946062992126
0
LINE
8
BLACK
6
CONTINUOUS
10
0.0487913779527559
20
0.6689946062992126
11
0.0477260236220472
21
0.6700599606299212
0
LINE
8
BLACK
6
CONTINUOUS
10
0.0477260236220472
20
0.6700599606299212
11
0.0477260236220472
21
0.6715665748031496
0
LINE
8
BLACK
6
CONTINUOUS
10
0.0477260236220472
20
0.6715665748031496
11
0.0487913779527559
21
0.6726319291338583
0
LINE
8
BLACK
6
CONTINUOUS
10
0.0487913779527559
20
0.6726319291338583
11
0.0495446850393701
21
0.6727817716535432
0
LINE
8
BLACK
6
CONTINUOUS
10
0.0495446850393701
20
0.6727817716535432
11
0.0574187007874016
21
0.6727817716535432
0
LINE
8
BLACK
6
CONTINUOUS
10
0.0574187007874016
20
0.6727817716535432
11
0.0574187007874016
21
0.6750314566929134
0
LINE
8
BLACK
6
CONTINUOUS
10
0.0574187007874016
20
0.6750314566929134
11
0.0575685433070866
21
0.6757847637795276
0
LINE
8
BLACK
6
CONTINUOUS
10
0.0575685433070866
20
0.6757847637795276
11
0.0586338976377953
21
0.6768501181102362
0
LINE
8
BLACK
6
CONTINUOUS
10
0.0586338976377953
20
0.6768501181102362
11
0.0601405118110236
21
0.6768501181102362
0
LINE
8
BLACK
6
CONTINUOUS
10
0.0601405118110236
20
0.6768501181102362
11
0.0612058661417323
21
0.6757847637795276
0
LINE
8
BLACK
6
CONTINUOUS
10
0.0541755118110236
20
0.7039062598425196
11
0.0541755118110236
21
0.7023996456692914
0
LINE
8
BLACK
6
CONTINUOUS
10
0.0541755118110236
20
0.7023996456692914
11
0.0537487795275591
21
0.7017610236220472
0
LINE
8
BLACK
6
CONTINUOUS
10
0.0537487795275591
20
0.7017610236220472
11
0.0526712992125984
21
0.7006835433070866
0
LINE
8
BLACK
6
CONTINUOUS
10
0.0526712992125984
20
0.7006835433070866
11
0.051513188976378
21
0.6972091732283464
0
LINE
8
BLACK
6
CONTINUOUS
10
0.051513188976378
20
0.6972091732283464
11
0.051513188976378
21
0.6950359842519684
0
LINE
8
BLACK
6
CONTINUOUS
10
0.051513188976378
20
0.6950359842519684
11
0.0526712992125984
21
0.6915616535433071
0
LINE
8
BLACK
6
CONTINUOUS
10
0.0526712992125984
20
0.6915616535433071
11
0.0549289763779528
21
0.689303937007874
0
LINE
8
BLACK
6
CONTINUOUS
10
0.0549289763779528
20
0.689303937007874
11
0.0572620866141732
21
0.6881374015748032
0
LINE
8
BLACK
6
CONTINUOUS
10
0.0572620866141732
20
0.6881374015748032
11
0.0624416929133858
21
0.6868425196850394
0
LINE
8
BLACK
6
CONTINUOUS
10
0.0624416929133858
20
0.6868425196850394
11
0.0661752755905512
21
0.6868425196850394
0
LINE
8
BLACK
6
CONTINUOUS
10
0.0661752755905512
20
0.6868425196850394
11
0.0713548031496063
21
0.6881373622047244
0
LINE
8
BLACK
6
CONTINUOUS
10
0.0713548031496063
20
0.6881373622047244
11
0.0736879921259842
21
0.6893039763779527
0
LINE
8
BLACK
6
CONTINUOUS
10
0.0736879921259842
20
0.6893039763779527
11
0.0759456299212598
21
0.6915616141732284
0
LINE
8
BLACK
6
CONTINUOUS
10
0.0759456299212598
20
0.6915616141732284
11
0.0771037401574803
21
0.6950359448818898
0
LINE
8
BLACK
6
CONTINUOUS
10
0.0771037401574803
20
0.6950359448818898
11
0.0771037401574803
21
0.6972092125984252
0
LINE
8
BLACK
6
CONTINUOUS
10
0.0771037401574803
20
0.6972092125984252
11
0.0759456299212598
21
0.7006835433070866
0
LINE
8
BLACK
6
CONTINUOUS
10
0.0759456299212598
20
0.7006835433070866
11
0.074868188976378
21
0.7017610236220472
0
LINE
8
BLACK
6
CONTINUOUS
10
0.074868188976378
20
0.7017610236220472
11
0.0744414566929134
21
0.7023996456692914
0
LINE
8
BLACK
6
CONTINUOUS
10
0.0744414566929134
20
0.7023996456692914
11
0.0744414566929134
21
0.7039062598425196
0
LINE
8
BLACK
6
CONTINUOUS
10
0.0744414566929134
20
0.7039062598425196
11
0.075506811023622
21
0.7049716141732283
0
LINE
8
BLACK
6
CONTINUOUS
10
0.075506811023622
20
0.7049716141732283
11
0.0770134251968504
21
0.7049716141732283
0
LINE
8
BLACK
6
CONTINUOUS
10
0.0770134251968504
20
0.7049716141732283
11
0.0776520472440945
21
0.7045448818897637
0
LINE
8
BLACK
6
CONTINUOUS
10
0.0776520472440945
20
0.7045448818897637
11
0.0790581102362205
21
0.7031388188976377
0
LINE
8
BLACK
6
CONTINUOUS
10
0.0790581102362205
20
0.7031388188976377
11
0.0791128346456693
21
0.7030568503937008
0
LINE
8
BLACK
6
CONTINUOUS
10
0.0791128346456693
20
0.7030568503937008
11
0.0791533070866142
21
0.703036653543307
0
LINE
8
BLACK
6
CONTINUOUS
10
0.0791533070866142
20
0.703036653543307
11
0.0793096062992126
21
0.7027624015748032
0
LINE
8
BLACK
6
CONTINUOUS
10
0.0793096062992126
20
0.7027624015748032
11
0.079484842519685
21
0.7025001968503937
0
LINE
8
BLACK
6
CONTINUOUS
10
0.079484842519685
20
0.7025001968503937
11
0.079484842519685
21
0.7024549999999999
0
LINE
8
BLACK
6
CONTINUOUS
10
0.079484842519685
20
0.7024549999999999
11
0.0795336614173228
21
0.7023693700787401
0
LINE
8
BLACK
6
CONTINUOUS
10
0.0795336614173228
20
0.7023693700787401
11
0.0809397244094488
21
0.6981511417322834
0
LINE
8
BLACK
6
CONTINUOUS
10
0.0809397244094488
20
0.6981511417322834
11
0.0809791338582677
21
0.6978382283464567
0
LINE
8
BLACK
6
CONTINUOUS
10
0.0809791338582677
20
0.6978382283464567
11
0.0810407480314961
21
0.6975286614173228
0
LINE
8
BLACK
6
CONTINUOUS
10
0.0810407480314961
20
0.6975286614173228
11
0.0810407480314961
21
0.6947165354330709
0
LINE
8
BLACK
6
CONTINUOUS
10
0.0810407480314961
20
0.6947165354330709
11
0.0809791338582677
21
0.6944069291338583
0
LINE
8
BLACK
6
CONTINUOUS
10
0.0809791338582677
20
0.6944069291338583
11
0.0809397244094488
21
0.6940940551181102
0
LINE
8
BLACK
6
CONTINUOUS
10
0.0809397244094488
20
0.6940940551181102
11
0.0795336614173228
21
0.6898758267716535
0
LINE
8
BLACK
6
CONTINUOUS
10
0.0795336614173228
20
0.6898758267716535
11
0.079484842519685
21
0.6897901574803149
0
LINE
8
BLACK
6
CONTINUOUS
10
0.079484842519685
20
0.6897901574803149
11
0.079484842519685
21
0.6897449999999999
0
LINE
8
BLACK
6
CONTINUOUS
10
0.079484842519685
20
0.6897449999999999
11
0.0793096062992126
21
0.6894827559055118
0
LINE
8
BLACK
6
CONTINUOUS
10
0.0793096062992126
20
0.6894827559055118
11
0.0791533070866142
21
0.6892085433070866
0
LINE
8
BLACK
6
CONTINUOUS
10
0.0791533070866142
20
0.6892085433070866
11
0.0791128346456693
21
0.6891883070866142
0
LINE
8
BLACK
6
CONTINUOUS
10
0.0791128346456693
20
0.6891883070866142
11
0.0790581102362205
21
0.6891063779527559
0
LINE
8
BLACK
6
CONTINUOUS
10
0.0790581102362205
20
0.6891063779527559
11
0.0762459448818898
21
0.6862942125984252
0
LINE
8
BLACK
6
CONTINUOUS
10
0.0762459448818898
20
0.6862942125984252
11
0.0759837401574803
21
0.6861189763779527
0
LINE
8
BLACK
6
CONTINUOUS
10
0.0759837401574803
20
0.6861189763779527
11
0.0757343700787402
21
0.6859254724409448
0
LINE
8
BLACK
6
CONTINUOUS
10
0.0757343700787402
20
0.6859254724409448
11
0.0729222440944882
21
0.6845194094488188
0
LINE
8
BLACK
6
CONTINUOUS
10
0.0729222440944882
20
0.6845194094488188
11
0.0727142913385827
21
0.6844624409448818
0
LINE
8
BLACK
6
CONTINUOUS
10
0.0727142913385827
20
0.6844624409448818
11
0.0725193307086614
21
0.6843703543307087
0
LINE
8
BLACK
6
CONTINUOUS
10
0.0725193307086614
20
0.6843703543307087
11
0.0668950393700787
21
0.6829642913385826
0
LINE
8
BLACK
6
CONTINUOUS
10
0.0668950393700787
20
0.6829642913385826
11
0.0666541732283464
21
0.6829525590551181
0
LINE
8
BLACK
6
CONTINUOUS
10
0.0666541732283464
20
0.6829525590551181
11
0.0664175984251968
21
0.6829055118110237
0
LINE
8
BLACK
6
CONTINUOUS
10
0.0664175984251968
20
0.6829055118110237
11
0.0621993700787402
21
0.6829055118110237
0
LINE
8
BLACK
6
CONTINUOUS
10
0.0621993700787402
20
0.6829055118110237
11
0.0619628346456693
21
0.6829525590551181
0
LINE
8
BLACK
6
CONTINUOUS
10
0.0619628346456693
20
0.6829525590551181
11
0.061721968503937
21
0.6829642913385826
0
LINE
8
BLACK
6
CONTINUOUS
10
0.061721968503937
20
0.6829642913385826
11
0.0560976377952756
21
0.6843703543307087
0
LINE
8
BLACK
6
CONTINUOUS
10
0.0560976377952756
20
0.6843703543307087
11
0.0559027559055118
21
0.6844624015748031
0
LINE
8
BLACK
6
CONTINUOUS
10
0.0559027559055118
20
0.6844624015748031
11
0.0556947637795276
21
0.6845193700787402
0
LINE
8
BLACK
6
CONTINUOUS
10
0.0556947637795276
20
0.6845193700787402
11
0.0528825984251968
21
0.6859254724409448
0
LINE
8
BLACK
6
CONTINUOUS
10
0.0528825984251968
20
0.6859254724409448
11
0.0526337007874016
21
0.6861186220472441
0
LINE
8
BLACK
6
CONTINUOUS
10
0.0526337007874016
20
0.6861186220472441
11
0.0523709448818898
21
0.6862942125984252
0
LINE
8
BLACK
6
CONTINUOUS
10
0.0523709448818898
20
0.6862942125984252
11
0.0495588188976378
21
0.6891063779527559
0
LINE
8
BLACK
6
CONTINUOUS
10
0.0495588188976378
20
0.6891063779527559
11
0.0495040157480315
21
0.6891883464566929
0
LINE
8
BLACK
6
CONTINUOUS
10
0.0495040157480315
20
0.6891883464566929
11
0.0494636614173228
21
0.6892085433070866
0
LINE
8
BLACK
6
CONTINUOUS
10
0.0494636614173228
20
0.6892085433070866
11
0.0493073622047244
21
0.6894826771653543
0
LINE
8
BLACK
6
CONTINUOUS
10
0.0493073622047244
20
0.6894826771653543
11
0.049132125984252
21
0.6897449999999999
0
LINE
8
BLACK
6
CONTINUOUS
10
0.049132125984252
20
0.6897449999999999
11
0.049132125984252
21
0.6897901181102362
0
LINE
8
BLACK
6
CONTINUOUS
10
0.049132125984252
20
0.6897901181102362
11
0.0490833070866142
21
0.6898757874015747
0
LINE
8
BLACK
6
CONTINUOUS
10
0.0490833070866142
20
0.6898757874015747
11
0.0476772047244094
21
0.6940940157480315
0
LINE
8
BLACK
6
CONTINUOUS
10
0.0476772047244094
20
0.6940940157480315
11
0.0476377165354331
21
0.6944070078740158
0
LINE
8
BLACK
6
CONTINUOUS
10
0.0476377165354331
20
0.6944070078740158
11
0.0475761811023622
21
0.6947165354330709
0
LINE
8
BLACK
6
CONTINUOUS
10
0.0475761811023622
20
0.6947165354330709
11
0.0475761811023622
21
0.6975286614173228
0
LINE
8
BLACK
6
CONTINUOUS
10
0.0475761811023622
20
0.6975286614173228
11
0.0476377165354331
21
0.6978381496062992
0
LINE
8
BLACK
6
CONTINUOUS
10
0.0476377165354331
20
0.6978381496062992
11
0.0476772047244094
21
0.6981511811023622
0
LINE
8
BLACK
6
CONTINUOUS
10
0.0476772047244094
20
0.6981511811023622
11
0.0490833070866142
21
0.7023694094488189
0
LINE
8
BLACK
6
CONTINUOUS
10
0.0490833070866142
20
0.7023694094488189
11
0.049132125984252
21
0.7024550393700787
0
LINE
8
BLACK
6
CONTINUOUS
10
0.049132125984252
20
0.7024550393700787
11
0.049132125984252
21
0.7025001968503937
0
LINE
8
BLACK
6
CONTINUOUS
10
0.049132125984252
20
0.7025001968503937
11
0.0493072834645669
21
0.7027623228346457
0
LINE
8
BLACK
6
CONTINUOUS
10
0.0493072834645669
20
0.7027623228346457
11
0.0494636614173228
21
0.703036653543307
0
LINE
8
BLACK
6
CONTINUOUS
10
0.0494636614173228
20
0.703036653543307
11
0.049504094488189
21
0.7030568503937008
0
LINE
8
BLACK
6
CONTINUOUS
10
0.049504094488189
20
0.7030568503937008
11
0.0495588582677165
21
0.7031388188976377
0
LINE
8
BLACK
6
CONTINUOUS
10
0.0495588582677165
20
0.7031388188976377
11
0.0509649212598425
21
0.7045448818897637
0
LINE
8
BLACK
6
CONTINUOUS
10
0.0509649212598425
20
0.7045448818897637
11
0.0516035433070866
21
0.7049716141732283
0
LINE
8
BLACK
6
CONTINUOUS
10
0.0516035433070866
20
0.7049716141732283
11
0.053110157480315
21
0.7049716141732283
0
LINE
8
BLACK
6
CONTINUOUS
10
0.053110157480315
20
0.7049716141732283
11
0.0541755118110236
21
0.7039062598425196
0
LINE
8
BLACK
6
CONTINUOUS
10
0.2197842125984252
20
1.5164414566929134
11
0.232697125984252
21
1.5134941732283465
0
LINE
8
BLACK
6
CONTINUOUS
10
0.232697125984252
20
1.5134941732283465
11
0.2451988188976378
21
1.5091196456692912
0
LINE
8
BLACK
6
CONTINUOUS
10
0.2451988188976378
20
1.5091196456692912
11
0.2571321653543307
21
1.5033728346456692
0
LINE
8
BLACK
6
CONTINUOUS
10
0.2571321653543307
20
1.5033728346456692
11
0.2683470078740157
21
1.4963261023622048
0
LINE
8
BLACK
6
CONTINUOUS
10
0.2683470078740157
20
1.4963261023622048
11
0.2787023622047244
21
1.4880679527559055
0
LINE
8
BLACK
6
CONTINUOUS
10
0.2787023622047244
20
1.4880679527559055
11
0.2880679527559055
21
1.4787023622047244
0
LINE
8
BLACK
6
CONTINUOUS
10
0.2880679527559055
20
1.4787023622047244
11
0.2963261023622047
21
1.4683470078740157
0
LINE
8
BLACK
6
CONTINUOUS
10
0.2963261023622047
20
1.4683470078740157
11
0.3033728346456693
21
1.4571321653543308
0
LINE
8
BLACK
6
CONTINUOUS
10
0.3033728346456693
20
1.4571321653543308
11
0.3091196456692913
21
1.4451988188976377
0
LINE
8
BLACK
6
CONTINUOUS
10
0.3091196456692913
20
1.4451988188976377
11
0.3134941732283464
21
1.432697125984252
0
LINE
8
BLACK
6
CONTINUOUS
10
0.3134941732283464
20
1.432697125984252
11
0.3164414566929134
21
1.4197842125984252
0
LINE
8
BLACK
6
CONTINUOUS
10
0.3164414566929134
20
1.4197842125984252
11
0.3179244094488189
21
1.4066224803149605
0
LINE
8
BLACK
6
CONTINUOUS
10
0.3179244094488189
20
1.4066224803149605
11
0.3179244094488189
21
1.3933775196850393
0
LINE
8
BLACK
6
CONTINUOUS
10
0.3179244094488189
20
1.3933775196850393
11
0.3164414566929134
21
1.3802157874015748
0
LINE
8
BLACK
6
CONTINUOUS
10
0.3164414566929134
20
1.3802157874015748
11
0.3134941732283464
21
1.367302874015748
0
LINE
8
BLACK
6
CONTINUOUS
10
0.3134941732283464
20
1.367302874015748
11
0.3091196456692913
21
1.3548011811023621
0
LINE
8
BLACK
6
CONTINUOUS
10
0.3091196456692913
20
1.3548011811023621
11
0.3033728346456693
21
1.3428678346456693
0
LINE
8
BLACK
6
CONTINUOUS
10
0.3033728346456693
20
1.3428678346456693
11
0.2963261023622047
21
1.3316529921259843
0
LINE
8
BLACK
6
CONTINUOUS
10
0.2963261023622047
20
1.3316529921259843
11
0.2880679527559055
21
1.3212976377952756
0
LINE
8
BLACK
6
CONTINUOUS
10
0.2880679527559055
20
1.3212976377952756
11
0.2787023622047244
21
1.3119320472440945
0
LINE
8
BLACK
6
CONTINUOUS
10
0.2787023622047244
20
1.3119320472440945
11
0.2683470078740157
21
1.3036738976377953
0
LINE
8
BLACK
6
CONTINUOUS
10
0.2683470078740157
20
1.3036738976377953
11
0.2571321653543307
21
1.2966271653543306
0
LINE
8
BLACK
6
CONTINUOUS
10
0.2571321653543307
20
1.2966271653543306
11
0.2451988188976378
21
1.2908803543307086
0
LINE
8
BLACK
6
CONTINUOUS
10
0.2451988188976378
20
1.2908803543307086
11
0.232697125984252
21
1.2865058267716536
0
LINE
8
BLACK
6
CONTINUOUS
10
0.232697125984252
20
1.2865058267716536
11
0.2197842125984252
21
1.2835585433070866
0
LINE
8
BLACK
6
CONTINUOUS
10
0.2197842125984252
20
1.2835585433070866
11
0.2066224803149606
21
1.2820755905511811
0
LINE
8
BLACK
6
CONTINUOUS
10
0.2066224803149606
20
1.2820755905511811
11
0.1933775196850394
21
1.2820755905511811
0
LINE
8
BLACK
6
CONTINUOUS
10
0.1933775196850394
20
1.2820755905511811
11
0.1802157874015748
21
1.2835585433070866
0
LINE
8
BLACK
6
CONTINUOUS
10
0.1802157874015748
20
1.2835585433070866
11
0.167302874015748
21
1.2865058267716536
0
LINE
8
BLACK
6
CONTINUOUS
10
0.167302874015748
20
1.2865058267716536
11
0.1548011811023622
21
1.2908803543307086
0
LINE
8
BLACK
6
CONTINUOUS
10
0.1548011811023622
20
1.2908803543307086
11
0.1428678346456693
21
1.2966271653543306
0
LINE
8
BLACK
6
CONTINUOUS
10
0.1428678346456693
20
1.2966271653543306
11
0.1316529921259842
21
1.3036738976377953
0
LINE
8
BLACK
6
CONTINUOUS
10
0.1316529921259842
20
1.3036738976377953
11
0.1212976377952756
21
1.3119320472440945
0
LINE
8
BLACK
6
CONTINUOUS
10
0.1212976377952756
20
1.3119320472440945
11
0.1119320472440945
21
1.3212976377952756
0
LINE
8
BLACK
6
CONTINUOUS
10
0.1119320472440945
20
1.3212976377952756
11
0.1036738976377953
21
1.3316529921259843
0
LINE
8
BLACK
6
CONTINUOUS
10
0.1036738976377953
20
1.3316529921259843
11
0.0966271653543307
21
1.3428678346456693
0
LINE
8
BLACK
6
CONTINUOUS
10
0.0966271653543307
20
1.3428678346456693
11
0.0908803543307087
21
1.3548011811023621
0
LINE
8
BLACK
6
CONTINUOUS
10
0.0908803543307087
20
1.3548011811023621
11
0.0865058267716535
21
1.367302874015748
0
LINE
8
BLACK
6
CONTINUOUS
10
0.0865058267716535
20
1.367302874015748
11
0.0835585433070866
21
1.3802157874015748
0
LINE
8
BLACK
6
CONTINUOUS
10
0.0835585433070866
20
1.3802157874015748
11
0.0820755905511811
21
1.3933775196850393
0
LINE
8
BLACK
6
CONTINUOUS
10
0.0820755905511811
20
1.3933775196850393
11
0.0820755905511811
21
1.4066224803149605
0
LINE
8
BLACK
6
CONTINUOUS
10
0.0820755905511811
20
1.4066224803149605
11
0.0835585433070866
21
1.4197842125984252
0
LINE
8
BLACK
6
CONTINUOUS
10
0.0835585433070866
20
1.4197842125984252
11
0.0865058267716535
21
1.432697125984252
0
LINE
8
BLACK
6
CONTINUOUS
10
0.0865058267716535
20
1.432697125984252
11
0.0908803543307087
21
1.4451988188976377
0
LINE
8
BLACK
6
CONTINUOUS
10
0.0908803543307087
20
1.4451988188976377
11
0.0966271653543307
21
1.4571321653543308
0
LINE
8
BLACK
6
CONTINUOUS
10
0.0966271653543307
20
1.4571321653543308
11
0.1036738976377953
21
1.4683470078740157
0
LINE
8
BLACK
6
CONTINUOUS
10
0.1036738976377953
20
1.4683470078740157
11
0.1119320472440945
21
1.4787023622047244
0
LINE
8
BLACK
6
CONTINUOUS
10
0.1119320472440945
20
1.4787023622047244
11
0.1212976377952756
21
1.4880679527559055
0
LINE
8
BLACK
6
CONTINUOUS
10
0.1212976377952756
20
1.4880679527559055
11
0.1316529921259842
21
1.4963261023622048
0
LINE
8
BLACK
6
CONTINUOUS
10
0.1316529921259842
20
1.4963261023622048
11
0.1428678346456693
21
1.5033728346456692
0
LINE
8
BLACK
6
CONTINUOUS
10
0.1428678346456693
20
1.5033728346456692
11
0.1548011811023622
21
1.5091196456692912
0
LINE
8
BLACK
6
CONTINUOUS
10
0.1548011811023622
20
1.5091196456692912
11
0.167302874015748
21
1.5134941732283465
0
LINE
8
BLACK
6
CONTINUOUS
10
0.167302874015748
20
1.5134941732283465
11
0.1802157874015748
21
1.5164414566929134
0
LINE
8
BLACK
6
CONTINUOUS
10
0.1802157874015748
20
1.5164414566929134
11
0.1933775196850394
21
1.5179244094488189
0
LINE
8
BLACK
6
CONTINUOUS
10
0.1933775196850394
20
1.5179244094488189
11
0.2066224803149606
21
1.5179244094488189
0
LINE
8
BLACK
6
CONTINUOUS
10
0.2066224803149606
20
1.5179244094488189
11
0.2197842125984252
21
1.5164414566929134
0
CIRCLE
8
BLACK
10
0.425
20
1.355
40
0.0068897637795276
0
CIRCLE
8
BLACK
10
0.525
20
1.355
40
0.0068897637795276
0
CIRCLE
8
BLACK
10
0.625
20
1.355
40
0.0068897637795276
0
CIRCLE
8
BLACK
10
0.725
20
1.355
40
0.0068897637795276
0
CIRCLE
8
BLACK
10
0.725
20
1.4550000000000001
40
0.0068897637795276
0
CIRCLE
8
BLACK
10
0.625
20
1.4550000000000001
40
0.0068897637795276
0
CIRCLE
8
BLACK
10
0.525
20
1.4550000000000001
40
0.0068897637795276
0
CIRCLE
8
BLACK
10
0.425
20
1.4550000000000001
40
0.0068897637795276
0
CIRCLE
8
BLACK
10
0.8774999999999999
20
0.2375
40
0.0068897637795276
0
CIRCLE
8
BLACK
10
0.8774999999999999
20
0.3375
40
0.0068897637795276
0
CIRCLE
8
BLACK
10
0.6775
20
0.2375
40
0.0068897637795276
0
CIRCLE
8
BLACK
10
0.6775
20
0.3375
40
0.0068897637795276
0
CIRCLE
8
BLACK
10
0.2
20
1.3999999999999999
40
0.0068897637795276
0
CIRCLE
8
BLACK
10
0.2
20
0.2
40
0.0068897637795276
0
CIRCLE
8
BLACK
10
1.3999999999999999
20
1.3999999999999999
40
0.0068897637795276
0
CIRCLE
8
BLACK
10
0.7775
20
0.2375
40
0.0068897637795276
0
CIRCLE
8
BLACK
10
0.7775
20
0.3375
40
0.0068897637795276
0
CIRCLE
8
BLACK
10
1.3999999999999999
20
0.2
40
0.0068897637795276
0
CIRCLE
8
BLACK
10
1.3868503937007874
20
1.165
40
0.0068897637795276
0
CIRCLE
8
BLACK
10
1.1899999999999999
20
1.165
40
0.0068897637795276
0
CIRCLE
8
BLACK
10
1.3868503937007874
20
0.9675
40
0.0068897637795276
0
CIRCLE
8
BLACK
10
1.1899999999999999
20
0.9675
40
0.0068897637795276
0
CIRCLE
8
BLACK
10
0.2106496062992126
20
0.905
40
0.0068897637795276
0
CIRCLE
8
BLACK
10
0.4075
20
0.905
40
0.0068897637795276
0
CIRCLE
8
BLACK
10
0.2106496062992126
20
1.1025
40
0.0068897637795276
0
CIRCLE
8
BLACK
10
0.4075
20
1.1025
40
0.0068897637795276
0
CIRCLE
8
BLACK
10
1.175
20
1.4746850393700788
40
0.0068897637795276
0
CIRCLE
8
BLACK
10
1.075
20
1.4746850393700788
40
0.0068897637795276
0
CIRCLE
8
BLACK
10
0.975
20
1.4746850393700788
40
0.0068897637795276
0
CIRCLE
8
BLACK
10
0.875
20
1.4746850393700788
40
0.0068897637795276
0
CIRCLE
8
BLACK
10
0.875
20
1.3746850393700787
40
0.0068897637795276
0
CIRCLE
8
BLACK
10
0.975
20
1.3746850393700787
40
0.0068897637795276
0
CIRCLE
8
BLACK
10
1.075
20
1.3746850393700787
40
0.0068897637795276
0
CIRCLE
8
BLACK
10
1.175
20
1.3746850393700787
40
0.0068897637795276
0
CIRCLE
8
BLACK
10
1.28
20
0.42
40
0.0125
0
CIRCLE
8
BLACK
10
1.0029999999999999
20
0.457
40
0.0125
0
CIRCLE
8
BLACK
10
0.829
20
0.08
40
0.0125
0
CIRCLE
8
BLACK
10
0.9328087007874015
20
0.0920606692913386
40
0.0125
0
CIRCLE
8
BLACK
10
0.758
20
0.538
40
0.0125
0
CIRCLE
8
BLACK
10
0.587
20
0.08
40
0.0125
0
CIRCLE
8
BLACK
10
0.754
20
0.661
40
0.0125
0
CIRCLE
8
BLACK
10
0.8149999999999999
20
0.603
40
0.0125
0
CIRCLE
8
BLACK
10
0.44
20
0.72
40
0.0125
0
CIRCLE
8
BLACK
10
1.002
20
0.402
40
0.0125
0
CIRCLE
8
BLACK
10
0.74
20
1.1199999999999999
40
0.0125
0
CIRCLE
8
BLACK
10
0.435
20
0.321
40
0.0125
0
CIRCLE
8
BLACK
10
0.5579999999999999
20
0.318
40
0.0125
0
CIRCLE
8
BLACK
10
0.54
20
0.99
40
0.0125
0
CIRCLE
8
BLACK
10
0.37
20
0.6849999999999999
40
0.0125
0
CIRCLE
8
BLACK
10
0.8129999999999999
20
0.534
40
0.0125
0
CIRCLE
8
BLACK
10
1.1119999999999999
20
0.413
40
0.0125
0
CIRCLE
8
BLACK
10
1.0171259448818897
20
0.1544114173228346
40
0.0125
0
CIRCLE
8
BLACK
10
0.43
20
0.79
40
0.0125
0
CIRCLE
8
BLACK
10
0.5499999999999999
20
0.82
40
0.0125
0
CIRCLE
8
BLACK
10
0.62
20
0.7999999999999999
40
0.0125
0
CIRCLE
8
BLACK
10
0.948
20
0.403
40
0.0125
0
CIRCLE
8
BLACK
10
0.86
20
1.1299999999999999
40
0.0125
0
CIRCLE
8
BLACK
10
1.1039999999999999
20
0.152
40
0.0125
0
CIRCLE
8
BLACK
10
0.712
20
0.409
40
0.0125
0
CIRCLE
8
BLACK
10
0.585
20
0.182
40
0.0125
0
CIRCLE
8
BLACK
10
0.54
20
0.9199999999999999
40
0.0125
0
CIRCLE
8
BLACK
10
0.64
20
0.89
40
0.0125
0
CIRCLE
8
BLACK
10
0.439
20
0.117
40
0.0125
0
CIRCLE
8
BLACK
10
0.8149999999999999
20
0.661
40
0.0125
0
CIRCLE
8
BLACK
10
0.725
20
0.079
40
0.0125
0
CIRCLE
8
BLACK
10
0.756
20
0.601
40
0.0125
0
CIRCLE
8
BLACK
10
0.506
20
0.178
40
0.0125
0
CIRCLE
8
BLACK
10
0.65
20
0.98
40
0.0125
0
CIRCLE
8
BLACK
10
0.384
20
0.339
40
0.0125
0
CIRCLE
8
WHITE
10
1.28
20
0.42
40
0.0068897637795276
0
CIRCLE
8
WHITE
10
1.0029999999999999
20
0.457
40
0.0068897637795276
0
CIRCLE
8
WHITE
10
0.829
20
0.08
40
0.0068897637795276
0
CIRCLE
8
WHITE
10
0.9328087007874015
20
0.0920606692913386
40
0.0068897637795276
0
CIRCLE
8
WHITE
10
0.758
20
0.538
40
0.0068897637795276
0
CIRCLE
8
WHITE
10
0.587
20
0.08
40
0.0068897637795276
0
CIRCLE
8
WHITE
10
0.754
20
0.661
40
0.0068897637795276
0
CIRCLE
8
WHITE
10
0.8149999999999999
20
0.603
40
0.0068897637795276
0
CIRCLE
8
WHITE
10
0.44
20
0.72
40
0.0068897637795276
0
CIRCLE
8
WHITE
10
1.002
20
0.402
40
0.0068897637795276
0
CIRCLE
8
WHITE
10
0.74
20
1.1199999999999999
40
0.0068897637795276
0
CIRCLE
8
WHITE
10
0.435
20
0.321
40
0.0068897637795276
0
CIRCLE
8
WHITE
10
0.5579999999999999
20
0.318
40
0.0068897637795276
0
CIRCLE
8
WHITE
10
0.54
20
0.99
40
0.0068897637795276
0
CIRCLE
8
WHITE
10
0.37
20
0.6849999999999999
40
0.0068897637795276
0
CIRCLE
8
WHITE
10
0.8129999999999999
20
0.534
40
0.0068897637795276
0
CIRCLE
8
WHITE
10
1.1119999999999999
20
0.413
40
0.0068897637795276
0
CIRCLE
8
WHITE
10
1.0171259448818897
20
0.1544114173228346
40
0.0068897637795276
0
CIRCLE
8
WHITE
10
0.43
20
0.79
40
0.0068897637795276
0
CIRCLE
8
WHITE
10
0.5499999999999999
20
0.82
40
0.0068897637795276
0
CIRCLE
8
WHITE
10
0.62
20
0.7999999999999999
40
0.0068897637795276
0
CIRCLE
8
WHITE
10
0.948
20
0.403
40
0.0068897637795276
0
CIRCLE
8
WHITE
10
0.86
20
1.1299999999999999
40
0.0068897637795276
0
CIRCLE
8
WHITE
10
1.1039999999999999
20
0.152
40
0.0068897637795276
0
CIRCLE
8
WHITE
10
0.712
20
0.409
40
0.0068897637795276
0
CIRCLE
8
WHITE
10
0.585
20
0.182
40
0.0068897637795276
0
CIRCLE
8
WHITE
10
0.54
20
0.9199999999999999
40
0.0068897637795276
0
CIRCLE
8
WHITE
10
0.64
20
0.89
40
0.0068897637795276
0
CIRCLE
8
WHITE
10
0.439
20
0.117
40
0.0068897637795276
0
CIRCLE
8
WHITE
10
0.8149999999999999
20
0.661
40
0.0068897637795276
0
CIRCLE
8
WHITE
10
0.725
20
0.079
40
0.0068897637795276
0
CIRCLE
8
WHITE
10
0.756
20
0.601
40
0.0068897637795276
0
CIRCLE
8
WHITE
10
0.506
20
0.178
40
0.0068897637795276
0
CIRCLE
8
WHITE
10
0.65
20
0.98
40
0.0068897637795276
0
CIRCLE
8
WHITE
10
0.384
20
0.339
40
0.0068897637795276
0
CIRCLE
8
WHITE
10
0.425
20
1.355
40
0.0068897637795276
0
CIRCLE
8
WHITE
10
0.525
20
1.355
40
0.0068897637795276
0
CIRCLE
8
WHITE
10
0.625
20
1.355
40
0.0068897637795276
0
CIRCLE
8
WHITE
10
0.725
20
1.355
40
0.0068897637795276
0
CIRCLE
8
WHITE
10
0.725
20
1.4550000000000001
40
0.0068897637795276
0
CIRCLE
8
WHITE
10
0.625
20
1.4550000000000001
40
0.0068897637795276
0
CIRCLE
8
WHITE
10
0.525
20
1.4550000000000001
40
0.0068897637795276
0
CIRCLE
8
WHITE
10
0.425
20
1.4550000000000001
40
0.0068897637795276
0
CIRCLE
8
WHITE
10
0.8774999999999999
20
0.2375
40
0.0068897637795276
0
CIRCLE
8
WHITE
10
0.8774999999999999
20
0.3375
40
0.0068897637795276
0
CIRCLE
8
WHITE
10
0.6775
20
0.2375
40
0.0068897637795276
0
CIRCLE
8
WHITE
10
0.6775
20
0.3375
40
0.0068897637795276
0
CIRCLE
8
WHITE
10
0.2
20
1.3999999999999999
40
0.0068897637795276
0
CIRCLE
8
WHITE
10
0.2
20
0.2
40
0.0068897637795276
0
CIRCLE
8
WHITE
10
1.3999999999999999
20
1.3999999999999999
40
0.0068897637795276
0
CIRCLE
8
WHITE
10
0.7775
20
0.2375
40
0.0068897637795276
0
CIRCLE
8
WHITE
10
0.7775
20
0.3375
40
0.0068897637795276
0
CIRCLE
8
WHITE
10
1.3999999999999999
20
0.2
40
0.0068897637795276
0
CIRCLE
8
WHITE
10
1.3868503937007874
20
1.165
40
0.0068897637795276
0
CIRCLE
8
WHITE
10
1.1899999999999999
20
1.165
40
0.0068897637795276
0
CIRCLE
8
WHITE
10
1.3868503937007874
20
0.9675
40
0.0068897637795276
0
CIRCLE
8
WHITE
10
1.1899999999999999
20
0.9675
40
0.0068897637795276
0
CIRCLE
8
WHITE
10
0.2106496062992126
20
0.905
40
0.0068897637795276
0
CIRCLE
8
WHITE
10
0.4075
20
0.905
40
0.0068897637795276
0
CIRCLE
8
WHITE
10
0.2106496062992126
20
1.1025
40
0.0068897637795276
0
CIRCLE
8
WHITE
10
0.4075
20
1.1025
40
0.0068897637795276
0
CIRCLE
8
WHITE
10
1.175
20
1.4746850393700788
40
0.0068897637795276
0
CIRCLE
8
WHITE
10
1.075
20
1.4746850393700788
40
0.0068897637795276
0
CIRCLE
8
WHITE
10
0.975
20
1.4746850393700788
40
0.0068897637795276
0
CIRCLE
8
WHITE
10
0.875
20
1.4746850393700788
40
0.0068897637795276
0
CIRCLE
8
WHITE
10
0.875
20
1.3746850393700787
40
0.0068897637795276
0
CIRCLE
8
WHITE
10
0.975
20
1.3746850393700787
40
0.0068897637795276
0
CIRCLE
8
WHITE
10
1.075
20
1.3746850393700787
40
0.0068897637795276
0
CIRCLE
8
WHITE
10
1.175
20
1.3746850393700787
40
0.0068897637795276
  0
ENDSEC
  0
EOF
